Cleared: /path/to/results/tornado/bug10
Running: python -m unittest -q tornado.test.websocket_test.WebSocketTest.test_render_message
Workdir: /path/to/BugsInPy/workspace/tornado
PYTHONPATH: /path/to/BugsInPy/workspace/tornado::
/path/to/BugsInPy/workspace/tornado/tornado/util.py:245: SyntaxWarning: invalid escape sequence '\d'
  """Unescape a string escaped by `re.escape`.
/path/to/BugsInPy/workspace/tornado/tornado/web.py:1800: SyntaxWarning: invalid escape sequence '\.'
  """A collection of request handlers that make up a web application.
IE_TRACE: Source path:... /path/to/BugsInPy/workspace/tornado/tornado/test/websocket_test.py
IE_TRACE: Starting var:.. self = <tornado.test.websocket_test.WebSocketTest testMethod=test_render_message>
IE_TRACE: 19:14:37.276910 call       241     def test_render_message(self):
IE_TRACE: 19:14:37.277167 line       242         ws = yield self.ws_connect('/render')
IE_TRACE:     Source path:... /path/to/BugsInPy/workspace/tornado/tornado/gen.py
IE_TRACE:     Starting var:.. args = (<tornado.test.websocket_test.WebSocketTest testMethod=test_render_message>, '/render')
IE_TRACE:     Starting var:.. kwargs = {}
IE_TRACE:     Starting var:.. func = <function WebSocketBaseTestCase.ws_connect at 0x7d269dd38680>
IE_TRACE:     Starting var:.. replace_callback = True
IE_TRACE:     19:14:37.277211 call       283     def wrapper(*args, **kwargs):
IE_TRACE:     19:14:37.277389 line       284         future = TracebackFuture()
IE_TRACE:         Source path:... /path/to/BugsInPy/workspace/tornado/tornado/concurrent.py
IE_TRACE:         Starting var:.. self = <tornado.concurrent.Future object at 0x7d269dd09700>
IE_TRACE:         19:14:37.277428 call       168     def __init__(self):
IE_TRACE:         19:14:37.277520 line       169         self._done = False
IE_TRACE:         19:14:37.277539 line       170         self._result = None
IE_TRACE:         19:14:37.277554 line       171         self._exc_info = None
IE_TRACE:         19:14:37.277568 line       173         self._log_traceback = False   # Used for Python >= 3.4
IE_TRACE:         19:14:37.277582 line       174         self._tb_logger = None        # Used for Python <= 3.3
IE_TRACE:         19:14:37.277596 line       176         self._callbacks = []
IE_TRACE:         19:14:37.277609 return     176         self._callbacks = []
IE_TRACE:         Return value:.. None
IE_TRACE:     Source path:... /path/to/BugsInPy/workspace/tornado/tornado/gen.py
IE_TRACE:     New var:....... future = <tornado.concurrent.Future object at 0x7d269dd09700>
IE_TRACE:     19:14:37.277637 line       286         if replace_callback and 'callback' in kwargs:
IE_TRACE:     19:14:37.277679 line       291         try:
IE_TRACE:     19:14:37.277705 line       292             result = func(*args, **kwargs)
IE_TRACE:     New var:....... result = <generator object WebSocketBaseTestCase.ws_connect at 0x7d269de47d30>
IE_TRACE:     19:14:37.277730 line       299             if isinstance(result, GeneratorType):
IE_TRACE:         Source path:... <frozen abc>
IE_TRACE:         Starting var:.. cls = <class 'collections.abc.Generator'>
IE_TRACE:         Starting var:.. instance = <generator object WebSocketBaseTestCase.ws_connect at 0x7d269de47d30>
IE_TRACE:         19:14:37.277765 call       117 SOURCE IS UNAVAILABLE
IE_TRACE:         19:14:37.277826 line       119 SOURCE IS UNAVAILABLE
IE_TRACE:         19:14:37.277847 return     119 SOURCE IS UNAVAILABLE
IE_TRACE:         Return value:.. True
IE_TRACE:     Source path:... /path/to/BugsInPy/workspace/tornado/tornado/gen.py
IE_TRACE:     19:14:37.277874 line       305                 try:
IE_TRACE:     19:14:37.277907 line       306                     orig_stack_contexts = stack_context._state.contexts
IE_TRACE:     New var:....... orig_stack_contexts = ((), <tornado.stack_context.ExceptionStackContext object at 0x7d269df683e0>)
IE_TRACE:     19:14:37.277934 line       307                     yielded = next(result)
IE_TRACE:         Source path:... /path/to/BugsInPy/workspace/tornado/tornado/test/websocket_test.py
IE_TRACE:         Starting var:.. self = <tornado.test.websocket_test.WebSocketTest testMethod=test_render_message>
IE_TRACE:         Starting var:.. path = '/render'
IE_TRACE:         Starting var:.. kwargs = {}
IE_TRACE:         19:14:37.277970 call       143     def ws_connect(self, path, **kwargs):
IE_TRACE:         19:14:37.278014 line       144         ws = yield websocket_connect(
IE_TRACE:         19:14:37.278035 line       145             'ws://127.0.0.1:%d%s' % (self.get_http_port(), path),
IE_TRACE:             Source path:... /path/to/BugsInPy/workspace/tornado/tornado/testing.py
IE_TRACE:             Starting var:.. self = <tornado.test.websocket_test.WebSocketTest testMethod=test_render_message>
IE_TRACE:             19:14:37.278056 call       414     def get_http_port(self):
IE_TRACE:             19:14:37.278163 line       419         return self.__port
IE_TRACE:             19:14:37.278182 return     419         return self.__port
IE_TRACE:             Return value:.. 38719
IE_TRACE:         Source path:... /path/to/BugsInPy/workspace/tornado/tornado/test/websocket_test.py
IE_TRACE:         19:14:37.278208 line       144         ws = yield websocket_connect(
IE_TRACE:         19:14:37.278232 line       146             **kwargs)
IE_TRACE:         19:14:37.278251 line       144         ws = yield websocket_connect(
IE_TRACE:             Source path:... /path/to/BugsInPy/workspace/tornado/tornado/websocket.py
IE_TRACE:             Starting var:.. url = 'ws://127.0.0.1:38719/render'
IE_TRACE:             Starting var:.. io_loop = None
IE_TRACE:             Starting var:.. callback = None
IE_TRACE:             Starting var:.. connect_timeout = None
IE_TRACE:             Starting var:.. on_message_callback = None
IE_TRACE:             Starting var:.. compression_options = None
IE_TRACE:             Starting var:.. ping_interval = None
IE_TRACE:             Starting var:.. ping_timeout = None
IE_TRACE:             Starting var:.. max_message_size = None
IE_TRACE:             19:14:37.278274 call      1169 def websocket_connect(url, io_loop=None, callback=None, connect_timeout=None,
IE_TRACE:             19:14:37.278449 line      1206     if io_loop is None:
IE_TRACE:             19:14:37.278479 line      1207         io_loop = IOLoop.current()
IE_TRACE:                 Source path:... /path/to/BugsInPy/workspace/tornado/tornado/ioloop.py
IE_TRACE:                 Starting var:.. instance = True
IE_TRACE:                 19:14:37.278510 call       194     def current(instance=True):
IE_TRACE:                 19:14:37.278632 line       212         current = getattr(IOLoop._current, "instance", None)
IE_TRACE:                 New var:....... current = <tornado.platform.epoll.EPollIOLoop object at 0x7d269de1f7d0>
IE_TRACE:                 19:14:37.278651 line       213         if current is None and instance:
IE_TRACE:                 19:14:37.278677 line       215         return current
IE_TRACE:                 19:14:37.278694 return     215         return current
IE_TRACE:                 Return value:.. <tornado.platform.epoll.EPollIOLoop object at 0x7d269de1f7d0>
IE_TRACE:             Source path:... /path/to/BugsInPy/workspace/tornado/tornado/websocket.py
IE_TRACE:             Modified var:.. io_loop = <tornado.platform.epoll.EPollIOLoop object at 0x7d269de1f7d0>
IE_TRACE:             19:14:37.278719 line      1208     if isinstance(url, httpclient.HTTPRequest):
IE_TRACE:             19:14:37.278758 line      1215         request = httpclient.HTTPRequest(url, connect_timeout=connect_timeout)
IE_TRACE:                 Source path:... /path/to/BugsInPy/workspace/tornado/tornado/httpclient.py
IE_TRACE:                 Starting var:.. self = <tornado.httpclient.HTTPRequest object at 0x7d269dd0b0e0>
IE_TRACE:                 Starting var:.. url = 'ws://127.0.0.1:38719/render'
IE_TRACE:                 Starting var:.. method = 'GET'
IE_TRACE:                 Starting var:.. headers = None
IE_TRACE:                 Starting var:.. body = None
IE_TRACE:                 Starting var:.. auth_username = None
IE_TRACE:                 Starting var:.. auth_password = None
IE_TRACE:                 Starting var:.. auth_mode = None
IE_TRACE:                 Starting var:.. connect_timeout = None
IE_TRACE:                 Starting var:.. request_timeout = None
IE_TRACE:                 Starting var:.. if_modified_since = None
IE_TRACE:                 Starting var:.. follow_redirects = None
IE_TRACE:                 Starting var:.. max_redirects = None
IE_TRACE:                 Starting var:.. user_agent = None
IE_TRACE:                 Starting var:.. use_gzip = None
IE_TRACE:                 Starting var:.. network_interface = None
IE_TRACE:                 Starting var:.. streaming_callback = None
IE_TRACE:                 Starting var:.. header_callback = None
IE_TRACE:                 Starting var:.. prepare_curl_callback = None
IE_TRACE:                 Starting var:.. proxy_host = None
IE_TRACE:                 Starting var:.. proxy_port = None
IE_TRACE:                 Starting var:.. proxy_username = None
IE_TRACE:                 Starting var:.. proxy_password = None
IE_TRACE:                 Starting var:.. proxy_auth_mode = None
IE_TRACE:                 Starting var:.. allow_nonstandard_methods = None
IE_TRACE:                 Starting var:.. validate_cert = None
IE_TRACE:                 Starting var:.. ca_certs = None
IE_TRACE:                 Starting var:.. allow_ipv6 = None
IE_TRACE:                 Starting var:.. client_key = None
IE_TRACE:                 Starting var:.. client_cert = None
IE_TRACE:                 Starting var:.. body_producer = None
IE_TRACE:                 Starting var:.. expect_100_continue = False
IE_TRACE:                 Starting var:.. decompress_response = None
IE_TRACE:                 Starting var:.. ssl_options = None
IE_TRACE:                 19:14:37.278801 call       305     def __init__(self, url, method="GET", headers=None, body=None,
IE_TRACE:                 19:14:37.279085 line       432         self.headers = headers
IE_TRACE:                     Starting var:.. self = <tornado.httpclient.HTTPRequest object at 0x7d269dd0b0e0>
IE_TRACE:                     Starting var:.. value = None
IE_TRACE:                     19:14:37.279160 call       476     def headers(self, value):
IE_TRACE:                     19:14:37.279190 line       477         if value is None:
IE_TRACE:                     19:14:37.279209 line       478             self._headers = httputil.HTTPHeaders()
IE_TRACE:                         Source path:... /path/to/BugsInPy/workspace/tornado/tornado/httputil.py
IE_TRACE:                         Starting var:.. self = <tornado.httputil.HTTPHeaders object at 0x7d269dd0b740>
IE_TRACE:                         Starting var:.. args = ()
IE_TRACE:                         Starting var:.. kwargs = {}
IE_TRACE:                         19:14:37.279236 call       134     def __init__(self, *args, **kwargs):
IE_TRACE:                         19:14:37.279364 line       135         self._dict = {}  # type: typing.Dict[str, str]
IE_TRACE:                         19:14:37.279389 line       136         self._as_list = {}  # type: typing.Dict[str, typing.List[str]]
IE_TRACE:                         19:14:37.279410 line       137         self._last_key = None
IE_TRACE:                         19:14:37.279431 line       138         if (len(args) == 1 and len(kwargs) == 0 and
IE_TRACE:                         19:14:37.279452 line       145             self.update(*args, **kwargs)
IE_TRACE:                             Source path:... <frozen _collections_abc>
IE_TRACE:                             Starting var:.. self = <tornado.httputil.HTTPHeaders object at 0x7d269dd0b740>
IE_TRACE:                             Starting var:.. other = ()
IE_TRACE:                             Starting var:.. kwds = {}
IE_TRACE:                             19:14:37.279479 call       974 SOURCE IS UNAVAILABLE
IE_TRACE:                             19:14:37.279541 line       980 SOURCE IS UNAVAILABLE
IE_TRACE:                                 Source path:... <frozen abc>
IE_TRACE:                                 Starting var:.. cls = <class 'collections.abc.Mapping'>
IE_TRACE:                                 Starting var:.. instance = ()
IE_TRACE:                                 19:14:37.279566 call       117 SOURCE IS UNAVAILABLE
IE_TRACE:                                 19:14:37.279603 line       119 SOURCE IS UNAVAILABLE
IE_TRACE:                                     Starting var:.. cls = <class 'collections.abc.Mapping'>
IE_TRACE:                                     Starting var:.. subclass = <class 'tuple'>
IE_TRACE:                                     19:14:37.279626 call       121 SOURCE IS UNAVAILABLE
IE_TRACE:                                     19:14:37.279658 line       123 SOURCE IS UNAVAILABLE
IE_TRACE:                                     19:14:37.279816 return     123 SOURCE IS UNAVAILABLE
IE_TRACE:                                     Return value:.. False
IE_TRACE:                                 19:14:37.279845 return     119 SOURCE IS UNAVAILABLE
IE_TRACE:                                 Return value:.. False
IE_TRACE:                             Source path:... <frozen _collections_abc>
IE_TRACE:                             19:14:37.279871 line       983 SOURCE IS UNAVAILABLE
IE_TRACE:                             19:14:37.279899 line       987 SOURCE IS UNAVAILABLE
IE_TRACE:                             19:14:37.279920 line       989 SOURCE IS UNAVAILABLE
IE_TRACE:                             19:14:37.279941 return     989 SOURCE IS UNAVAILABLE
IE_TRACE:                             Return value:.. None
IE_TRACE:                         Source path:... /path/to/BugsInPy/workspace/tornado/tornado/httputil.py
IE_TRACE:                         19:14:37.279971 return     145             self.update(*args, **kwargs)
IE_TRACE:                         Return value:.. None
IE_TRACE:                     Source path:... /path/to/BugsInPy/workspace/tornado/tornado/httpclient.py
IE_TRACE:                     19:14:37.280005 return     478             self._headers = httputil.HTTPHeaders()
IE_TRACE:                     Return value:.. None
IE_TRACE:                 19:14:37.280035 line       433         if if_modified_since:
IE_TRACE:                 19:14:37.280101 line       436         self.proxy_host = proxy_host
IE_TRACE:                 19:14:37.280170 line       437         self.proxy_port = proxy_port
IE_TRACE:                 19:14:37.280232 line       438         self.proxy_username = proxy_username
IE_TRACE:                 19:14:37.280293 line       439         self.proxy_password = proxy_password
IE_TRACE:                 19:14:37.280354 line       440         self.proxy_auth_mode = proxy_auth_mode
IE_TRACE:                 19:14:37.280416 line       441         self.url = url
IE_TRACE:                 19:14:37.280476 line       442         self.method = method
IE_TRACE:                 19:14:37.280537 line       443         self.body = body
IE_TRACE:                     Starting var:.. self = <tornado.httpclient.HTTPRequest object at 0x7d269dd0b0e0>
IE_TRACE:                     Starting var:.. value = None
IE_TRACE:                     19:14:37.280599 call       487     def body(self, value):
IE_TRACE:                     19:14:37.280630 line       488         self._body = utf8(value)
IE_TRACE:                         Source path:... /path/to/BugsInPy/workspace/tornado/tornado/escape.py
IE_TRACE:                         Starting var:.. value = None
IE_TRACE:                         19:14:37.280654 call       187 def utf8(value):
IE_TRACE:                         19:14:37.280735 line       194     if isinstance(value, _UTF8_TYPES):
IE_TRACE:                         19:14:37.280752 line       195         return value
IE_TRACE:                         19:14:37.280769 return     195         return value
IE_TRACE:                         Return value:.. None
IE_TRACE:                     Source path:... /path/to/BugsInPy/workspace/tornado/tornado/httpclient.py
IE_TRACE:                     19:14:37.280792 return     488         self._body = utf8(value)
IE_TRACE:                     Return value:.. None
IE_TRACE:                 19:14:37.280823 line       444         self.body_producer = body_producer
IE_TRACE:                     Starting var:.. self = <tornado.httpclient.HTTPRequest object at 0x7d269dd0b0e0>
IE_TRACE:                     Starting var:.. value = None
IE_TRACE:                     19:14:37.280887 call       495     def body_producer(self, value):
IE_TRACE:                     19:14:37.280916 line       496         self._body_producer = stack_context.wrap(value)
IE_TRACE:                         Source path:... /path/to/BugsInPy/workspace/tornado/tornado/stack_context.py
IE_TRACE:                         Starting var:.. fn = None
IE_TRACE:                         19:14:37.280943 call       255 def wrap(fn):
IE_TRACE:                         19:14:37.281021 line       264     if fn is None or hasattr(fn, '_wrapped'):
IE_TRACE:                         19:14:37.281041 line       265         return fn
IE_TRACE:                         19:14:37.281060 return     265         return fn
IE_TRACE:                         Return value:.. None
IE_TRACE:                     Source path:... /path/to/BugsInPy/workspace/tornado/tornado/httpclient.py
IE_TRACE:                     19:14:37.281083 return     496         self._body_producer = stack_context.wrap(value)
IE_TRACE:                     Return value:.. None
IE_TRACE:                 19:14:37.281114 line       445         self.auth_username = auth_username
IE_TRACE:                 19:14:37.281205 line       446         self.auth_password = auth_password
IE_TRACE:                 19:14:37.281267 line       447         self.auth_mode = auth_mode
IE_TRACE:                 19:14:37.281328 line       448         self.connect_timeout = connect_timeout
IE_TRACE:                 19:14:37.281389 line       449         self.request_timeout = request_timeout
IE_TRACE:                 19:14:37.281450 line       450         self.follow_redirects = follow_redirects
IE_TRACE:                 19:14:37.281511 line       451         self.max_redirects = max_redirects
IE_TRACE:                 19:14:37.281571 line       452         self.user_agent = user_agent
IE_TRACE:                 19:14:37.281632 line       453         if decompress_response is not None:
IE_TRACE:                 19:14:37.281692 line       456             self.decompress_response = use_gzip
IE_TRACE:                 19:14:37.281753 line       457         self.network_interface = network_interface
IE_TRACE:                 19:14:37.281814 line       458         self.streaming_callback = streaming_callback
IE_TRACE:                     Starting var:.. self = <tornado.httpclient.HTTPRequest object at 0x7d269dd0b0e0>
IE_TRACE:                     Starting var:.. value = None
IE_TRACE:                     19:14:37.281877 call       503     def streaming_callback(self, value):
IE_TRACE:                     19:14:37.281906 line       504         self._streaming_callback = stack_context.wrap(value)
IE_TRACE:                         Source path:... /path/to/BugsInPy/workspace/tornado/tornado/stack_context.py
IE_TRACE:                         Starting var:.. fn = None
IE_TRACE:                         19:14:37.281926 call       255 def wrap(fn):
IE_TRACE:                         19:14:37.281955 line       264     if fn is None or hasattr(fn, '_wrapped'):
IE_TRACE:                         19:14:37.281973 line       265         return fn
IE_TRACE:                         19:14:37.281991 return     265         return fn
IE_TRACE:                         Return value:.. None
IE_TRACE:                     Source path:... /path/to/BugsInPy/workspace/tornado/tornado/httpclient.py
IE_TRACE:                     19:14:37.282015 return     504         self._streaming_callback = stack_context.wrap(value)
IE_TRACE:                     Return value:.. None
IE_TRACE:                 19:14:37.282043 line       459         self.header_callback = header_callback
IE_TRACE:                     Starting var:.. self = <tornado.httpclient.HTTPRequest object at 0x7d269dd0b0e0>
IE_TRACE:                     Starting var:.. value = None
IE_TRACE:                     19:14:37.282108 call       511     def header_callback(self, value):
IE_TRACE:                     19:14:37.282139 line       512         self._header_callback = stack_context.wrap(value)
IE_TRACE:                         Source path:... /path/to/BugsInPy/workspace/tornado/tornado/stack_context.py
IE_TRACE:                         Starting var:.. fn = None
IE_TRACE:                         19:14:37.282159 call       255 def wrap(fn):
IE_TRACE:                         19:14:37.282188 line       264     if fn is None or hasattr(fn, '_wrapped'):
IE_TRACE:                         19:14:37.282206 line       265         return fn
IE_TRACE:                         19:14:37.282224 return     265         return fn
IE_TRACE:                         Return value:.. None
IE_TRACE:                     Source path:... /path/to/BugsInPy/workspace/tornado/tornado/httpclient.py
IE_TRACE:                     19:14:37.282246 return     512         self._header_callback = stack_context.wrap(value)
IE_TRACE:                     Return value:.. None
IE_TRACE:                 19:14:37.282274 line       460         self.prepare_curl_callback = prepare_curl_callback
IE_TRACE:                     Starting var:.. self = <tornado.httpclient.HTTPRequest object at 0x7d269dd0b0e0>
IE_TRACE:                     Starting var:.. value = None
IE_TRACE:                     19:14:37.282337 call       519     def prepare_curl_callback(self, value):
IE_TRACE:                     19:14:37.282364 line       520         self._prepare_curl_callback = stack_context.wrap(value)
IE_TRACE:                         Source path:... /path/to/BugsInPy/workspace/tornado/tornado/stack_context.py
IE_TRACE:                         Starting var:.. fn = None
IE_TRACE:                         19:14:37.282383 call       255 def wrap(fn):
IE_TRACE:                         19:14:37.282413 line       264     if fn is None or hasattr(fn, '_wrapped'):
IE_TRACE:                         19:14:37.282431 line       265         return fn
IE_TRACE:                         19:14:37.282449 return     265         return fn
IE_TRACE:                         Return value:.. None
IE_TRACE:                     Source path:... /path/to/BugsInPy/workspace/tornado/tornado/httpclient.py
IE_TRACE:                     19:14:37.282471 return     520         self._prepare_curl_callback = stack_context.wrap(value)
IE_TRACE:                     Return value:.. None
IE_TRACE:                 19:14:37.282499 line       461         self.allow_nonstandard_methods = allow_nonstandard_methods
IE_TRACE:                 19:14:37.282561 line       462         self.validate_cert = validate_cert
IE_TRACE:                 19:14:37.282622 line       463         self.ca_certs = ca_certs
IE_TRACE:                 19:14:37.282683 line       464         self.allow_ipv6 = allow_ipv6
IE_TRACE:                 19:14:37.282743 line       465         self.client_key = client_key
IE_TRACE:                 19:14:37.282804 line       466         self.client_cert = client_cert
IE_TRACE:                 19:14:37.282864 line       467         self.ssl_options = ssl_options
IE_TRACE:                 19:14:37.282926 line       468         self.expect_100_continue = expect_100_continue
IE_TRACE:                 19:14:37.282987 line       469         self.start_time = time.time()
IE_TRACE:                 19:14:37.283047 return     469         self.start_time = time.time()
IE_TRACE:                 Return value:.. None
IE_TRACE:             Source path:... /path/to/BugsInPy/workspace/tornado/tornado/websocket.py
IE_TRACE:             New var:....... request = <tornado.httpclient.HTTPRequest object at 0x7d269dd0b0e0>
IE_TRACE:             19:14:37.283114 line      1216     request = httpclient._RequestProxy(
IE_TRACE:             19:14:37.283162 line      1217         request, httpclient.HTTPRequest._DEFAULTS)
IE_TRACE:             19:14:37.283192 line      1216     request = httpclient._RequestProxy(
IE_TRACE:                 Source path:... /path/to/BugsInPy/workspace/tornado/tornado/httpclient.py
IE_TRACE:                 Starting var:.. self = <tornado.httpclient._RequestProxy object at 0x7d269dd09ac0>
IE_TRACE:                 Starting var:.. request = <tornado.httpclient.HTTPRequest object at 0x7d269dd0b0e0>
IE_TRACE:                 Starting var:.. defaults = {'connect_timeout': 20.0, 'request_timeout': 20.0, 'follow_redirects': True, 'max_redirects': 5, 'decompress_response': True, 'proxy_password': '', 'allow_nonstandard_methods': False, 'validate_cert': True}
IE_TRACE:                 19:14:37.283223 call       637     def __init__(self, request, defaults):
IE_TRACE:                 19:14:37.283272 line       638         self.request = request
IE_TRACE:                 19:14:37.283293 line       639         self.defaults = defaults
IE_TRACE:                 19:14:37.283314 return     639         self.defaults = defaults
IE_TRACE:                 Return value:.. None
IE_TRACE:             Source path:... /path/to/BugsInPy/workspace/tornado/tornado/websocket.py
IE_TRACE:             Modified var:.. request = <tornado.httpclient._RequestProxy object at 0x7d269dd09ac0>
IE_TRACE:             19:14:37.283341 line      1218     conn = WebSocketClientConnection(io_loop, request,
IE_TRACE:             19:14:37.283379 line      1219                                      on_message_callback=on_message_callback,
IE_TRACE:             19:14:37.283406 line      1220                                      compression_options=compression_options,
IE_TRACE:             19:14:37.283433 line      1221                                      ping_interval=ping_interval,
IE_TRACE:             19:14:37.283459 line      1222                                      ping_timeout=ping_timeout,
IE_TRACE:             19:14:37.283486 line      1223                                      max_message_size=max_message_size)
IE_TRACE:             19:14:37.283512 line      1218     conn = WebSocketClientConnection(io_loop, request,
IE_TRACE:                 Starting var:.. self = <tornado.websocket.WebSocketClientConnection object at 0x7d269dd117c0>
IE_TRACE:                 Starting var:.. io_loop = <tornado.platform.epoll.EPollIOLoop object at 0x7d269de1f7d0>
IE_TRACE:                 Starting var:.. request = <tornado.httpclient._RequestProxy object at 0x7d269dd09ac0>
IE_TRACE:                 Starting var:.. on_message_callback = None
IE_TRACE:                 Starting var:.. compression_options = None
IE_TRACE:                 Starting var:.. ping_interval = None
IE_TRACE:                 Starting var:.. ping_timeout = None
IE_TRACE:                 Starting var:.. max_message_size = None
IE_TRACE:                 Starting var:.. __class__ = <class 'tornado.websocket.WebSocketClientConnection'>
IE_TRACE:                 19:14:37.283550 call      1030     def __init__(self, io_loop, request, on_message_callback=None,
IE_TRACE:                 19:14:37.283620 line      1033         self.compression_options = compression_options
IE_TRACE:                 19:14:37.283651 line      1034         self.connect_future = TracebackFuture()
IE_TRACE:                     Source path:... /path/to/BugsInPy/workspace/tornado/tornado/concurrent.py
IE_TRACE:                     Starting var:.. self = <tornado.concurrent.Future object at 0x7d269dd114c0>
IE_TRACE:                     19:14:37.283682 call       168     def __init__(self):
IE_TRACE:                     19:14:37.283710 line       169         self._done = False
IE_TRACE:                     19:14:37.283727 line       170         self._result = None
IE_TRACE:                     19:14:37.283744 line       171         self._exc_info = None
IE_TRACE:                     19:14:37.283760 line       173         self._log_traceback = False   # Used for Python >= 3.4
IE_TRACE:                     19:14:37.283776 line       174         self._tb_logger = None        # Used for Python <= 3.3
IE_TRACE:                     19:14:37.283791 line       176         self._callbacks = []
IE_TRACE:                     19:14:37.283807 return     176         self._callbacks = []
IE_TRACE:                     Return value:.. None
IE_TRACE:                 Source path:... /path/to/BugsInPy/workspace/tornado/tornado/websocket.py
IE_TRACE:                 19:14:37.283830 line      1035         self.protocol = None
IE_TRACE:                 19:14:37.283865 line      1036         self.read_future = None
IE_TRACE:                 19:14:37.283894 line      1037         self.read_queue = collections.deque()
IE_TRACE:                 19:14:37.283923 line      1038         self.key = base64.b64encode(os.urandom(16))
IE_TRACE:                 Source path:... /path/to/BugsInPy/workspace/tornado/tornado/websocket.py
IE_TRACE:                 19:14:37.284174 line      1039         self._on_message_callback = on_message_callback
IE_TRACE:                 19:14:37.284209 line      1040         self.close_code = self.close_reason = None
IE_TRACE:                 19:14:37.284238 line      1041         self.ping_interval = ping_interval
IE_TRACE:                 19:14:37.284267 line      1042         self.ping_timeout = ping_timeout
IE_TRACE:                 19:14:37.284295 line      1043         self.max_message_size = max_message_size
IE_TRACE:                 19:14:37.284323 line      1045         scheme, sep, rest = request.url.partition(':')
IE_TRACE:                     Source path:... /path/to/BugsInPy/workspace/tornado/tornado/httpclient.py
IE_TRACE:                     Starting var:.. self = <tornado.httpclient._RequestProxy object at 0x7d269dd09ac0>
IE_TRACE:                     Starting var:.. name = 'url'
IE_TRACE:                     19:14:37.284355 call       641     def __getattr__(self, name):
IE_TRACE:                     19:14:37.284387 line       642         request_attr = getattr(self.request, name)
IE_TRACE:                     New var:....... request_attr = 'ws://127.0.0.1:38719/render'
IE_TRACE:                     19:14:37.284406 line       643         if request_attr is not None:
IE_TRACE:                     19:14:37.284429 line       644             return request_attr
IE_TRACE:                     19:14:37.284448 return     644             return request_attr
IE_TRACE:                     Return value:.. 'ws://127.0.0.1:38719/render'
IE_TRACE:                 Source path:... /path/to/BugsInPy/workspace/tornado/tornado/websocket.py
IE_TRACE:                 New var:....... scheme = 'ws'
IE_TRACE:                 New var:....... sep = ':'
IE_TRACE:                 New var:....... rest = '//127.0.0.1:38719/render'
IE_TRACE:                 19:14:37.284475 line      1046         scheme = {'ws': 'http', 'wss': 'https'}[scheme]
IE_TRACE:                 Modified var:.. scheme = 'http'
IE_TRACE:                 19:14:37.284529 line      1047         request.url = scheme + sep + rest
IE_TRACE:                 19:14:37.284568 line      1048         request.headers.update({
IE_TRACE:                     Source path:... /path/to/BugsInPy/workspace/tornado/tornado/httpclient.py
IE_TRACE:                     Starting var:.. self = <tornado.httpclient._RequestProxy object at 0x7d269dd09ac0>
IE_TRACE:                     Starting var:.. name = 'headers'
IE_TRACE:                     19:14:37.284601 call       641     def __getattr__(self, name):
IE_TRACE:                     19:14:37.284633 line       642         request_attr = getattr(self.request, name)
IE_TRACE:                         Starting var:.. self = <tornado.httpclient.HTTPRequest object at 0x7d269dd0b0e0>
IE_TRACE:                         19:14:37.284654 call       472     def headers(self):
IE_TRACE:                         19:14:37.284677 line       473         return self._headers
IE_TRACE:                         19:14:37.284694 return     473         return self._headers
IE_TRACE:                         Return value:.. <tornado.httputil.HTTPHeaders object at 0x7d269dd0b740>
IE_TRACE:                     New var:....... request_attr = <tornado.httputil.HTTPHeaders object at 0x7d269dd0b740>
IE_TRACE:                     19:14:37.284717 line       643         if request_attr is not None:
IE_TRACE:                     19:14:37.284741 line       644             return request_attr
IE_TRACE:                     19:14:37.284760 return     644             return request_attr
IE_TRACE:                     Return value:.. <tornado.httputil.HTTPHeaders object at 0x7d269dd0b740>
IE_TRACE:                 Source path:... /path/to/BugsInPy/workspace/tornado/tornado/websocket.py
IE_TRACE:                 19:14:37.284785 line      1049             'Upgrade': 'websocket',
IE_TRACE:                 19:14:37.284822 line      1050             'Connection': 'Upgrade',
IE_TRACE:                 19:14:37.284854 line      1051             'Sec-WebSocket-Key': self.key,
IE_TRACE:                 19:14:37.284886 line      1052             'Sec-WebSocket-Version': '13',
IE_TRACE:                 19:14:37.284918 line      1048         request.headers.update({
IE_TRACE:                     Source path:... <frozen _collections_abc>
IE_TRACE:                     Starting var:.. self = <tornado.httputil.HTTPHeaders object at 0x7d269dd0b740>
IE_TRACE:                     Starting var:.. other = {'Upgrade': 'websocket', 'Connection': 'Upgrade', 'Sec-WebSocket-Key': b'zi7HlgUF2yO0IVcfiA3Ezw==', 'Sec-WebSocket-Version': '13'}
IE_TRACE:                     Starting var:.. kwds = {}
IE_TRACE:                     19:14:37.284951 call       974 SOURCE IS UNAVAILABLE
IE_TRACE:                     19:14:37.284995 line       980 SOURCE IS UNAVAILABLE
IE_TRACE:                         Source path:... <frozen abc>
IE_TRACE:                         Starting var:.. cls = <class 'collections.abc.Mapping'>
IE_TRACE:                         Starting var:.. instance = {'Upgrade': 'websocket', 'Connection': 'Upgrade', 'Sec-WebSocket-Key': b'zi7HlgUF2yO0IVcfiA3Ezw==', 'Sec-WebSocket-Version': '13'}
IE_TRACE:                         19:14:37.285018 call       117 SOURCE IS UNAVAILABLE
IE_TRACE:                         19:14:37.285052 line       119 SOURCE IS UNAVAILABLE
IE_TRACE:                             Starting var:.. cls = <class 'collections.abc.Mapping'>
IE_TRACE:                             Starting var:.. subclass = <class 'dict'>
IE_TRACE:                             19:14:37.285073 call       121 SOURCE IS UNAVAILABLE
IE_TRACE:                             19:14:37.285101 line       123 SOURCE IS UNAVAILABLE
IE_TRACE:                                 Source path:... <frozen _collections_abc>
IE_TRACE:                                 Starting var:.. cls = <class 'collections.abc.Mapping'>
IE_TRACE:                                 Starting var:.. C = <class 'dict'>
IE_TRACE:                                 19:14:37.285121 call       435 SOURCE IS UNAVAILABLE
IE_TRACE:                                 19:14:37.285158 line       437 SOURCE IS UNAVAILABLE
IE_TRACE:                                 19:14:37.285177 line       439 SOURCE IS UNAVAILABLE
IE_TRACE:                                 19:14:37.285196 return     439 SOURCE IS UNAVAILABLE
IE_TRACE:                                 Return value:.. NotImplemented
IE_TRACE:                                 Source path:... <frozen abc>
IE_TRACE:                                 Starting var:.. cls = <class 'collections.abc.MutableMapping'>
IE_TRACE:                                 Starting var:.. subclass = <class 'dict'>
IE_TRACE:                                 19:14:37.285225 call       121 SOURCE IS UNAVAILABLE
IE_TRACE:                                 19:14:37.285258 line       123 SOURCE IS UNAVAILABLE
IE_TRACE:                                     Source path:... <frozen _collections_abc>
IE_TRACE:                                     Starting var:.. cls = <class 'collections.abc.MutableMapping'>
IE_TRACE:                                     Starting var:.. C = <class 'dict'>
IE_TRACE:                                     19:14:37.285277 call       435 SOURCE IS UNAVAILABLE
IE_TRACE:                                     19:14:37.285310 line       437 SOURCE IS UNAVAILABLE
IE_TRACE:                                     19:14:37.285328 line       439 SOURCE IS UNAVAILABLE
IE_TRACE:                                     19:14:37.285347 return     439 SOURCE IS UNAVAILABLE
IE_TRACE:                                     Return value:.. NotImplemented
IE_TRACE:                                 Source path:... <frozen abc>
IE_TRACE:                                 19:14:37.285371 return     123 SOURCE IS UNAVAILABLE
IE_TRACE:                                 Return value:.. True
IE_TRACE:                             19:14:37.285401 return     123 SOURCE IS UNAVAILABLE
IE_TRACE:                             Return value:.. True
IE_TRACE:                         19:14:37.285425 return     119 SOURCE IS UNAVAILABLE
IE_TRACE:                         Return value:.. True
IE_TRACE:                     Source path:... <frozen _collections_abc>
IE_TRACE:                     19:14:37.285449 line       981 SOURCE IS UNAVAILABLE
IE_TRACE:                     New var:....... key = 'Upgrade'
IE_TRACE:                     19:14:37.285475 line       982 SOURCE IS UNAVAILABLE
IE_TRACE:                         Source path:... /path/to/BugsInPy/workspace/tornado/tornado/httputil.py
IE_TRACE:                         Starting var:.. self = <tornado.httputil.HTTPHeaders object at 0x7d269dd0b740>
IE_TRACE:                         Starting var:.. name = 'Upgrade'
IE_TRACE:                         Starting var:.. value = 'websocket'
IE_TRACE:                         19:14:37.285506 call       210     def __setitem__(self, name, value):
IE_TRACE:                         19:14:37.285546 line       211         norm_name = _normalized_headers[name]
IE_TRACE:                             Starting var:.. self = {}
IE_TRACE:                             Starting var:.. key = 'Upgrade'
IE_TRACE:                             19:14:37.285575 call        90     def __missing__(self, key):
IE_TRACE:                             19:14:37.285604 line        91         normalized = "-".join([w.capitalize() for w in key.split("-")])
IE_TRACE:                             New var:....... w = 'Upgrade'
IE_TRACE:                             19:14:37.285628 line        91         normalized = "-".join([w.capitalize() for w in key.split("-")])
IE_TRACE:                             New var:....... normalized = 'Upgrade'
IE_TRACE:                             19:14:37.285654 line        92         self[key] = normalized
IE_TRACE:                             Modified var:.. self = {'Upgrade': 'Upgrade'}
IE_TRACE:                             19:14:37.285680 line        93         self.queue.append(key)
IE_TRACE:                             19:14:37.285707 line        94         if len(self.queue) > self.size:
IE_TRACE:                             19:14:37.285729 line       100         return normalized
IE_TRACE:                             19:14:37.285749 return     100         return normalized
IE_TRACE:                             Return value:.. 'Upgrade'
IE_TRACE:                         New var:....... norm_name = 'Upgrade'
IE_TRACE:                         19:14:37.285776 line       212         self._dict[norm_name] = value
IE_TRACE:                         19:14:37.285803 line       213         self._as_list[norm_name] = [value]
IE_TRACE:                         19:14:37.285824 return     213         self._as_list[norm_name] = [value]
IE_TRACE:                         Return value:.. None
IE_TRACE:                     Source path:... <frozen _collections_abc>
IE_TRACE:                     19:14:37.285853 line       981 SOURCE IS UNAVAILABLE
IE_TRACE:                     Modified var:.. key = 'Connection'
IE_TRACE:                     19:14:37.285881 line       982 SOURCE IS UNAVAILABLE
IE_TRACE:                         Source path:... /path/to/BugsInPy/workspace/tornado/tornado/httputil.py
IE_TRACE:                         Starting var:.. self = <tornado.httputil.HTTPHeaders object at 0x7d269dd0b740>
IE_TRACE:                         Starting var:.. name = 'Connection'
IE_TRACE:                         Starting var:.. value = 'Upgrade'
IE_TRACE:                         19:14:37.285909 call       210     def __setitem__(self, name, value):
IE_TRACE:                         19:14:37.285948 line       211         norm_name = _normalized_headers[name]
IE_TRACE:                             Starting var:.. self = {'Upgrade': 'Upgrade'}
IE_TRACE:                             Starting var:.. key = 'Connection'
IE_TRACE:                             19:14:37.285969 call        90     def __missing__(self, key):
IE_TRACE:                             19:14:37.285997 line        91         normalized = "-".join([w.capitalize() for w in key.split("-")])
IE_TRACE:                             New var:....... w = 'Connection'
IE_TRACE:                             19:14:37.286017 line        91         normalized = "-".join([w.capitalize() for w in key.split("-")])
IE_TRACE:                             New var:....... normalized = 'Connection'
IE_TRACE:                             19:14:37.286042 line        92         self[key] = normalized
IE_TRACE:                             Modified var:.. self = {'Upgrade': 'Upgrade', 'Connection': 'Connection'}
IE_TRACE:                             19:14:37.286067 line        93         self.queue.append(key)
IE_TRACE:                             19:14:37.286093 line        94         if len(self.queue) > self.size:
IE_TRACE:                             19:14:37.286114 line       100         return normalized
IE_TRACE:                             19:14:37.286163 return     100         return normalized
IE_TRACE:                             Return value:.. 'Connection'
IE_TRACE:                         New var:....... norm_name = 'Connection'
IE_TRACE:                         19:14:37.286190 line       212         self._dict[norm_name] = value
IE_TRACE:                         19:14:37.286215 line       213         self._as_list[norm_name] = [value]
IE_TRACE:                         19:14:37.286236 return     213         self._as_list[norm_name] = [value]
IE_TRACE:                         Return value:.. None
IE_TRACE:                     Source path:... <frozen _collections_abc>
IE_TRACE:                     19:14:37.286263 line       981 SOURCE IS UNAVAILABLE
IE_TRACE:                     Modified var:.. key = 'Sec-WebSocket-Key'
IE_TRACE:                     19:14:37.286291 line       982 SOURCE IS UNAVAILABLE
IE_TRACE:                         Source path:... /path/to/BugsInPy/workspace/tornado/tornado/httputil.py
IE_TRACE:                         Starting var:.. self = <tornado.httputil.HTTPHeaders object at 0x7d269dd0b740>
IE_TRACE:                         Starting var:.. name = 'Sec-WebSocket-Key'
IE_TRACE:                         Starting var:.. value = bytes(len=24)
IE_TRACE:                         19:14:37.286319 call       210     def __setitem__(self, name, value):
IE_TRACE:                         19:14:37.286361 line       211         norm_name = _normalized_headers[name]
IE_TRACE:                             Starting var:.. self = {'Upgrade': 'Upgrade', 'Connection': 'Connection'}
IE_TRACE:                             Starting var:.. key = 'Sec-WebSocket-Key'
IE_TRACE:                             19:14:37.286384 call        90     def __missing__(self, key):
IE_TRACE:                             19:14:37.286411 line        91         normalized = "-".join([w.capitalize() for w in key.split("-")])
IE_TRACE:                             New var:....... w = 'Sec'
IE_TRACE:                             19:14:37.286431 line        91         normalized = "-".join([w.capitalize() for w in key.split("-")])
IE_TRACE:                             Modified var:.. w = 'WebSocket'
IE_TRACE:                             19:14:37.286457 line        91         normalized = "-".join([w.capitalize() for w in key.split("-")])
IE_TRACE:                             Modified var:.. w = 'Key'
IE_TRACE:                             19:14:37.286481 line        91         normalized = "-".join([w.capitalize() for w in key.split("-")])
IE_TRACE:                             New var:....... normalized = 'Sec-Websocket-Key'
IE_TRACE:                             19:14:37.286506 line        92         self[key] = normalized
IE_TRACE:                             Modified var:.. self = {'Upgrade': 'Upgrade', 'Connection': 'Connection', 'Sec-WebSocket-Key': 'Sec-Websocket-Key'}
IE_TRACE:                             19:14:37.286531 line        93         self.queue.append(key)
IE_TRACE:                             19:14:37.286556 line        94         if len(self.queue) > self.size:
IE_TRACE:                             19:14:37.286577 line       100         return normalized
IE_TRACE:                             19:14:37.286597 return     100         return normalized
IE_TRACE:                             Return value:.. 'Sec-Websocket-Key'
IE_TRACE:                         New var:....... norm_name = 'Sec-Websocket-Key'
IE_TRACE:                         19:14:37.286624 line       212         self._dict[norm_name] = value
IE_TRACE:                         19:14:37.286649 line       213         self._as_list[norm_name] = [value]
IE_TRACE:                         19:14:37.286670 return     213         self._as_list[norm_name] = [value]
IE_TRACE:                         Return value:.. None
IE_TRACE:                     Source path:... <frozen _collections_abc>
IE_TRACE:                     19:14:37.286697 line       981 SOURCE IS UNAVAILABLE
IE_TRACE:                     Modified var:.. key = 'Sec-WebSocket-Version'
IE_TRACE:                     19:14:37.286724 line       982 SOURCE IS UNAVAILABLE
IE_TRACE:                         Source path:... /path/to/BugsInPy/workspace/tornado/tornado/httputil.py
IE_TRACE:                         Starting var:.. self = <tornado.httputil.HTTPHeaders object at 0x7d269dd0b740>
IE_TRACE:                         Starting var:.. name = 'Sec-WebSocket-Version'
IE_TRACE:                         Starting var:.. value = '13'
IE_TRACE:                         19:14:37.286751 call       210     def __setitem__(self, name, value):
IE_TRACE:                         19:14:37.286789 line       211         norm_name = _normalized_headers[name]
IE_TRACE:                             Starting var:.. self = {'Upgrade': 'Upgrade', 'Connection': 'Connection', 'Sec-WebSocket-Key': 'Sec-Websocket-Key'}
IE_TRACE:                             Starting var:.. key = 'Sec-WebSocket-Version'
IE_TRACE:                             19:14:37.286809 call        90     def __missing__(self, key):
IE_TRACE:                             19:14:37.286837 line        91         normalized = "-".join([w.capitalize() for w in key.split("-")])
IE_TRACE:                             New var:....... w = 'Sec'
IE_TRACE:                             19:14:37.286858 line        91         normalized = "-".join([w.capitalize() for w in key.split("-")])
IE_TRACE:                             Modified var:.. w = 'WebSocket'
IE_TRACE:                             19:14:37.286882 line        91         normalized = "-".join([w.capitalize() for w in key.split("-")])
IE_TRACE:                             Modified var:.. w = 'Version'
IE_TRACE:                             19:14:37.286907 line        91         normalized = "-".join([w.capitalize() for w in key.split("-")])
IE_TRACE:                             New var:....... normalized = 'Sec-Websocket-Version'
IE_TRACE:                             19:14:37.286931 line        92         self[key] = normalized
IE_TRACE:                             Modified var:.. self = {'Upgrade': 'Upgrade', 'Connection': 'Connection', 'Sec-WebSocket-Key': 'Sec-Websocket-Key', 'Sec-WebSocket-Version': 'Sec-Websocket-Version'}
IE_TRACE:                             19:14:37.286956 line        93         self.queue.append(key)
IE_TRACE:                             19:14:37.286981 line        94         if len(self.queue) > self.size:
IE_TRACE:                             19:14:37.287002 line       100         return normalized
IE_TRACE:                             19:14:37.287022 return     100         return normalized
IE_TRACE:                             Return value:.. 'Sec-Websocket-Version'
IE_TRACE:                         New var:....... norm_name = 'Sec-Websocket-Version'
IE_TRACE:                         19:14:37.287048 line       212         self._dict[norm_name] = value
IE_TRACE:                         19:14:37.287073 line       213         self._as_list[norm_name] = [value]
IE_TRACE:                         19:14:37.287094 return     213         self._as_list[norm_name] = [value]
IE_TRACE:                         Return value:.. None
IE_TRACE:                     Source path:... <frozen _collections_abc>
IE_TRACE:                     19:14:37.287120 line       981 SOURCE IS UNAVAILABLE
IE_TRACE:                     19:14:37.287151 line       989 SOURCE IS UNAVAILABLE
IE_TRACE:                     19:14:37.287173 return     989 SOURCE IS UNAVAILABLE
IE_TRACE:                     Return value:.. None
IE_TRACE:                 Source path:... /path/to/BugsInPy/workspace/tornado/tornado/websocket.py
IE_TRACE:                 19:14:37.287202 line      1054         if self.compression_options is not None:
IE_TRACE:                 19:14:37.287242 line      1063         self.tcp_client = TCPClient(io_loop=io_loop)
IE_TRACE:                     Source path:... /path/to/BugsInPy/workspace/tornado/tornado/tcpclient.py
IE_TRACE:                     Starting var:.. self = <tornado.tcpclient.TCPClient object at 0x7d269dd11df0>
IE_TRACE:                     Starting var:.. resolver = None
IE_TRACE:                     Starting var:.. io_loop = <tornado.platform.epoll.EPollIOLoop object at 0x7d269de1f7d0>
IE_TRACE:                     19:14:37.287278 call       143     def __init__(self, resolver=None, io_loop=None):
IE_TRACE:                     19:14:37.287373 line       144         self.io_loop = io_loop or IOLoop.current()
IE_TRACE:                     19:14:37.287394 line       145         if resolver is not None:
IE_TRACE:                     19:14:37.287413 line       149             self.resolver = Resolver(io_loop=io_loop)
IE_TRACE:                         Source path:... /path/to/BugsInPy/workspace/tornado/tornado/util.py
IE_TRACE:                         Starting var:.. cls = <class 'tornado.netutil.Resolver'>
IE_TRACE:                         Starting var:.. args = ()
IE_TRACE:                         Starting var:.. kwargs = {'io_loop': <tornado.platform.epoll.EPollIOLoop object at 0x7d269de1f7d0>}
IE_TRACE:                         Starting var:.. __class__ = <class 'tornado.util.Configurable'>
IE_TRACE:                         19:14:37.287438 call       279     def __new__(cls, *args, **kwargs):
IE_TRACE:                         19:14:37.287540 line       280         base = cls.configurable_base()
IE_TRACE:                             Source path:... /path/to/BugsInPy/workspace/tornado/tornado/netutil.py
IE_TRACE:                             Starting var:.. cls = <class 'tornado.netutil.Resolver'>
IE_TRACE:                             19:14:37.287567 call       320     def configurable_base(cls):
IE_TRACE:                             19:14:37.287652 line       321         return Resolver
IE_TRACE:                             19:14:37.287670 return     321         return Resolver
IE_TRACE:                             Return value:.. <class 'tornado.netutil.Resolver'>
IE_TRACE:                         Source path:... /path/to/BugsInPy/workspace/tornado/tornado/util.py
IE_TRACE:                         New var:....... base = <class 'tornado.netutil.Resolver'>
IE_TRACE:                         19:14:37.287694 line       281         init_kwargs = {}
IE_TRACE:                         New var:....... init_kwargs = {}
IE_TRACE:                         19:14:37.287730 line       282         if cls is base:
IE_TRACE:                         19:14:37.287763 line       283             impl = cls.configured_class()
IE_TRACE:                             Starting var:.. cls = <class 'tornado.netutil.Resolver'>
IE_TRACE:                             19:14:37.287792 call       342     def configured_class(cls):
IE_TRACE:                             19:14:37.287817 line       345         base = cls.configurable_base()
IE_TRACE:                                 Source path:... /path/to/BugsInPy/workspace/tornado/tornado/netutil.py
IE_TRACE:                                 Starting var:.. cls = <class 'tornado.netutil.Resolver'>
IE_TRACE:                                 19:14:37.287835 call       320     def configurable_base(cls):
IE_TRACE:                                 19:14:37.287863 line       321         return Resolver
IE_TRACE:                                 19:14:37.287881 return     321         return Resolver
IE_TRACE:                                 Return value:.. <class 'tornado.netutil.Resolver'>
IE_TRACE:                             Source path:... /path/to/BugsInPy/workspace/tornado/tornado/util.py
IE_TRACE:                             New var:....... base = <class 'tornado.netutil.Resolver'>
IE_TRACE:                             19:14:37.287905 line       346         if cls.__impl_class is None:
IE_TRACE:                             19:14:37.287933 line       348         return base.__impl_class
IE_TRACE:                             19:14:37.287952 return     348         return base.__impl_class
IE_TRACE:                             Return value:.. <class 'tornado.netutil.BlockingResolver'>
IE_TRACE:                         New var:....... impl = <class 'tornado.netutil.BlockingResolver'>
IE_TRACE:                         19:14:37.287977 line       284             if base.__impl_kwargs:
IE_TRACE:                         19:14:37.288008 line       288         init_kwargs.update(kwargs)
IE_TRACE:                         Modified var:.. init_kwargs = {'io_loop': <tornado.platform.epoll.EPollIOLoop object at 0x7d269de1f7d0>}
IE_TRACE:                         19:14:37.288035 line       289         instance = super(Configurable, cls).__new__(impl)
IE_TRACE:                         New var:....... instance = <tornado.netutil.BlockingResolver object at 0x7d269dd0a870>
IE_TRACE:                         19:14:37.288067 line       293         instance.initialize(*args, **init_kwargs)
IE_TRACE:                             Source path:... /path/to/BugsInPy/workspace/tornado/tornado/netutil.py
IE_TRACE:                             Starting var:.. self = <tornado.netutil.BlockingResolver object at 0x7d269dd0a870>
IE_TRACE:                             Starting var:.. io_loop = <tornado.platform.epoll.EPollIOLoop object at 0x7d269de1f7d0>
IE_TRACE:                             Starting var:.. __class__ = <class 'tornado.netutil.BlockingResolver'>
IE_TRACE:                             19:14:37.288103 call       403     def initialize(self, io_loop=None):
IE_TRACE:                             19:14:37.288147 line       404         super(BlockingResolver, self).initialize(io_loop=io_loop)
IE_TRACE:                                 Starting var:.. self = <tornado.netutil.BlockingResolver object at 0x7d269dd0a870>
IE_TRACE:                                 Starting var:.. io_loop = <tornado.platform.epoll.EPollIOLoop object at 0x7d269de1f7d0>
IE_TRACE:                                 Starting var:.. executor = None
IE_TRACE:                                 Starting var:.. close_executor = True
IE_TRACE:                                 19:14:37.288172 call       369     def initialize(self, io_loop=None, executor=None, close_executor=True):
IE_TRACE:                                 19:14:37.288213 line       370         self.io_loop = io_loop or IOLoop.current()
IE_TRACE:                                 19:14:37.288236 line       371         if executor is not None:
IE_TRACE:                                 19:14:37.288259 line       375             self.executor = dummy_executor
IE_TRACE:                                 19:14:37.288280 line       376             self.close_executor = False
IE_TRACE:                                 19:14:37.288302 return     376             self.close_executor = False
IE_TRACE:                                 Return value:.. None
IE_TRACE:                             19:14:37.288330 return     404         super(BlockingResolver, self).initialize(io_loop=io_loop)
IE_TRACE:                             Return value:.. None
IE_TRACE:                         Source path:... /path/to/BugsInPy/workspace/tornado/tornado/util.py
IE_TRACE:                         19:14:37.288356 line       294         return instance
IE_TRACE:                         19:14:37.288391 return     294         return instance
IE_TRACE:                         Return value:.. <tornado.netutil.BlockingResolver object at 0x7d269dd0a870>
IE_TRACE:                     Source path:... /path/to/BugsInPy/workspace/tornado/tornado/tcpclient.py
IE_TRACE:                     19:14:37.288426 line       150             self._own_resolver = True
IE_TRACE:                     19:14:37.288451 return     150             self._own_resolver = True
IE_TRACE:                     Return value:.. None
IE_TRACE:                 Source path:... /path/to/BugsInPy/workspace/tornado/tornado/websocket.py
IE_TRACE:                 19:14:37.288477 line      1064         super(WebSocketClientConnection, self).__init__(
IE_TRACE:                 19:14:37.288518 line      1065             io_loop, None, request, lambda: None, self._on_http_response,
IE_TRACE:                 19:14:37.288551 line      1066             104857600, self.tcp_client, 65536, 104857600)
IE_TRACE:                 19:14:37.288584 line      1064         super(WebSocketClientConnection, self).__init__(
IE_TRACE:                     Source path:... /path/to/BugsInPy/workspace/tornado/tornado/simple_httpclient.py
IE_TRACE:                     Starting var:.. self = <tornado.websocket.WebSocketClientConnection object at 0x7d269dd117c0>
IE_TRACE:                     Starting var:.. io_loop = <tornado.platform.epoll.EPollIOLoop object at 0x7d269de1f7d0>
IE_TRACE:                     Starting var:.. client = None
IE_TRACE:                     Starting var:.. request = <tornado.httpclient._RequestProxy object at 0x7d269dd09ac0>
IE_TRACE:                     Starting var:.. release_callback = <function WebSocketClientConnection.__init__.<locals>.<lambda> at 0x7d269dd3f880>
IE_TRACE:                     Starting var:.. final_callback = <bound method WebSocketClientConnection._on_http_response of <tornado.websocket.WebSocketClientConnection object at 0x7d269dd117c0>>
IE_TRACE:                     Starting var:.. max_buffer_size = 104857600
IE_TRACE:                     Starting var:.. tcp_client = <tornado.tcpclient.TCPClient object at 0x7d269dd11df0>
IE_TRACE:                     Starting var:.. max_header_size = 65536
IE_TRACE:                     Starting var:.. max_body_size = 104857600
IE_TRACE:                     19:14:37.288631 call       193     def __init__(self, io_loop, client, request, release_callback,
IE_TRACE:                     19:14:37.288797 line       196         self.start_time = io_loop.time()
IE_TRACE:                         Source path:... /path/to/BugsInPy/workspace/tornado/tornado/ioloop.py
IE_TRACE:                         Starting var:.. self = <tornado.platform.epoll.EPollIOLoop object at 0x7d269de1f7d0>
IE_TRACE:                         19:14:37.288837 call       913     def time(self):
IE_TRACE:                         19:14:37.288865 line       914         return self.time_func()
IE_TRACE:                         19:14:37.288883 return     914         return self.time_func()
IE_TRACE:                         Return value:.. 1779889477.2888763
IE_TRACE:                     Source path:... /path/to/BugsInPy/workspace/tornado/tornado/simple_httpclient.py
IE_TRACE:                     19:14:37.288914 line       197         self.io_loop = io_loop
IE_TRACE:                     19:14:37.288954 line       198         self.client = client
IE_TRACE:                     19:14:37.288989 line       199         self.request = request
IE_TRACE:                     19:14:37.289023 line       200         self.release_callback = release_callback
IE_TRACE:                     19:14:37.289057 line       201         self.final_callback = final_callback
IE_TRACE:                     19:14:37.289090 line       202         self.max_buffer_size = max_buffer_size
IE_TRACE:                     19:14:37.289123 line       203         self.tcp_client = tcp_client
IE_TRACE:                     19:14:37.289160 line       204         self.max_header_size = max_header_size
IE_TRACE:                     19:14:37.289193 line       205         self.max_body_size = max_body_size
IE_TRACE:                     19:14:37.289226 line       206         self.code = None
IE_TRACE:                     19:14:37.289260 line       207         self.headers = None
IE_TRACE:                     19:14:37.289293 line       208         self.chunks = []
IE_TRACE:                     19:14:37.289326 line       209         self._decompressor = None
IE_TRACE:                     19:14:37.289360 line       211         self._timeout = None
IE_TRACE:                     19:14:37.289393 line       212         self._sockaddr = None
IE_TRACE:                     19:14:37.289426 line       213         with stack_context.ExceptionStackContext(self._handle_exception):
IE_TRACE:                         Source path:... /path/to/BugsInPy/workspace/tornado/tornado/stack_context.py
IE_TRACE:                         Starting var:.. self = <tornado.stack_context.ExceptionStackContext object at 0x7d269dd12ae0>
IE_TRACE:                         Starting var:.. exception_handler = <bound method _HTTPConnection._handle_exception of <tornado.websocket.WebSocketClientConnection object at 0x7d269dd117c0>>
IE_TRACE:                         19:14:37.289462 call       179     def __init__(self, exception_handler):
IE_TRACE:                         19:14:37.289497 line       180         self.exception_handler = exception_handler
IE_TRACE:                         19:14:37.289516 line       181         self.active = True
IE_TRACE:                         19:14:37.289536 return     181         self.active = True
IE_TRACE:                         Return value:.. None
IE_TRACE:                         Starting var:.. self = <tornado.stack_context.ExceptionStackContext object at 0x7d269dd12ae0>
IE_TRACE:                         19:14:37.289564 call       190     def __enter__(self):
IE_TRACE:                         19:14:37.289587 line       191         self.old_contexts = _state.contexts
IE_TRACE:                         19:14:37.289605 line       192         self.new_contexts = (self.old_contexts[0], self)
IE_TRACE:                         19:14:37.289623 line       193         _state.contexts = self.new_contexts
IE_TRACE:                         19:14:37.289640 line       195         return self._deactivate
IE_TRACE:                         19:14:37.289658 return     195         return self._deactivate
IE_TRACE:                         Return value:.. <bound method ExceptionStackContext._deactivate of <tornado.stack_context.ExceptionStackContext object at 0x7d269dd12ae0>>
IE_TRACE:                     Source path:... /path/to/BugsInPy/workspace/tornado/tornado/simple_httpclient.py
IE_TRACE:                     19:14:37.289682 line       214             self.parsed = urlparse.urlsplit(_unicode(self.request.url))
IE_TRACE:                         Source path:... /path/to/BugsInPy/workspace/tornado/tornado/escape.py
IE_TRACE:                         Starting var:.. value = 'http://127.0.0.1:38719/render'
IE_TRACE:                         19:14:37.289726 call       206 def to_unicode(value):
IE_TRACE:                         19:14:37.289754 line       212     if isinstance(value, _TO_UNICODE_TYPES):
IE_TRACE:                         19:14:37.289772 line       213         return value
IE_TRACE:                         19:14:37.289789 return     213         return value
IE_TRACE:                         Return value:.. 'http://127.0.0.1:38719/render'
IE_TRACE:                     Source path:... /path/to/BugsInPy/workspace/tornado/tornado/simple_httpclient.py
IE_TRACE:                     19:14:37.292213 line       215             if self.parsed.scheme not in ("http", "https"):
IE_TRACE:                     19:14:37.292257 line       220             netloc = self.parsed.netloc
IE_TRACE:                     New var:....... netloc = '127.0.0.1:38719'
IE_TRACE:                     19:14:37.292292 line       221             if "@" in netloc:
IE_TRACE:                     19:14:37.292333 line       223             host, port = httputil.split_host_and_port(netloc)
IE_TRACE:                         Source path:... /path/to/BugsInPy/workspace/tornado/tornado/httputil.py
IE_TRACE:                         Starting var:.. netloc = '127.0.0.1:38719'
IE_TRACE:                         19:14:37.292374 call       924 def split_host_and_port(netloc):
IE_TRACE:                         19:14:37.292403 line       931     match = re.match(r'^(.+):(\d+)$', netloc)
IE_TRACE:                         Source path:... /path/to/BugsInPy/workspace/tornado/tornado/httputil.py
IE_TRACE:                         New var:....... match = <re.Match object; span=(0, 15), match='127.0.0.1:38719'>
IE_TRACE:                         19:14:37.298573 line       932     if match:
IE_TRACE:                         19:14:37.298605 line       933         host = match.group(1)
IE_TRACE:                         New var:....... host = '127.0.0.1'
IE_TRACE:                         19:14:37.298627 line       934         port = int(match.group(2))
IE_TRACE:                         New var:....... port = 38719
IE_TRACE:                         19:14:37.298655 line       938     return (host, port)
IE_TRACE:                         19:14:37.298684 return     938     return (host, port)
IE_TRACE:                         Return value:.. ('127.0.0.1', 38719)
IE_TRACE:                     Source path:... /path/to/BugsInPy/workspace/tornado/tornado/simple_httpclient.py
IE_TRACE:                     New var:....... host = '127.0.0.1'
IE_TRACE:                     New var:....... port = 38719
IE_TRACE:                     19:14:37.298715 line       224             if port is None:
IE_TRACE:                     19:14:37.298774 line       226             if re.match(r'^\[.*\]$', host):
IE_TRACE:                     Source path:... /path/to/BugsInPy/workspace/tornado/tornado/simple_httpclient.py
IE_TRACE:                     19:14:37.304109 line       229             self.parsed_hostname = host  # save final host for _on_connect
IE_TRACE:                     19:14:37.304164 line       231             if request.allow_ipv6 is False:
IE_TRACE:                         Source path:... /path/to/BugsInPy/workspace/tornado/tornado/httpclient.py
IE_TRACE:                         Starting var:.. self = <tornado.httpclient._RequestProxy object at 0x7d269dd09ac0>
IE_TRACE:                         Starting var:.. name = 'allow_ipv6'
IE_TRACE:                         19:14:37.304206 call       641     def __getattr__(self, name):
IE_TRACE:                         19:14:37.304241 line       642         request_attr = getattr(self.request, name)
IE_TRACE:                         New var:....... request_attr = None
IE_TRACE:                         19:14:37.304262 line       643         if request_attr is not None:
IE_TRACE:                         19:14:37.304288 line       645         elif self.defaults is not None:
IE_TRACE:                         19:14:37.304309 line       646             return self.defaults.get(name, None)
IE_TRACE:                         19:14:37.304330 return     646             return self.defaults.get(name, None)
IE_TRACE:                         Return value:.. None
IE_TRACE:                     Source path:... /path/to/BugsInPy/workspace/tornado/tornado/simple_httpclient.py
IE_TRACE:                     19:14:37.304357 line       234                 af = socket.AF_UNSPEC
IE_TRACE:                     New var:....... af = <AddressFamily.AF_UNSPEC: 0>
IE_TRACE:                     19:14:37.304402 line       236             ssl_options = self._get_ssl_options(self.parsed.scheme)
IE_TRACE:                         Starting var:.. self = <tornado.websocket.WebSocketClientConnection object at 0x7d269dd117c0>
IE_TRACE:                         Starting var:.. scheme = 'http'
IE_TRACE:                         19:14:37.304464 call       248     def _get_ssl_options(self, scheme):
IE_TRACE:                         19:14:37.304497 line       249         if scheme == "https":
IE_TRACE:                         19:14:37.304519 line       295         return None
IE_TRACE:                         19:14:37.304539 return     295         return None
IE_TRACE:                         Return value:.. None
IE_TRACE:                     New var:....... ssl_options = None
IE_TRACE:                     19:14:37.304566 line       238             timeout = min(self.request.connect_timeout, self.request.request_timeout)
IE_TRACE:                         Source path:... /path/to/BugsInPy/workspace/tornado/tornado/httpclient.py
IE_TRACE:                         Starting var:.. self = <tornado.httpclient._RequestProxy object at 0x7d269dd09ac0>
IE_TRACE:                         Starting var:.. name = 'connect_timeout'
IE_TRACE:                         19:14:37.304615 call       641     def __getattr__(self, name):
IE_TRACE:                         19:14:37.304651 line       642         request_attr = getattr(self.request, name)
IE_TRACE:                         New var:....... request_attr = None
IE_TRACE:                         19:14:37.304671 line       643         if request_attr is not None:
IE_TRACE:                         19:14:37.304697 line       645         elif self.defaults is not None:
IE_TRACE:                         19:14:37.304718 line       646             return self.defaults.get(name, None)
IE_TRACE:                         19:14:37.304739 return     646             return self.defaults.get(name, None)
IE_TRACE:                         Return value:.. 20.0
IE_TRACE:                         Starting var:.. self = <tornado.httpclient._RequestProxy object at 0x7d269dd09ac0>
IE_TRACE:                         Starting var:.. name = 'request_timeout'
IE_TRACE:                         19:14:37.304767 call       641     def __getattr__(self, name):
IE_TRACE:                         19:14:37.304795 line       642         request_attr = getattr(self.request, name)
IE_TRACE:                         New var:....... request_attr = None
IE_TRACE:                         19:14:37.304814 line       643         if request_attr is not None:
IE_TRACE:                         19:14:37.304839 line       645         elif self.defaults is not None:
IE_TRACE:                         19:14:37.304860 line       646             return self.defaults.get(name, None)
IE_TRACE:                         19:14:37.304880 return     646             return self.defaults.get(name, None)
IE_TRACE:                         Return value:.. 20.0
IE_TRACE:                     Source path:... /path/to/BugsInPy/workspace/tornado/tornado/simple_httpclient.py
IE_TRACE:                     New var:....... timeout = 20.0
IE_TRACE:                     19:14:37.304907 line       239             if timeout:
IE_TRACE:                     19:14:37.304963 line       240                 self._timeout = self.io_loop.add_timeout(
IE_TRACE:                     19:14:37.305007 line       241                     self.start_time + timeout,
IE_TRACE:                     19:14:37.305051 line       242                     stack_context.wrap(functools.partial(self._on_timeout, "while connecting")))
IE_TRACE:                         Source path:... /path/to/BugsInPy/workspace/tornado/tornado/stack_context.py
IE_TRACE:                         Starting var:.. fn = functools.partial(<bound method _HTTPConnection._on_timeout of <tornado.websocket.WebSocketClientConnection object at 0x7d269dd117c0>>, 'while connecting')
IE_TRACE:                         19:14:37.305099 call       255 def wrap(fn):
IE_TRACE:                         19:14:37.305137 line       264     if fn is None or hasattr(fn, '_wrapped'):
IE_TRACE:                         19:14:37.305160 line       269     cap_contexts = [_state.contexts]
IE_TRACE:                         New var:....... cap_contexts = [((), <tornado.stack_context.ExceptionStackContext object at 0x7d269dd12ae0>)]
IE_TRACE:                         19:14:37.305182 line       271     if not cap_contexts[0][0] and not cap_contexts[0][1]:
IE_TRACE:                         19:14:37.305211 line       283     def wrapped(*args, **kwargs):
IE_TRACE:                         New var:....... wrapped = <function wrap.<locals>.wrapped at 0x7d269dd3fba0>
IE_TRACE:                         19:14:37.305235 line       350     wrapped._wrapped = True
IE_TRACE:                         19:14:37.305267 line       351     return wrapped
IE_TRACE:                         19:14:37.305291 return     351     return wrapped
IE_TRACE:                         Return value:.. <function wrap.<locals>.wrapped at 0x7d269dd3fba0>
IE_TRACE:                     Source path:... /path/to/BugsInPy/workspace/tornado/tornado/simple_httpclient.py
IE_TRACE:                     19:14:37.305322 line       240                 self._timeout = self.io_loop.add_timeout(
IE_TRACE:                         Source path:... /path/to/BugsInPy/workspace/tornado/tornado/ioloop.py
IE_TRACE:                         Starting var:.. self = <tornado.platform.epoll.EPollIOLoop object at 0x7d269de1f7d0>
IE_TRACE:                         Starting var:.. deadline = 1779889497.2888763
IE_TRACE:                         Starting var:.. callback = <function wrap.<locals>.wrapped at 0x7d269dd3fba0>
IE_TRACE:                         Starting var:.. args = ()
IE_TRACE:                         Starting var:.. kwargs = {}
IE_TRACE:                         19:14:37.305379 call       475     def add_timeout(self, deadline, callback, *args, **kwargs):
IE_TRACE:                         19:14:37.305436 line       501         if isinstance(deadline, numbers.Real):
IE_TRACE:                             Source path:... <frozen abc>
IE_TRACE:                             Starting var:.. cls = <class 'numbers.Real'>
IE_TRACE:                             Starting var:.. instance = 1779889497.2888763
IE_TRACE:                             19:14:37.305463 call       117 SOURCE IS UNAVAILABLE
IE_TRACE:                             19:14:37.305502 line       119 SOURCE IS UNAVAILABLE
IE_TRACE:                                 Starting var:.. cls = <class 'numbers.Real'>
IE_TRACE:                                 Starting var:.. subclass = <class 'float'>
IE_TRACE:                                 19:14:37.305524 call       121 SOURCE IS UNAVAILABLE
IE_TRACE:                                 19:14:37.305554 line       123 SOURCE IS UNAVAILABLE
IE_TRACE:                                 19:14:37.305576 return     123 SOURCE IS UNAVAILABLE
IE_TRACE:                                 Return value:.. True
IE_TRACE:                             19:14:37.305604 return     119 SOURCE IS UNAVAILABLE
IE_TRACE:                             Return value:.. True
IE_TRACE:                         Source path:... /path/to/BugsInPy/workspace/tornado/tornado/ioloop.py
IE_TRACE:                         19:14:37.305631 line       502             return self.call_at(deadline, callback, *args, **kwargs)
IE_TRACE:                             Starting var:.. self = <tornado.platform.epoll.EPollIOLoop object at 0x7d269de1f7d0>
IE_TRACE:                             Starting var:.. deadline = 1779889497.2888763
IE_TRACE:                             Starting var:.. callback = <function wrap.<locals>.wrapped at 0x7d269dd3fba0>
IE_TRACE:                             Starting var:.. args = ()
IE_TRACE:                             Starting var:.. kwargs = {}
IE_TRACE:                             19:14:37.305667 call       916     def call_at(self, deadline, callback, *args, **kwargs):
IE_TRACE:                             19:14:37.305716 line       917         timeout = _Timeout(
IE_TRACE:                             19:14:37.305741 line       918             deadline,
IE_TRACE:                             19:14:37.305766 line       919             functools.partial(stack_context.wrap(callback), *args, **kwargs),
IE_TRACE:                                 Source path:... /path/to/BugsInPy/workspace/tornado/tornado/stack_context.py
IE_TRACE:                                 Starting var:.. fn = <function wrap.<locals>.wrapped at 0x7d269dd3fba0>
IE_TRACE:                                 19:14:37.305794 call       255 def wrap(fn):
IE_TRACE:                                 19:14:37.305827 line       264     if fn is None or hasattr(fn, '_wrapped'):
IE_TRACE:                                 19:14:37.305849 line       265         return fn
IE_TRACE:                                 19:14:37.305870 return     265         return fn
IE_TRACE:                                 Return value:.. <function wrap.<locals>.wrapped at 0x7d269dd3fba0>
IE_TRACE:                             Source path:... /path/to/BugsInPy/workspace/tornado/tornado/ioloop.py
IE_TRACE:                             19:14:37.305896 line       920             self)
IE_TRACE:                             19:14:37.305927 line       917         timeout = _Timeout(
IE_TRACE:                                 Starting var:.. self = <tornado.ioloop._Timeout object at 0x7d269dcf9d80>
IE_TRACE:                                 Starting var:.. deadline = 1779889497.2888763
IE_TRACE:                                 Starting var:.. callback = functools.partial(<function wrap.<locals>.wrapped at 0x7d269dd3fba0>)
IE_TRACE:                                 Starting var:.. io_loop = <tornado.platform.epoll.EPollIOLoop object at 0x7d269de1f7d0>
IE_TRACE:                                 19:14:37.305956 call       960     def __init__(self, deadline, callback, io_loop):
IE_TRACE:                                 19:14:37.306001 line       961         if not isinstance(deadline, numbers.Real):
IE_TRACE:                                     Source path:... <frozen abc>
IE_TRACE:                                     Starting var:.. cls = <class 'numbers.Real'>
IE_TRACE:                                     Starting var:.. instance = 1779889497.2888763
IE_TRACE:                                     19:14:37.306027 call       117 SOURCE IS UNAVAILABLE
IE_TRACE:                                     19:14:37.306062 line       119 SOURCE IS UNAVAILABLE
IE_TRACE:                                     19:14:37.306091 return     119 SOURCE IS UNAVAILABLE
IE_TRACE:                                     Return value:.. True
IE_TRACE:                                 Source path:... /path/to/BugsInPy/workspace/tornado/tornado/ioloop.py
IE_TRACE:                                 19:14:37.306119 line       963         self.deadline = deadline
IE_TRACE:                                 19:14:37.306154 line       964         self.callback = callback
IE_TRACE:                                 19:14:37.306178 line       965         self.tdeadline = (deadline, next(io_loop._timeout_counter))
IE_TRACE:                                 19:14:37.306202 return     965         self.tdeadline = (deadline, next(io_loop._timeout_counter))
IE_TRACE:                                 Return value:.. None
IE_TRACE:                             New var:....... timeout = <tornado.ioloop._Timeout object at 0x7d269dcf9d80>
IE_TRACE:                             19:14:37.306234 line       921         heapq.heappush(self._timeouts, timeout)
IE_TRACE:                                 Starting var:.. self = <tornado.ioloop._Timeout object at 0x7d269dcf9d80>
IE_TRACE:                                 Starting var:.. other = <tornado.ioloop._Timeout object at 0x7d269dd43740>
IE_TRACE:                                 19:14:37.306267 call       971     def __lt__(self, other):
IE_TRACE:                                 19:14:37.306297 line       972         return self.tdeadline < other.tdeadline
IE_TRACE:                                 19:14:37.306318 return     972         return self.tdeadline < other.tdeadline
IE_TRACE:                                 Return value:.. False
IE_TRACE:                             19:14:37.306345 line       922         return timeout
IE_TRACE:                             19:14:37.306371 return     922         return timeout
IE_TRACE:                             Return value:.. <tornado.ioloop._Timeout object at 0x7d269dcf9d80>
IE_TRACE:                         19:14:37.306405 return     502             return self.call_at(deadline, callback, *args, **kwargs)
IE_TRACE:                         Return value:.. <tornado.ioloop._Timeout object at 0x7d269dcf9d80>
IE_TRACE:                     Source path:... /path/to/BugsInPy/workspace/tornado/tornado/simple_httpclient.py
IE_TRACE:                     19:14:37.306437 line       243             self.tcp_client.connect(host, port, af=af,
IE_TRACE:                     19:14:37.306488 line       244                                     ssl_options=ssl_options,
IE_TRACE:                     19:14:37.306531 line       245                                     max_buffer_size=self.max_buffer_size,
IE_TRACE:                     19:14:37.306574 line       246                                     callback=self._on_connect)
IE_TRACE:                     19:14:37.306617 line       243             self.tcp_client.connect(host, port, af=af,
IE_TRACE:                         Source path:... /path/to/BugsInPy/workspace/tornado/tornado/gen.py
IE_TRACE:                         Starting var:.. args = (<tornado.tcpclient.TCPClient object at 0x7d269dd11df0>, '127.0.0.1', 38719)
IE_TRACE:                         Starting var:.. kwargs = {'af': <AddressFamily.AF_UNSPEC: 0>, 'ssl_options': None, 'max_buffer_size': 104857600, 'callback': <bound method _HTTPConnection._on_connect of <tornado.websocket.WebSocketClientConnection object at 0x7d269dd117c0>>}
IE_TRACE:                         Starting var:.. func = <function TCPClient.connect at 0x7d269deafe20>
IE_TRACE:                         Starting var:.. replace_callback = True
IE_TRACE:                         19:14:37.306662 call       283     def wrapper(*args, **kwargs):
IE_TRACE:                         19:14:37.306722 line       284         future = TracebackFuture()
IE_TRACE:                             Source path:... /path/to/BugsInPy/workspace/tornado/tornado/concurrent.py
IE_TRACE:                             Starting var:.. self = <tornado.concurrent.Future object at 0x7d269dd0b860>
IE_TRACE:                             19:14:37.306754 call       168     def __init__(self):
IE_TRACE:                             19:14:37.306785 line       169         self._done = False
IE_TRACE:                             19:14:37.306804 line       170         self._result = None
IE_TRACE:                             19:14:37.306823 line       171         self._exc_info = None
IE_TRACE:                             19:14:37.306842 line       173         self._log_traceback = False   # Used for Python >= 3.4
IE_TRACE:                             19:14:37.306860 line       174         self._tb_logger = None        # Used for Python <= 3.3
IE_TRACE:                             19:14:37.306879 line       176         self._callbacks = []
IE_TRACE:                             19:14:37.306898 return     176         self._callbacks = []
IE_TRACE:                             Return value:.. None
IE_TRACE:                         Source path:... /path/to/BugsInPy/workspace/tornado/tornado/gen.py
IE_TRACE:                         New var:....... future = <tornado.concurrent.Future object at 0x7d269dd0b860>
IE_TRACE:                         19:14:37.306923 line       286         if replace_callback and 'callback' in kwargs:
IE_TRACE:                         19:14:37.306964 line       287             callback = kwargs.pop('callback')
IE_TRACE:                         Modified var:.. kwargs = {'af': <AddressFamily.AF_UNSPEC: 0>, 'ssl_options': None, 'max_buffer_size': 104857600}
IE_TRACE:                         New var:....... callback = <bound method _HTTPConnection._on_connect of <tornado.websocket.WebSocketClientConnection object at 0x7d269dd117c0>>
IE_TRACE:                         19:14:37.306994 line       288             IOLoop.current().add_future(
IE_TRACE:                             Source path:... /path/to/BugsInPy/workspace/tornado/tornado/ioloop.py
IE_TRACE:                             Starting var:.. instance = True
IE_TRACE:                             19:14:37.307037 call       194     def current(instance=True):
IE_TRACE:                             19:14:37.307069 line       212         current = getattr(IOLoop._current, "instance", None)
IE_TRACE:                             New var:....... current = <tornado.platform.epoll.EPollIOLoop object at 0x7d269de1f7d0>
IE_TRACE:                             19:14:37.307089 line       213         if current is None and instance:
IE_TRACE:                             19:14:37.307115 line       215         return current
IE_TRACE:                             19:14:37.307139 return     215         return current
IE_TRACE:                             Return value:.. <tornado.platform.epoll.EPollIOLoop object at 0x7d269de1f7d0>
IE_TRACE:                         Source path:... /path/to/BugsInPy/workspace/tornado/tornado/gen.py
IE_TRACE:                         19:14:37.307166 line       289                 future, lambda future: callback(future.result()))
IE_TRACE:                         19:14:37.307203 line       288             IOLoop.current().add_future(
IE_TRACE:                             Source path:... /path/to/BugsInPy/workspace/tornado/tornado/ioloop.py
IE_TRACE:                             Starting var:.. self = <tornado.platform.epoll.EPollIOLoop object at 0x7d269de1f7d0>
IE_TRACE:                             Starting var:.. future = <tornado.concurrent.Future object at 0x7d269dd0b860>
IE_TRACE:                             Starting var:.. callback = <function _make_coroutine_wrapper.<locals>.wrapper.<locals>.<lambda> at 0x7d269db34220>
IE_TRACE:                             19:14:37.307239 call       587     def add_future(self, future, callback):
IE_TRACE:                             19:14:37.307283 line       594         assert is_future(future)
IE_TRACE:                                 Source path:... /path/to/BugsInPy/workspace/tornado/tornado/concurrent.py
IE_TRACE:                                 Starting var:.. x = <tornado.concurrent.Future object at 0x7d269dd0b860>
IE_TRACE:                                 19:14:37.307309 call       355 def is_future(x):
IE_TRACE:                                 19:14:37.307340 line       356     return isinstance(x, FUTURES)
IE_TRACE:                                 19:14:37.307360 return     356     return isinstance(x, FUTURES)
IE_TRACE:                                 Return value:.. True
IE_TRACE:                             Source path:... /path/to/BugsInPy/workspace/tornado/tornado/ioloop.py
IE_TRACE:                             19:14:37.307387 line       595         callback = stack_context.wrap(callback)
IE_TRACE:                                 Source path:... /path/to/BugsInPy/workspace/tornado/tornado/stack_context.py
IE_TRACE:                                 Starting var:.. fn = <function _make_coroutine_wrapper.<locals>.wrapper.<locals>.<lambda> at 0x7d269db34220>
IE_TRACE:                                 19:14:37.307417 call       255 def wrap(fn):
IE_TRACE:                                 19:14:37.307449 line       264     if fn is None or hasattr(fn, '_wrapped'):
IE_TRACE:                                 19:14:37.307472 line       269     cap_contexts = [_state.contexts]
IE_TRACE:                                 New var:....... cap_contexts = [((), <tornado.stack_context.ExceptionStackContext object at 0x7d269dd12ae0>)]
IE_TRACE:                                 19:14:37.307493 line       271     if not cap_contexts[0][0] and not cap_contexts[0][1]:
IE_TRACE:                                 19:14:37.307522 line       283     def wrapped(*args, **kwargs):
IE_TRACE:                                 New var:....... wrapped = <function wrap.<locals>.wrapped at 0x7d269db344a0>
IE_TRACE:                                 19:14:37.307545 line       350     wrapped._wrapped = True
IE_TRACE:                                 19:14:37.307575 line       351     return wrapped
IE_TRACE:                                 19:14:37.307600 return     351     return wrapped
IE_TRACE:                                 Return value:.. <function wrap.<locals>.wrapped at 0x7d269db344a0>
IE_TRACE:                             Source path:... /path/to/BugsInPy/workspace/tornado/tornado/ioloop.py
IE_TRACE:                             Modified var:.. callback = <function wrap.<locals>.wrapped at 0x7d269db344a0>
IE_TRACE:                             19:14:37.307630 line       596         future.add_done_callback(
IE_TRACE:                             19:14:37.307662 line       597             lambda future: self.add_callback(callback, future))
IE_TRACE:                             19:14:37.307685 line       596         future.add_done_callback(
IE_TRACE:                                 Source path:... /path/to/BugsInPy/workspace/tornado/tornado/concurrent.py
IE_TRACE:                                 Starting var:.. self = <tornado.concurrent.Future object at 0x7d269dd0b860>
IE_TRACE:                                 Starting var:.. fn = <function IOLoop.add_future.<locals>.<lambda> at 0x7d269db342c0>
IE_TRACE:                                 19:14:37.307711 call       259     def add_done_callback(self, fn):
IE_TRACE:                                 19:14:37.307747 line       267         if self._done:
IE_TRACE:                                 19:14:37.307768 line       270             self._callbacks.append(fn)
IE_TRACE:                                 19:14:37.307789 return     270             self._callbacks.append(fn)
IE_TRACE:                                 Return value:.. None
IE_TRACE:                             Source path:... /path/to/BugsInPy/workspace/tornado/tornado/ioloop.py
IE_TRACE:                             19:14:37.307817 return     596         future.add_done_callback(
IE_TRACE:                             Return value:.. None
IE_TRACE:                         Source path:... /path/to/BugsInPy/workspace/tornado/tornado/gen.py
IE_TRACE:                         19:14:37.307850 line       291         try:
IE_TRACE:                         19:14:37.307886 line       292             result = func(*args, **kwargs)
IE_TRACE:                         New var:....... result = <generator object TCPClient.connect at 0x7d269dd6e260>
IE_TRACE:                         19:14:37.307918 line       299             if isinstance(result, GeneratorType):
IE_TRACE:                             Source path:... <frozen abc>
IE_TRACE:                             Starting var:.. cls = <class 'collections.abc.Generator'>
IE_TRACE:                             Starting var:.. instance = <generator object TCPClient.connect at 0x7d269dd6e260>
IE_TRACE:                             19:14:37.307956 call       117 SOURCE IS UNAVAILABLE
IE_TRACE:                             19:14:37.307992 line       119 SOURCE IS UNAVAILABLE
IE_TRACE:                             19:14:37.308014 return     119 SOURCE IS UNAVAILABLE
IE_TRACE:                             Return value:.. True
IE_TRACE:                         Source path:... /path/to/BugsInPy/workspace/tornado/tornado/gen.py
IE_TRACE:                         19:14:37.308041 line       305                 try:
IE_TRACE:                         19:14:37.308078 line       306                     orig_stack_contexts = stack_context._state.contexts
IE_TRACE:                         New var:....... orig_stack_contexts = ((), <tornado.stack_context.ExceptionStackContext object at 0x7d269dd12ae0>)
IE_TRACE:                         19:14:37.308110 line       307                     yielded = next(result)
IE_TRACE:                             Source path:... /path/to/BugsInPy/workspace/tornado/tornado/tcpclient.py
IE_TRACE:                             Starting var:.. self = <tornado.tcpclient.TCPClient object at 0x7d269dd11df0>
IE_TRACE:                             Starting var:.. host = '127.0.0.1'
IE_TRACE:                             Starting var:.. port = 38719
IE_TRACE:                             Starting var:.. af = <AddressFamily.AF_UNSPEC: 0>
IE_TRACE:                             Starting var:.. ssl_options = None
IE_TRACE:                             Starting var:.. max_buffer_size = 104857600
IE_TRACE:                             Starting var:.. source_ip = None
IE_TRACE:                             Starting var:.. source_port = None
IE_TRACE:                             19:14:37.308158 call       157     def connect(self, host, port, af=socket.AF_UNSPEC, ssl_options=None,
IE_TRACE:                             19:14:37.308233 line       176         addrinfo = yield self.resolver.resolve(host, port, af)
IE_TRACE:                                 Source path:... /path/to/BugsInPy/workspace/tornado/tornado/concurrent.py
IE_TRACE:                                 Starting var:.. self = <tornado.netutil.BlockingResolver object at 0x7d269dd0a870>
IE_TRACE:                                 Starting var:.. args = ('127.0.0.1', 38719, <AddressFamily.AF_UNSPEC: 0>)
IE_TRACE:                                 Starting var:.. kwargs = {}
IE_TRACE:                                 Starting var:.. executor = 'executor'
IE_TRACE:                                 Starting var:.. fn = <function ExecutorResolver.resolve at 0x7d269de502c0>
IE_TRACE:                                 Starting var:.. io_loop = 'io_loop'
IE_TRACE:                                 19:14:37.308273 call       397         def wrapper(self, *args, **kwargs):
IE_TRACE:                                 19:14:37.308339 line       398             callback = kwargs.pop("callback", None)
IE_TRACE:                                 New var:....... callback = None
IE_TRACE:                                 19:14:37.308373 line       399             future = getattr(self, executor).submit(fn, self, *args, **kwargs)
IE_TRACE:                                     Starting var:.. self = <tornado.concurrent.DummyExecutor object at 0x7d269ec908c0>
IE_TRACE:                                     Starting var:.. fn = <function ExecutorResolver.resolve at 0x7d269de502c0>
IE_TRACE:                                     Starting var:.. args = (<tornado.netutil.BlockingResolver object at 0x7d269dd0a870>, '127.0.0.1', 38719, <AddressFamily.AF_UNSPEC: 0>)
IE_TRACE:                                     Starting var:.. kwargs = {}
IE_TRACE:                                     19:14:37.308417 call       360     def submit(self, fn, *args, **kwargs):
IE_TRACE:                                     19:14:37.308465 line       361         future = TracebackFuture()
IE_TRACE:                                     New var:....... future = <tornado.concurrent.Future object at 0x7d269e98e420>
IE_TRACE:                                     19:14:37.308503 line       362         try:
IE_TRACE:                                     19:14:37.308536 line       363             future.set_result(fn(*args, **kwargs))
IE_TRACE:                                     19:14:37.308709 line       366         return future
IE_TRACE:                                     19:14:37.308740 return     366         return future
IE_TRACE:                                     Return value:.. <tornado.concurrent.Future object at 0x7d269e98e420>
IE_TRACE:                                 New var:....... future = <tornado.concurrent.Future object at 0x7d269e98e420>
IE_TRACE:                                 19:14:37.308776 line       400             if callback:
IE_TRACE:                                 19:14:37.308814 line       403             return future
IE_TRACE:                                 19:14:37.308846 return     403             return future
IE_TRACE:                                 Return value:.. <tornado.concurrent.Future object at 0x7d269e98e420>
IE_TRACE:                             Source path:... /path/to/BugsInPy/workspace/tornado/tornado/tcpclient.py
IE_TRACE:                             19:14:37.308885 return     176         addrinfo = yield self.resolver.resolve(host, port, af)
IE_TRACE:                             Return value:.. <tornado.concurrent.Future object at 0x7d269e98e420>
IE_TRACE:                         Source path:... /path/to/BugsInPy/workspace/tornado/tornado/gen.py
IE_TRACE:                         New var:....... yielded = <tornado.concurrent.Future object at 0x7d269e98e420>
IE_TRACE:                         19:14:37.308929 line       308                     if stack_context._state.contexts is not orig_stack_contexts:
IE_TRACE:                         19:14:37.308978 line       319                     _futures_to_runners[future] = Runner(result, future, yielded)
IE_TRACE:                             Starting var:.. self = <tornado.gen.Runner object at 0x7d269dd557c0>
IE_TRACE:                             Starting var:.. gen = <generator object TCPClient.connect at 0x7d269dd6e260>
IE_TRACE:                             Starting var:.. result_future = <tornado.concurrent.Future object at 0x7d269dd0b860>
IE_TRACE:                             Starting var:.. first_yielded = <tornado.concurrent.Future object at 0x7d269e98e420>
IE_TRACE:                             19:14:37.309021 call       984     def __init__(self, gen, result_future, first_yielded):
IE_TRACE:                             19:14:37.309065 line       985         self.gen = gen
IE_TRACE:                             19:14:37.309090 line       986         self.result_future = result_future
IE_TRACE:                             19:14:37.309114 line       987         self.future = _null_future
IE_TRACE:                             19:14:37.309144 line       988         self.yield_point = None
IE_TRACE:                             19:14:37.309167 line       989         self.pending_callbacks = None
IE_TRACE:                             19:14:37.309191 line       990         self.results = None
IE_TRACE:                             19:14:37.309215 line       991         self.running = False
IE_TRACE:                             19:14:37.309239 line       992         self.finished = False
IE_TRACE:                             19:14:37.309262 line       993         self.had_exception = False
IE_TRACE:                             19:14:37.309286 line       994         self.io_loop = IOLoop.current()
IE_TRACE:                                 Source path:... /path/to/BugsInPy/workspace/tornado/tornado/ioloop.py
IE_TRACE:                                 Starting var:.. instance = True
IE_TRACE:                                 19:14:37.309311 call       194     def current(instance=True):
IE_TRACE:                                 19:14:37.309342 line       212         current = getattr(IOLoop._current, "instance", None)
IE_TRACE:                                 New var:....... current = <tornado.platform.epoll.EPollIOLoop object at 0x7d269de1f7d0>
IE_TRACE:                                 19:14:37.309363 line       213         if current is None and instance:
IE_TRACE:                                 19:14:37.309390 line       215         return current
IE_TRACE:                                 19:14:37.309411 return     215         return current
IE_TRACE:                                 Return value:.. <tornado.platform.epoll.EPollIOLoop object at 0x7d269de1f7d0>
IE_TRACE:                             Source path:... /path/to/BugsInPy/workspace/tornado/tornado/gen.py
IE_TRACE:                             19:14:37.309439 line      1000         self.stack_context_deactivate = None
IE_TRACE:                             19:14:37.309468 line      1001         if self.handle_yield(first_yielded):
IE_TRACE:                                 Starting var:.. self = <tornado.gen.Runner object at 0x7d269dd557c0>
IE_TRACE:                                 Starting var:.. yielded = <tornado.concurrent.Future object at 0x7d269e98e420>
IE_TRACE:                                 19:14:37.309507 call      1104     def handle_yield(self, yielded):
IE_TRACE:                                 19:14:37.309543 line      1107         if _contains_yieldpoint(yielded):
IE_TRACE:                                     Starting var:.. children = <tornado.concurrent.Future object at 0x7d269e98e420>
IE_TRACE:                                     19:14:37.309572 call       659 def _contains_yieldpoint(children):
IE_TRACE:                                     19:14:37.309600 line       665     if isinstance(children, dict):
IE_TRACE:                                     19:14:37.309622 line       667     if isinstance(children, list):
IE_TRACE:                                     19:14:37.309643 line       669     return False
IE_TRACE:                                     19:14:37.309664 return     669     return False
IE_TRACE:                                     Return value:.. False
IE_TRACE:                                 19:14:37.309692 line      1110         if isinstance(yielded, YieldPoint):
IE_TRACE:                                 19:14:37.309716 line      1142             try:
IE_TRACE:                                 19:14:37.309739 line      1143                 self.future = convert_yielded(yielded)
IE_TRACE:                                 Source path:... /path/to/BugsInPy/workspace/tornado/tornado/gen.py
IE_TRACE:                                 19:14:37.310324 line      1148         if not self.future.done() or self.future is moment:
IE_TRACE:                                     Source path:... /path/to/BugsInPy/workspace/tornado/tornado/concurrent.py
IE_TRACE:                                     Starting var:.. self = <tornado.concurrent.Future object at 0x7d269e98e420>
IE_TRACE:                                     19:14:37.310357 call       215     def done(self):
IE_TRACE:                                     19:14:37.310391 line       217         return self._done
IE_TRACE:                                     19:14:37.310412 return     217         return self._done
IE_TRACE:                                     Return value:.. True
IE_TRACE:                                 Source path:... /path/to/BugsInPy/workspace/tornado/tornado/gen.py
IE_TRACE:                                 19:14:37.310440 line      1156         return True
IE_TRACE:                                 19:14:37.310469 return    1156         return True
IE_TRACE:                                 Return value:.. True
IE_TRACE:                             19:14:37.310501 line      1002             gen = result_future = first_yielded = None
IE_TRACE:                             Modified var:.. gen = None
IE_TRACE:                             Modified var:.. result_future = None
IE_TRACE:                             Modified var:.. first_yielded = None
IE_TRACE:                             19:14:37.310526 line      1003             self.run()
IE_TRACE:                                 Starting var:.. self = <tornado.gen.Runner object at 0x7d269dd557c0>
IE_TRACE:                                 19:14:37.310580 call      1037     def run(self):
IE_TRACE:                                 19:14:37.310611 line      1041         if self.running or self.finished:
IE_TRACE:                                 19:14:37.310634 line      1043         try:
IE_TRACE:                                 19:14:37.310656 line      1044             self.running = True
IE_TRACE:                                 19:14:37.310678 line      1045             while True:
IE_TRACE:                                 19:14:37.310700 line      1046                 future = self.future
IE_TRACE:                                 New var:....... future = <tornado.concurrent.Future object at 0x7d269e98e420>
IE_TRACE:                                 19:14:37.310721 line      1047                 if not future.done():
IE_TRACE:                                     Source path:... /path/to/BugsInPy/workspace/tornado/tornado/concurrent.py
IE_TRACE:                                     Starting var:.. self = <tornado.concurrent.Future object at 0x7d269e98e420>
IE_TRACE:                                     19:14:37.310751 call       215     def done(self):
IE_TRACE:                                     19:14:37.310782 line       217         return self._done
IE_TRACE:                                     19:14:37.310803 return     217         return self._done
IE_TRACE:                                     Return value:.. True
IE_TRACE:                                 Source path:... /path/to/BugsInPy/workspace/tornado/tornado/gen.py
IE_TRACE:                                 19:14:37.310830 line      1049                 self.future = None
IE_TRACE:                                 19:14:37.310859 line      1050                 try:
IE_TRACE:                                 19:14:37.310883 line      1051                     orig_stack_contexts = stack_context._state.contexts
IE_TRACE:                                 New var:....... orig_stack_contexts = ((), <tornado.stack_context.ExceptionStackContext object at 0x7d269dd12ae0>)
IE_TRACE:                                 19:14:37.310906 line      1052                     exc_info = None
IE_TRACE:                                 New var:....... exc_info = None
IE_TRACE:                                 19:14:37.310937 line      1054                     try:
IE_TRACE:                                 19:14:37.310968 line      1055                         value = future.result()
IE_TRACE:                                     Source path:... /path/to/BugsInPy/workspace/tornado/tornado/concurrent.py
IE_TRACE:                                     Starting var:.. self = <tornado.concurrent.Future object at 0x7d269e98e420>
IE_TRACE:                                     Starting var:.. timeout = None
IE_TRACE:                                     19:14:37.311000 call       225     def result(self, timeout=None):
IE_TRACE:                                     19:14:37.311038 line       233         self._clear_tb_log()
IE_TRACE:                                     19:14:37.311073 line       234         if self._result is not None:
IE_TRACE:                                     19:14:37.311096 line       235             return self._result
IE_TRACE:                                     19:14:37.311119 return     235             return self._result
IE_TRACE:                                     Return value:.. [(<AddressFamily.AF_INET: 2>, ('127.0.0.1', 38719))]
IE_TRACE:                                 Source path:... /path/to/BugsInPy/workspace/tornado/tornado/gen.py
IE_TRACE:                                 New var:....... value = [(<AddressFamily.AF_INET: 2>, ('127.0.0.1', 38719))]
IE_TRACE:                                 19:14:37.311154 line      1059                     future = None
IE_TRACE:                                 Modified var:.. future = None
IE_TRACE:                                 19:14:37.311194 line      1061                     if exc_info is not None:
IE_TRACE:                                 19:14:37.311228 line      1069                         yielded = self.gen.send(value)
IE_TRACE:                                     Source path:... /path/to/BugsInPy/workspace/tornado/tornado/tcpclient.py
IE_TRACE:                                     Starting var:.. self = <tornado.tcpclient.TCPClient object at 0x7d269dd11df0>
IE_TRACE:                                     Starting var:.. host = '127.0.0.1'
IE_TRACE:                                     Starting var:.. port = 38719
IE_TRACE:                                     Starting var:.. af = <AddressFamily.AF_UNSPEC: 0>
IE_TRACE:                                     Starting var:.. ssl_options = None
IE_TRACE:                                     Starting var:.. max_buffer_size = 104857600
IE_TRACE:                                     Starting var:.. source_ip = None
IE_TRACE:                                     Starting var:.. source_port = None
IE_TRACE:                                     19:14:37.311259 call       176         addrinfo = yield self.resolver.resolve(host, port, af)
IE_TRACE:                                     New var:....... addrinfo = [(<AddressFamily.AF_INET: 2>, ('127.0.0.1', 38719))]
IE_TRACE:                                     19:14:37.311333 line       177         connector = _Connector(
IE_TRACE:                                     19:14:37.311375 line       178             addrinfo, self.io_loop,
IE_TRACE:                                     19:14:37.311411 line       179             functools.partial(self._create_stream, max_buffer_size,
IE_TRACE:                                     19:14:37.311447 line       180                               source_ip=source_ip, source_port=source_port)
IE_TRACE:                                     19:14:37.311484 line       179             functools.partial(self._create_stream, max_buffer_size,
IE_TRACE:                                     19:14:37.311518 line       177         connector = _Connector(
IE_TRACE:                                     New var:....... connector = <tornado.tcpclient._Connector object at 0x7d269dd56840>
IE_TRACE:                                     19:14:37.311596 line       182         af, addr, stream = yield connector.start()
IE_TRACE:                                     19:14:37.312163 return     182         af, addr, stream = yield connector.start()
IE_TRACE:                                     Return value:.. <tornado.concurrent.Future object at 0x7d269dd54680>
IE_TRACE:                                 Source path:... /path/to/BugsInPy/workspace/tornado/tornado/gen.py
IE_TRACE:                                 New var:....... yielded = <tornado.concurrent.Future object at 0x7d269dd54680>
IE_TRACE:                                 19:14:37.312222 line      1071                     if stack_context._state.contexts is not orig_stack_contexts:
IE_TRACE:                                 19:14:37.312268 line      1098                 if not self.handle_yield(yielded):
IE_TRACE:                                     Starting var:.. self = <tornado.gen.Runner object at 0x7d269dd557c0>
IE_TRACE:                                     Starting var:.. yielded = <tornado.concurrent.Future object at 0x7d269dd54680>
IE_TRACE:                                     19:14:37.312302 call      1104     def handle_yield(self, yielded):
IE_TRACE:                                     19:14:37.312338 line      1107         if _contains_yieldpoint(yielded):
IE_TRACE:                                     19:14:37.312377 line      1110         if isinstance(yielded, YieldPoint):
IE_TRACE:                                     19:14:37.312402 line      1142             try:
IE_TRACE:                                     19:14:37.312427 line      1143                 self.future = convert_yielded(yielded)
IE_TRACE:                                     19:14:37.312510 line      1148         if not self.future.done() or self.future is moment:
IE_TRACE:                                     19:14:37.312547 line      1149             def inner(f):
IE_TRACE:                                     New var:....... inner = <function Runner.handle_yield.<locals>.inner at 0x7d269db347c0>
IE_TRACE:                                     19:14:37.312571 line      1153             self.io_loop.add_future(
IE_TRACE:                                     19:14:37.312603 line      1154                 self.future, inner)
IE_TRACE:                                     19:14:37.312630 line      1153             self.io_loop.add_future(
IE_TRACE:                                     19:14:37.312702 line      1155             return False
IE_TRACE:                                     19:14:37.312729 return    1155             return False
IE_TRACE:                                     Return value:.. False
IE_TRACE:                                 19:14:37.312763 line      1099                     return
IE_TRACE:                                 19:14:37.312794 line      1102             self.running = False
IE_TRACE:                                 19:14:37.312824 return    1102             self.running = False
IE_TRACE:                                 Return value:.. None
IE_TRACE:                             19:14:37.312861 return    1003             self.run()
IE_TRACE:                             Return value:.. None
IE_TRACE:                         Source path:... /path/to/BugsInPy/workspace/tornado/tornado/gen.py
IE_TRACE:                         19:14:37.313091 line       320                 yielded = None
IE_TRACE:                         Modified var:.. yielded = None
IE_TRACE:                         19:14:37.313143 line       321                 try:
IE_TRACE:                         19:14:37.313192 line       322                     return future
IE_TRACE:                         19:14:37.313228 line       332                     future = None
IE_TRACE:                         Modified var:.. future = None
IE_TRACE:                         19:14:37.313263 return     332                     future = None
IE_TRACE:                         Return value:.. <tornado.concurrent.Future object at 0x7d269dd0b860>
IE_TRACE:                     Source path:... /path/to/BugsInPy/workspace/tornado/tornado/simple_httpclient.py
IE_TRACE:                     19:14:37.313309 line       213         with stack_context.ExceptionStackContext(self._handle_exception):
IE_TRACE:                         Source path:... /path/to/BugsInPy/workspace/tornado/tornado/stack_context.py
IE_TRACE:                         Starting var:.. self = <tornado.stack_context.ExceptionStackContext object at 0x7d269dd12ae0>
IE_TRACE:                         Starting var:.. type = None
IE_TRACE:                         Starting var:.. value = None
IE_TRACE:                         Starting var:.. traceback = None
IE_TRACE:                         19:14:37.313371 call       197     def __exit__(self, type, value, traceback):
IE_TRACE:                         19:14:37.313419 line       198         try:
IE_TRACE:                         19:14:37.313443 line       199             if type is not None:
IE_TRACE:                         19:14:37.313466 line       202             final_contexts = _state.contexts
IE_TRACE:                         New var:....... final_contexts = ((), <tornado.stack_context.ExceptionStackContext object at 0x7d269dd12ae0>)
IE_TRACE:                         19:14:37.313488 line       203             _state.contexts = self.old_contexts
IE_TRACE:                         19:14:37.313517 line       205             if final_contexts is not self.new_contexts:
IE_TRACE:                         19:14:37.313541 line       211             self.new_contexts = None
IE_TRACE:                         19:14:37.313565 return     211             self.new_contexts = None
IE_TRACE:                         Return value:.. None
IE_TRACE:                     Source path:... /path/to/BugsInPy/workspace/tornado/tornado/simple_httpclient.py
IE_TRACE:                     19:14:37.313596 return     213         with stack_context.ExceptionStackContext(self._handle_exception):
IE_TRACE:                     Return value:.. None
IE_TRACE:                 Source path:... /path/to/BugsInPy/workspace/tornado/tornado/websocket.py
IE_TRACE:                 19:14:37.313653 return    1064         super(WebSocketClientConnection, self).__init__(
IE_TRACE:                 Return value:.. None
IE_TRACE:             New var:....... conn = <tornado.websocket.WebSocketClientConnection object at 0x7d269dd117c0>
IE_TRACE:             19:14:37.313702 line      1224     if callback is not None:
IE_TRACE:             19:14:37.313740 line      1226     return conn.connect_future
IE_TRACE:             19:14:37.313771 return    1226     return conn.connect_future
IE_TRACE:             Return value:.. <tornado.concurrent.Future object at 0x7d269dd114c0>
IE_TRACE:         Source path:... /path/to/BugsInPy/workspace/tornado/tornado/test/websocket_test.py
IE_TRACE:         19:14:37.313808 return     144         ws = yield websocket_connect(
IE_TRACE:         Return value:.. <tornado.concurrent.Future object at 0x7d269dd114c0>
IE_TRACE:     Source path:... /path/to/BugsInPy/workspace/tornado/tornado/gen.py
IE_TRACE:     New var:....... yielded = <tornado.concurrent.Future object at 0x7d269dd114c0>
IE_TRACE:     19:14:37.313841 line       308                     if stack_context._state.contexts is not orig_stack_contexts:
IE_TRACE:     19:14:37.313882 line       319                     _futures_to_runners[future] = Runner(result, future, yielded)
IE_TRACE:         Starting var:.. self = <tornado.gen.Runner object at 0x7d269dd11790>
IE_TRACE:         Starting var:.. gen = <generator object WebSocketBaseTestCase.ws_connect at 0x7d269de47d30>
IE_TRACE:         Starting var:.. result_future = <tornado.concurrent.Future object at 0x7d269dd09700>
IE_TRACE:         Starting var:.. first_yielded = <tornado.concurrent.Future object at 0x7d269dd114c0>
IE_TRACE:         19:14:37.313912 call       984     def __init__(self, gen, result_future, first_yielded):
IE_TRACE:         19:14:37.313952 line       985         self.gen = gen
IE_TRACE:         19:14:37.313973 line       986         self.result_future = result_future
IE_TRACE:         19:14:37.313993 line       987         self.future = _null_future
IE_TRACE:         19:14:37.314012 line       988         self.yield_point = None
IE_TRACE:         19:14:37.314031 line       989         self.pending_callbacks = None
IE_TRACE:         19:14:37.314050 line       990         self.results = None
IE_TRACE:         19:14:37.314068 line       991         self.running = False
IE_TRACE:         19:14:37.314087 line       992         self.finished = False
IE_TRACE:         19:14:37.314106 line       993         self.had_exception = False
IE_TRACE:         19:14:37.314124 line       994         self.io_loop = IOLoop.current()
IE_TRACE:             Source path:... /path/to/BugsInPy/workspace/tornado/tornado/ioloop.py
IE_TRACE:             Starting var:.. instance = True
IE_TRACE:             19:14:37.314148 call       194     def current(instance=True):
IE_TRACE:             19:14:37.314177 line       212         current = getattr(IOLoop._current, "instance", None)
IE_TRACE:             New var:....... current = <tornado.platform.epoll.EPollIOLoop object at 0x7d269de1f7d0>
IE_TRACE:             19:14:37.314194 line       213         if current is None and instance:
IE_TRACE:             19:14:37.314217 line       215         return current
IE_TRACE:             19:14:37.314234 return     215         return current
IE_TRACE:             Return value:.. <tornado.platform.epoll.EPollIOLoop object at 0x7d269de1f7d0>
IE_TRACE:         Source path:... /path/to/BugsInPy/workspace/tornado/tornado/gen.py
IE_TRACE:         19:14:37.314258 line      1000         self.stack_context_deactivate = None
IE_TRACE:         19:14:37.314283 line      1001         if self.handle_yield(first_yielded):
IE_TRACE:             Starting var:.. self = <tornado.gen.Runner object at 0x7d269dd11790>
IE_TRACE:             Starting var:.. yielded = <tornado.concurrent.Future object at 0x7d269dd114c0>
IE_TRACE:             19:14:37.314305 call      1104     def handle_yield(self, yielded):
IE_TRACE:             19:14:37.314334 line      1107         if _contains_yieldpoint(yielded):
IE_TRACE:                 Starting var:.. children = <tornado.concurrent.Future object at 0x7d269dd114c0>
IE_TRACE:                 19:14:37.314355 call       659 def _contains_yieldpoint(children):
IE_TRACE:                 19:14:37.314377 line       665     if isinstance(children, dict):
IE_TRACE:                 19:14:37.314394 line       667     if isinstance(children, list):
IE_TRACE:                 19:14:37.314411 line       669     return False
IE_TRACE:                 19:14:37.314427 return     669     return False
IE_TRACE:                 Return value:.. False
IE_TRACE:             19:14:37.314451 line      1110         if isinstance(yielded, YieldPoint):
IE_TRACE:             19:14:37.314470 line      1142             try:
IE_TRACE:             19:14:37.314488 line      1143                 self.future = convert_yielded(yielded)
IE_TRACE:                     Source path:... /path/to/BugsInPy/workspace/tornado/tornado/gen.py
IE_TRACE:                     Starting var:.. yielded = <tornado.concurrent.Future object at 0x7d269dd114c0>
IE_TRACE:                     19:14:37.314868 call      1259 def convert_yielded(yielded):
IE_TRACE:                     19:14:37.314895 line      1274     if yielded is None:
IE_TRACE:                     19:14:37.314912 line      1276     elif isinstance(yielded, (list, dict)):
IE_TRACE:                     19:14:37.314929 line      1278     elif is_future(yielded):
IE_TRACE:                         Source path:... /path/to/BugsInPy/workspace/tornado/tornado/concurrent.py
IE_TRACE:                         Starting var:.. x = <tornado.concurrent.Future object at 0x7d269dd114c0>
IE_TRACE:                         19:14:37.314946 call       355 def is_future(x):
IE_TRACE:                         19:14:37.314972 line       356     return isinstance(x, FUTURES)
IE_TRACE:                         19:14:37.314989 return     356     return isinstance(x, FUTURES)
IE_TRACE:                         Return value:.. True
IE_TRACE:                     Source path:... /path/to/BugsInPy/workspace/tornado/tornado/gen.py
IE_TRACE:                     19:14:37.315012 line      1279         return yielded
IE_TRACE:                     19:14:37.315034 return    1279         return yielded
IE_TRACE:                     Return value:.. <tornado.concurrent.Future object at 0x7d269dd114c0>
IE_TRACE:             Source path:... /path/to/BugsInPy/workspace/tornado/tornado/gen.py
IE_TRACE:             19:14:37.315089 line      1148         if not self.future.done() or self.future is moment:
IE_TRACE:                 Source path:... /path/to/BugsInPy/workspace/tornado/tornado/concurrent.py
IE_TRACE:                 Starting var:.. self = <tornado.concurrent.Future object at 0x7d269dd114c0>
IE_TRACE:                 19:14:37.315114 call       215     def done(self):
IE_TRACE:                 19:14:37.315144 line       217         return self._done
IE_TRACE:                 19:14:37.315161 return     217         return self._done
IE_TRACE:                 Return value:.. False
IE_TRACE:             Source path:... /path/to/BugsInPy/workspace/tornado/tornado/gen.py
IE_TRACE:             19:14:37.315184 line      1149             def inner(f):
IE_TRACE:             New var:....... inner = <function Runner.handle_yield.<locals>.inner at 0x7d269db34180>
IE_TRACE:             19:14:37.315208 line      1153             self.io_loop.add_future(
IE_TRACE:             19:14:37.315234 line      1154                 self.future, inner)
IE_TRACE:             19:14:37.315254 line      1153             self.io_loop.add_future(
IE_TRACE:                 Source path:... /path/to/BugsInPy/workspace/tornado/tornado/ioloop.py
IE_TRACE:                 Starting var:.. self = <tornado.platform.epoll.EPollIOLoop object at 0x7d269de1f7d0>
IE_TRACE:                 Starting var:.. future = <tornado.concurrent.Future object at 0x7d269dd114c0>
IE_TRACE:                 Starting var:.. callback = <function Runner.handle_yield.<locals>.inner at 0x7d269db34180>
IE_TRACE:                 19:14:37.315275 call       587     def add_future(self, future, callback):
IE_TRACE:                 19:14:37.315314 line       594         assert is_future(future)
IE_TRACE:                     Source path:... /path/to/BugsInPy/workspace/tornado/tornado/concurrent.py
IE_TRACE:                     Starting var:.. x = <tornado.concurrent.Future object at 0x7d269dd114c0>
IE_TRACE:                     19:14:37.315334 call       355 def is_future(x):
IE_TRACE:                     19:14:37.315360 line       356     return isinstance(x, FUTURES)
IE_TRACE:                     19:14:37.315376 return     356     return isinstance(x, FUTURES)
IE_TRACE:                     Return value:.. True
IE_TRACE:                 Source path:... /path/to/BugsInPy/workspace/tornado/tornado/ioloop.py
IE_TRACE:                 19:14:37.315398 line       595         callback = stack_context.wrap(callback)
IE_TRACE:                     Source path:... /path/to/BugsInPy/workspace/tornado/tornado/stack_context.py
IE_TRACE:                     Starting var:.. fn = <function Runner.handle_yield.<locals>.inner at 0x7d269db34180>
IE_TRACE:                     19:14:37.315425 call       255 def wrap(fn):
IE_TRACE:                     19:14:37.315455 line       264     if fn is None or hasattr(fn, '_wrapped'):
IE_TRACE:                     19:14:37.315474 line       269     cap_contexts = [_state.contexts]
IE_TRACE:                     New var:....... cap_contexts = [((), <tornado.stack_context.ExceptionStackContext object at 0x7d269df683e0>)]
IE_TRACE:                     19:14:37.315493 line       271     if not cap_contexts[0][0] and not cap_contexts[0][1]:
IE_TRACE:                     19:14:37.315519 line       283     def wrapped(*args, **kwargs):
IE_TRACE:                     New var:....... wrapped = <function wrap.<locals>.wrapped at 0x7d269db349a0>
IE_TRACE:                     19:14:37.315540 line       350     wrapped._wrapped = True
IE_TRACE:                     19:14:37.315566 line       351     return wrapped
IE_TRACE:                     19:14:37.315588 return     351     return wrapped
IE_TRACE:                     Return value:.. <function wrap.<locals>.wrapped at 0x7d269db349a0>
IE_TRACE:                 Source path:... /path/to/BugsInPy/workspace/tornado/tornado/ioloop.py
IE_TRACE:                 Modified var:.. callback = <function wrap.<locals>.wrapped at 0x7d269db349a0>
IE_TRACE:                 19:14:37.315615 line       596         future.add_done_callback(
IE_TRACE:                 19:14:37.315644 line       597             lambda future: self.add_callback(callback, future))
IE_TRACE:                 19:14:37.315664 line       596         future.add_done_callback(
IE_TRACE:                     Source path:... /path/to/BugsInPy/workspace/tornado/tornado/concurrent.py
IE_TRACE:                     Starting var:.. self = <tornado.concurrent.Future object at 0x7d269dd114c0>
IE_TRACE:                     Starting var:.. fn = <function IOLoop.add_future.<locals>.<lambda> at 0x7d269db34ae0>
IE_TRACE:                     19:14:37.315684 call       259     def add_done_callback(self, fn):
IE_TRACE:                     19:14:37.315716 line       267         if self._done:
IE_TRACE:                     19:14:37.315734 line       270             self._callbacks.append(fn)
IE_TRACE:                     19:14:37.315752 return     270             self._callbacks.append(fn)
IE_TRACE:                     Return value:.. None
IE_TRACE:                 Source path:... /path/to/BugsInPy/workspace/tornado/tornado/ioloop.py
IE_TRACE:                 19:14:37.315777 return     596         future.add_done_callback(
IE_TRACE:                 Return value:.. None
IE_TRACE:             Source path:... /path/to/BugsInPy/workspace/tornado/tornado/gen.py
IE_TRACE:             19:14:37.315807 line      1155             return False
IE_TRACE:             19:14:37.315832 return    1155             return False
IE_TRACE:             Return value:.. False
IE_TRACE:         19:14:37.315858 return    1001         if self.handle_yield(first_yielded):
IE_TRACE:         Return value:.. None
IE_TRACE:     Source path:... /path/to/BugsInPy/workspace/tornado/tornado/gen.py
IE_TRACE:     19:14:37.315966 line       320                 yielded = None
IE_TRACE:     Modified var:.. yielded = None
IE_TRACE:     19:14:37.316001 line       321                 try:
IE_TRACE:     19:14:37.316034 line       322                     return future
IE_TRACE:     19:14:37.316060 line       332                     future = None
IE_TRACE:     Modified var:.. future = None
IE_TRACE:     19:14:37.316086 return     332                     future = None
IE_TRACE:     Return value:.. <tornado.concurrent.Future object at 0x7d269dd09700>
IE_TRACE: Source path:... /path/to/BugsInPy/workspace/tornado/tornado/test/websocket_test.py
IE_TRACE: 19:14:37.316123 return     242         ws = yield self.ws_connect('/render')
IE_TRACE: Return value:.. <tornado.concurrent.Future object at 0x7d269dd09700>
IE_TRACE: Elapsed time: 00:00:00.039536
IE_TRACE: Starting var:.. self = <tornado.test.websocket_test.WebSocketTest testMethod=test_render_message>
IE_TRACE: 19:14:37.317985 call       242         ws = yield self.ws_connect('/render')
IE_TRACE: New var:....... ws = <tornado.websocket.WebSocketClientConnection object at 0x7d269dd117c0>
IE_TRACE: 19:14:37.318035 line       243         ws.write_message('hello')
IE_TRACE:     Source path:... /path/to/BugsInPy/workspace/tornado/tornado/websocket.py
IE_TRACE:     Starting var:.. self = <tornado.websocket.WebSocketClientConnection object at 0x7d269dd117c0>
IE_TRACE:     Starting var:.. message = 'hello'
IE_TRACE:     Starting var:.. binary = False
IE_TRACE:     19:14:37.318069 call      1124     def write_message(self, message, binary=False):
IE_TRACE:     19:14:37.318118 line      1126         return self.protocol.write_message(message, binary)
IE_TRACE:         Starting var:.. self = <tornado.websocket.WebSocketProtocol13 object at 0x7d269dd10e90>
IE_TRACE:         Starting var:.. message = 'hello'
IE_TRACE:         Starting var:.. binary = False
IE_TRACE:         19:14:37.318153 call       762     def write_message(self, message, binary=False):
IE_TRACE:         19:14:37.318190 line       764         if binary:
IE_TRACE:         19:14:37.318214 line       767             opcode = 0x1
IE_TRACE:         New var:....... opcode = 1
IE_TRACE:         19:14:37.318233 line       768         message = tornado.escape.utf8(message)
IE_TRACE:             Source path:... /path/to/BugsInPy/workspace/tornado/tornado/escape.py
IE_TRACE:             Starting var:.. value = 'hello'
IE_TRACE:             19:14:37.318262 call       187 def utf8(value):
IE_TRACE:             19:14:37.318289 line       194     if isinstance(value, _UTF8_TYPES):
IE_TRACE:             19:14:37.318304 line       196     if not isinstance(value, unicode_type):
IE_TRACE:             19:14:37.318319 line       200     return value.encode("utf-8")
IE_TRACE:             19:14:37.318333 return     200     return value.encode("utf-8")
IE_TRACE:             Return value:.. b'hello'
IE_TRACE:         Source path:... /path/to/BugsInPy/workspace/tornado/tornado/websocket.py
IE_TRACE:         Modified var:.. message = b'hello'
IE_TRACE:         19:14:37.318355 line       769         assert isinstance(message, bytes)
IE_TRACE:         19:14:37.318386 line       770         self._message_bytes_out += len(message)
IE_TRACE:         19:14:37.318406 line       771         flags = 0
IE_TRACE:         New var:....... flags = 0
IE_TRACE:         19:14:37.318427 line       772         if self._compressor:
IE_TRACE:         19:14:37.318453 line       775         return self._write_frame(True, opcode, message, flags=flags)
IE_TRACE:             Starting var:.. self = <tornado.websocket.WebSocketProtocol13 object at 0x7d269dd10e90>
IE_TRACE:             Starting var:.. fin = True
IE_TRACE:             Starting var:.. opcode = 1
IE_TRACE:             Starting var:.. data = b'hello'
IE_TRACE:             Starting var:.. flags = 0
IE_TRACE:             19:14:37.318484 call       735     def _write_frame(self, fin, opcode, data, flags=0):
IE_TRACE:             19:14:37.318531 line       736         if fin:
IE_TRACE:             19:14:37.318555 line       737             finbit = self.FIN
IE_TRACE:             New var:....... finbit = 128
IE_TRACE:             19:14:37.318577 line       740         frame = struct.pack("B", finbit | opcode | flags)
IE_TRACE:             New var:....... frame = b'\x81'
IE_TRACE:             19:14:37.318611 line       741         l = len(data)
IE_TRACE:             New var:....... l = 5
IE_TRACE:             19:14:37.318642 line       742         if self.mask_outgoing:
IE_TRACE:             19:14:37.318674 line       743             mask_bit = 0x80
IE_TRACE:             New var:....... mask_bit = 128
IE_TRACE:             19:14:37.318700 line       746         if l < 126:
IE_TRACE:             19:14:37.318731 line       747             frame += struct.pack("B", l | mask_bit)
IE_TRACE:             Modified var:.. frame = b'\x81\x85'
IE_TRACE:             19:14:37.318758 line       752         if self.mask_outgoing:
IE_TRACE:             19:14:37.318790 line       753             mask = os.urandom(4)
IE_TRACE:             New var:....... mask = b'\xb1W\xd6\xc4'
IE_TRACE:             19:14:37.318818 line       754             data = mask + _websocket_mask(mask, data)
IE_TRACE:                 Source path:... /path/to/BugsInPy/workspace/tornado/tornado/util.py
IE_TRACE:                 Starting var:.. mask = b'\xb1W\xd6\xc4'
IE_TRACE:                 Starting var:.. data = b'hello'
IE_TRACE:                 19:14:37.318857 call       436 def _websocket_mask_python(mask, data):
IE_TRACE:                 19:14:37.318892 line       446     mask_arr = array.array("B", mask)
IE_TRACE:                 New var:....... mask_arr = array('B', [177, 87, 214, 196])
IE_TRACE:                 19:14:37.318913 line       447     unmasked_arr = array.array("B", data)
IE_TRACE:                 New var:....... unmasked_arr = array('B', [104, 101, 108, 108, 111])
IE_TRACE:                 19:14:37.318941 line       448     for i in xrange(len(data)):
IE_TRACE:                 New var:....... i = 0
IE_TRACE:                 19:14:37.318968 line       449         unmasked_arr[i] = unmasked_arr[i] ^ mask_arr[i % 4]
IE_TRACE:                 Modified var:.. unmasked_arr = array('B', [217, 101, 108, 108, 111])
IE_TRACE:     [CONDENSED] 3 identical loop iterations skipped (5 total iterations, showing first and last)
IE_TRACE:                 19:14:37.319157 line       448     for i in xrange(len(data)):
IE_TRACE:                 Modified var:.. i = 4
IE_TRACE:                 19:14:37.319182 line       449         unmasked_arr[i] = unmasked_arr[i] ^ mask_arr[i % 4]
IE_TRACE:                 Modified var:.. unmasked_arr = array('B', [217, 50, 186, 168, 222])
IE_TRACE:                 19:14:37.319207 line       448     for i in xrange(len(data)):
IE_TRACE:                 19:14:37.319232 line       450     if PY3:
IE_TRACE:                 19:14:37.319253 line       454         return unmasked_arr.tobytes()
IE_TRACE:                 19:14:37.319276 return     454         return unmasked_arr.tobytes()
IE_TRACE:                 Return value:.. b'\xd92\xba\xa8\xde'
IE_TRACE:             Source path:... /path/to/BugsInPy/workspace/tornado/tornado/websocket.py
IE_TRACE:             Modified var:.. data = b'\xb1W\xd6\xc4\xd92\xba\xa8\xde'
IE_TRACE:             19:14:37.319306 line       755         frame += data
IE_TRACE:             Modified var:.. frame = b'\x81\x85\xb1W\xd6\xc4\xd92\xba\xa8\xde'
IE_TRACE:             19:14:37.319346 line       756         self._wire_bytes_out += len(frame)
IE_TRACE:             19:14:37.319379 line       757         try:
IE_TRACE:             19:14:37.319406 line       758             return self.stream.write(frame)
IE_TRACE:                 Source path:... /path/to/BugsInPy/workspace/tornado/tornado/iostream.py
IE_TRACE:                 Starting var:.. self = <tornado.iostream.IOStream object at 0x7d269dd56600>
IE_TRACE:                 Starting var:.. data = b'\x81\x85\xb1W\xd6\xc4\xd92\xba\xa8\xde'
IE_TRACE:                 Starting var:.. callback = None
IE_TRACE:                 19:14:37.319444 call       367     def write(self, data, callback=None):
IE_TRACE:                 19:14:37.319666 line       387         self._check_closed()
IE_TRACE:                     Starting var:.. self = <tornado.iostream.IOStream object at 0x7d269dd56600>
IE_TRACE:                     19:14:37.319690 call       923     def _check_closed(self):
IE_TRACE:                     19:14:37.319712 line       924         if self.closed():
IE_TRACE:                         Starting var:.. self = <tornado.iostream.IOStream object at 0x7d269dd56600>
IE_TRACE:                         19:14:37.319731 call       486     def closed(self):
IE_TRACE:                         19:14:37.319752 line       488         return self._closed
IE_TRACE:                         19:14:37.319768 return     488         return self._closed
IE_TRACE:                         Return value:.. False
IE_TRACE:                     19:14:37.319791 return     924         if self.closed():
IE_TRACE:                     Return value:.. None
IE_TRACE:                 19:14:37.319814 line       388         if data:
IE_TRACE:                 19:14:37.319833 line       389             if (self.max_write_buffer_size is not None and
IE_TRACE:                 19:14:37.319852 line       392             if self._write_buffer_frozen:
IE_TRACE:                 19:14:37.319869 line       395                 self._write_buffer += data
IE_TRACE:                 19:14:37.319887 line       396                 self._write_buffer_size += len(data)
IE_TRACE:                 19:14:37.319905 line       397             self._total_write_index += len(data)
IE_TRACE:                 19:14:37.319922 line       398         if callback is not None:
IE_TRACE:                 19:14:37.319940 line       402             future = TracebackFuture()
IE_TRACE:                     Source path:... /path/to/BugsInPy/workspace/tornado/tornado/concurrent.py
IE_TRACE:                     Starting var:.. self = <tornado.concurrent.Future object at 0x7d269dd567b0>
IE_TRACE:                     19:14:37.319959 call       168     def __init__(self):
IE_TRACE:                     19:14:37.319986 line       169         self._done = False
IE_TRACE:                     19:14:37.320003 line       170         self._result = None
IE_TRACE:                     19:14:37.320018 line       171         self._exc_info = None
IE_TRACE:                     19:14:37.320034 line       173         self._log_traceback = False   # Used for Python >= 3.4
IE_TRACE:                     19:14:37.320049 line       174         self._tb_logger = None        # Used for Python <= 3.3
IE_TRACE:                     19:14:37.320063 line       176         self._callbacks = []
IE_TRACE:                     19:14:37.320078 return     176         self._callbacks = []
IE_TRACE:                     Return value:.. None
IE_TRACE:                 Source path:... /path/to/BugsInPy/workspace/tornado/tornado/iostream.py
IE_TRACE:                 New var:....... future = <tornado.concurrent.Future object at 0x7d269dd567b0>
IE_TRACE:                 19:14:37.320100 line       403             future.add_done_callback(lambda f: f.exception())
IE_TRACE:                     Source path:... /path/to/BugsInPy/workspace/tornado/tornado/concurrent.py
IE_TRACE:                     Starting var:.. self = <tornado.concurrent.Future object at 0x7d269dd567b0>
IE_TRACE:                     Starting var:.. fn = <function BaseIOStream.write.<locals>.<lambda> at 0x7d269db358a0>
IE_TRACE:                     19:14:37.320136 call       259     def add_done_callback(self, fn):
IE_TRACE:                     19:14:37.320168 line       267         if self._done:
IE_TRACE:                     19:14:37.320185 line       270             self._callbacks.append(fn)
IE_TRACE:                     19:14:37.320202 return     270             self._callbacks.append(fn)
IE_TRACE:                     Return value:.. None
IE_TRACE:                 Source path:... /path/to/BugsInPy/workspace/tornado/tornado/iostream.py
IE_TRACE:                 19:14:37.320225 line       404             self._write_futures.append((self._total_write_index, future))
IE_TRACE:                 19:14:37.320250 line       405         if not self._connecting:
IE_TRACE:                 19:14:37.320270 line       406             self._handle_write()
IE_TRACE:                     Starting var:.. self = <tornado.iostream.IOStream object at 0x7d269dd56600>
IE_TRACE:                     19:14:37.320304 call       845     def _handle_write(self):
IE_TRACE:                     19:14:37.320331 line       846         while self._write_buffer_size:
IE_TRACE:                     19:14:37.320350 line       847             assert self._write_buffer_size >= 0
IE_TRACE:                     19:14:37.320368 line       848             try:
IE_TRACE:                     19:14:37.320385 line       849                 start = self._write_buffer_pos
IE_TRACE:                     New var:....... start = 0
IE_TRACE:                     19:14:37.320403 line       850                 if self._write_buffer_frozen:
IE_TRACE:                     19:14:37.320427 line       852                 elif _WINDOWS:
IE_TRACE:                     19:14:37.320446 line       860                     size = self._write_buffer_size
IE_TRACE:                     New var:....... size = 11
IE_TRACE:                     19:14:37.320465 line       861                 num_bytes = self.write_to_fd(
IE_TRACE:                     19:14:37.320490 line       862                     memoryview(self._write_buffer)[start:start + size])
IE_TRACE:                     19:14:37.320511 line       861                 num_bytes = self.write_to_fd(
IE_TRACE:                         Starting var:.. self = <tornado.iostream.IOStream object at 0x7d269dd56600>
IE_TRACE:                         Starting var:.. data = <memory at 0x7d269ddd5780>
IE_TRACE:                         19:14:37.320532 call      1063     def write_to_fd(self, data):
IE_TRACE:                         19:14:37.320562 line      1064         return self.socket.send(data)
IE_TRACE:                         19:14:37.320593 return    1064         return self.socket.send(data)
IE_TRACE:                         Return value:.. 11
IE_TRACE:                     New var:....... num_bytes = 11
IE_TRACE:                     19:14:37.320618 line       863                 if num_bytes == 0:
IE_TRACE:                     19:14:37.320644 line       866                 self._write_buffer_pos += num_bytes
IE_TRACE:                     19:14:37.320666 line       867                 self._write_buffer_size -= num_bytes
IE_TRACE:                     19:14:37.320687 line       871                 if self._write_buffer_pos > self._write_buffer_size:
IE_TRACE:                     19:14:37.320709 line       872                     del self._write_buffer[:self._write_buffer_pos]
IE_TRACE:                     19:14:37.320730 line       873                     self._write_buffer_pos = 0
IE_TRACE:                     19:14:37.320751 line       874                 if self._write_buffer_frozen:
IE_TRACE:                     19:14:37.320772 line       876                 self._total_write_done_index += num_bytes
IE_TRACE:                     19:14:37.320793 line       846         while self._write_buffer_size:
IE_TRACE:                     19:14:37.320814 line       891         while self._write_futures:
IE_TRACE:                     19:14:37.320835 line       892             index, future = self._write_futures[0]
IE_TRACE:                     New var:....... index = 194
IE_TRACE:                     New var:....... future = <tornado.concurrent.Future object at 0x7d269dd567b0>
IE_TRACE:                     19:14:37.320857 line       893             if index > self._total_write_done_index:
IE_TRACE:                     19:14:37.320891 line       895             self._write_futures.popleft()
IE_TRACE:                     19:14:37.320916 line       896             future.set_result(None)
IE_TRACE:                         Source path:... /path/to/BugsInPy/workspace/tornado/tornado/concurrent.py
IE_TRACE:                         Starting var:.. self = <tornado.concurrent.Future object at 0x7d269dd567b0>
IE_TRACE:                         Starting var:.. result = None
IE_TRACE:                         19:14:37.320941 call       272     def set_result(self, result):
IE_TRACE:                         19:14:37.320973 line       278         self._result = result
IE_TRACE:                         19:14:37.320992 line       279         self._set_done()
IE_TRACE:                             Starting var:.. self = <tornado.concurrent.Future object at 0x7d269dd567b0>
IE_TRACE:                             19:14:37.321012 call       321     def _set_done(self):
IE_TRACE:                             19:14:37.321034 line       322         self._done = True
IE_TRACE:                             19:14:37.321052 line       323         for cb in self._callbacks:
IE_TRACE:                             New var:....... cb = <function BaseIOStream.write.<locals>.<lambda> at 0x7d269db358a0>
IE_TRACE:                             19:14:37.321069 line       324             try:
IE_TRACE:                             19:14:37.321092 line       325                 cb(self)
IE_TRACE:                                 Source path:... /path/to/BugsInPy/workspace/tornado/tornado/iostream.py
IE_TRACE:                                 Starting var:.. f = <tornado.concurrent.Future object at 0x7d269dd567b0>
IE_TRACE:                                 19:14:37.321112 call       403             future.add_done_callback(lambda f: f.exception())
IE_TRACE:                                 19:14:37.321149 line       403             future.add_done_callback(lambda f: f.exception())
IE_TRACE:                                     Source path:... /path/to/BugsInPy/workspace/tornado/tornado/concurrent.py
IE_TRACE:                                     Starting var:.. self = <tornado.concurrent.Future object at 0x7d269dd567b0>
IE_TRACE:                                     Starting var:.. timeout = None
IE_TRACE:                                     19:14:37.321169 call       244     def exception(self, timeout=None):
IE_TRACE:                                     19:14:37.321203 line       252         self._clear_tb_log()
IE_TRACE:                                     19:14:37.321230 line       253         if self._exc_info is not None:
IE_TRACE:                                     19:14:37.321249 line       256             self._check_done()
IE_TRACE:                                     19:14:37.321276 line       257             return None
IE_TRACE:                                     19:14:37.321295 return     257             return None
IE_TRACE:                                     Return value:.. None
IE_TRACE:                                 Source path:... /path/to/BugsInPy/workspace/tornado/tornado/iostream.py
IE_TRACE:                                 19:14:37.321321 return     403             future.add_done_callback(lambda f: f.exception())
IE_TRACE:                                 Return value:.. None
IE_TRACE:                             Source path:... /path/to/BugsInPy/workspace/tornado/tornado/concurrent.py
IE_TRACE:                             19:14:37.321349 line       323         for cb in self._callbacks:
IE_TRACE:                             19:14:37.321373 line       329         self._callbacks = None
IE_TRACE:                             19:14:37.321393 return     329         self._callbacks = None
IE_TRACE:                             Return value:.. None
IE_TRACE:                         19:14:37.321419 return     279         self._set_done()
IE_TRACE:                         Return value:.. None
IE_TRACE:                     Source path:... /path/to/BugsInPy/workspace/tornado/tornado/iostream.py
IE_TRACE:                     19:14:37.321443 line       891         while self._write_futures:
IE_TRACE:                     19:14:37.321473 line       898         if not self._write_buffer_size:
IE_TRACE:                     19:14:37.321497 line       899             if self._write_callback:
IE_TRACE:                     19:14:37.321521 return     899             if self._write_callback:
IE_TRACE:                     Return value:.. None
IE_TRACE:                 19:14:37.321551 line       407             if self._write_buffer_size:
IE_TRACE:                 19:14:37.321571 line       409             self._maybe_add_error_listener()
IE_TRACE:                     Starting var:.. self = <tornado.iostream.IOStream object at 0x7d269dd56600>
IE_TRACE:                     19:14:37.321597 call       927     def _maybe_add_error_listener(self):
IE_TRACE:                     19:14:37.321618 line       934         if self._pending_callbacks != 0:
IE_TRACE:                     19:14:37.321633 line       936         if self._state is None or self._state == ioloop.IOLoop.ERROR:
IE_TRACE:                     19:14:37.321648 return     936         if self._state is None or self._state == ioloop.IOLoop.ERROR:
IE_TRACE:                     Return value:.. None
IE_TRACE:                 19:14:37.321670 line       410         return future
IE_TRACE:                 19:14:37.321689 return     410         return future
IE_TRACE:                 Return value:.. <tornado.concurrent.Future object at 0x7d269dd567b0>
IE_TRACE:             Source path:... /path/to/BugsInPy/workspace/tornado/tornado/websocket.py
IE_TRACE:             19:14:37.321715 return     758             return self.stream.write(frame)
IE_TRACE:             Return value:.. <tornado.concurrent.Future object at 0x7d269dd567b0>
IE_TRACE:         19:14:37.321756 return     775         return self._write_frame(True, opcode, message, flags=flags)
IE_TRACE:         Return value:.. <tornado.concurrent.Future object at 0x7d269dd567b0>
IE_TRACE:     19:14:37.321784 return    1126         return self.protocol.write_message(message, binary)
IE_TRACE:     Return value:.. <tornado.concurrent.Future object at 0x7d269dd567b0>
IE_TRACE:     Source path:... /path/to/BugsInPy/workspace/tornado/tornado/concurrent.py
IE_TRACE:     Starting var:.. self = <tornado.concurrent.Future object at 0x7d269dd567b0>
IE_TRACE:     Starting var:.. is_finalizing = <built-in function is_finalizing>
IE_TRACE:     19:14:37.321810 call       335         def __del__(self, is_finalizing=is_finalizing):
IE_TRACE:     19:14:37.321845 line       336             if is_finalizing() or not self._log_traceback:
IE_TRACE:     19:14:37.321861 line       339                 return
IE_TRACE:     19:14:37.321876 return     339                 return
IE_TRACE:     Return value:.. None
IE_TRACE: Source path:... /path/to/BugsInPy/workspace/tornado/tornado/test/websocket_test.py
IE_TRACE: 19:14:37.321898 line       244         response = yield ws.read_message()
IE_TRACE:     Source path:... /path/to/BugsInPy/workspace/tornado/tornado/websocket.py
IE_TRACE:     Starting var:.. self = <tornado.websocket.WebSocketClientConnection object at 0x7d269dd117c0>
IE_TRACE:     Starting var:.. callback = None
IE_TRACE:     19:14:37.321927 call      1128     def read_message(self, callback=None):
IE_TRACE:     19:14:37.321958 line      1139         assert self.read_future is None
IE_TRACE:     19:14:37.321973 line      1140         future = TracebackFuture()
IE_TRACE:         Source path:... /path/to/BugsInPy/workspace/tornado/tornado/concurrent.py
IE_TRACE:         Starting var:.. self = <tornado.concurrent.Future object at 0x7d269dd13860>
IE_TRACE:         19:14:37.321989 call       168     def __init__(self):
IE_TRACE:         19:14:37.322013 line       169         self._done = False
IE_TRACE:         19:14:37.322027 line       170         self._result = None
IE_TRACE:         19:14:37.322041 line       171         self._exc_info = None
IE_TRACE:         19:14:37.322054 line       173         self._log_traceback = False   # Used for Python >= 3.4
IE_TRACE:         19:14:37.322067 line       174         self._tb_logger = None        # Used for Python <= 3.3
IE_TRACE:         19:14:37.322080 line       176         self._callbacks = []
IE_TRACE:         19:14:37.322093 return     176         self._callbacks = []
IE_TRACE:         Return value:.. None
IE_TRACE:     Source path:... /path/to/BugsInPy/workspace/tornado/tornado/websocket.py
IE_TRACE:     New var:....... future = <tornado.concurrent.Future object at 0x7d269dd13860>
IE_TRACE:     19:14:37.322112 line      1141         if self.read_queue:
IE_TRACE:     19:14:37.322143 line      1144             self.read_future = future
IE_TRACE:     19:14:37.322159 line      1145         if callback is not None:
IE_TRACE:     19:14:37.322175 line      1147         return future
IE_TRACE:     19:14:37.322190 return    1147         return future
IE_TRACE:     Return value:.. <tornado.concurrent.Future object at 0x7d269dd13860>
IE_TRACE: Source path:... /path/to/BugsInPy/workspace/tornado/tornado/test/websocket_test.py
IE_TRACE: 19:14:37.322212 return     244         response = yield ws.read_message()
IE_TRACE: Return value:.. <tornado.concurrent.Future object at 0x7d269dd13860>
IE_TRACE: Elapsed time: 00:00:00.004392
ERROR:tornado.application:Uncaught exception in /render
Traceback (most recent call last):
  File "/path/to/BugsInPy/workspace/tornado/tornado/websocket.py", line 484, in _run_callback
    result = callback(*args, **kwargs)
             ^^^^^^^^^^^^^^^^^^^^^^^^^
  File "/path/to/BugsInPy/workspace/tornado/tornado/test/websocket_test.py", line 138, in on_message
    self.write_message(self.render_string('message.html', message=message))
                       ^^^^^^^^^^^^^^^^^^^^^^^^^^^^^^^^^^^^^^^^^^^^^^^^^^^
  File "/path/to/BugsInPy/workspace/tornado/tornado/web.py", line 863, in render_string
    namespace = self.get_template_namespace()
                ^^^^^^^^^^^^^^^^^^^^^^^^^^^^^
  File "/path/to/BugsInPy/workspace/tornado/tornado/web.py", line 887, in get_template_namespace
    namespace.update(self.ui)
TypeError: 'NoneType' object is not iterable
IE_TRACE: Starting var:.. self = <tornado.test.websocket_test.WebSocketTest testMethod=test_render_message>
IE_TRACE: Starting var:.. ws = <tornado.websocket.WebSocketClientConnection object at 0x7d269dd117c0>
IE_TRACE: 19:14:37.323843 call       244         response = yield ws.read_message()
IE_TRACE: New var:....... response = None
IE_TRACE: 19:14:37.323905 line       245         self.assertEqual(response, '<b>hello</b>')
IE_TRACE: Source path:... /path/to/BugsInPy/workspace/tornado/tornado/test/websocket_test.py
IE_TRACE: 19:14:37.325191 exception  245         self.assertEqual(response, '<b>hello</b>')
IE_TRACE: Exception:..... AssertionError: None != '<b>hello</b>'
IE_TRACE: Call ended by exception
IE_TRACE: Elapsed time: 00:00:00.001535
IE_TRACE: Source path:... /path/to/BugsInPy/workspace/tornado/tornado/test/websocket_test.py
IE_TRACE: Starting var:.. self = <tornado.test.websocket_test.WebSocketTest testMethod=test_render_message>
IE_TRACE: Starting var:.. __class__ = <class 'tornado.test.websocket_test.WebSocketTest'>
IE_TRACE: 19:14:37.326325 call       186     def tearDown(self):
IE_TRACE: 19:14:37.326386 line       187         super(WebSocketTest, self).tearDown()
IE_TRACE:     Source path:... /path/to/BugsInPy/workspace/tornado/tornado/testing.py
IE_TRACE:     Starting var:.. self = <tornado.test.websocket_test.WebSocketTest testMethod=test_render_message>
IE_TRACE:     Starting var:.. __class__ = <class 'tornado.testing.AsyncHTTPTestCase'>
IE_TRACE:     19:14:37.326415 call       429     def tearDown(self):
IE_TRACE:     19:14:37.326451 line       430         self.http_server.stop()
IE_TRACE:         Source path:... /path/to/BugsInPy/workspace/tornado/tornado/tcpserver.py
IE_TRACE:         Starting var:.. self = <tornado.httpserver.HTTPServer object at 0x7d269dee5790>
IE_TRACE:         19:14:37.326474 call       226     def stop(self):
IE_TRACE:         19:14:37.326582 line       232         if self._stopped:
IE_TRACE:         19:14:37.326600 line       234         self._stopped = True
IE_TRACE:         19:14:37.326614 line       235         for fd, sock in self._sockets.items():
IE_TRACE:         New var:....... fd = 6
IE_TRACE:         New var:....... sock = <socket.socket fd=6, family=2, type=1, proto=6, laddr=('127.0.0.1', 38719)>
IE_TRACE:         19:14:37.326628 line       236             assert sock.fileno() == fd
IE_TRACE:         19:14:37.326701 line       237             self.io_loop.remove_handler(fd)
IE_TRACE:             Source path:... /path/to/BugsInPy/workspace/tornado/tornado/ioloop.py
IE_TRACE:             Starting var:.. self = <tornado.platform.epoll.EPollIOLoop object at 0x7d269de1f7d0>
IE_TRACE:             Starting var:.. fd = 6
IE_TRACE:             19:14:37.326737 call       734     def remove_handler(self, fd):
IE_TRACE:             19:14:37.326771 line       735         fd, obj = self.split_fd(fd)
IE_TRACE:                 Starting var:.. self = <tornado.platform.epoll.EPollIOLoop object at 0x7d269de1f7d0>
IE_TRACE:                 Starting var:.. fd = 6
IE_TRACE:                 19:14:37.326790 call       640     def split_fd(self, fd):
IE_TRACE:                 19:14:37.326816 line       656         try:
IE_TRACE:                 19:14:37.326832 line       657             return fd.fileno(), fd
IE_TRACE:                 19:14:37.326849 exception  657             return fd.fileno(), fd
IE_TRACE:                 Exception:..... AttributeError: 'int' object has no attribute 'fileno'
IE_TRACE:                 19:14:37.327432 line       658         except AttributeError:
IE_TRACE:                 19:14:37.327455 line       659             return fd, fd
IE_TRACE:                 19:14:37.327473 return     659             return fd, fd
IE_TRACE:                 Return value:.. (6, 6)
IE_TRACE:             New var:....... obj = 6
IE_TRACE:             19:14:37.327498 line       736         self._handlers.pop(fd, None)
IE_TRACE:             19:14:37.327523 line       737         self._events.pop(fd, None)
IE_TRACE:             19:14:37.327541 line       738         try:
IE_TRACE:             19:14:37.327559 line       739             self._impl.unregister(fd)
IE_TRACE:             19:14:37.327578 return     739             self._impl.unregister(fd)
IE_TRACE:             Return value:.. None
IE_TRACE:         Source path:... /path/to/BugsInPy/workspace/tornado/tornado/tcpserver.py
IE_TRACE:         19:14:37.327602 line       238             sock.close()
IE_TRACE:         Source path:... /path/to/BugsInPy/workspace/tornado/tornado/tcpserver.py
IE_TRACE:         Modified var:.. sock = <socket.socket [closed] fd=-1, family=2, type=1, proto=6>
IE_TRACE:         19:14:37.327955 line       235         for fd, sock in self._sockets.items():
IE_TRACE:         19:14:37.327986 return     235         for fd, sock in self._sockets.items():
IE_TRACE:         Return value:.. None
IE_TRACE:     Source path:... /path/to/BugsInPy/workspace/tornado/tornado/testing.py
IE_TRACE:     19:14:37.328015 line       431         self.io_loop.run_sync(self.http_server.close_all_connections,
IE_TRACE:     19:14:37.328040 line       432                               timeout=get_async_test_timeout())
IE_TRACE:         19:14:37.328061 call       110 def get_async_test_timeout():
IE_TRACE:         19:14:37.328076 line       117     try:
IE_TRACE:         19:14:37.328089 line       118         return float(os.environ.get('ASYNC_TEST_TIMEOUT'))
IE_TRACE:             Source path:... <frozen _collections_abc>
IE_TRACE:             Starting var:.. self = environ({'GJS_DEBUG_TOPICS': 'JS ERROR;JS LOG', 'LESSOPEN': '| /usr/bin/lesspipe %s', 'VSCODE_CWD': '<redacted>', 'VSCODE_ESM_ENTRYPOINT': 'vs/workbench/api/node/extensionHostProcess', 'AI_AGENT': 'claude-code_2-1-152_agent', 'USER': 'anonymous'...thropic.claude-code-2.1.152-linux-x64/resources/native-binary/claude', 'PYTHONPATH': '/path/to/BugsInPy/workspace/tornado::', 'CLAUDE_CODE_ENABLE_TASKS': '0', 'MEMORY_PRESSURE_WRITE': 'c29tZSAyMDAwMDAgMjAwMDAwMAA=', 'VSCODE_PID': '33701'})
IE_TRACE:             Starting var:.. key = 'ASYNC_TEST_TIMEOUT'
IE_TRACE:             Starting var:.. default = None
IE_TRACE:             19:14:37.328104 call       804 SOURCE IS UNAVAILABLE
IE_TRACE:             19:14:37.328231 line       806 SOURCE IS UNAVAILABLE
IE_TRACE:             19:14:37.328295 line       807 SOURCE IS UNAVAILABLE
IE_TRACE:                 Source path:... <frozen os>
IE_TRACE:                 Starting var:.. self = environ({'GJS_DEBUG_TOPICS': 'JS ERROR;JS LOG', 'LESSOPEN': '| /usr/bin/lesspipe %s', 'VSCODE_CWD': '<redacted>', 'VSCODE_ESM_ENTRYPOINT': 'vs/workbench/api/node/extensionHostProcess', 'AI_AGENT': 'claude-code_2-1-152_agent', 'USER': 'anonymous'...thropic.claude-code-2.1.152-linux-x64/resources/native-binary/claude', 'PYTHONPATH': '/path/to/BugsInPy/workspace/tornado::', 'CLAUDE_CODE_ENABLE_TASKS': '0', 'MEMORY_PRESSURE_WRITE': 'c29tZSAyMDAwMDAgMjAwMDAwMAA=', 'VSCODE_PID': '33701'})
IE_TRACE:                 Starting var:.. key = 'ASYNC_TEST_TIMEOUT'
IE_TRACE:                 19:14:37.328357 call       680 SOURCE IS UNAVAILABLE
IE_TRACE:                 19:14:37.328445 line       681 SOURCE IS UNAVAILABLE
IE_TRACE:                 19:14:37.328502 line       682 SOURCE IS UNAVAILABLE
IE_TRACE:                     Starting var:.. value = 'ASYNC_TEST_TIMEOUT'
IE_TRACE:                     Starting var:.. encoding = 'utf-8'
IE_TRACE:                     19:14:37.328559 call       762 SOURCE IS UNAVAILABLE
IE_TRACE:                     19:14:37.328585 line       763 SOURCE IS UNAVAILABLE
IE_TRACE:                     19:14:37.328602 line       765 SOURCE IS UNAVAILABLE
IE_TRACE:                     19:14:37.328617 return     765 SOURCE IS UNAVAILABLE
IE_TRACE:                     Return value:.. b'ASYNC_TEST_TIMEOUT'
IE_TRACE:                 19:14:37.328641 exception  682 SOURCE IS UNAVAILABLE
IE_TRACE:                 Exception:..... KeyError: b'ASYNC_TEST_TIMEOUT'
IE_TRACE:                 19:14:37.328720 line       683 SOURCE IS UNAVAILABLE
IE_TRACE:                 19:14:37.328777 line       685 SOURCE IS UNAVAILABLE
IE_TRACE:                 19:14:37.328830 exception  685 SOURCE IS UNAVAILABLE
IE_TRACE:                 Exception:..... KeyError: 'ASYNC_TEST_TIMEOUT'
IE_TRACE:                 Call ended by exception
IE_TRACE:             Source path:... <frozen _collections_abc>
IE_TRACE:             19:14:37.328954 exception  807 SOURCE IS UNAVAILABLE
IE_TRACE:             Exception:..... KeyError: 'ASYNC_TEST_TIMEOUT'
IE_TRACE:             19:14:37.329026 line       808 SOURCE IS UNAVAILABLE
IE_TRACE:             19:14:37.329081 line       809 SOURCE IS UNAVAILABLE
IE_TRACE:             19:14:37.329157 return     809 SOURCE IS UNAVAILABLE
IE_TRACE:             Return value:.. None
IE_TRACE:         Source path:... /path/to/BugsInPy/workspace/tornado/tornado/testing.py
IE_TRACE:         19:14:37.329220 exception  118         return float(os.environ.get('ASYNC_TEST_TIMEOUT'))
IE_TRACE:         Exception:..... TypeError: float() argument must be a string or a real number, not 'NoneType'
IE_TRACE:         19:14:37.329253 line       119     except (ValueError, TypeError):
IE_TRACE:         19:14:37.329266 line       120         return 5
IE_TRACE:         19:14:37.329279 return     120         return 5
IE_TRACE:         Return value:.. 5
IE_TRACE:     19:14:37.329297 line       431         self.io_loop.run_sync(self.http_server.close_all_connections,
IE_TRACE:         Source path:... /path/to/BugsInPy/workspace/tornado/tornado/ioloop.py
IE_TRACE:         Starting var:.. self = <tornado.platform.epoll.EPollIOLoop object at 0x7d269de1f7d0>
IE_TRACE:         Starting var:.. func = <bound method HTTPServer.close_all_connections of <tornado.httpserver.HTTPServer object at 0x7d269dee5790>>
IE_TRACE:         Starting var:.. timeout = 5
IE_TRACE:         19:14:37.329322 call       405     def run_sync(self, func, timeout=None):
IE_TRACE:         19:14:37.329368 line       432         future_cell = [None]
IE_TRACE:         New var:....... future_cell = [None]
IE_TRACE:         19:14:37.329388 line       434         def run():
IE_TRACE:         New var:....... run = <function IOLoop.run_sync.<locals>.run at 0x7d269db34d60>
IE_TRACE:         19:14:37.329414 line       450         self.add_callback(run)
IE_TRACE:             Starting var:.. self = <tornado.platform.epoll.EPollIOLoop object at 0x7d269de1f7d0>
IE_TRACE:             Starting var:.. callback = <function IOLoop.run_sync.<locals>.run at 0x7d269db34d60>
IE_TRACE:             Starting var:.. args = ()
IE_TRACE:             Starting var:.. kwargs = {}
IE_TRACE:             19:14:37.329446 call       933     def add_callback(self, callback, *args, **kwargs):
IE_TRACE:             19:14:37.329488 line       934         if self._closing:
IE_TRACE:             19:14:37.329507 line       938         self._callbacks.append(functools.partial(
IE_TRACE:             19:14:37.329526 line       939             stack_context.wrap(callback), *args, **kwargs))
IE_TRACE:                 Source path:... /path/to/BugsInPy/workspace/tornado/tornado/stack_context.py
IE_TRACE:                 Starting var:.. fn = <function IOLoop.run_sync.<locals>.run at 0x7d269db34d60>
IE_TRACE:                 19:14:37.329548 call       255 def wrap(fn):
IE_TRACE:                 19:14:37.329577 line       264     if fn is None or hasattr(fn, '_wrapped'):
IE_TRACE:                 19:14:37.329595 line       269     cap_contexts = [_state.contexts]
IE_TRACE:                 New var:....... cap_contexts = [((), <tornado.stack_context.ExceptionStackContext object at 0x7d269df683e0>)]
IE_TRACE:                 19:14:37.329613 line       271     if not cap_contexts[0][0] and not cap_contexts[0][1]:
IE_TRACE:                 19:14:37.329637 line       283     def wrapped(*args, **kwargs):
IE_TRACE:                 New var:....... wrapped = <function wrap.<locals>.wrapped at 0x7d269db34cc0>
IE_TRACE:                 19:14:37.329657 line       350     wrapped._wrapped = True
IE_TRACE:                 19:14:37.329682 line       351     return wrapped
IE_TRACE:                 19:14:37.329703 return     351     return wrapped
IE_TRACE:                 Return value:.. <function wrap.<locals>.wrapped at 0x7d269db34cc0>
IE_TRACE:             Source path:... /path/to/BugsInPy/workspace/tornado/tornado/ioloop.py
IE_TRACE:             19:14:37.329729 line       938         self._callbacks.append(functools.partial(
IE_TRACE:             19:14:37.329753 line       939             stack_context.wrap(callback), *args, **kwargs))
IE_TRACE:             19:14:37.329772 line       938         self._callbacks.append(functools.partial(
IE_TRACE:             19:14:37.329790 line       939             stack_context.wrap(callback), *args, **kwargs))
IE_TRACE:             19:14:37.329808 line       938         self._callbacks.append(functools.partial(
IE_TRACE:             19:14:37.329827 line       940         if thread.get_ident() != self._thread_ident:
IE_TRACE:             19:14:37.329846 line       947             pass
IE_TRACE:             19:14:37.329864 return     947             pass
IE_TRACE:             Return value:.. None
IE_TRACE:         19:14:37.329890 line       451         if timeout is not None:
IE_TRACE:         19:14:37.329912 line       452             timeout_handle = self.add_timeout(self.time() + timeout, self.stop)
IE_TRACE:             Starting var:.. self = <tornado.platform.epoll.EPollIOLoop object at 0x7d269de1f7d0>
IE_TRACE:             19:14:37.329935 call       913     def time(self):
IE_TRACE:             19:14:37.329954 line       914         return self.time_func()
IE_TRACE:             19:14:37.329969 return     914         return self.time_func()
IE_TRACE:             Return value:.. 1779889477.3299663
IE_TRACE:             Starting var:.. self = <tornado.platform.epoll.EPollIOLoop object at 0x7d269de1f7d0>
IE_TRACE:             Starting var:.. deadline = 1779889482.3299663
IE_TRACE:             Starting var:.. callback = <bound method PollIOLoop.stop of <tornado.platform.epoll.EPollIOLoop object at 0x7d269de1f7d0>>
IE_TRACE:             Starting var:.. args = ()
IE_TRACE:             Starting var:.. kwargs = {}
IE_TRACE:             19:14:37.329994 call       475     def add_timeout(self, deadline, callback, *args, **kwargs):
IE_TRACE:             19:14:37.330040 line       501         if isinstance(deadline, numbers.Real):
IE_TRACE:                 Source path:... <frozen abc>
IE_TRACE:                 Starting var:.. cls = <class 'numbers.Real'>
IE_TRACE:                 Starting var:.. instance = 1779889482.3299663
IE_TRACE:                 19:14:37.330063 call       117 SOURCE IS UNAVAILABLE
IE_TRACE:                 19:14:37.330097 line       119 SOURCE IS UNAVAILABLE
IE_TRACE:                     Starting var:.. cls = <class 'numbers.Real'>
IE_TRACE:                     Starting var:.. subclass = <class 'float'>
IE_TRACE:                     19:14:37.330117 call       121 SOURCE IS UNAVAILABLE
IE_TRACE:                     19:14:37.330153 line       123 SOURCE IS UNAVAILABLE
IE_TRACE:                     19:14:37.330170 return     123 SOURCE IS UNAVAILABLE
IE_TRACE:                     Return value:.. True
IE_TRACE:                 19:14:37.330194 return     119 SOURCE IS UNAVAILABLE
IE_TRACE:                 Return value:.. True
IE_TRACE:             Source path:... /path/to/BugsInPy/workspace/tornado/tornado/ioloop.py
IE_TRACE:             19:14:37.330217 line       502             return self.call_at(deadline, callback, *args, **kwargs)
IE_TRACE:                 Starting var:.. self = <tornado.platform.epoll.EPollIOLoop object at 0x7d269de1f7d0>
IE_TRACE:                 Starting var:.. deadline = 1779889482.3299663
IE_TRACE:                 Starting var:.. callback = <bound method PollIOLoop.stop of <tornado.platform.epoll.EPollIOLoop object at 0x7d269de1f7d0>>
IE_TRACE:                 Starting var:.. args = ()
IE_TRACE:                 Starting var:.. kwargs = {}
IE_TRACE:                 19:14:37.330247 call       916     def call_at(self, deadline, callback, *args, **kwargs):
IE_TRACE:                 19:14:37.330290 line       917         timeout = _Timeout(
IE_TRACE:                 19:14:37.330312 line       918             deadline,
IE_TRACE:                 19:14:37.330334 line       919             functools.partial(stack_context.wrap(callback), *args, **kwargs),
IE_TRACE:                     Source path:... /path/to/BugsInPy/workspace/tornado/tornado/stack_context.py
IE_TRACE:                     Starting var:.. fn = <bound method PollIOLoop.stop of <tornado.platform.epoll.EPollIOLoop object at 0x7d269de1f7d0>>
IE_TRACE:                     19:14:37.330358 call       255 def wrap(fn):
IE_TRACE:                     19:14:37.330388 line       264     if fn is None or hasattr(fn, '_wrapped'):
IE_TRACE:                     19:14:37.330407 line       269     cap_contexts = [_state.contexts]
IE_TRACE:                     New var:....... cap_contexts = [((), <tornado.stack_context.ExceptionStackContext object at 0x7d269df683e0>)]
IE_TRACE:                     19:14:37.330425 line       271     if not cap_contexts[0][0] and not cap_contexts[0][1]:
IE_TRACE:                     19:14:37.330450 line       283     def wrapped(*args, **kwargs):
IE_TRACE:                     New var:....... wrapped = <function wrap.<locals>.wrapped at 0x7d269db351c0>
IE_TRACE:                     19:14:37.330469 line       350     wrapped._wrapped = True
IE_TRACE:                     19:14:37.330495 line       351     return wrapped
IE_TRACE:                     19:14:37.330516 return     351     return wrapped
IE_TRACE:                     Return value:.. <function wrap.<locals>.wrapped at 0x7d269db351c0>
IE_TRACE:                 Source path:... /path/to/BugsInPy/workspace/tornado/tornado/ioloop.py
IE_TRACE:                 19:14:37.330543 line       920             self)
IE_TRACE:                 19:14:37.330570 line       917         timeout = _Timeout(
IE_TRACE:                     Starting var:.. self = <tornado.ioloop._Timeout object at 0x7d269db9f1c0>
IE_TRACE:                     Starting var:.. deadline = 1779889482.3299663
IE_TRACE:                     Starting var:.. callback = functools.partial(<function wrap.<locals>.wrapped at 0x7d269db351c0>)
IE_TRACE:                     Starting var:.. io_loop = <tornado.platform.epoll.EPollIOLoop object at 0x7d269de1f7d0>
IE_TRACE:                     19:14:37.330594 call       960     def __init__(self, deadline, callback, io_loop):
IE_TRACE:                     19:14:37.330634 line       961         if not isinstance(deadline, numbers.Real):
IE_TRACE:                         Source path:... <frozen abc>
IE_TRACE:                         Starting var:.. cls = <class 'numbers.Real'>
IE_TRACE:                         Starting var:.. instance = 1779889482.3299663
IE_TRACE:                         19:14:37.330656 call       117 SOURCE IS UNAVAILABLE
IE_TRACE:                         19:14:37.330688 line       119 SOURCE IS UNAVAILABLE
IE_TRACE:                             Starting var:.. cls = <class 'numbers.Real'>
IE_TRACE:                             Starting var:.. subclass = <class 'float'>
IE_TRACE:                             19:14:37.330707 call       121 SOURCE IS UNAVAILABLE
IE_TRACE:                             19:14:37.330732 line       123 SOURCE IS UNAVAILABLE
IE_TRACE:                             19:14:37.330749 return     123 SOURCE IS UNAVAILABLE
IE_TRACE:                             Return value:.. True
IE_TRACE:                         19:14:37.330772 return     119 SOURCE IS UNAVAILABLE
IE_TRACE:                         Return value:.. True
IE_TRACE:                     Source path:... /path/to/BugsInPy/workspace/tornado/tornado/ioloop.py
IE_TRACE:                     19:14:37.330795 line       963         self.deadline = deadline
IE_TRACE:                     19:14:37.330821 line       964         self.callback = callback
IE_TRACE:                     19:14:37.330841 line       965         self.tdeadline = (deadline, next(io_loop._timeout_counter))
IE_TRACE:                     19:14:37.330862 return     965         self.tdeadline = (deadline, next(io_loop._timeout_counter))
IE_TRACE:                     Return value:.. None
IE_TRACE:                 New var:....... timeout = <tornado.ioloop._Timeout object at 0x7d269db9f1c0>
IE_TRACE:                 19:14:37.330890 line       921         heapq.heappush(self._timeouts, timeout)
IE_TRACE:                     Starting var:.. self = <tornado.ioloop._Timeout object at 0x7d269db9f1c0>
IE_TRACE:                     Starting var:.. other = <tornado.ioloop._Timeout object at 0x7d269dcf9d80>
IE_TRACE:                     19:14:37.330921 call       971     def __lt__(self, other):
IE_TRACE:                     19:14:37.330947 line       972         return self.tdeadline < other.tdeadline
IE_TRACE:                     19:14:37.330964 return     972         return self.tdeadline < other.tdeadline
IE_TRACE:                     Return value:.. True
IE_TRACE:                     Starting var:.. self = <tornado.ioloop._Timeout object at 0x7d269db9f1c0>
IE_TRACE:                     Starting var:.. other = <tornado.ioloop._Timeout object at 0x7d269dd43740>
IE_TRACE:                     19:14:37.330988 call       971     def __lt__(self, other):
IE_TRACE:                     19:14:37.331013 line       972         return self.tdeadline < other.tdeadline
IE_TRACE:                     19:14:37.331029 return     972         return self.tdeadline < other.tdeadline
IE_TRACE:                     Return value:.. False
IE_TRACE:                 19:14:37.331051 line       922         return timeout
IE_TRACE:                 19:14:37.331075 return     922         return timeout
IE_TRACE:                 Return value:.. <tornado.ioloop._Timeout object at 0x7d269db9f1c0>
IE_TRACE:             19:14:37.331105 return     502             return self.call_at(deadline, callback, *args, **kwargs)
IE_TRACE:             Return value:.. <tornado.ioloop._Timeout object at 0x7d269db9f1c0>
IE_TRACE:         New var:....... timeout_handle = <tornado.ioloop._Timeout object at 0x7d269db9f1c0>
IE_TRACE:         19:14:37.331137 line       453         self.start()
IE_TRACE:             Starting var:.. self = <tornado.platform.epoll.EPollIOLoop object at 0x7d269de1f7d0>
IE_TRACE:             19:14:37.331184 call       753     def start(self):
IE_TRACE:             19:14:37.331218 line       754         if self._running:
IE_TRACE:             19:14:37.331239 line       756         self._setup_logging()
IE_TRACE:                 Starting var:.. self = <tornado.platform.epoll.EPollIOLoop object at 0x7d269de1f7d0>
IE_TRACE:                 19:14:37.331264 call       365     def _setup_logging(self):
IE_TRACE:                 19:14:37.331288 line       376         if not any([logging.getLogger().handlers,
IE_TRACE:                 Source path:... /path/to/BugsInPy/workspace/tornado/tornado/ioloop.py
IE_TRACE:                 19:14:37.331632 line       377                     logging.getLogger('tornado').handlers,
IE_TRACE:                 Source path:... /path/to/BugsInPy/workspace/tornado/tornado/ioloop.py
IE_TRACE:                 19:14:37.332194 line       378                     logging.getLogger('tornado.application').handlers]):
IE_TRACE:                 Source path:... /path/to/BugsInPy/workspace/tornado/tornado/ioloop.py
IE_TRACE:                 19:14:37.332718 line       376         if not any([logging.getLogger().handlers,
IE_TRACE:                 19:14:37.332741 return     376         if not any([logging.getLogger().handlers,
IE_TRACE:                 Return value:.. None
IE_TRACE:             19:14:37.332765 line       757         if self._stopped:
IE_TRACE:             19:14:37.332787 line       760         old_current = getattr(IOLoop._current, "instance", None)
IE_TRACE:             New var:....... old_current = <tornado.platform.epoll.EPollIOLoop object at 0x7d269de1f7d0>
IE_TRACE:             19:14:37.332808 line       761         IOLoop._current.instance = self
IE_TRACE:             19:14:37.332836 line       762         self._thread_ident = thread.get_ident()
IE_TRACE:             19:14:37.332859 line       763         self._running = True
IE_TRACE:             19:14:37.332881 line       781         old_wakeup_fd = None
IE_TRACE:             New var:....... old_wakeup_fd = None
IE_TRACE:             19:14:37.332902 line       782         if hasattr(signal, 'set_wakeup_fd') and os.name == 'posix':
IE_TRACE:             19:14:37.332932 line       785             try:
IE_TRACE:             19:14:37.332956 line       786                 old_wakeup_fd = signal.set_wakeup_fd(self._waker.write_fileno())
IE_TRACE:                 Source path:... /path/to/BugsInPy/workspace/tornado/tornado/platform/posix.py
IE_TRACE:                 Starting var:.. self = <tornado.platform.posix.Waker object at 0x7d269dfedd30>
IE_TRACE:                 19:14:37.332983 call        50     def write_fileno(self):
IE_TRACE:                 19:14:37.333049 line        51         return self.writer.fileno()
IE_TRACE:                 19:14:37.333068 return      51         return self.writer.fileno()
IE_TRACE:                 Return value:.. 5
IE_TRACE:             Source path:... /path/to/BugsInPy/workspace/tornado/tornado/ioloop.py
IE_TRACE:             Modified var:.. old_wakeup_fd = -1
IE_TRACE:             19:14:37.333094 line       787                 if old_wakeup_fd != -1:
IE_TRACE:             19:14:37.333131 line       798         try:
IE_TRACE:             19:14:37.333154 line       799             while True:
IE_TRACE:             19:14:37.333177 line       802                 ncallbacks = len(self._callbacks)
IE_TRACE:             New var:....... ncallbacks = 1
IE_TRACE:             19:14:37.333200 line       808                 due_timeouts = []
IE_TRACE:             New var:....... due_timeouts = []
IE_TRACE:             19:14:37.333229 line       809                 if self._timeouts:
IE_TRACE:             19:14:37.333261 line       810                     now = self.time()
IE_TRACE:                 Starting var:.. self = <tornado.platform.epoll.EPollIOLoop object at 0x7d269de1f7d0>
IE_TRACE:                 19:14:37.333287 call       913     def time(self):
IE_TRACE:                 19:14:37.333309 line       914         return self.time_func()
IE_TRACE:                 19:14:37.333326 return     914         return self.time_func()
IE_TRACE:                 Return value:.. 1779889477.3333201
IE_TRACE:             New var:....... now = 1779889477.3333201
IE_TRACE:             19:14:37.333350 line       811                     while self._timeouts:
IE_TRACE:             19:14:37.333383 line       812                         if self._timeouts[0].callback is None:
IE_TRACE:             19:14:37.333411 line       816                             heapq.heappop(self._timeouts)
IE_TRACE:                 Starting var:.. self = <tornado.ioloop._Timeout object at 0x7d269db9f1c0>
IE_TRACE:                 Starting var:.. other = <tornado.ioloop._Timeout object at 0x7d269db52dc0>
IE_TRACE:                 19:14:37.333439 call       971     def __lt__(self, other):
IE_TRACE:                 19:14:37.333468 line       972         return self.tdeadline < other.tdeadline
IE_TRACE:                 19:14:37.333487 return     972         return self.tdeadline < other.tdeadline
IE_TRACE:                 Return value:.. True
IE_TRACE:                 Starting var:.. self = <tornado.ioloop._Timeout object at 0x7d269dcf9d80>
IE_TRACE:                 Starting var:.. other = <tornado.ioloop._Timeout object at 0x7d269db53080>
IE_TRACE:                 19:14:37.333513 call       971     def __lt__(self, other):
IE_TRACE:                 19:14:37.333540 line       972         return self.tdeadline < other.tdeadline
IE_TRACE:                 19:14:37.333559 return     972         return self.tdeadline < other.tdeadline
IE_TRACE:                 Return value:.. True
IE_TRACE:                 Starting var:.. self = <tornado.ioloop._Timeout object at 0x7d269dcf9d80>
IE_TRACE:                 Starting var:.. other = <tornado.ioloop._Timeout object at 0x7d269db9f1c0>
IE_TRACE:                 19:14:37.333584 call       971     def __lt__(self, other):
IE_TRACE:                 19:14:37.333611 line       972         return self.tdeadline < other.tdeadline
IE_TRACE:                 19:14:37.333630 return     972         return self.tdeadline < other.tdeadline
IE_TRACE:                 Return value:.. False
IE_TRACE:             19:14:37.333654 line       817                             self._cancellations -= 1
IE_TRACE:             19:14:37.333682 line       811                     while self._timeouts:
IE_TRACE:             19:14:37.333709 line       812                         if self._timeouts[0].callback is None:
IE_TRACE:             19:14:37.333736 line       818                         elif self._timeouts[0].deadline <= now:
IE_TRACE:             19:14:37.333763 line       821                             break
IE_TRACE:             19:14:37.333789 line       822                     if (self._cancellations > 512 and
IE_TRACE:             19:14:37.333816 line       831                 for i in range(ncallbacks):
IE_TRACE:             New var:....... i = 0
IE_TRACE:             19:14:37.333843 line       832                     self._run_callback(self._callbacks.popleft())
IE_TRACE:                 Starting var:.. self = <tornado.platform.epoll.EPollIOLoop object at 0x7d269de1f7d0>
IE_TRACE:                 Starting var:.. callback = functools.partial(<function wrap.<locals>.wrapped at 0x7d269db34cc0>)
IE_TRACE:                 19:14:37.333880 call       599     def _run_callback(self, callback):
IE_TRACE:                 19:14:37.333911 line       604         try:
IE_TRACE:                 19:14:37.333931 line       605             ret = callback()
IE_TRACE:                     Source path:... /path/to/BugsInPy/workspace/tornado/tornado/stack_context.py
IE_TRACE:                     Starting var:.. args = ()
IE_TRACE:                     Starting var:.. kwargs = {}
IE_TRACE:                     Starting var:.. cap_contexts = [((), <tornado.stack_context.ExceptionStackContext object at 0x7d269df683e0>)]
IE_TRACE:                     Starting var:.. fn = <function IOLoop.run_sync.<locals>.run at 0x7d269db34d60>
IE_TRACE:                     19:14:37.333958 call       283     def wrapped(*args, **kwargs):
IE_TRACE:                     19:14:37.334012 line       284         ret = None
IE_TRACE:                     New var:....... ret = None
IE_TRACE:                     19:14:37.334038 line       285         try:
IE_TRACE:                     19:14:37.334071 line       287             current_state = _state.contexts
IE_TRACE:                     New var:....... current_state = ((), <tornado.stack_context.ExceptionStackContext object at 0x7d269df683e0>)
IE_TRACE:                     19:14:37.334098 line       290             cap_contexts[0] = contexts = _remove_deactivated(cap_contexts[0])
IE_TRACE:                         Starting var:.. contexts = ((), <tornado.stack_context.ExceptionStackContext object at 0x7d269df683e0>)
IE_TRACE:                         19:14:37.334144 call       229 def _remove_deactivated(contexts):
IE_TRACE:                         19:14:37.334174 line       232     stack_contexts = tuple([h for h in contexts[0] if h.active])
IE_TRACE:                         New var:....... stack_contexts = ()
IE_TRACE:                         19:14:37.334196 line       235     head = contexts[1]
IE_TRACE:                         New var:....... head = <tornado.stack_context.ExceptionStackContext object at 0x7d269df683e0>
IE_TRACE:                         19:14:37.334224 line       236     while head is not None and not head.active:
IE_TRACE:                         19:14:37.334253 line       240     ctx = head
IE_TRACE:                         New var:....... ctx = <tornado.stack_context.ExceptionStackContext object at 0x7d269df683e0>
IE_TRACE:                         19:14:37.334277 line       241     while ctx is not None:
IE_TRACE:                         19:14:37.334306 line       242         parent = ctx.old_contexts[1]
IE_TRACE:                         New var:....... parent = None
IE_TRACE:                         19:14:37.334331 line       244         while parent is not None:
IE_TRACE:                         19:14:37.334362 line       250         ctx = parent
IE_TRACE:                         Modified var:.. ctx = None
IE_TRACE:                         19:14:37.334388 line       241     while ctx is not None:
IE_TRACE:                         19:14:37.334419 line       252     return (stack_contexts, head)
IE_TRACE:                         19:14:37.334445 return     252     return (stack_contexts, head)
IE_TRACE:                         Return value:.. ((), <tornado.stack_context.ExceptionStackContext object at 0x7d269df683e0>)
IE_TRACE:                     New var:....... contexts = ((), <tornado.stack_context.ExceptionStackContext object at 0x7d269df683e0>)
IE_TRACE:                     19:14:37.334478 line       293             _state.contexts = contexts
IE_TRACE:                     19:14:37.334514 line       296             exc = (None, None, None)
IE_TRACE:                     New var:....... exc = (None, None, None)
IE_TRACE:                     19:14:37.334545 line       297             top = None
IE_TRACE:                     New var:....... top = None
IE_TRACE:                     19:14:37.334582 line       300             last_ctx = 0
IE_TRACE:                     New var:....... last_ctx = 0
IE_TRACE:                     19:14:37.334619 line       301             stack = contexts[0]
IE_TRACE:                     New var:....... stack = ()
IE_TRACE:                     19:14:37.334658 line       304             for n in stack:
IE_TRACE:                     19:14:37.334698 line       314             if top is None:
IE_TRACE:                     19:14:37.334732 line       315                 try:
IE_TRACE:                     19:14:37.334767 line       316                     ret = fn(*args, **kwargs)
IE_TRACE:                         Source path:... /path/to/BugsInPy/workspace/tornado/tornado/ioloop.py
IE_TRACE:                         Starting var:.. func = <bound method HTTPServer.close_all_connections of <tornado.httpserver.HTTPServer object at 0x7d269dee5790>>
IE_TRACE:                         Starting var:.. future_cell = [None]
IE_TRACE:                         Starting var:.. self = <tornado.platform.epoll.EPollIOLoop object at 0x7d269de1f7d0>
IE_TRACE:                         19:14:37.334805 call       434         def run():
IE_TRACE:                         19:14:37.334850 line       435             try:
IE_TRACE:                         19:14:37.334874 line       436                 result = func()
IE_TRACE:                             Source path:... /path/to/BugsInPy/workspace/tornado/tornado/gen.py
IE_TRACE:                             Starting var:.. args = (<tornado.httpserver.HTTPServer object at 0x7d269dee5790>,)
IE_TRACE:                             Starting var:.. kwargs = {}
IE_TRACE:                             Starting var:.. func = <function HTTPServer.close_all_connections at 0x7d269deae660>
IE_TRACE:                             Starting var:.. replace_callback = True
IE_TRACE:                             19:14:37.334904 call       283     def wrapper(*args, **kwargs):
IE_TRACE:                             19:14:37.334959 line       284         future = TracebackFuture()
IE_TRACE:                                 Source path:... /path/to/BugsInPy/workspace/tornado/tornado/concurrent.py
IE_TRACE:                                 Starting var:.. self = <tornado.concurrent.Future object at 0x7d269dd11610>
IE_TRACE:                                 19:14:37.334990 call       168     def __init__(self):
IE_TRACE:                                 19:14:37.335023 line       169         self._done = False
IE_TRACE:                                 19:14:37.335044 line       170         self._result = None
IE_TRACE:                                 19:14:37.335065 line       171         self._exc_info = None
IE_TRACE:                                 19:14:37.335086 line       173         self._log_traceback = False   # Used for Python >= 3.4
IE_TRACE:                                 19:14:37.335107 line       174         self._tb_logger = None        # Used for Python <= 3.3
IE_TRACE:                                 19:14:37.335134 line       176         self._callbacks = []
IE_TRACE:                                 19:14:37.335155 return     176         self._callbacks = []
IE_TRACE:                                 Return value:.. None
IE_TRACE:                             Source path:... /path/to/BugsInPy/workspace/tornado/tornado/gen.py
IE_TRACE:                             New var:....... future = <tornado.concurrent.Future object at 0x7d269dd11610>
IE_TRACE:                             19:14:37.335182 line       286         if replace_callback and 'callback' in kwargs:
IE_TRACE:                             19:14:37.335223 line       291         try:
IE_TRACE:                             19:14:37.335253 line       292             result = func(*args, **kwargs)
IE_TRACE:                             New var:....... result = <generator object HTTPServer.close_all_connections at 0x7d269ddd2880>
IE_TRACE:                             19:14:37.335282 line       299             if isinstance(result, GeneratorType):
IE_TRACE:                                 Source path:... <frozen abc>
IE_TRACE:                                 Starting var:.. cls = <class 'collections.abc.Generator'>
IE_TRACE:                                 Starting var:.. instance = <generator object HTTPServer.close_all_connections at 0x7d269ddd2880>
IE_TRACE:                                 19:14:37.335319 call       117 SOURCE IS UNAVAILABLE
IE_TRACE:                                 19:14:37.335359 line       119 SOURCE IS UNAVAILABLE
IE_TRACE:                                 19:14:37.335384 return     119 SOURCE IS UNAVAILABLE
IE_TRACE:                                 Return value:.. True
IE_TRACE:                             Source path:... /path/to/BugsInPy/workspace/tornado/tornado/gen.py
IE_TRACE:                             19:14:37.335413 line       305                 try:
IE_TRACE:                             19:14:37.335450 line       306                     orig_stack_contexts = stack_context._state.contexts
IE_TRACE:                             New var:....... orig_stack_contexts = ((), <tornado.stack_context.ExceptionStackContext object at 0x7d269df683e0>)
IE_TRACE:                             19:14:37.335480 line       307                     yielded = next(result)
IE_TRACE:                                 Source path:... /path/to/BugsInPy/workspace/tornado/tornado/httpserver.py
IE_TRACE:                                 Starting var:.. self = <tornado.httpserver.HTTPServer object at 0x7d269dee5790>
IE_TRACE:                                 19:14:37.335521 call       180     def close_all_connections(self):
IE_TRACE:                                 19:14:37.335614 line       181         while self._connections:
IE_TRACE:                                 19:14:37.335638 return     181         while self._connections:
IE_TRACE:                                 Return value:.. None
IE_TRACE:                             Source path:... /path/to/BugsInPy/workspace/tornado/tornado/gen.py
IE_TRACE:                             19:14:37.335668 exception  307                     yielded = next(result)
IE_TRACE:                             Exception:..... StopIteration
IE_TRACE:                             19:14:37.335733 line       314                 except (StopIteration, Return) as e:
IE_TRACE:                             New var:....... e = StopIteration()
IE_TRACE:                             19:14:37.335769 line       315                     future.set_result(_value_from_stopiteration(e))
IE_TRACE:                                 Starting var:.. e = StopIteration()
IE_TRACE:                                 19:14:37.335814 call       161 def _value_from_stopiteration(e):
IE_TRACE:                                 19:14:37.335842 line       162     try:
IE_TRACE:                                 19:14:37.335866 line       165         return e.value
IE_TRACE:                                 19:14:37.335887 return     165         return e.value
IE_TRACE:                                 Return value:.. None
IE_TRACE:                                 Source path:... /path/to/BugsInPy/workspace/tornado/tornado/concurrent.py
IE_TRACE:                                 Starting var:.. self = <tornado.concurrent.Future object at 0x7d269dd11610>
IE_TRACE:                                 Starting var:.. result = None
IE_TRACE:                                 19:14:37.335916 call       272     def set_result(self, result):
IE_TRACE:                                 19:14:37.335953 line       278         self._result = result
IE_TRACE:                                 19:14:37.335977 line       279         self._set_done()
IE_TRACE:                                     Starting var:.. self = <tornado.concurrent.Future object at 0x7d269dd11610>
IE_TRACE:                                     19:14:37.336002 call       321     def _set_done(self):
IE_TRACE:                                     19:14:37.336029 line       322         self._done = True
IE_TRACE:                                     19:14:37.336050 line       323         for cb in self._callbacks:
IE_TRACE:                                     19:14:37.336072 line       329         self._callbacks = None
IE_TRACE:                                     19:14:37.336094 return     329         self._callbacks = None
IE_TRACE:                                     Return value:.. None
IE_TRACE:                                 19:14:37.336122 return     279         self._set_done()
IE_TRACE:                                 Return value:.. None
IE_TRACE:                             Source path:... /path/to/BugsInPy/workspace/tornado/tornado/gen.py
IE_TRACE:                             19:14:37.336155 line       320                 yielded = None
IE_TRACE:                             New var:....... yielded = None
IE_TRACE:                             19:14:37.336194 line       321                 try:
IE_TRACE:                             19:14:37.336233 line       322                     return future
IE_TRACE:                             19:14:37.336266 line       332                     future = None
IE_TRACE:                             Modified var:.. future = None
IE_TRACE:                             19:14:37.336299 return     332                     future = None
IE_TRACE:                             Return value:.. <tornado.concurrent.Future object at 0x7d269dd11610>
IE_TRACE:                         Source path:... /path/to/BugsInPy/workspace/tornado/tornado/ioloop.py
IE_TRACE:                         New var:....... result = <tornado.concurrent.Future object at 0x7d269dd11610>
IE_TRACE:                         19:14:37.336345 line       437                 if result is not None:
IE_TRACE:                         19:14:37.336381 line       438                     from tornado.gen import convert_yielded
IE_TRACE:                         New var:....... convert_yielded = <function convert_yielded at 0x7d269e87e7a0>
IE_TRACE:                         19:14:37.336408 line       439                     result = convert_yielded(result)
IE_TRACE:                                 Source path:... /path/to/BugsInPy/workspace/tornado/tornado/gen.py
IE_TRACE:                                 Starting var:.. yielded = <tornado.concurrent.Future object at 0x7d269dd11610>
IE_TRACE:                                 19:14:37.336837 call      1259 def convert_yielded(yielded):
IE_TRACE:                                 19:14:37.336867 line      1274     if yielded is None:
IE_TRACE:                                 19:14:37.336888 line      1276     elif isinstance(yielded, (list, dict)):
IE_TRACE:                                 19:14:37.336908 line      1278     elif is_future(yielded):
IE_TRACE:                                     Source path:... /path/to/BugsInPy/workspace/tornado/tornado/concurrent.py
IE_TRACE:                                     Starting var:.. x = <tornado.concurrent.Future object at 0x7d269dd11610>
IE_TRACE:                                     19:14:37.336929 call       355 def is_future(x):
IE_TRACE:                                     19:14:37.336959 line       356     return isinstance(x, FUTURES)
IE_TRACE:                                     19:14:37.336979 return     356     return isinstance(x, FUTURES)
IE_TRACE:                                     Return value:.. True
IE_TRACE:                                 Source path:... /path/to/BugsInPy/workspace/tornado/tornado/gen.py
IE_TRACE:                                 19:14:37.337006 line      1279         return yielded
IE_TRACE:                                 19:14:37.337030 return    1279         return yielded
IE_TRACE:                                 Return value:.. <tornado.concurrent.Future object at 0x7d269dd11610>
IE_TRACE:                         Source path:... /path/to/BugsInPy/workspace/tornado/tornado/ioloop.py
IE_TRACE:                         19:14:37.337092 line       444                 if is_future(result):
IE_TRACE:                             Source path:... /path/to/BugsInPy/workspace/tornado/tornado/concurrent.py
IE_TRACE:                             Starting var:.. x = <tornado.concurrent.Future object at 0x7d269dd11610>
IE_TRACE:                             19:14:37.337124 call       355 def is_future(x):
IE_TRACE:                             19:14:37.337156 line       356     return isinstance(x, FUTURES)
IE_TRACE:                             19:14:37.337176 return     356     return isinstance(x, FUTURES)
IE_TRACE:                             Return value:.. True
IE_TRACE:                         Source path:... /path/to/BugsInPy/workspace/tornado/tornado/ioloop.py
IE_TRACE:                         19:14:37.337202 line       445                     future_cell[0] = result
IE_TRACE:                         Modified var:.. future_cell = [<tornado.concurrent.Future object at 0x7d269dd11610>]
IE_TRACE:                         19:14:37.337233 line       449             self.add_future(future_cell[0], lambda future: self.stop())
IE_TRACE:                             Starting var:.. self = <tornado.platform.epoll.EPollIOLoop object at 0x7d269de1f7d0>
IE_TRACE:                             Starting var:.. future = <tornado.concurrent.Future object at 0x7d269dd11610>
IE_TRACE:                             Starting var:.. callback = <function IOLoop.run_sync.<locals>.run.<locals>.<lambda> at 0x7d269db34b80>
IE_TRACE:                             19:14:37.337267 call       587     def add_future(self, future, callback):
IE_TRACE:                             19:14:37.337304 line       594         assert is_future(future)
IE_TRACE:                                 Source path:... /path/to/BugsInPy/workspace/tornado/tornado/concurrent.py
IE_TRACE:                                 Starting var:.. x = <tornado.concurrent.Future object at 0x7d269dd11610>
IE_TRACE:                                 19:14:37.337328 call       355 def is_future(x):
IE_TRACE:                                 19:14:37.337358 line       356     return isinstance(x, FUTURES)
IE_TRACE:                                 19:14:37.337377 return     356     return isinstance(x, FUTURES)
IE_TRACE:                                 Return value:.. True
IE_TRACE:                             Source path:... /path/to/BugsInPy/workspace/tornado/tornado/ioloop.py
IE_TRACE:                             19:14:37.337403 line       595         callback = stack_context.wrap(callback)
IE_TRACE:                                 Source path:... /path/to/BugsInPy/workspace/tornado/tornado/stack_context.py
IE_TRACE:                                 Starting var:.. fn = <function IOLoop.run_sync.<locals>.run.<locals>.<lambda> at 0x7d269db34b80>
IE_TRACE:                                 19:14:37.337434 call       255 def wrap(fn):
IE_TRACE:                                 19:14:37.337467 line       264     if fn is None or hasattr(fn, '_wrapped'):
IE_TRACE:                                 19:14:37.337489 line       269     cap_contexts = [_state.contexts]
IE_TRACE:                                 New var:....... cap_contexts = [((), <tornado.stack_context.ExceptionStackContext object at 0x7d269df683e0>)]
IE_TRACE:                                 19:14:37.337512 line       271     if not cap_contexts[0][0] and not cap_contexts[0][1]:
IE_TRACE:                                 19:14:37.337542 line       283     def wrapped(*args, **kwargs):
IE_TRACE:                                 New var:....... wrapped = <function wrap.<locals>.wrapped at 0x7d269db347c0>
IE_TRACE:                                 19:14:37.337566 line       350     wrapped._wrapped = True
IE_TRACE:                                 19:14:37.337597 line       351     return wrapped
IE_TRACE:                                 19:14:37.337622 return     351     return wrapped
IE_TRACE:                                 Return value:.. <function wrap.<locals>.wrapped at 0x7d269db347c0>
IE_TRACE:                             Source path:... /path/to/BugsInPy/workspace/tornado/tornado/ioloop.py
IE_TRACE:                             Modified var:.. callback = <function wrap.<locals>.wrapped at 0x7d269db347c0>
IE_TRACE:                             19:14:37.337652 line       596         future.add_done_callback(
IE_TRACE:                             19:14:37.337685 line       597             lambda future: self.add_callback(callback, future))
IE_TRACE:                             19:14:37.337708 line       596         future.add_done_callback(
IE_TRACE:                                 Source path:... /path/to/BugsInPy/workspace/tornado/tornado/concurrent.py
IE_TRACE:                                 Starting var:.. self = <tornado.concurrent.Future object at 0x7d269dd11610>
IE_TRACE:                                 Starting var:.. fn = <function IOLoop.add_future.<locals>.<lambda> at 0x7d269db354e0>
IE_TRACE:                                 19:14:37.337733 call       259     def add_done_callback(self, fn):
IE_TRACE:                                 19:14:37.337767 line       267         if self._done:
IE_TRACE:                                 19:14:37.337789 line       268             fn(self)
IE_TRACE:                                     Source path:... /path/to/BugsInPy/workspace/tornado/tornado/ioloop.py
IE_TRACE:                                     Starting var:.. future = <tornado.concurrent.Future object at 0x7d269dd11610>
IE_TRACE:                                     Starting var:.. callback = <function wrap.<locals>.wrapped at 0x7d269db347c0>
IE_TRACE:                                     Starting var:.. self = <tornado.platform.epoll.EPollIOLoop object at 0x7d269de1f7d0>
IE_TRACE:                                     19:14:37.337813 call       597             lambda future: self.add_callback(callback, future))
IE_TRACE:                                     19:14:37.337856 line       597             lambda future: self.add_callback(callback, future))
IE_TRACE:                                     19:14:37.337905 return     597             lambda future: self.add_callback(callback, future))
IE_TRACE:                                     Return value:.. None
IE_TRACE:                                 Source path:... /path/to/BugsInPy/workspace/tornado/tornado/concurrent.py
IE_TRACE:                                 19:14:37.337935 return     268             fn(self)
IE_TRACE:                                 Return value:.. None
IE_TRACE:                             Source path:... /path/to/BugsInPy/workspace/tornado/tornado/ioloop.py
IE_TRACE:                             19:14:37.337968 return     596         future.add_done_callback(
IE_TRACE:                             Return value:.. None
IE_TRACE:                         19:14:37.338002 return     449             self.add_future(future_cell[0], lambda future: self.stop())
IE_TRACE:                         Return value:.. None
IE_TRACE:                     Source path:... /path/to/BugsInPy/workspace/tornado/tornado/stack_context.py
IE_TRACE:                     19:14:37.338035 line       322             if top is not None:
IE_TRACE:                     19:14:37.338079 line       326                 while last_ctx > 0:
IE_TRACE:                     19:14:37.338115 line       337                     top = None
IE_TRACE:                     19:14:37.338154 line       340                 if top is not None:
IE_TRACE:                     19:14:37.338189 line       344             if exc != (None, None, None):
IE_TRACE:                     19:14:37.338224 line       347             _state.contexts = current_state
IE_TRACE:                     19:14:37.338259 line       348         return ret
IE_TRACE:                     19:14:37.338293 return     348         return ret
IE_TRACE:                     Return value:.. None
IE_TRACE:                 Source path:... /path/to/BugsInPy/workspace/tornado/tornado/ioloop.py
IE_TRACE:                 New var:....... ret = None
IE_TRACE:                 19:14:37.338335 line       606             if ret is not None:
IE_TRACE:                 19:14:37.338367 return     606             if ret is not None:
IE_TRACE:                 Return value:.. None
IE_TRACE:             19:14:37.338396 line       831                 for i in range(ncallbacks):
IE_TRACE:             19:14:37.338429 line       833                 for timeout in due_timeouts:
IE_TRACE:             19:14:37.338459 line       838                 due_timeouts = timeout = None
IE_TRACE:             Modified var:.. due_timeouts = None
IE_TRACE:             New var:....... timeout = None
IE_TRACE:             19:14:37.338488 line       840                 if self._callbacks:
IE_TRACE:             19:14:37.338528 line       843                     poll_timeout = 0.0
IE_TRACE:             New var:....... poll_timeout = 0.0
IE_TRACE:             19:14:37.338558 line       854                 if not self._running:
IE_TRACE:             19:14:37.338594 line       857                 if self._blocking_signal_threshold is not None:
IE_TRACE:             19:14:37.338625 line       862                 try:
IE_TRACE:             19:14:37.338655 line       863                     event_pairs = self._impl.poll(poll_timeout)
IE_TRACE:             New var:....... event_pairs = [(4, 1)]
IE_TRACE:             19:14:37.338688 line       875                 if self._blocking_signal_threshold is not None:
IE_TRACE:             19:14:37.338725 line       883                 self._events.update(event_pairs)
IE_TRACE:             19:14:37.338758 line       884                 while self._events:
IE_TRACE:             19:14:37.338790 line       885                     fd, events = self._events.popitem()
IE_TRACE:             New var:....... fd = 4
IE_TRACE:             New var:....... events = 1
IE_TRACE:             19:14:37.338822 line       886                     try:
IE_TRACE:             19:14:37.338866 line       887                         fd_obj, handler_func = self._handlers[fd]
IE_TRACE:             New var:....... fd_obj = 4
IE_TRACE:             New var:....... handler_func = <function wrap.<locals>.wrapped at 0x7d269ea6f1a0>
IE_TRACE:             19:14:37.338901 line       888                         handler_func(fd_obj, events)
IE_TRACE:                 Source path:... /path/to/BugsInPy/workspace/tornado/tornado/stack_context.py
IE_TRACE:                 Starting var:.. args = (4, 1)
IE_TRACE:                 Starting var:.. kwargs = {}
IE_TRACE:                 Starting var:.. cap_contexts = [((), <tornado.stack_context.ExceptionStackContext object at 0x7d269df683e0>)]
IE_TRACE:                 Starting var:.. fn = <function PollIOLoop.initialize.<locals>.<lambda> at 0x7d269f7ca340>
IE_TRACE:                 19:14:37.338949 call       283     def wrapped(*args, **kwargs):
IE_TRACE:                 19:14:37.338998 line       284         ret = None
IE_TRACE:                 New var:....... ret = None
IE_TRACE:                 19:14:37.339024 line       285         try:
IE_TRACE:                 19:14:37.339056 line       287             current_state = _state.contexts
IE_TRACE:                 New var:....... current_state = ((), <tornado.stack_context.ExceptionStackContext object at 0x7d269df683e0>)
IE_TRACE:                 19:14:37.339083 line       290             cap_contexts[0] = contexts = _remove_deactivated(cap_contexts[0])
IE_TRACE:                     Starting var:.. contexts = ((), <tornado.stack_context.ExceptionStackContext object at 0x7d269df683e0>)
IE_TRACE:                     19:14:37.339118 call       229 def _remove_deactivated(contexts):
IE_TRACE:                     19:14:37.339147 line       232     stack_contexts = tuple([h for h in contexts[0] if h.active])
IE_TRACE:                     New var:....... stack_contexts = ()
IE_TRACE:                     19:14:37.339168 line       235     head = contexts[1]
IE_TRACE:                     New var:....... head = <tornado.stack_context.ExceptionStackContext object at 0x7d269df683e0>
IE_TRACE:                     19:14:37.339195 line       236     while head is not None and not head.active:
IE_TRACE:                     19:14:37.339223 line       240     ctx = head
IE_TRACE:                     New var:....... ctx = <tornado.stack_context.ExceptionStackContext object at 0x7d269df683e0>
IE_TRACE:                     19:14:37.339246 line       241     while ctx is not None:
IE_TRACE:                     19:14:37.339275 line       242         parent = ctx.old_contexts[1]
IE_TRACE:                     New var:....... parent = None
IE_TRACE:                     19:14:37.339299 line       244         while parent is not None:
IE_TRACE:                     19:14:37.339328 line       250         ctx = parent
IE_TRACE:                     Modified var:.. ctx = None
IE_TRACE:                     19:14:37.339353 line       241     while ctx is not None:
IE_TRACE:                     19:14:37.339382 line       252     return (stack_contexts, head)
IE_TRACE:                     19:14:37.339407 return     252     return (stack_contexts, head)
IE_TRACE:                     Return value:.. ((), <tornado.stack_context.ExceptionStackContext object at 0x7d269df683e0>)
IE_TRACE:                 New var:....... contexts = ((), <tornado.stack_context.ExceptionStackContext object at 0x7d269df683e0>)
IE_TRACE:                 19:14:37.339440 line       293             _state.contexts = contexts
IE_TRACE:                 19:14:37.339475 line       296             exc = (None, None, None)
IE_TRACE:                 New var:....... exc = (None, None, None)
IE_TRACE:                 19:14:37.339506 line       297             top = None
IE_TRACE:                 New var:....... top = None
IE_TRACE:                 19:14:37.339541 line       300             last_ctx = 0
IE_TRACE:                 New var:....... last_ctx = 0
IE_TRACE:                 19:14:37.339578 line       301             stack = contexts[0]
IE_TRACE:                 New var:....... stack = ()
IE_TRACE:                 19:14:37.339616 line       304             for n in stack:
IE_TRACE:                 19:14:37.339656 line       314             if top is None:
IE_TRACE:                 19:14:37.339690 line       315                 try:
IE_TRACE:                 19:14:37.339724 line       316                     ret = fn(*args, **kwargs)
IE_TRACE:                     Source path:... /path/to/BugsInPy/workspace/tornado/tornado/ioloop.py
IE_TRACE:                     Starting var:.. fd = 4
IE_TRACE:                     Starting var:.. events = 1
IE_TRACE:                     Starting var:.. self = <tornado.platform.epoll.EPollIOLoop object at 0x7d269de1f7d0>
IE_TRACE:                     19:14:37.339760 call       711                          lambda fd, events: self._waker.consume(),
IE_TRACE:                     19:14:37.339801 line       711                          lambda fd, events: self._waker.consume(),
IE_TRACE:                         Source path:... /path/to/BugsInPy/workspace/tornado/tornado/platform/posix.py
IE_TRACE:                         Starting var:.. self = <tornado.platform.posix.Waker object at 0x7d269dfedd30>
IE_TRACE:                         19:14:37.339827 call        59     def consume(self):
IE_TRACE:                         19:14:37.339858 line        60         try:
IE_TRACE:                         19:14:37.339878 line        61             while True:
IE_TRACE:                         19:14:37.339897 line        62                 result = self.reader.read()
IE_TRACE:                         New var:....... result = b'x'
IE_TRACE:                         19:14:37.339922 line        63                 if not result:
IE_TRACE:                         19:14:37.339947 line        61             while True:
IE_TRACE:                         19:14:37.339968 line        62                 result = self.reader.read()
IE_TRACE:                         Modified var:.. result = None
IE_TRACE:                         19:14:37.339990 line        63                 if not result:
IE_TRACE:                         19:14:37.340014 line        64                     break
IE_TRACE:                         19:14:37.340034 return      64                     break
IE_TRACE:                         Return value:.. None
IE_TRACE:                     Source path:... /path/to/BugsInPy/workspace/tornado/tornado/ioloop.py
IE_TRACE:                     19:14:37.340060 return     711                          lambda fd, events: self._waker.consume(),
IE_TRACE:                     Return value:.. None
IE_TRACE:                 Source path:... /path/to/BugsInPy/workspace/tornado/tornado/stack_context.py
IE_TRACE:                 19:14:37.340093 line       322             if top is not None:
IE_TRACE:                 19:14:37.340136 line       326                 while last_ctx > 0:
IE_TRACE:                 19:14:37.340170 line       337                     top = None
IE_TRACE:                 19:14:37.340204 line       340                 if top is not None:
IE_TRACE:                 19:14:37.340238 line       344             if exc != (None, None, None):
IE_TRACE:                 19:14:37.340272 line       347             _state.contexts = current_state
IE_TRACE:                 19:14:37.340306 line       348         return ret
IE_TRACE:                 19:14:37.340340 return     348         return ret
IE_TRACE:                 Return value:.. None
IE_TRACE:             Source path:... /path/to/BugsInPy/workspace/tornado/tornado/ioloop.py
IE_TRACE:             19:14:37.340380 line       884                 while self._events:
IE_TRACE:             19:14:37.340424 line       897                 fd_obj = handler_func = None
IE_TRACE:             Modified var:.. fd_obj = None
IE_TRACE:             Modified var:.. handler_func = None
IE_TRACE:             19:14:37.340462 line       799             while True:
IE_TRACE:             19:14:37.340508 line       802                 ncallbacks = len(self._callbacks)
IE_TRACE:             19:14:37.340545 line       808                 due_timeouts = []
IE_TRACE:             Modified var:.. due_timeouts = []
IE_TRACE:             19:14:37.340581 line       809                 if self._timeouts:
IE_TRACE:             19:14:37.340623 line       810                     now = self.time()
IE_TRACE:                 Starting var:.. self = <tornado.platform.epoll.EPollIOLoop object at 0x7d269de1f7d0>
IE_TRACE:                 19:14:37.340660 call       913     def time(self):
IE_TRACE:                 19:14:37.340682 line       914         return self.time_func()
IE_TRACE:                 19:14:37.340700 return     914         return self.time_func()
IE_TRACE:                 Return value:.. 1779889477.340694
IE_TRACE:             Modified var:.. now = 1779889477.340694
IE_TRACE:             19:14:37.340724 line       811                     while self._timeouts:
IE_TRACE:             19:14:37.340766 line       812                         if self._timeouts[0].callback is None:
IE_TRACE:             19:14:37.340802 line       818                         elif self._timeouts[0].deadline <= now:
IE_TRACE:             19:14:37.340838 line       821                             break
IE_TRACE:             19:14:37.340875 line       822                     if (self._cancellations > 512 and
IE_TRACE:             19:14:37.340911 line       831                 for i in range(ncallbacks):
IE_TRACE:             19:14:37.340947 line       832                     self._run_callback(self._callbacks.popleft())
IE_TRACE:                 Starting var:.. self = <tornado.platform.epoll.EPollIOLoop object at 0x7d269de1f7d0>
IE_TRACE:                 Starting var:.. callback = functools.partial(<function wrap.<locals>.wrapped at 0x7d269db347c0>, <tornado.concurrent.Future object at 0x7d269dd11610>)
IE_TRACE:                 19:14:37.340984 call       599     def _run_callback(self, callback):
IE_TRACE:                 19:14:37.341016 line       604         try:
IE_TRACE:                 19:14:37.341037 line       605             ret = callback()
IE_TRACE:                     Source path:... /path/to/BugsInPy/workspace/tornado/tornado/stack_context.py
IE_TRACE:                     Starting var:.. args = (<tornado.concurrent.Future object at 0x7d269dd11610>,)
IE_TRACE:                     Starting var:.. kwargs = {}
IE_TRACE:                     Starting var:.. cap_contexts = [((), <tornado.stack_context.ExceptionStackContext object at 0x7d269df683e0>)]
IE_TRACE:                     Starting var:.. fn = <function IOLoop.run_sync.<locals>.run.<locals>.<lambda> at 0x7d269db34b80>
IE_TRACE:                     19:14:37.341059 call       283     def wrapped(*args, **kwargs):
IE_TRACE:                     19:14:37.341108 line       284         ret = None
IE_TRACE:                     New var:....... ret = None
IE_TRACE:                     19:14:37.341137 line       285         try:
IE_TRACE:                     19:14:37.341169 line       287             current_state = _state.contexts
IE_TRACE:                     New var:....... current_state = ((), <tornado.stack_context.ExceptionStackContext object at 0x7d269df683e0>)
IE_TRACE:                     19:14:37.341196 line       290             cap_contexts[0] = contexts = _remove_deactivated(cap_contexts[0])
IE_TRACE:                         Starting var:.. contexts = ((), <tornado.stack_context.ExceptionStackContext object at 0x7d269df683e0>)
IE_TRACE:                         19:14:37.341231 call       229 def _remove_deactivated(contexts):
IE_TRACE:                         19:14:37.341258 line       232     stack_contexts = tuple([h for h in contexts[0] if h.active])
IE_TRACE:                         New var:....... stack_contexts = ()
IE_TRACE:                         19:14:37.341281 line       235     head = contexts[1]
IE_TRACE:                         New var:....... head = <tornado.stack_context.ExceptionStackContext object at 0x7d269df683e0>
IE_TRACE:                         19:14:37.341308 line       236     while head is not None and not head.active:
IE_TRACE:                         19:14:37.341337 line       240     ctx = head
IE_TRACE:                         New var:....... ctx = <tornado.stack_context.ExceptionStackContext object at 0x7d269df683e0>
IE_TRACE:                         19:14:37.341361 line       241     while ctx is not None:
IE_TRACE:                         19:14:37.341390 line       242         parent = ctx.old_contexts[1]
IE_TRACE:                         New var:....... parent = None
IE_TRACE:                         19:14:37.341415 line       244         while parent is not None:
IE_TRACE:                         19:14:37.341445 line       250         ctx = parent
IE_TRACE:                         Modified var:.. ctx = None
IE_TRACE:                         19:14:37.341471 line       241     while ctx is not None:
IE_TRACE:                         19:14:37.341501 line       252     return (stack_contexts, head)
IE_TRACE:                         19:14:37.341526 return     252     return (stack_contexts, head)
IE_TRACE:                         Return value:.. ((), <tornado.stack_context.ExceptionStackContext object at 0x7d269df683e0>)
IE_TRACE:                     New var:....... contexts = ((), <tornado.stack_context.ExceptionStackContext object at 0x7d269df683e0>)
IE_TRACE:                     19:14:37.341558 line       293             _state.contexts = contexts
IE_TRACE:                     19:14:37.341594 line       296             exc = (None, None, None)
IE_TRACE:                     New var:....... exc = (None, None, None)
IE_TRACE:                     19:14:37.341625 line       297             top = None
IE_TRACE:                     New var:....... top = None
IE_TRACE:                     19:14:37.341661 line       300             last_ctx = 0
IE_TRACE:                     New var:....... last_ctx = 0
IE_TRACE:                     19:14:37.341699 line       301             stack = contexts[0]
IE_TRACE:                     New var:....... stack = ()
IE_TRACE:                     19:14:37.341738 line       304             for n in stack:
IE_TRACE:                     19:14:37.341778 line       314             if top is None:
IE_TRACE:                     19:14:37.341813 line       315                 try:
IE_TRACE:                     19:14:37.341848 line       316                     ret = fn(*args, **kwargs)
IE_TRACE:                         Source path:... /path/to/BugsInPy/workspace/tornado/tornado/ioloop.py
IE_TRACE:                         Starting var:.. future = <tornado.concurrent.Future object at 0x7d269dd11610>
IE_TRACE:                         Starting var:.. self = <tornado.platform.epoll.EPollIOLoop object at 0x7d269de1f7d0>
IE_TRACE:                         19:14:37.341884 call       449             self.add_future(future_cell[0], lambda future: self.stop())
IE_TRACE:                         19:14:37.341921 line       449             self.add_future(future_cell[0], lambda future: self.stop())
IE_TRACE:                             Starting var:.. self = <tornado.platform.epoll.EPollIOLoop object at 0x7d269de1f7d0>
IE_TRACE:                             19:14:37.341945 call       908     def stop(self):
IE_TRACE:                             19:14:37.341970 line       909         self._running = False
IE_TRACE:                             19:14:37.341990 line       910         self._stopped = True
IE_TRACE:                             19:14:37.342009 line       911         self._waker.wake()
IE_TRACE:                                 Source path:... /path/to/BugsInPy/workspace/tornado/tornado/platform/posix.py
IE_TRACE:                                 Starting var:.. self = <tornado.platform.posix.Waker object at 0x7d269dfedd30>
IE_TRACE:                                 19:14:37.342031 call        53     def wake(self):
IE_TRACE:                                 19:14:37.342061 line        54         try:
IE_TRACE:                                 19:14:37.342081 line        55             self.writer.write(b"x")
IE_TRACE:                                 19:14:37.342101 return      55             self.writer.write(b"x")
IE_TRACE:                                 Return value:.. None
IE_TRACE:                             Source path:... /path/to/BugsInPy/workspace/tornado/tornado/ioloop.py
IE_TRACE:                             19:14:37.342130 return     911         self._waker.wake()
IE_TRACE:                             Return value:.. None
IE_TRACE:                         19:14:37.342160 return     449             self.add_future(future_cell[0], lambda future: self.stop())
IE_TRACE:                         Return value:.. None
IE_TRACE:                     Source path:... /path/to/BugsInPy/workspace/tornado/tornado/stack_context.py
IE_TRACE:                     19:14:37.342187 line       322             if top is not None:
IE_TRACE:                     19:14:37.342228 line       326                 while last_ctx > 0:
IE_TRACE:                     19:14:37.342263 line       337                     top = None
IE_TRACE:                     19:14:37.342299 line       340                 if top is not None:
IE_TRACE:                     19:14:37.342334 line       344             if exc != (None, None, None):
IE_TRACE:                     19:14:37.342369 line       347             _state.contexts = current_state
IE_TRACE:                     19:14:37.342404 line       348         return ret
IE_TRACE:                     19:14:37.342439 return     348         return ret
IE_TRACE:                     Return value:.. None
IE_TRACE:                 Source path:... /path/to/BugsInPy/workspace/tornado/tornado/ioloop.py
IE_TRACE:                 New var:....... ret = None
IE_TRACE:                 19:14:37.342480 line       606             if ret is not None:
IE_TRACE:                 19:14:37.342511 return     606             if ret is not None:
IE_TRACE:                 Return value:.. None
IE_TRACE:             19:14:37.342539 line       831                 for i in range(ncallbacks):
IE_TRACE:             19:14:37.342577 line       833                 for timeout in due_timeouts:
IE_TRACE:             19:14:37.342614 line       838                 due_timeouts = timeout = None
IE_TRACE:             Modified var:.. due_timeouts = None
IE_TRACE:             19:14:37.342650 line       840                 if self._callbacks:
IE_TRACE:             19:14:37.342691 line       844                 elif self._timeouts:
IE_TRACE:             19:14:37.342727 line       848                     poll_timeout = self._timeouts[0].deadline - self.time()
IE_TRACE:                 Starting var:.. self = <tornado.platform.epoll.EPollIOLoop object at 0x7d269de1f7d0>
IE_TRACE:                 19:14:37.342764 call       913     def time(self):
IE_TRACE:                 19:14:37.342786 line       914         return self.time_func()
IE_TRACE:                 19:14:37.342803 return     914         return self.time_func()
IE_TRACE:                 Return value:.. 1779889477.3427975
IE_TRACE:             Modified var:.. poll_timeout = 4.987168788909912
IE_TRACE:             19:14:37.342827 line       849                     poll_timeout = max(0, min(poll_timeout, _POLL_TIMEOUT))
IE_TRACE:             19:14:37.342870 line       854                 if not self._running:
IE_TRACE:             19:14:37.342908 line       855                     break
IE_TRACE:             19:14:37.342944 line       901             self._stopped = False
IE_TRACE:             19:14:37.342981 line       902             if self._blocking_signal_threshold is not None:
IE_TRACE:             19:14:37.343017 line       904             IOLoop._current.instance = old_current
IE_TRACE:             19:14:37.343054 line       905             if old_wakeup_fd is not None:
IE_TRACE:             19:14:37.343090 line       906                 signal.set_wakeup_fd(old_wakeup_fd)
IE_TRACE:             19:14:37.343135 return     906                 signal.set_wakeup_fd(old_wakeup_fd)
IE_TRACE:             Return value:.. None
IE_TRACE:         Modified var:.. future_cell = [<tornado.concurrent.Future object at 0x7d269dd11610>]
IE_TRACE:         19:14:37.343179 line       454         if timeout is not None:
IE_TRACE:         19:14:37.343209 line       455             self.remove_timeout(timeout_handle)
IE_TRACE:             Starting var:.. self = <tornado.platform.epoll.EPollIOLoop object at 0x7d269de1f7d0>
IE_TRACE:             Starting var:.. timeout = <tornado.ioloop._Timeout object at 0x7d269db9f1c0>
IE_TRACE:             19:14:37.343234 call       924     def remove_timeout(self, timeout):
IE_TRACE:             19:14:37.343260 line       930         timeout.callback = None
IE_TRACE:             19:14:37.343277 line       931         self._cancellations += 1
IE_TRACE:             19:14:37.343294 return     931         self._cancellations += 1
IE_TRACE:             Return value:.. None
IE_TRACE:         19:14:37.343316 line       456         if not future_cell[0].done():
IE_TRACE:             Source path:... /path/to/BugsInPy/workspace/tornado/tornado/concurrent.py
IE_TRACE:             Starting var:.. self = <tornado.concurrent.Future object at 0x7d269dd11610>
IE_TRACE:             19:14:37.343340 call       215     def done(self):
IE_TRACE:             19:14:37.343365 line       217         return self._done
IE_TRACE:             19:14:37.343380 return     217         return self._done
IE_TRACE:             Return value:.. True
IE_TRACE:         Source path:... /path/to/BugsInPy/workspace/tornado/tornado/ioloop.py
IE_TRACE:         19:14:37.343401 line       458         return future_cell[0].result()
IE_TRACE:             Source path:... /path/to/BugsInPy/workspace/tornado/tornado/concurrent.py
IE_TRACE:             Starting var:.. self = <tornado.concurrent.Future object at 0x7d269dd11610>
IE_TRACE:             Starting var:.. timeout = None
IE_TRACE:             19:14:37.343431 call       225     def result(self, timeout=None):
IE_TRACE:             19:14:37.343461 line       233         self._clear_tb_log()
IE_TRACE:                 Starting var:.. self = <tornado.concurrent.Future object at 0x7d269dd11610>
IE_TRACE:                 19:14:37.343479 call       219     def _clear_tb_log(self):
IE_TRACE:                 19:14:37.343498 line       220         self._log_traceback = False
IE_TRACE:                 19:14:37.343513 line       221         if self._tb_logger is not None:
IE_TRACE:                 19:14:37.343527 return     221         if self._tb_logger is not None:
IE_TRACE:                 Return value:.. None
IE_TRACE:             19:14:37.343548 line       234         if self._result is not None:
IE_TRACE:             19:14:37.343563 line       236         if self._exc_info is not None:
IE_TRACE:             19:14:37.343578 line       241         self._check_done()
IE_TRACE:                 Starting var:.. self = <tornado.concurrent.Future object at 0x7d269dd11610>
IE_TRACE:                 19:14:37.343594 call       317     def _check_done(self):
IE_TRACE:                 19:14:37.343613 line       318         if not self._done:
IE_TRACE:                 19:14:37.343628 return     318         if not self._done:
IE_TRACE:                 Return value:.. None
IE_TRACE:             19:14:37.343647 line       242         return self._result
IE_TRACE:             19:14:37.343662 return     242         return self._result
IE_TRACE:             Return value:.. None
IE_TRACE:         Source path:... /path/to/BugsInPy/workspace/tornado/tornado/ioloop.py
IE_TRACE:         19:14:37.343684 return     458         return future_cell[0].result()
IE_TRACE:         Return value:.. None
IE_TRACE:         Source path:... /path/to/BugsInPy/workspace/tornado/tornado/concurrent.py
IE_TRACE:         Starting var:.. self = <tornado.concurrent.Future object at 0x7d269dd11610>
IE_TRACE:         Starting var:.. is_finalizing = <built-in function is_finalizing>
IE_TRACE:         19:14:37.343719 call       335         def __del__(self, is_finalizing=is_finalizing):
IE_TRACE:         19:14:37.343752 line       336             if is_finalizing() or not self._log_traceback:
IE_TRACE:         19:14:37.343768 line       339                 return
IE_TRACE:         19:14:37.343784 return     339                 return
IE_TRACE:         Return value:.. None
IE_TRACE:     Source path:... /path/to/BugsInPy/workspace/tornado/tornado/testing.py
IE_TRACE:     19:14:37.343806 line       433         if (not IOLoop.initialized() or
IE_TRACE:         Source path:... /path/to/BugsInPy/workspace/tornado/tornado/ioloop.py
IE_TRACE:         19:14:37.343832 call       166     def initialized():
IE_TRACE:         19:14:37.343853 line       168         return hasattr(IOLoop, "_instance")
IE_TRACE:         19:14:37.343866 return     168         return hasattr(IOLoop, "_instance")
IE_TRACE:         Return value:.. False
IE_TRACE:     Source path:... /path/to/BugsInPy/workspace/tornado/tornado/testing.py
IE_TRACE:     19:14:37.343885 line       435             self.http_client.close()
IE_TRACE:         Source path:... /path/to/BugsInPy/workspace/tornado/tornado/simple_httpclient.py
IE_TRACE:         Starting var:.. self = <tornado.simple_httpclient.SimpleAsyncHTTPClient object at 0x7d269ea75160>
IE_TRACE:         Starting var:.. __class__ = <class 'tornado.simple_httpclient.SimpleAsyncHTTPClient'>
IE_TRACE:         19:14:37.343909 call       117     def close(self):
IE_TRACE:         19:14:37.343940 line       118         super(SimpleAsyncHTTPClient, self).close()
IE_TRACE:             Source path:... /path/to/BugsInPy/workspace/tornado/tornado/httpclient.py
IE_TRACE:             Starting var:.. self = <tornado.simple_httpclient.SimpleAsyncHTTPClient object at 0x7d269ea75160>
IE_TRACE:             19:14:37.343962 call       185     def close(self):
IE_TRACE:             19:14:37.343987 line       198         if self._closed:
IE_TRACE:             19:14:37.344000 line       200         self._closed = True
IE_TRACE:             19:14:37.344014 line       201         if self._instance_cache is not None:
IE_TRACE:             19:14:37.344028 line       202             if self._instance_cache.get(self.io_loop) is not self:
IE_TRACE:             Source path:... /path/to/BugsInPy/workspace/tornado/tornado/httpclient.py
IE_TRACE:             19:14:37.344130 line       204             del self._instance_cache[self.io_loop]
IE_TRACE:             Source path:... /path/to/BugsInPy/workspace/tornado/tornado/httpclient.py
IE_TRACE:             19:14:37.344236 return     204             del self._instance_cache[self.io_loop]
IE_TRACE:             Return value:.. None
IE_TRACE:         Source path:... /path/to/BugsInPy/workspace/tornado/tornado/simple_httpclient.py
IE_TRACE:         19:14:37.344261 line       119         if self.own_resolver:
IE_TRACE:         19:14:37.344281 line       120             self.resolver.close()
IE_TRACE:             Source path:... /path/to/BugsInPy/workspace/tornado/tornado/netutil.py
IE_TRACE:             Starting var:.. self = <tornado.netutil.BlockingResolver object at 0x7d269ea74fb0>
IE_TRACE:             19:14:37.344298 call       378     def close(self):
IE_TRACE:             19:14:37.344321 line       379         if self.close_executor:
IE_TRACE:             19:14:37.344335 line       381         self.executor = None
IE_TRACE:             19:14:37.344349 return     381         self.executor = None
IE_TRACE:             Return value:.. None
IE_TRACE:         Source path:... /path/to/BugsInPy/workspace/tornado/tornado/simple_httpclient.py
IE_TRACE:         19:14:37.344367 line       121         self.tcp_client.close()
IE_TRACE:             Source path:... /path/to/BugsInPy/workspace/tornado/tornado/tcpclient.py
IE_TRACE:             Starting var:.. self = <tornado.tcpclient.TCPClient object at 0x7d269ea75280>
IE_TRACE:             19:14:37.344388 call       152     def close(self):
IE_TRACE:             19:14:37.344411 line       153         if self._own_resolver:
IE_TRACE:             19:14:37.344423 return     153         if self._own_resolver:
IE_TRACE:             Return value:.. None
IE_TRACE:         Source path:... /path/to/BugsInPy/workspace/tornado/tornado/simple_httpclient.py
IE_TRACE:         19:14:37.344442 return     121         self.tcp_client.close()
IE_TRACE:         Return value:.. None
IE_TRACE:     Source path:... /path/to/BugsInPy/workspace/tornado/tornado/testing.py
IE_TRACE:     19:14:37.344466 line       436         super(AsyncHTTPTestCase, self).tearDown()
IE_TRACE:         Starting var:.. self = <tornado.test.websocket_test.WebSocketTest testMethod=test_render_message>
IE_TRACE:         Starting var:.. __class__ = <class 'tornado.testing.AsyncTestCase'>
IE_TRACE:         19:14:37.344491 call       234     def tearDown(self):
IE_TRACE:         19:14:37.344517 line       236         Subprocess.uninitialize()
IE_TRACE:             Source path:... /path/to/BugsInPy/workspace/tornado/tornado/process.py
IE_TRACE:             Starting var:.. cls = <class 'tornado.process.Subprocess'>
IE_TRACE:             19:14:37.344536 call       326     def uninitialize(cls):
IE_TRACE:             19:14:37.344632 line       328         if not cls._initialized:
IE_TRACE:             19:14:37.344648 line       329             return
IE_TRACE:             19:14:37.344662 return     329             return
IE_TRACE:             Return value:.. None
IE_TRACE:         Source path:... /path/to/BugsInPy/workspace/tornado/tornado/testing.py
IE_TRACE:         19:14:37.344681 line       237         self.io_loop.clear_current()
IE_TRACE:             Source path:... /path/to/BugsInPy/workspace/tornado/tornado/ioloop.py
IE_TRACE:             19:14:37.344704 call       233     def clear_current():
IE_TRACE:             19:14:37.344723 line       234         IOLoop._current.instance = None
IE_TRACE:             19:14:37.344736 return     234         IOLoop._current.instance = None
IE_TRACE:             Return value:.. None
IE_TRACE:         Source path:... /path/to/BugsInPy/workspace/tornado/tornado/testing.py
IE_TRACE:         19:14:37.344755 line       238         if (not IOLoop.initialized() or
IE_TRACE:             Source path:... /path/to/BugsInPy/workspace/tornado/tornado/ioloop.py
IE_TRACE:             19:14:37.344775 call       166     def initialized():
IE_TRACE:             19:14:37.344792 line       168         return hasattr(IOLoop, "_instance")
IE_TRACE:             19:14:37.344804 return     168         return hasattr(IOLoop, "_instance")
IE_TRACE:             Return value:.. False
IE_TRACE:         Source path:... /path/to/BugsInPy/workspace/tornado/tornado/testing.py
IE_TRACE:         19:14:37.344822 line       244             self.io_loop.close(all_fds=True)
IE_TRACE:             Source path:... /path/to/BugsInPy/workspace/tornado/tornado/ioloop.py
IE_TRACE:             Starting var:.. self = <tornado.platform.epoll.EPollIOLoop object at 0x7d269de1f7d0>
IE_TRACE:             Starting var:.. all_fds = True
IE_TRACE:             19:14:37.344847 call       714     def close(self, all_fds=False):
IE_TRACE:             19:14:37.344880 line       715         self._closing = True
IE_TRACE:             19:14:37.344896 line       716         self.remove_handler(self._waker.fileno())
IE_TRACE:                 Source path:... /path/to/BugsInPy/workspace/tornado/tornado/platform/posix.py
IE_TRACE:                 Starting var:.. self = <tornado.platform.posix.Waker object at 0x7d269dfedd30>
IE_TRACE:                 19:14:37.344913 call        47     def fileno(self):
IE_TRACE:                 19:14:37.344938 line        48         return self.reader.fileno()
IE_TRACE:                 19:14:37.344952 return      48         return self.reader.fileno()
IE_TRACE:                 Return value:.. 4
IE_TRACE:                 Source path:... /path/to/BugsInPy/workspace/tornado/tornado/ioloop.py
IE_TRACE:                 Starting var:.. self = <tornado.platform.epoll.EPollIOLoop object at 0x7d269de1f7d0>
IE_TRACE:                 Starting var:.. fd = 4
IE_TRACE:                 19:14:37.344973 call       734     def remove_handler(self, fd):
IE_TRACE:                 19:14:37.345003 line       735         fd, obj = self.split_fd(fd)
IE_TRACE:                     Starting var:.. self = <tornado.platform.epoll.EPollIOLoop object at 0x7d269de1f7d0>
IE_TRACE:                     Starting var:.. fd = 4
IE_TRACE:                     19:14:37.345020 call       640     def split_fd(self, fd):
IE_TRACE:                     19:14:37.345044 line       656         try:
IE_TRACE:                     19:14:37.345060 line       657             return fd.fileno(), fd
IE_TRACE:                     19:14:37.345077 exception  657             return fd.fileno(), fd
IE_TRACE:                     Exception:..... AttributeError: 'int' object has no attribute 'fileno'
IE_TRACE:                     19:14:37.345606 line       658         except AttributeError:
IE_TRACE:                     19:14:37.345628 line       659             return fd, fd
IE_TRACE:                     19:14:37.345646 return     659             return fd, fd
IE_TRACE:                     Return value:.. (4, 4)
IE_TRACE:                 New var:....... obj = 4
IE_TRACE:                 19:14:37.345671 line       736         self._handlers.pop(fd, None)
IE_TRACE:                 19:14:37.345696 line       737         self._events.pop(fd, None)
IE_TRACE:                 19:14:37.345715 line       738         try:
IE_TRACE:                 19:14:37.345733 line       739             self._impl.unregister(fd)
IE_TRACE:                 19:14:37.345753 return     739             self._impl.unregister(fd)
IE_TRACE:                 Return value:.. None
IE_TRACE:             19:14:37.345776 line       717         if all_fds:
IE_TRACE:             19:14:37.345793 line       718             for fd, handler in list(self._handlers.values()):
IE_TRACE:             19:14:37.345811 line       720         self._waker.close()
IE_TRACE:                 Source path:... /path/to/BugsInPy/workspace/tornado/tornado/platform/posix.py
IE_TRACE:                 Starting var:.. self = <tornado.platform.posix.Waker object at 0x7d269dfedd30>
IE_TRACE:                 19:14:37.345830 call        68     def close(self):
IE_TRACE:                 19:14:37.345856 line        69         self.reader.close()
IE_TRACE:                 19:14:37.345873 line        70         common.try_close(self.writer)
IE_TRACE:                     Source path:... /path/to/BugsInPy/workspace/tornado/tornado/platform/common.py
IE_TRACE:                     Starting var:.. f = <_io.FileIO name=5 mode='wb' closefd=True>
IE_TRACE:                     19:14:37.345895 call        12 def try_close(f):
IE_TRACE:                     19:14:37.345969 line        15     for i in range(10):
IE_TRACE:                     New var:....... i = 0
IE_TRACE:                     19:14:37.345986 line        16         try:
IE_TRACE:                     19:14:37.346008 line        17             f.close()
IE_TRACE:                     Modified var:.. f = <_io.FileIO [closed]>
IE_TRACE:                     19:14:37.346031 line        22             break
IE_TRACE:                     19:14:37.346052 line        24     f.close()
IE_TRACE:                     19:14:37.346068 return      24     f.close()
IE_TRACE:                     Return value:.. None
IE_TRACE:                 Source path:... /path/to/BugsInPy/workspace/tornado/tornado/platform/posix.py
IE_TRACE:                 19:14:37.346089 return      70         common.try_close(self.writer)
IE_TRACE:                 Return value:.. None
IE_TRACE:             Source path:... /path/to/BugsInPy/workspace/tornado/tornado/ioloop.py
IE_TRACE:             19:14:37.346114 line       721         self._impl.close()
IE_TRACE:             19:14:37.346146 line       722         self._callbacks = None
IE_TRACE:             19:14:37.346162 line       723         self._timeouts = None
IE_TRACE:             19:14:37.346179 return     723         self._timeouts = None
IE_TRACE:             Return value:.. None
IE_TRACE:         Source path:... /path/to/BugsInPy/workspace/tornado/tornado/testing.py
IE_TRACE:         19:14:37.346201 line       245         super(AsyncTestCase, self).tearDown()
IE_TRACE:         Source path:... /path/to/BugsInPy/workspace/tornado/tornado/testing.py
IE_TRACE:         19:14:37.346284 line       250         self.__rethrow()
IE_TRACE:             Starting var:.. self = <tornado.test.websocket_test.WebSocketTest testMethod=test_render_message>
IE_TRACE:             19:14:37.346307 call       268     def __rethrow(self):
IE_TRACE:             19:14:37.346327 line       269         if self.__failure is not None:
IE_TRACE:             19:14:37.346341 return     269         if self.__failure is not None:
IE_TRACE:             Return value:.. None
IE_TRACE:         19:14:37.346361 return     250         self.__rethrow()
IE_TRACE:         Return value:.. None
IE_TRACE:     19:14:37.346381 return     436         super(AsyncHTTPTestCase, self).tearDown()
IE_TRACE:     Return value:.. None
IE_TRACE: Source path:... /path/to/BugsInPy/workspace/tornado/tornado/test/websocket_test.py
IE_TRACE: 19:14:37.346402 line       188         RequestHandler._template_loaders.clear()
IE_TRACE: 19:14:37.346423 return     188         RequestHandler._template_loaders.clear()
IE_TRACE: Return value:.. None
IE_TRACE: Elapsed time: 00:00:00.020198
======================================================================
FAIL: test_render_message (tornado.test.websocket_test.WebSocketTest.test_render_message)
----------------------------------------------------------------------
Traceback (most recent call last):
  File "/path/to/BugsInPy/workspace/tornado/tornado/testing.py", line 136, in __call__
    result = self.orig_method(*args, **kwargs)
             ^^^^^^^^^^^^^^^^^^^^^^^^^^^^^^^^^
  File "/path/to/BugsInPy/workspace/tornado/tornado/testing.py", line 527, in post_coroutine
    return self.io_loop.run_sync(
           ^^^^^^^^^^^^^^^^^^^^^^
  File "/path/to/BugsInPy/workspace/tornado/tornado/ioloop.py", line 458, in run_sync
    return future_cell[0].result()
           ^^^^^^^^^^^^^^^^^^^^^^^
  File "/path/to/BugsInPy/workspace/tornado/tornado/concurrent.py", line 238, in result
    raise_exc_info(self._exc_info)
  File "<string>", line 4, in raise_exc_info
  File "/path/to/BugsInPy/workspace/tornado/tornado/gen.py", line 1069, in run
    yielded = self.gen.send(value)
              ^^^^^^^^^^^^^^^^^^^^
  File "/usr/lib/python3.12/types.py", line 246, in send
    return self.__wrapped.send(val)
           ^^^^^^^^^^^^^^^^^^^^^^^^
  File "/path/to/.venv/lib/python3.12/site-packages/pysnooper/tracer.py", line 329, in generator_wrapper
    outgoing = method(incoming)
               ^^^^^^^^^^^^^^^^
  File "/path/to/BugsInPy/workspace/tornado/tornado/test/websocket_test.py", line 245, in test_render_message
    self.assertEqual(response, '<b>hello</b>')
AssertionError: None != '<b>hello</b>'

----------------------------------------------------------------------
Ran 1 test in 0.071s

FAILED (failures=1)


Exit code: 1
