Cleared: /path/to/results/youtube-dl/bug9
Running: python -m unittest -q test.test_YoutubeDL.TestFormatSelection.test_youtube_format_selection
Workdir: /path/to/BugsInPy/workspace/youtube-dl
PYTHONPATH: /path/to/BugsInPy/workspace/youtube-dl
/path/to/BugsInPy/workspace/youtube-dl/test/test_YoutubeDL.py:453: SyntaxWarning: invalid escape sequence '\s'
  }), '^\s*10k$')
IE_TRACE: Source path:... /path/to/BugsInPy/workspace/youtube-dl/test/test_YoutubeDL.py
IE_TRACE: Starting var:.. self = <test.test_YoutubeDL.TestFormatSelection testMethod=test_youtube_format_selection>
IE_TRACE: 15:01:41.558061 call       221     def test_youtube_format_selection(self):
IE_TRACE: 15:01:41.558329 line       222         order = [
IE_TRACE: New var:....... order = list(len=47)
IE_TRACE: 15:01:41.558371 line       235         def format_info(f_id):
IE_TRACE: New var:....... format_info = <function TestFormatSelection.test_youtube_format_selection.<locals>.format_info at 0x7389c623a840>
IE_TRACE: 15:01:41.558410 line       240         formats_order = [format_info(f_id) for f_id in order]
IE_TRACE:     Starting var:.. f_id = '38'
IE_TRACE:     15:01:41.558454 call       235         def format_info(f_id):
IE_TRACE:     15:01:41.558486 line       236             info = YoutubeIE._formats[f_id].copy()
IE_TRACE:     New var:....... info = {'ext': 'mp4', 'width': 4096, 'height': 3072}
IE_TRACE:     15:01:41.558511 line       237             info['format_id'] = f_id
IE_TRACE:     Modified var:.. info = {'ext': 'mp4', 'width': 4096, 'height': 3072, 'format_id': '38'}
IE_TRACE:     15:01:41.558541 line       238             info['url'] = 'url:' + f_id
IE_TRACE:     Modified var:.. info = {'ext': 'mp4', 'width': 4096, 'height': 3072, 'format_id': '38', 'url': 'url:38'}
IE_TRACE:     15:01:41.558573 line       239             return info
IE_TRACE:     15:01:41.558599 return     239             return info
IE_TRACE:     Return value:.. {'ext': 'mp4', 'width': 4096, 'height': 3072, 'format_id': '38', 'url': 'url:38'}
IE_TRACE: New var:....... f_id = '38'
IE_TRACE:     [CONDENSED] 45 identical loop iterations skipped (47 total iterations, showing first and last)
IE_TRACE: 15:01:41.565213 line       240         formats_order = [format_info(f_id) for f_id in order]
IE_TRACE:     Starting var:.. f_id = '139'
IE_TRACE:     15:01:41.565240 call       235         def format_info(f_id):
IE_TRACE:     15:01:41.565259 line       236             info = YoutubeIE._formats[f_id].copy()
IE_TRACE:     New var:....... info = {'ext': 'm4a', 'format_note': 'DASH audio', 'acodec': 'aac', 'vcodec': 'none', 'abr': 48, 'preference': -50, 'container': 'm4a_dash'}
IE_TRACE:     15:01:41.565274 line       237             info['format_id'] = f_id
IE_TRACE:     Modified var:.. info = {'ext': 'm4a', 'format_note': 'DASH audio', 'acodec': 'aac', 'vcodec': 'none', 'abr': 48, 'preference': -50, 'container': 'm4a_dash', 'format_id': '139'}
IE_TRACE:     15:01:41.565295 line       238             info['url'] = 'url:' + f_id
IE_TRACE:     Modified var:.. info = {'ext': 'm4a', 'format_note': 'DASH audio', 'acodec': 'aac', 'vcodec': 'none', 'abr': 48, 'preference': -50, 'container': 'm4a_dash', 'format_id': '139', 'url': 'url:139'}
IE_TRACE:     15:01:41.565316 line       239             return info
IE_TRACE:     15:01:41.565337 return     239             return info
IE_TRACE:     Return value:.. {'ext': 'm4a', 'format_note': 'DASH audio', 'acodec': 'aac', 'vcodec': 'none', 'abr': 48, 'preference': -50, 'container': 'm4a_dash', 'format_id': '139', 'url': 'url:139'}
IE_TRACE: Modified var:.. f_id = '139'
IE_TRACE: 15:01:41.565360 line       240         formats_order = [format_info(f_id) for f_id in order]
IE_TRACE: New var:....... formats_order = list(len=47)
IE_TRACE: 15:01:41.565386 line       242         info_dict = _make_result(list(formats_order), extractor='youtube')
IE_TRACE:     Starting var:.. formats = list(len=47)
IE_TRACE:     Starting var:.. kwargs = {'extractor': 'youtube'}
IE_TRACE:     15:01:41.565418 call        38 def _make_result(formats, **kwargs):
IE_TRACE:     15:01:41.565445 line        40         'formats': formats,
IE_TRACE:     15:01:41.565462 line        41         'id': 'testid',
IE_TRACE:     15:01:41.565479 line        42         'title': 'testttitle',
IE_TRACE:     15:01:41.565495 line        43         'extractor': 'testex',
IE_TRACE:     15:01:41.565511 line        39     res = {
IE_TRACE:     New var:....... res = {'formats': [{'ext': 'mp4', 'width': 4096, 'height': 3072, 'format_id': '38', 'url': 'url:38'}, {'ext': 'mp4', 'width': 1920, 'height': 1080, 'format_id': '37', 'url': 'url:37'}, {'ext': 'webm', 'width': 1920, 'height': 1080, 'format_id': '46', 'ur...: 'url:171'}, {'ext': 'm4a', 'format_note': 'DASH audio', 'acodec': 'aac', 'vcodec': 'none', 'abr': 48, 'preference': -50, 'container': 'm4a_dash', 'format_id': '139', 'url': 'url:139'}], 'id': 'testid', 'title': 'testttitle', 'extractor': 'testex'}
IE_TRACE:     15:01:41.565528 line        45     res.update(**kwargs)
IE_TRACE:     Modified var:.. res = {'formats': [{'ext': 'mp4', 'width': 4096, 'height': 3072, 'format_id': '38', 'url': 'url:38'}, {'ext': 'mp4', 'width': 1920, 'height': 1080, 'format_id': '37', 'url': 'url:37'}, {'ext': 'webm', 'width': 1920, 'height': 1080, 'format_id': '46', 'ur... 'url:171'}, {'ext': 'm4a', 'format_note': 'DASH audio', 'acodec': 'aac', 'vcodec': 'none', 'abr': 48, 'preference': -50, 'container': 'm4a_dash', 'format_id': '139', 'url': 'url:139'}], 'id': 'testid', 'title': 'testttitle', 'extractor': 'youtube'}
IE_TRACE:     15:01:41.565604 line        46     return res
IE_TRACE:     15:01:41.565671 return      46     return res
IE_TRACE:     Return value:.. {'formats': [{'ext': 'mp4', 'width': 4096, 'height': 3072, 'format_id': '38', 'url': 'url:38'}, {'ext': 'mp4', 'width': 1920, 'height': 1080, 'format_id': '37', 'url': 'url:37'}, {'ext': 'webm', 'width': 1920, 'height': 1080, 'format_id': '46', 'ur... 'url:171'}, {'ext': 'm4a', 'format_note': 'DASH audio', 'acodec': 'aac', 'vcodec': 'none', 'abr': 48, 'preference': -50, 'container': 'm4a_dash', 'format_id': '139', 'url': 'url:139'}], 'id': 'testid', 'title': 'testttitle', 'extractor': 'youtube'}
IE_TRACE: New var:....... info_dict = {'formats': [{'ext': 'mp4', 'width': 4096, 'height': 3072, 'format_id': '38', 'url': 'url:38'}, {'ext': 'mp4', 'width': 1920, 'height': 1080, 'format_id': '37', 'url': 'url:37'}, {'ext': 'webm', 'width': 1920, 'height': 1080, 'format_id': '46', 'ur... 'url:171'}, {'ext': 'm4a', 'format_note': 'DASH audio', 'acodec': 'aac', 'vcodec': 'none', 'abr': 48, 'preference': -50, 'container': 'm4a_dash', 'format_id': '139', 'url': 'url:139'}], 'id': 'testid', 'title': 'testttitle', 'extractor': 'youtube'}
IE_TRACE: 15:01:41.565781 line       243         ydl = YDL({'format': 'bestvideo+bestaudio'})
IE_TRACE:     Starting var:.. self = <test.test_YoutubeDL.YDL object at 0x7389c73e6d50>
IE_TRACE:     Starting var:.. args = ({'format': 'bestvideo+bestaudio'},)
IE_TRACE:     Starting var:.. kwargs = {}
IE_TRACE:     Starting var:.. __class__ = <class 'test.test_YoutubeDL.YDL'>
IE_TRACE:     15:01:41.565859 call        26     def __init__(self, *args, **kwargs):
IE_TRACE:     15:01:41.565905 line        27         super(YDL, self).__init__(*args, **kwargs)
IE_TRACE:         Source path:... /path/to/BugsInPy/workspace/youtube-dl/test/helper.py
IE_TRACE:         Starting var:.. self = <test.test_YoutubeDL.YDL object at 0x7389c73e6d50>
IE_TRACE:         Starting var:.. override = {'format': 'bestvideo+bestaudio'}
IE_TRACE:         Starting var:.. __class__ = <class 'test.helper.FakeYDL'>
IE_TRACE:         15:01:41.565933 call        56     def __init__(self, override=None):
IE_TRACE:         15:01:41.566034 line        59         params = get_params(override=override)
IE_TRACE:             Starting var:.. override = {'format': 'bestvideo+bestaudio'}
IE_TRACE:             15:01:41.566064 call        21 def get_params(override=None):
IE_TRACE:             15:01:41.566088 line        22     PARAMETERS_FILE = os.path.join(os.path.dirname(os.path.abspath(__file__)),
IE_TRACE:                 Source path:... <frozen posixpath>
IE_TRACE:                 Starting var:.. path = '/path/to/BugsInPy/workspace/youtube-dl/test/helper.py'
IE_TRACE:                 15:01:41.566114 call       416 SOURCE IS UNAVAILABLE
IE_TRACE:                 15:01:41.566171 line       418 SOURCE IS UNAVAILABLE
IE_TRACE:                 15:01:41.566190 line       419 SOURCE IS UNAVAILABLE
IE_TRACE:                     Starting var:.. s = '/path/to/BugsInPy/workspace/youtube-dl/test/helper.py'
IE_TRACE:                     15:01:41.566210 call        60 SOURCE IS UNAVAILABLE
IE_TRACE:                     15:01:41.566233 line        62 SOURCE IS UNAVAILABLE
IE_TRACE:                     15:01:41.566250 line        63 SOURCE IS UNAVAILABLE
IE_TRACE:                         Starting var:.. path = '/path/to/BugsInPy/workspace/youtube-dl/test/helper.py'
IE_TRACE:                         15:01:41.566269 call        41 SOURCE IS UNAVAILABLE
IE_TRACE:                         15:01:41.566292 line        42 SOURCE IS UNAVAILABLE
IE_TRACE:                         15:01:41.566310 line        45 SOURCE IS UNAVAILABLE
IE_TRACE:                         15:01:41.566327 return      45 SOURCE IS UNAVAILABLE
IE_TRACE:                         Return value:.. '/'
IE_TRACE:                     New var:....... sep = '/'
IE_TRACE:                     15:01:41.566353 line        64 SOURCE IS UNAVAILABLE
IE_TRACE:                     15:01:41.566377 return      64 SOURCE IS UNAVAILABLE
IE_TRACE:                     Return value:.. True
IE_TRACE:                 15:01:41.566403 line       425 SOURCE IS UNAVAILABLE
IE_TRACE:                     Starting var:.. path = '/path/to/BugsInPy/workspace/youtube-dl/test/helper.py'
IE_TRACE:                     15:01:41.566425 call       408 SOURCE IS UNAVAILABLE
IE_TRACE:                     15:01:41.566447 line       410 SOURCE IS UNAVAILABLE
IE_TRACE:                     15:01:41.566464 line       411 SOURCE IS UNAVAILABLE
IE_TRACE:                     15:01:41.566480 line       413 SOURCE IS UNAVAILABLE
IE_TRACE:                     15:01:41.566498 return     413 SOURCE IS UNAVAILABLE
IE_TRACE:                     Return value:.. '/path/to/BugsInPy/workspace/youtube-dl/test/helper.py'
IE_TRACE:                 15:01:41.566521 return     425 SOURCE IS UNAVAILABLE
IE_TRACE:                 Return value:.. '/path/to/BugsInPy/workspace/youtube-dl/test/helper.py'
IE_TRACE:                 Starting var:.. p = '/path/to/BugsInPy/workspace/youtube-dl/test/helper.py'
IE_TRACE:                 15:01:41.566549 call       179 SOURCE IS UNAVAILABLE
IE_TRACE:                 15:01:41.566576 line       181 SOURCE IS UNAVAILABLE
IE_TRACE:                 15:01:41.566593 line       182 SOURCE IS UNAVAILABLE
IE_TRACE:                     Starting var:.. path = '/path/to/BugsInPy/workspace/youtube-dl/test/helper.py'
IE_TRACE:                     15:01:41.566610 call        41 SOURCE IS UNAVAILABLE
IE_TRACE:                     15:01:41.566632 line        42 SOURCE IS UNAVAILABLE
IE_TRACE:                     15:01:41.566648 line        45 SOURCE IS UNAVAILABLE
IE_TRACE:                     15:01:41.566664 return      45 SOURCE IS UNAVAILABLE
IE_TRACE:                     Return value:.. '/'
IE_TRACE:                 New var:....... sep = '/'
IE_TRACE:                 15:01:41.566687 line       183 SOURCE IS UNAVAILABLE
IE_TRACE:                 New var:....... i = 54
IE_TRACE:                 15:01:41.566711 line       184 SOURCE IS UNAVAILABLE
IE_TRACE:                 New var:....... head = '/path/to/BugsInPy/workspace/youtube-dl/test/'
IE_TRACE:                 15:01:41.566736 line       185 SOURCE IS UNAVAILABLE
IE_TRACE:                 15:01:41.566764 line       186 SOURCE IS UNAVAILABLE
IE_TRACE:                 Modified var:.. head = '/path/to/BugsInPy/workspace/youtube-dl/test'
IE_TRACE:                 15:01:41.566785 line       187 SOURCE IS UNAVAILABLE
IE_TRACE:                 15:01:41.566811 return     187 SOURCE IS UNAVAILABLE
IE_TRACE:                 Return value:.. '/path/to/BugsInPy/workspace/youtube-dl/test'
IE_TRACE:             Source path:... /path/to/BugsInPy/workspace/youtube-dl/test/helper.py
IE_TRACE:             15:01:41.566839 line        23                                    "parameters.json")
IE_TRACE:             15:01:41.566862 line        22     PARAMETERS_FILE = os.path.join(os.path.dirname(os.path.abspath(__file__)),
IE_TRACE:                 Source path:... <frozen posixpath>
IE_TRACE:                 Starting var:.. a = '/path/to/BugsInPy/workspace/youtube-dl/test'
IE_TRACE:                 Starting var:.. p = ('parameters.json',)
IE_TRACE:                 15:01:41.566887 call        71 SOURCE IS UNAVAILABLE
IE_TRACE:                 15:01:41.566923 line        76 SOURCE IS UNAVAILABLE
IE_TRACE:                 15:01:41.566943 line        77 SOURCE IS UNAVAILABLE
IE_TRACE:                     Starting var:.. path = '/path/to/BugsInPy/workspace/youtube-dl/test'
IE_TRACE:                     15:01:41.566962 call        41 SOURCE IS UNAVAILABLE
IE_TRACE:                     15:01:41.566983 line        42 SOURCE IS UNAVAILABLE
IE_TRACE:                     15:01:41.567000 line        45 SOURCE IS UNAVAILABLE
IE_TRACE:                     15:01:41.567016 return      45 SOURCE IS UNAVAILABLE
IE_TRACE:                     Return value:.. '/'
IE_TRACE:                 New var:....... sep = '/'
IE_TRACE:                 15:01:41.567039 line        78 SOURCE IS UNAVAILABLE
IE_TRACE:                 New var:....... path = '/path/to/BugsInPy/workspace/youtube-dl/test'
IE_TRACE:                 15:01:41.567064 line        79 SOURCE IS UNAVAILABLE
IE_TRACE:                 15:01:41.567091 line        80 SOURCE IS UNAVAILABLE
IE_TRACE:                 15:01:41.567113 line        82 SOURCE IS UNAVAILABLE
IE_TRACE:                 New var:....... b = 'parameters.json'
IE_TRACE:                 15:01:41.567135 line        83 SOURCE IS UNAVAILABLE
IE_TRACE:                 15:01:41.567162 line        85 SOURCE IS UNAVAILABLE
IE_TRACE:                 15:01:41.567185 line        88 SOURCE IS UNAVAILABLE
IE_TRACE:                 Modified var:.. path = '/path/to/BugsInPy/workspace/youtube-dl/test/parameters.json'
IE_TRACE:                 15:01:41.567207 line        82 SOURCE IS UNAVAILABLE
IE_TRACE:                 15:01:41.567235 line        92 SOURCE IS UNAVAILABLE
IE_TRACE:                 15:01:41.567257 return      92 SOURCE IS UNAVAILABLE
IE_TRACE:                 Return value:.. '/path/to/BugsInPy/workspace/youtube-dl/test/parameters.json'
IE_TRACE:             Source path:... /path/to/BugsInPy/workspace/youtube-dl/test/helper.py
IE_TRACE:             New var:....... PARAMETERS_FILE = '/path/to/BugsInPy/workspace/youtube-dl/test/parameters.json'
IE_TRACE:             15:01:41.567286 line        24     with io.open(PARAMETERS_FILE, encoding='utf-8') as pf:
IE_TRACE:                 Source path:... <frozen codecs>
IE_TRACE:                 Starting var:.. self = <encodings.utf_8.IncrementalDecoder object at 0x7389c6338590>
IE_TRACE:                 Starting var:.. errors = 'strict'
IE_TRACE:                 15:01:41.567329 call       309 SOURCE IS UNAVAILABLE
IE_TRACE:                 15:01:41.567376 line       310 SOURCE IS UNAVAILABLE
IE_TRACE:                     Starting var:.. self = <encodings.utf_8.IncrementalDecoder object at 0x7389c6338590>
IE_TRACE:                     Starting var:.. errors = 'strict'
IE_TRACE:                     15:01:41.567397 call       260 SOURCE IS UNAVAILABLE
IE_TRACE:                     15:01:41.567424 line       268 SOURCE IS UNAVAILABLE
IE_TRACE:                     15:01:41.567443 return     268 SOURCE IS UNAVAILABLE
IE_TRACE:                     Return value:.. None
IE_TRACE:                 15:01:41.567470 line       312 SOURCE IS UNAVAILABLE
IE_TRACE:                 15:01:41.567487 return     312 SOURCE IS UNAVAILABLE
IE_TRACE:                 Return value:.. None
IE_TRACE:             Source path:... /path/to/BugsInPy/workspace/youtube-dl/test/helper.py
IE_TRACE:             New var:....... pf = <_io.TextIOWrapper name='/path/to/BugsInPy/workspace/youtube-dl/test/parameters.json' mode='r' encoding='utf-8'>
IE_TRACE:             15:01:41.567514 line        25         parameters = json.load(pf)
IE_TRACE:             Source path:... /path/to/BugsInPy/workspace/youtube-dl/test/helper.py
IE_TRACE:             New var:....... parameters = dict(len=41)
IE_TRACE:             15:01:41.568927 line        24     with io.open(PARAMETERS_FILE, encoding='utf-8') as pf:
IE_TRACE:             15:01:41.568964 line        26     if override:
IE_TRACE:             15:01:41.568987 line        27         parameters.update(override)
IE_TRACE:             15:01:41.569010 line        28     return parameters
IE_TRACE:             15:01:41.569031 return      28     return parameters
IE_TRACE:             Return value:.. dict(len=41)
IE_TRACE:         New var:....... params = dict(len=41)
IE_TRACE:         15:01:41.569060 line        60         super(FakeYDL, self).__init__(params, auto_init=False)
IE_TRACE:             Source path:... /path/to/BugsInPy/workspace/youtube-dl/youtube_dl/YoutubeDL.py
IE_TRACE:             Starting var:.. self = <test.test_YoutubeDL.YDL object at 0x7389c73e6d50>
IE_TRACE:             Starting var:.. params = dict(len=41)
IE_TRACE:             Starting var:.. auto_init = False
IE_TRACE:             15:01:41.569109 call       276     def __init__(self, params=None, auto_init=True):
IE_TRACE:             15:01:41.569314 line       278         if params is None:
IE_TRACE:             15:01:41.569341 line       280         self._ies = []
IE_TRACE:             15:01:41.569365 line       281         self._ies_instances = {}
IE_TRACE:             15:01:41.569389 line       282         self._pps = []
IE_TRACE:             15:01:41.569412 line       283         self._progress_hooks = []
IE_TRACE:             15:01:41.569435 line       284         self._download_retcode = 0
IE_TRACE:             15:01:41.569458 line       285         self._num_downloads = 0
IE_TRACE:             15:01:41.569481 line       286         self._screen_file = [sys.stdout, sys.stderr][params.get('logtostderr', False)]
IE_TRACE:             15:01:41.569505 line       287         self._err_file = sys.stderr
IE_TRACE:             15:01:41.569528 line       288         self.params = params
IE_TRACE:             15:01:41.569551 line       289         self.cache = Cache(self)
IE_TRACE:                 Source path:... /path/to/BugsInPy/workspace/youtube-dl/youtube_dl/cache.py
IE_TRACE:                 Starting var:.. self = <youtube_dl.cache.Cache object at 0x7389c631e4b0>
IE_TRACE:                 Starting var:.. ydl = <test.test_YoutubeDL.YDL object at 0x7389c73e6d50>
IE_TRACE:                 15:01:41.569581 call        16     def __init__(self, ydl):
IE_TRACE:                 15:01:41.569646 line        17         self._ydl = ydl
IE_TRACE:                 15:01:41.569667 return      17         self._ydl = ydl
IE_TRACE:                 Return value:.. None
IE_TRACE:             Source path:... /path/to/BugsInPy/workspace/youtube-dl/youtube_dl/YoutubeDL.py
IE_TRACE:             15:01:41.569696 line       291         if params.get('bidi_workaround', False):
IE_TRACE:             15:01:41.569725 line       318         if (sys.version_info >= (3,) and sys.platform != 'win32' and
IE_TRACE:             15:01:41.569750 line       319                 sys.getfilesystemencoding() in ['ascii', 'ANSI_X3.4-1968'] and
IE_TRACE:             15:01:41.569774 line       328         if isinstance(params.get('outtmpl'), bytes):
IE_TRACE:             15:01:41.569798 line       333         self._setup_opener()
IE_TRACE:                 Starting var:.. self = <test.test_YoutubeDL.YDL object at 0x7389c73e6d50>
IE_TRACE:                 15:01:41.569831 call      1904     def _setup_opener(self):
IE_TRACE:                 15:01:41.569859 line      1905         timeout_val = self.params.get('socket_timeout')
IE_TRACE:                 New var:....... timeout_val = 20
IE_TRACE:                 15:01:41.569881 line      1906         self._socket_timeout = 600 if timeout_val is None else float(timeout_val)
IE_TRACE:                 15:01:41.569909 line      1908         opts_cookiefile = self.params.get('cookiefile')
IE_TRACE:                 New var:....... opts_cookiefile = None
IE_TRACE:                 15:01:41.569931 line      1909         opts_proxy = self.params.get('proxy')
IE_TRACE:                 New var:....... opts_proxy = None
IE_TRACE:                 15:01:41.569959 line      1911         if opts_cookiefile is None:
IE_TRACE:                 15:01:41.569987 line      1912             self.cookiejar = compat_cookiejar.CookieJar()
IE_TRACE:                 Source path:... /path/to/BugsInPy/workspace/youtube-dl/youtube_dl/YoutubeDL.py
IE_TRACE:                 15:01:41.571313 line      1919         cookie_processor = compat_urllib_request.HTTPCookieProcessor(
IE_TRACE:                 15:01:41.571347 line      1920             self.cookiejar)
IE_TRACE:                 15:01:41.571373 line      1919         cookie_processor = compat_urllib_request.HTTPCookieProcessor(
IE_TRACE:                 Source path:... /path/to/BugsInPy/workspace/youtube-dl/youtube_dl/YoutubeDL.py
IE_TRACE:                 New var:....... cookie_processor = <urllib.request.HTTPCookieProcessor object at 0x7389c63389e0>
IE_TRACE:                 15:01:41.571773 line      1921         if opts_proxy is not None:
IE_TRACE:                 15:01:41.571811 line      1927             proxies = compat_urllib_request.getproxies()
IE_TRACE:                 Source path:... /path/to/BugsInPy/workspace/youtube-dl/youtube_dl/YoutubeDL.py
IE_TRACE:                 New var:....... proxies = {}
IE_TRACE:                 15:01:41.612695 line      1929             if 'http' in proxies and 'https' not in proxies:
IE_TRACE:                 15:01:41.612739 line      1931         proxy_handler = PerRequestProxyHandler(proxies)
IE_TRACE:                     Source path:... /path/to/BugsInPy/workspace/youtube-dl/youtube_dl/utils.py
IE_TRACE:                     Starting var:.. self = <youtube_dl.utils.PerRequestProxyHandler object at 0x7389c631e2a0>
IE_TRACE:                     Starting var:.. proxies = {}
IE_TRACE:                     15:01:41.612778 call      2348     def __init__(self, proxies=None):
IE_TRACE:                     15:01:41.613118 line      2350         for type in ('http', 'https'):
IE_TRACE:                     New var:....... type = 'http'
IE_TRACE:                     15:01:41.613142 line      2351             setattr(self, '%s_open' % type,
IE_TRACE:                     15:01:41.613171 line      2352                     lambda r, proxy='__noproxy__', type=type, meth=self.proxy_open:
IE_TRACE:                     15:01:41.613199 line      2351             setattr(self, '%s_open' % type,
IE_TRACE:                     15:01:41.613223 line      2350         for type in ('http', 'https'):
IE_TRACE:                     Modified var:.. type = 'https'
IE_TRACE:                     15:01:41.613246 line      2351             setattr(self, '%s_open' % type,
IE_TRACE:                     15:01:41.613273 line      2352                     lambda r, proxy='__noproxy__', type=type, meth=self.proxy_open:
IE_TRACE:                     15:01:41.613295 line      2351             setattr(self, '%s_open' % type,
IE_TRACE:                     15:01:41.613318 line      2350         for type in ('http', 'https'):
IE_TRACE:                     15:01:41.613340 line      2354         return compat_urllib_request.ProxyHandler.__init__(self, proxies)
IE_TRACE:                     Source path:... /path/to/BugsInPy/workspace/youtube-dl/youtube_dl/utils.py
IE_TRACE:                     15:01:41.613527 return    2354         return compat_urllib_request.ProxyHandler.__init__(self, proxies)
IE_TRACE:                     Return value:.. None
IE_TRACE:                 Source path:... /path/to/BugsInPy/workspace/youtube-dl/youtube_dl/YoutubeDL.py
IE_TRACE:                 New var:....... proxy_handler = <youtube_dl.utils.PerRequestProxyHandler object at 0x7389c631e2a0>
IE_TRACE:                 15:01:41.613563 line      1933         debuglevel = 1 if self.params.get('debug_printtraffic') else 0
IE_TRACE:                 New var:....... debuglevel = 0
IE_TRACE:                 15:01:41.613608 line      1934         https_handler = make_HTTPS_handler(self.params, debuglevel=debuglevel)
IE_TRACE:                     Source path:... /path/to/BugsInPy/workspace/youtube-dl/youtube_dl/utils.py
IE_TRACE:                     Starting var:.. params = dict(len=41)
IE_TRACE:                     Starting var:.. kwargs = {'debuglevel': 0}
IE_TRACE:                     15:01:41.613658 call       443 def make_HTTPS_handler(params, **kwargs):
IE_TRACE:                     15:01:41.613698 line       444     opts_no_check_certificate = params.get('nocheckcertificate', False)
IE_TRACE:                     New var:....... opts_no_check_certificate = False
IE_TRACE:                     15:01:41.613721 line       445     if hasattr(ssl, 'create_default_context'):  # Python >= 3.4 or 2.7.9
IE_TRACE:                     15:01:41.613751 line       446         context = ssl.create_default_context(ssl.Purpose.SERVER_AUTH)
IE_TRACE:                     Source path:... /path/to/BugsInPy/workspace/youtube-dl/youtube_dl/utils.py
IE_TRACE:                     New var:....... context = <ssl.SSLContext object at 0x7389c60cdbd0>
IE_TRACE:                     15:01:41.636620 line       447         if opts_no_check_certificate:
IE_TRACE:                     15:01:41.636662 line       450         try:
IE_TRACE:                     15:01:41.636688 line       451             return YoutubeDLHTTPSHandler(params, context=context, **kwargs)
IE_TRACE:                         Starting var:.. self = <youtube_dl.utils.YoutubeDLHTTPSHandler object at 0x7389c6338200>
IE_TRACE:                         Starting var:.. params = dict(len=41)
IE_TRACE:                         Starting var:.. https_conn_class = None
IE_TRACE:                         Starting var:.. args = ()
IE_TRACE:                         Starting var:.. kwargs = {'context': <ssl.SSLContext object at 0x7389c60cdbd0>, 'debuglevel': 0}
IE_TRACE:                         15:01:41.636724 call       700     def __init__(self, params, https_conn_class=None, *args, **kwargs):
IE_TRACE:                         15:01:41.636780 line       701         compat_urllib_request.HTTPSHandler.__init__(self, *args, **kwargs)
IE_TRACE:                         Source path:... /path/to/BugsInPy/workspace/youtube-dl/youtube_dl/utils.py
IE_TRACE:                         15:01:41.637118 line       702         self._https_conn_class = https_conn_class or compat_http_client.HTTPSConnection
IE_TRACE:                         15:01:41.637154 line       703         self._params = params
IE_TRACE:                         15:01:41.637182 return     703         self._params = params
IE_TRACE:                         Return value:.. None
IE_TRACE:                     15:01:41.637216 return     451             return YoutubeDLHTTPSHandler(params, context=context, **kwargs)
IE_TRACE:                     Return value:.. <youtube_dl.utils.YoutubeDLHTTPSHandler object at 0x7389c6338200>
IE_TRACE:                 Source path:... /path/to/BugsInPy/workspace/youtube-dl/youtube_dl/YoutubeDL.py
IE_TRACE:                 New var:....... https_handler = <youtube_dl.utils.YoutubeDLHTTPSHandler object at 0x7389c6338200>
IE_TRACE:                 15:01:41.637250 line      1935         ydlh = YoutubeDLHandler(self.params, debuglevel=debuglevel)
IE_TRACE:                     Source path:... /path/to/BugsInPy/workspace/youtube-dl/youtube_dl/utils.py
IE_TRACE:                     Starting var:.. self = <youtube_dl.utils.YoutubeDLHandler object at 0x7389c631e120>
IE_TRACE:                     Starting var:.. params = dict(len=41)
IE_TRACE:                     Starting var:.. args = ()
IE_TRACE:                     Starting var:.. kwargs = {'debuglevel': 0}
IE_TRACE:                     15:01:41.637302 call       624     def __init__(self, params, *args, **kwargs):
IE_TRACE:                     15:01:41.637352 line       625         compat_urllib_request.HTTPHandler.__init__(self, *args, **kwargs)
IE_TRACE:                     Source path:... /path/to/BugsInPy/workspace/youtube-dl/youtube_dl/utils.py
IE_TRACE:                     15:01:41.637465 line       626         self._params = params
IE_TRACE:                     15:01:41.637495 return     626         self._params = params
IE_TRACE:                     Return value:.. None
IE_TRACE:                 Source path:... /path/to/BugsInPy/workspace/youtube-dl/youtube_dl/YoutubeDL.py
IE_TRACE:                 New var:....... ydlh = <youtube_dl.utils.YoutubeDLHandler object at 0x7389c631e120>
IE_TRACE:                 15:01:41.637526 line      1936         opener = compat_urllib_request.build_opener(
IE_TRACE:                 15:01:41.637574 line      1937             proxy_handler, https_handler, cookie_processor, ydlh)
IE_TRACE:                 15:01:41.637609 line      1936         opener = compat_urllib_request.build_opener(
IE_TRACE:                 Source path:... /path/to/BugsInPy/workspace/youtube-dl/youtube_dl/YoutubeDL.py
IE_TRACE:                 New var:....... opener = <urllib.request.OpenerDirector object at 0x7389c633be60>
IE_TRACE:                 15:01:41.776184 line      1942         opener.addheaders = []
IE_TRACE:                 15:01:41.776233 line      1943         self._opener = opener
IE_TRACE:                 15:01:41.776270 return    1943         self._opener = opener
IE_TRACE:                 Return value:.. None
IE_TRACE:             15:01:41.776313 line       335         if auto_init:
IE_TRACE:             15:01:41.776341 line       339         for pp_def_raw in self.params.get('postprocessors', []):
IE_TRACE:             15:01:41.776367 line       346         for ph in self.params.get('progress_hooks', []):
IE_TRACE:             15:01:41.776391 return     346         for ph in self.params.get('progress_hooks', []):
IE_TRACE:             Return value:.. None
IE_TRACE:         Source path:... /path/to/BugsInPy/workspace/youtube-dl/test/helper.py
IE_TRACE:         15:01:41.776421 line        61         self.result = []
IE_TRACE:         15:01:41.776454 return      61         self.result = []
IE_TRACE:         Return value:.. None
IE_TRACE:     Source path:... /path/to/BugsInPy/workspace/youtube-dl/test/test_YoutubeDL.py
IE_TRACE:     15:01:41.776484 line        28         self.downloaded_info_dicts = []
IE_TRACE:     15:01:41.776513 line        29         self.msgs = []
IE_TRACE:     15:01:41.776535 return      29         self.msgs = []
IE_TRACE:     Return value:.. None
IE_TRACE: New var:....... ydl = <test.test_YoutubeDL.YDL object at 0x7389c73e6d50>
IE_TRACE: 15:01:41.776564 line       244         yie = YoutubeIE(ydl)
IE_TRACE:     Source path:... /path/to/BugsInPy/workspace/youtube-dl/youtube_dl/extractor/youtube.py
IE_TRACE:     Starting var:.. self = <youtube_dl.extractor.youtube.YoutubeIE object at 0x7389c663cda0>
IE_TRACE:     Starting var:.. args = (<test.test_YoutubeDL.YDL object at 0x7389c73e6d50>,)
IE_TRACE:     Starting var:.. kwargs = {}
IE_TRACE:     Starting var:.. __class__ = <class 'youtube_dl.extractor.youtube.YoutubeIE'>
IE_TRACE:     15:01:41.776678 call       524     def __init__(self, *args, **kwargs):
IE_TRACE:     15:01:41.777049 line       525         super(YoutubeIE, self).__init__(*args, **kwargs)
IE_TRACE:         Source path:... /path/to/BugsInPy/workspace/youtube-dl/youtube_dl/extractor/common.py
IE_TRACE:         Starting var:.. self = <youtube_dl.extractor.youtube.YoutubeIE object at 0x7389c663cda0>
IE_TRACE:         Starting var:.. downloader = <test.test_YoutubeDL.YDL object at 0x7389c73e6d50>
IE_TRACE:         15:01:41.777079 call       234     def __init__(self, downloader=None):
IE_TRACE:         15:01:41.777251 line       236         self._ready = False
IE_TRACE:         15:01:41.777274 line       237         self.set_downloader(downloader)
IE_TRACE:             Starting var:.. self = <youtube_dl.extractor.youtube.YoutubeIE object at 0x7389c663cda0>
IE_TRACE:             Starting var:.. downloader = <test.test_YoutubeDL.YDL object at 0x7389c73e6d50>
IE_TRACE:             15:01:41.777294 call       281     def set_downloader(self, downloader):
IE_TRACE:             15:01:41.777323 line       283         self._downloader = downloader
IE_TRACE:             15:01:41.777341 return     283         self._downloader = downloader
IE_TRACE:             Return value:.. None
IE_TRACE:         15:01:41.777365 return     237         self.set_downloader(downloader)
IE_TRACE:         Return value:.. None
IE_TRACE:     Source path:... /path/to/BugsInPy/workspace/youtube-dl/youtube_dl/extractor/youtube.py
IE_TRACE:     15:01:41.777389 line       526         self._player_cache = {}
IE_TRACE:     15:01:41.777417 return     526         self._player_cache = {}
IE_TRACE:     Return value:.. None
IE_TRACE: Source path:... /path/to/BugsInPy/workspace/youtube-dl/test/test_YoutubeDL.py
IE_TRACE: New var:....... yie = <youtube_dl.extractor.youtube.YoutubeIE object at 0x7389c663cda0>
IE_TRACE: 15:01:41.777443 line       245         yie._sort_formats(info_dict['formats'])
IE_TRACE:     Source path:... /path/to/BugsInPy/workspace/youtube-dl/youtube_dl/extractor/common.py
IE_TRACE:     Starting var:.. self = <youtube_dl.extractor.youtube.YoutubeIE object at 0x7389c663cda0>
IE_TRACE:     Starting var:.. formats = list(len=47)
IE_TRACE:     Starting var:.. field_preference = None
IE_TRACE:     15:01:41.777559 call       708     def _sort_formats(self, formats, field_preference=None):
IE_TRACE:     15:01:41.777608 line       709         if not formats:
IE_TRACE:     15:01:41.777631 line       712         def _formats_key(f):
IE_TRACE:     New var:....... _formats_key = <function InfoExtractor._sort_formats.<locals>._formats_key at 0x7389c60e44a0>
IE_TRACE:     15:01:41.777652 line       769         formats.sort(key=_formats_key)
IE_TRACE:         Starting var:.. f = {'ext': 'mp4', 'width': 4096, 'height': 3072, 'format_id': '38', 'url': 'url:38'}
IE_TRACE:         Starting var:.. field_preference = None
IE_TRACE:         Starting var:.. self = <youtube_dl.extractor.youtube.YoutubeIE object at 0x7389c663cda0>
IE_TRACE:         15:01:41.777699 call       712         def _formats_key(f):
IE_TRACE:         15:01:41.777744 line       714             from ..utils import determine_ext
IE_TRACE:             Source path:... <frozen importlib._bootstrap>
IE_TRACE:             Starting var:.. self = ModuleSpec(name='youtube_dl.extractor.common', loader=<_frozen_importlib_external.SourceFileLoader object at 0x7389c6681a00>, origin='/path/to/BugsInPy/workspace/youtube-dl/youtube_dl/extractor/common.py')
IE_TRACE:             15:01:41.777774 call       645 SOURCE IS UNAVAILABLE
IE_TRACE:             15:01:41.777853 line       648 SOURCE IS UNAVAILABLE
IE_TRACE:             15:01:41.777880 line       649 SOURCE IS UNAVAILABLE
IE_TRACE:             15:01:41.777905 return     649 SOURCE IS UNAVAILABLE
IE_TRACE:             Return value:.. 'youtube_dl.extractor'
IE_TRACE:         Source path:... /path/to/BugsInPy/workspace/youtube-dl/youtube_dl/extractor/common.py
IE_TRACE:         New var:....... determine_ext = <function determine_ext at 0x7389c682eb60>
IE_TRACE:         15:01:41.777938 line       715             if not f.get('ext') and 'url' in f:
IE_TRACE:         15:01:41.777978 line       718             if isinstance(field_preference, (list, tuple)):
IE_TRACE:         15:01:41.778007 line       721             preference = f.get('preference')
IE_TRACE:         New var:....... preference = None
IE_TRACE:         15:01:41.778034 line       722             if preference is None:
IE_TRACE:         15:01:41.778068 line       723                 proto = f.get('protocol')
IE_TRACE:         New var:....... proto = None
IE_TRACE:         15:01:41.778095 line       724                 if proto is None:
IE_TRACE:         15:01:41.778130 line       725                     proto = compat_urllib_parse_urlparse(f.get('url', '')).scheme
IE_TRACE:         Source path:... /path/to/BugsInPy/workspace/youtube-dl/youtube_dl/extractor/common.py
IE_TRACE:         Modified var:.. proto = 'url'
IE_TRACE:         15:01:41.780893 line       727                 preference = 0 if proto in ['http', 'https'] else -0.1
IE_TRACE:         Modified var:.. preference = -0.1
IE_TRACE:         15:01:41.780935 line       728                 if f.get('ext') in ['f4f', 'f4m']:  # Not yet supported
IE_TRACE:         15:01:41.780981 line       731             if f.get('vcodec') == 'none':  # audio only
IE_TRACE:         15:01:41.781012 line       742                 if self._downloader.params.get('prefer_free_formats'):
IE_TRACE:         15:01:41.781042 line       745                     ORDER = ['webm', 'flv', 'mp4']
IE_TRACE:         New var:....... ORDER = ['webm', 'flv', 'mp4']
IE_TRACE:         15:01:41.781071 line       746                 try:
IE_TRACE:         15:01:41.781107 line       747                     ext_preference = ORDER.index(f['ext'])
IE_TRACE:         New var:....... ext_preference = 2
IE_TRACE:         15:01:41.781139 line       750                 audio_ext_preference = 0
IE_TRACE:         New var:....... audio_ext_preference = 0
IE_TRACE:         15:01:41.781178 line       753                 preference,
IE_TRACE:         15:01:41.781215 line       754                 f.get('language_preference') if f.get('language_preference') is not None else -1,
IE_TRACE:         15:01:41.781248 line       755                 f.get('quality') if f.get('quality') is not None else -1,
IE_TRACE:         15:01:41.781281 line       756                 f.get('tbr') if f.get('tbr') is not None else -1,
IE_TRACE:         15:01:41.781314 line       757                 f.get('filesize') if f.get('filesize') is not None else -1,
IE_TRACE:         15:01:41.781346 line       758                 f.get('vbr') if f.get('vbr') is not None else -1,
IE_TRACE:         15:01:41.781378 line       759                 f.get('height') if f.get('height') is not None else -1,
IE_TRACE:         15:01:41.781411 line       760                 f.get('width') if f.get('width') is not None else -1,
IE_TRACE:         15:01:41.781443 line       761                 ext_preference,
IE_TRACE:         15:01:41.781475 line       762                 f.get('abr') if f.get('abr') is not None else -1,
IE_TRACE:         15:01:41.781508 line       763                 audio_ext_preference,
IE_TRACE:         15:01:41.781540 line       764                 f.get('fps') if f.get('fps') is not None else -1,
IE_TRACE:         15:01:41.781574 line       765                 f.get('filesize_approx') if f.get('filesize_approx') is not None else -1,
IE_TRACE:         15:01:41.781606 line       766                 f.get('source_preference') if f.get('source_preference') is not None else -1,
IE_TRACE:         15:01:41.781638 line       767                 f.get('format_id') if f.get('format_id') is not None else '',
IE_TRACE:         15:01:41.781671 line       752             return (
IE_TRACE:         15:01:41.781703 return     752             return (
IE_TRACE:         Return value:.. (-0.1, -1, -1, -1, -1, -1, 3072, 4096, 2, -1, 0, -1, -1, -1, '38')
IE_TRACE:         Starting var:.. f = {'ext': 'mp4', 'width': 1920, 'height': 1080, 'format_id': '37', 'url': 'url:37'}
IE_TRACE:         Starting var:.. field_preference = None
IE_TRACE:         Starting var:.. self = <youtube_dl.extractor.youtube.YoutubeIE object at 0x7389c663cda0>
IE_TRACE:         15:01:41.781746 call       712         def _formats_key(f):
IE_TRACE:     [CONDENSED] 10 identical loop iterations skipped (12 total iterations, showing first and last)
IE_TRACE:         15:01:41.815143 line       714             from ..utils import determine_ext
IE_TRACE:             Source path:... <frozen importlib._bootstrap>
IE_TRACE:             Starting var:.. self = ModuleSpec(name='youtube_dl.extractor.common', loader=<_frozen_importlib_external.SourceFileLoader object at 0x7389c6681a00>, origin='/path/to/BugsInPy/workspace/youtube-dl/youtube_dl/extractor/common.py')
IE_TRACE:             15:01:41.815165 call       645 SOURCE IS UNAVAILABLE
IE_TRACE:             15:01:41.815192 line       648 SOURCE IS UNAVAILABLE
IE_TRACE:             15:01:41.815211 line       649 SOURCE IS UNAVAILABLE
IE_TRACE:             15:01:41.815229 return     649 SOURCE IS UNAVAILABLE
IE_TRACE:             Return value:.. 'youtube_dl.extractor'
IE_TRACE:         Source path:... /path/to/BugsInPy/workspace/youtube-dl/youtube_dl/extractor/common.py
IE_TRACE:         New var:....... determine_ext = <function determine_ext at 0x7389c682eb60>
IE_TRACE:         15:01:41.815253 line       715             if not f.get('ext') and 'url' in f:
IE_TRACE:         15:01:41.815285 line       718             if isinstance(field_preference, (list, tuple)):
IE_TRACE:         15:01:41.815307 line       721             preference = f.get('preference')
IE_TRACE:         New var:....... preference = None
IE_TRACE:         15:01:41.815329 line       722             if preference is None:
IE_TRACE:         15:01:41.815356 line       723                 proto = f.get('protocol')
IE_TRACE:         New var:....... proto = None
IE_TRACE:         15:01:41.815379 line       724                 if proto is None:
IE_TRACE:         15:01:41.815406 line       725                     proto = compat_urllib_parse_urlparse(f.get('url', '')).scheme
IE_TRACE:         Source path:... /path/to/BugsInPy/workspace/youtube-dl/youtube_dl/extractor/common.py
IE_TRACE:         Modified var:.. proto = 'url'
IE_TRACE:         15:01:41.817398 line       727                 preference = 0 if proto in ['http', 'https'] else -0.1
IE_TRACE:         Modified var:.. preference = -0.1
IE_TRACE:         15:01:41.817430 line       728                 if f.get('ext') in ['f4f', 'f4m']:  # Not yet supported
IE_TRACE:         15:01:41.817459 line       731             if f.get('vcodec') == 'none':  # audio only
IE_TRACE:         15:01:41.817483 line       742                 if self._downloader.params.get('prefer_free_formats'):
IE_TRACE:         15:01:41.817507 line       745                     ORDER = ['webm', 'flv', 'mp4']
IE_TRACE:         New var:....... ORDER = ['webm', 'flv', 'mp4']
IE_TRACE:         15:01:41.817530 line       746                 try:
IE_TRACE:         15:01:41.817559 line       747                     ext_preference = ORDER.index(f['ext'])
IE_TRACE:         New var:....... ext_preference = 1
IE_TRACE:         15:01:41.817586 line       750                 audio_ext_preference = 0
IE_TRACE:         New var:....... audio_ext_preference = 0
IE_TRACE:         15:01:41.817615 line       753                 preference,
IE_TRACE:         15:01:41.817645 line       754                 f.get('language_preference') if f.get('language_preference') is not None else -1,
IE_TRACE:         15:01:41.817672 line       755                 f.get('quality') if f.get('quality') is not None else -1,
IE_TRACE:         15:01:41.817698 line       756                 f.get('tbr') if f.get('tbr') is not None else -1,
IE_TRACE:         15:01:41.817725 line       757                 f.get('filesize') if f.get('filesize') is not None else -1,
IE_TRACE:         15:01:41.817751 line       758                 f.get('vbr') if f.get('vbr') is not None else -1,
IE_TRACE:         15:01:41.817777 line       759                 f.get('height') if f.get('height') is not None else -1,
IE_TRACE:         15:01:41.817803 line       760                 f.get('width') if f.get('width') is not None else -1,
IE_TRACE:         15:01:41.817829 line       761                 ext_preference,
IE_TRACE:         15:01:41.817855 line       762                 f.get('abr') if f.get('abr') is not None else -1,
IE_TRACE:         15:01:41.817881 line       763                 audio_ext_preference,
IE_TRACE:         15:01:41.817907 line       764                 f.get('fps') if f.get('fps') is not None else -1,
IE_TRACE:         15:01:41.817933 line       765                 f.get('filesize_approx') if f.get('filesize_approx') is not None else -1,
IE_TRACE:         15:01:41.817959 line       766                 f.get('source_preference') if f.get('source_preference') is not None else -1,
IE_TRACE:         15:01:41.817985 line       767                 f.get('format_id') if f.get('format_id') is not None else '',
IE_TRACE:         15:01:41.818011 line       752             return (
IE_TRACE:         15:01:41.818037 return     752             return (
IE_TRACE:         Return value:.. (-0.1, -1, -1, -1, -1, -1, 240, 400, 1, -1, 0, -1, -1, -1, '5')
IE_TRACE:         Starting var:.. f = {'ext': '3gp', 'width': 320, 'height': 240, 'format_id': '36', 'url': 'url:36'}
IE_TRACE:         Starting var:.. field_preference = None
IE_TRACE:         Starting var:.. self = <youtube_dl.extractor.youtube.YoutubeIE object at 0x7389c663cda0>
IE_TRACE:         15:01:41.818070 call       712         def _formats_key(f):
IE_TRACE:         15:01:41.818102 line       714             from ..utils import determine_ext
IE_TRACE:             Source path:... <frozen importlib._bootstrap>
IE_TRACE:             Starting var:.. self = ModuleSpec(name='youtube_dl.extractor.common', loader=<_frozen_importlib_external.SourceFileLoader object at 0x7389c6681a00>, origin='/path/to/BugsInPy/workspace/youtube-dl/youtube_dl/extractor/common.py')
IE_TRACE:             15:01:41.818123 call       645 SOURCE IS UNAVAILABLE
IE_TRACE:             15:01:41.818151 line       648 SOURCE IS UNAVAILABLE
IE_TRACE:             15:01:41.818170 line       649 SOURCE IS UNAVAILABLE
IE_TRACE:             15:01:41.818188 return     649 SOURCE IS UNAVAILABLE
IE_TRACE:             Return value:.. 'youtube_dl.extractor'
IE_TRACE:         Source path:... /path/to/BugsInPy/workspace/youtube-dl/youtube_dl/extractor/common.py
IE_TRACE:         New var:....... determine_ext = <function determine_ext at 0x7389c682eb60>
IE_TRACE:         15:01:41.818211 line       715             if not f.get('ext') and 'url' in f:
IE_TRACE:         15:01:41.818254 line       718             if isinstance(field_preference, (list, tuple)):
IE_TRACE:         15:01:41.818285 line       721             preference = f.get('preference')
IE_TRACE:         New var:....... preference = None
IE_TRACE:         15:01:41.818316 line       722             if preference is None:
IE_TRACE:         15:01:41.818353 line       723                 proto = f.get('protocol')
IE_TRACE:         New var:....... proto = None
IE_TRACE:         15:01:41.818386 line       724                 if proto is None:
IE_TRACE:         15:01:41.818426 line       725                     proto = compat_urllib_parse_urlparse(f.get('url', '')).scheme
IE_TRACE:         Source path:... /path/to/BugsInPy/workspace/youtube-dl/youtube_dl/extractor/common.py
IE_TRACE:         Modified var:.. proto = 'url'
IE_TRACE:         15:01:41.820689 line       727                 preference = 0 if proto in ['http', 'https'] else -0.1
IE_TRACE:         Modified var:.. preference = -0.1
IE_TRACE:         15:01:41.820723 line       728                 if f.get('ext') in ['f4f', 'f4m']:  # Not yet supported
IE_TRACE:         15:01:41.820755 line       731             if f.get('vcodec') == 'none':  # audio only
IE_TRACE:         15:01:41.820779 line       742                 if self._downloader.params.get('prefer_free_formats'):
IE_TRACE:         15:01:41.820823 line       745                     ORDER = ['webm', 'flv', 'mp4']
IE_TRACE:         New var:....... ORDER = ['webm', 'flv', 'mp4']
IE_TRACE:         15:01:41.820851 line       746                 try:
IE_TRACE:         15:01:41.820880 line       747                     ext_preference = ORDER.index(f['ext'])
IE_TRACE:         15:01:41.820908 exception  747                     ext_preference = ORDER.index(f['ext'])
IE_TRACE:         Exception:..... ValueError: '3gp' is not in list
IE_TRACE:         15:01:41.820991 line       748                 except ValueError:
IE_TRACE:         15:01:41.821019 line       749                     ext_preference = -1
IE_TRACE:         New var:....... ext_preference = -1
IE_TRACE:         15:01:41.821045 line       750                 audio_ext_preference = 0
IE_TRACE:         New var:....... audio_ext_preference = 0
IE_TRACE:         15:01:41.821075 line       753                 preference,
IE_TRACE:         15:01:41.821106 line       754                 f.get('language_preference') if f.get('language_preference') is not None else -1,
IE_TRACE:         15:01:41.821132 line       755                 f.get('quality') if f.get('quality') is not None else -1,
IE_TRACE:         15:01:41.821158 line       756                 f.get('tbr') if f.get('tbr') is not None else -1,
IE_TRACE:         15:01:41.821184 line       757                 f.get('filesize') if f.get('filesize') is not None else -1,
IE_TRACE:         15:01:41.821210 line       758                 f.get('vbr') if f.get('vbr') is not None else -1,
IE_TRACE:         15:01:41.821236 line       759                 f.get('height') if f.get('height') is not None else -1,
IE_TRACE:         15:01:41.821262 line       760                 f.get('width') if f.get('width') is not None else -1,
IE_TRACE:         15:01:41.821288 line       761                 ext_preference,
IE_TRACE:         15:01:41.821314 line       762                 f.get('abr') if f.get('abr') is not None else -1,
IE_TRACE:         15:01:41.821339 line       763                 audio_ext_preference,
IE_TRACE:         15:01:41.821365 line       764                 f.get('fps') if f.get('fps') is not None else -1,
IE_TRACE:         15:01:41.821391 line       765                 f.get('filesize_approx') if f.get('filesize_approx') is not None else -1,
IE_TRACE:         15:01:41.821417 line       766                 f.get('source_preference') if f.get('source_preference') is not None else -1,
IE_TRACE:         15:01:41.821443 line       767                 f.get('format_id') if f.get('format_id') is not None else '',
IE_TRACE:         15:01:41.821469 line       752             return (
IE_TRACE:         15:01:41.821494 return     752             return (
IE_TRACE:         Return value:.. (-0.1, -1, -1, -1, -1, -1, 240, 320, -1, -1, 0, -1, -1, -1, '36')
IE_TRACE:         Starting var:.. f = {'ext': '3gp', 'width': 176, 'height': 144, 'format_id': '17', 'url': 'url:17'}
IE_TRACE:         Starting var:.. field_preference = None
IE_TRACE:         Starting var:.. self = <youtube_dl.extractor.youtube.YoutubeIE object at 0x7389c663cda0>
IE_TRACE:         15:01:41.821529 call       712         def _formats_key(f):
IE_TRACE:     [CONDENSED] 1 identical loop iterations skipped (3 total iterations, showing first and last)
IE_TRACE:         15:01:41.825373 line       714             from ..utils import determine_ext
IE_TRACE:             Source path:... <frozen importlib._bootstrap>
IE_TRACE:             Starting var:.. self = ModuleSpec(name='youtube_dl.extractor.common', loader=<_frozen_importlib_external.SourceFileLoader object at 0x7389c6681a00>, origin='/path/to/BugsInPy/workspace/youtube-dl/youtube_dl/extractor/common.py')
IE_TRACE:             15:01:41.825395 call       645 SOURCE IS UNAVAILABLE
IE_TRACE:             15:01:41.825428 line       648 SOURCE IS UNAVAILABLE
IE_TRACE:             15:01:41.825447 line       649 SOURCE IS UNAVAILABLE
IE_TRACE:             15:01:41.825466 return     649 SOURCE IS UNAVAILABLE
IE_TRACE:             Return value:.. 'youtube_dl.extractor'
IE_TRACE:         Source path:... /path/to/BugsInPy/workspace/youtube-dl/youtube_dl/extractor/common.py
IE_TRACE:         New var:....... determine_ext = <function determine_ext at 0x7389c682eb60>
IE_TRACE:         15:01:41.825491 line       715             if not f.get('ext') and 'url' in f:
IE_TRACE:         15:01:41.825522 line       718             if isinstance(field_preference, (list, tuple)):
IE_TRACE:         15:01:41.825544 line       721             preference = f.get('preference')
IE_TRACE:         New var:....... preference = None
IE_TRACE:         15:01:41.825571 line       722             if preference is None:
IE_TRACE:         15:01:41.825598 line       723                 proto = f.get('protocol')
IE_TRACE:         New var:....... proto = None
IE_TRACE:         15:01:41.825619 line       724                 if proto is None:
IE_TRACE:         15:01:41.825682 line       725                     proto = compat_urllib_parse_urlparse(f.get('url', '')).scheme
IE_TRACE:         Source path:... /path/to/BugsInPy/workspace/youtube-dl/youtube_dl/extractor/common.py
IE_TRACE:         Modified var:.. proto = 'url'
IE_TRACE:         15:01:41.827807 line       727                 preference = 0 if proto in ['http', 'https'] else -0.1
IE_TRACE:         Modified var:.. preference = -0.1
IE_TRACE:         15:01:41.827841 line       728                 if f.get('ext') in ['f4f', 'f4m']:  # Not yet supported
IE_TRACE:         15:01:41.827870 line       731             if f.get('vcodec') == 'none':  # audio only
IE_TRACE:         15:01:41.827893 line       742                 if self._downloader.params.get('prefer_free_formats'):
IE_TRACE:         15:01:41.827915 line       745                     ORDER = ['webm', 'flv', 'mp4']
IE_TRACE:         New var:....... ORDER = ['webm', 'flv', 'mp4']
IE_TRACE:         15:01:41.827938 line       746                 try:
IE_TRACE:         15:01:41.827966 line       747                     ext_preference = ORDER.index(f['ext'])
IE_TRACE:         15:01:41.827991 exception  747                     ext_preference = ORDER.index(f['ext'])
IE_TRACE:         Exception:..... ValueError: '3gp' is not in list
IE_TRACE:         15:01:41.828044 line       748                 except ValueError:
IE_TRACE:         15:01:41.828071 line       749                     ext_preference = -1
IE_TRACE:         New var:....... ext_preference = -1
IE_TRACE:         15:01:41.828097 line       750                 audio_ext_preference = 0
IE_TRACE:         New var:....... audio_ext_preference = 0
IE_TRACE:         15:01:41.828126 line       753                 preference,
IE_TRACE:         15:01:41.828155 line       754                 f.get('language_preference') if f.get('language_preference') is not None else -1,
IE_TRACE:         15:01:41.828180 line       755                 f.get('quality') if f.get('quality') is not None else -1,
IE_TRACE:         15:01:41.828204 line       756                 f.get('tbr') if f.get('tbr') is not None else -1,
IE_TRACE:         15:01:41.828229 line       757                 f.get('filesize') if f.get('filesize') is not None else -1,
IE_TRACE:         15:01:41.828253 line       758                 f.get('vbr') if f.get('vbr') is not None else -1,
IE_TRACE:         15:01:41.828278 line       759                 f.get('height') if f.get('height') is not None else -1,
IE_TRACE:         15:01:41.828302 line       760                 f.get('width') if f.get('width') is not None else -1,
IE_TRACE:         15:01:41.828327 line       761                 ext_preference,
IE_TRACE:         15:01:41.828351 line       762                 f.get('abr') if f.get('abr') is not None else -1,
IE_TRACE:         15:01:41.828375 line       763                 audio_ext_preference,
IE_TRACE:         15:01:41.828399 line       764                 f.get('fps') if f.get('fps') is not None else -1,
IE_TRACE:         15:01:41.828424 line       765                 f.get('filesize_approx') if f.get('filesize_approx') is not None else -1,
IE_TRACE:         15:01:41.828448 line       766                 f.get('source_preference') if f.get('source_preference') is not None else -1,
IE_TRACE:         15:01:41.828472 line       767                 f.get('format_id') if f.get('format_id') is not None else '',
IE_TRACE:         15:01:41.828496 line       752             return (
IE_TRACE:         15:01:41.828521 return     752             return (
IE_TRACE:         Return value:.. (-0.1, -1, -1, -1, -1, -1, -1, -1, -1, -1, 0, -1, -1, -1, '13')
IE_TRACE:         Starting var:.. f = {'ext': 'mp4', 'height': 1080, 'format_note': 'HLS', 'preference': -10, 'format_id': '96', 'url': 'url:96'}
IE_TRACE:         Starting var:.. field_preference = None
IE_TRACE:         Starting var:.. self = <youtube_dl.extractor.youtube.YoutubeIE object at 0x7389c663cda0>
IE_TRACE:         15:01:41.828554 call       712         def _formats_key(f):
IE_TRACE:         15:01:41.828595 line       714             from ..utils import determine_ext
IE_TRACE:             Source path:... <frozen importlib._bootstrap>
IE_TRACE:             Starting var:.. self = ModuleSpec(name='youtube_dl.extractor.common', loader=<_frozen_importlib_external.SourceFileLoader object at 0x7389c6681a00>, origin='/path/to/BugsInPy/workspace/youtube-dl/youtube_dl/extractor/common.py')
IE_TRACE:             15:01:41.828616 call       645 SOURCE IS UNAVAILABLE
IE_TRACE:             15:01:41.828646 line       648 SOURCE IS UNAVAILABLE
IE_TRACE:             15:01:41.828665 line       649 SOURCE IS UNAVAILABLE
IE_TRACE:             15:01:41.828682 return     649 SOURCE IS UNAVAILABLE
IE_TRACE:             Return value:.. 'youtube_dl.extractor'
IE_TRACE:         Source path:... /path/to/BugsInPy/workspace/youtube-dl/youtube_dl/extractor/common.py
IE_TRACE:         New var:....... determine_ext = <function determine_ext at 0x7389c682eb60>
IE_TRACE:         15:01:41.828706 line       715             if not f.get('ext') and 'url' in f:
IE_TRACE:         15:01:41.828736 line       718             if isinstance(field_preference, (list, tuple)):
IE_TRACE:         15:01:41.828757 line       721             preference = f.get('preference')
IE_TRACE:         New var:....... preference = -10
IE_TRACE:         15:01:41.828778 line       722             if preference is None:
IE_TRACE:         15:01:41.828804 line       731             if f.get('vcodec') == 'none':  # audio only
IE_TRACE:         15:01:41.828825 line       742                 if self._downloader.params.get('prefer_free_formats'):
IE_TRACE:         15:01:41.828846 line       745                     ORDER = ['webm', 'flv', 'mp4']
IE_TRACE:         New var:....... ORDER = ['webm', 'flv', 'mp4']
IE_TRACE:         15:01:41.828868 line       746                 try:
IE_TRACE:         15:01:41.828895 line       747                     ext_preference = ORDER.index(f['ext'])
IE_TRACE:         New var:....... ext_preference = 2
IE_TRACE:         15:01:41.828918 line       750                 audio_ext_preference = 0
IE_TRACE:         New var:....... audio_ext_preference = 0
IE_TRACE:         15:01:41.828946 line       753                 preference,
IE_TRACE:         15:01:41.828975 line       754                 f.get('language_preference') if f.get('language_preference') is not None else -1,
IE_TRACE:         15:01:41.828999 line       755                 f.get('quality') if f.get('quality') is not None else -1,
IE_TRACE:         15:01:41.829027 line       756                 f.get('tbr') if f.get('tbr') is not None else -1,
IE_TRACE:         15:01:41.829051 line       757                 f.get('filesize') if f.get('filesize') is not None else -1,
IE_TRACE:         15:01:41.829074 line       758                 f.get('vbr') if f.get('vbr') is not None else -1,
IE_TRACE:         15:01:41.829098 line       759                 f.get('height') if f.get('height') is not None else -1,
IE_TRACE:         15:01:41.829121 line       760                 f.get('width') if f.get('width') is not None else -1,
IE_TRACE:         15:01:41.829145 line       761                 ext_preference,
IE_TRACE:         15:01:41.829169 line       762                 f.get('abr') if f.get('abr') is not None else -1,
IE_TRACE:         15:01:41.829193 line       763                 audio_ext_preference,
IE_TRACE:         15:01:41.829217 line       764                 f.get('fps') if f.get('fps') is not None else -1,
IE_TRACE:         15:01:41.829240 line       765                 f.get('filesize_approx') if f.get('filesize_approx') is not None else -1,
IE_TRACE:         15:01:41.829264 line       766                 f.get('source_preference') if f.get('source_preference') is not None else -1,
IE_TRACE:         15:01:41.829287 line       767                 f.get('format_id') if f.get('format_id') is not None else '',
IE_TRACE:         15:01:41.829311 line       752             return (
IE_TRACE:         15:01:41.829334 return     752             return (
IE_TRACE:         Return value:.. (-10, -1, -1, -1, -1, -1, 1080, -1, 2, -1, 0, -1, -1, -1, '96')
IE_TRACE:         Starting var:.. f = {'ext': 'mp4', 'height': 720, 'format_note': 'HLS', 'preference': -10, 'format_id': '95', 'url': 'url:95'}
IE_TRACE:         Starting var:.. field_preference = None
IE_TRACE:         Starting var:.. self = <youtube_dl.extractor.youtube.YoutubeIE object at 0x7389c663cda0>
IE_TRACE:         15:01:41.829366 call       712         def _formats_key(f):
IE_TRACE:     [CONDENSED] 25 identical loop iterations skipped (27 total iterations, showing first and last)
IE_TRACE:         15:01:41.847648 line       714             from ..utils import determine_ext
IE_TRACE:             Source path:... <frozen importlib._bootstrap>
IE_TRACE:             Starting var:.. self = ModuleSpec(name='youtube_dl.extractor.common', loader=<_frozen_importlib_external.SourceFileLoader object at 0x7389c6681a00>, origin='/path/to/BugsInPy/workspace/youtube-dl/youtube_dl/extractor/common.py')
IE_TRACE:             15:01:41.847665 call       645 SOURCE IS UNAVAILABLE
IE_TRACE:             15:01:41.847686 line       648 SOURCE IS UNAVAILABLE
IE_TRACE:             15:01:41.847700 line       649 SOURCE IS UNAVAILABLE
IE_TRACE:             15:01:41.847715 return     649 SOURCE IS UNAVAILABLE
IE_TRACE:             Return value:.. 'youtube_dl.extractor'
IE_TRACE:         Source path:... /path/to/BugsInPy/workspace/youtube-dl/youtube_dl/extractor/common.py
IE_TRACE:         New var:....... determine_ext = <function determine_ext at 0x7389c682eb60>
IE_TRACE:         15:01:41.847733 line       715             if not f.get('ext') and 'url' in f:
IE_TRACE:         15:01:41.847758 line       718             if isinstance(field_preference, (list, tuple)):
IE_TRACE:         15:01:41.847776 line       721             preference = f.get('preference')
IE_TRACE:         New var:....... preference = -40
IE_TRACE:         15:01:41.847793 line       722             if preference is None:
IE_TRACE:         15:01:41.847815 line       731             if f.get('vcodec') == 'none':  # audio only
IE_TRACE:         15:01:41.847834 line       742                 if self._downloader.params.get('prefer_free_formats'):
IE_TRACE:         15:01:41.847852 line       745                     ORDER = ['webm', 'flv', 'mp4']
IE_TRACE:         New var:....... ORDER = ['webm', 'flv', 'mp4']
IE_TRACE:         15:01:41.847870 line       746                 try:
IE_TRACE:         15:01:41.847893 line       747                     ext_preference = ORDER.index(f['ext'])
IE_TRACE:         New var:....... ext_preference = 2
IE_TRACE:         15:01:41.847912 line       750                 audio_ext_preference = 0
IE_TRACE:         New var:....... audio_ext_preference = 0
IE_TRACE:         15:01:41.847936 line       753                 preference,
IE_TRACE:         15:01:41.847959 line       754                 f.get('language_preference') if f.get('language_preference') is not None else -1,
IE_TRACE:         15:01:41.847980 line       755                 f.get('quality') if f.get('quality') is not None else -1,
IE_TRACE:         15:01:41.848001 line       756                 f.get('tbr') if f.get('tbr') is not None else -1,
IE_TRACE:         15:01:41.848021 line       757                 f.get('filesize') if f.get('filesize') is not None else -1,
IE_TRACE:         15:01:41.848042 line       758                 f.get('vbr') if f.get('vbr') is not None else -1,
IE_TRACE:         15:01:41.848063 line       759                 f.get('height') if f.get('height') is not None else -1,
IE_TRACE:         15:01:41.848083 line       760                 f.get('width') if f.get('width') is not None else -1,
IE_TRACE:         15:01:41.848104 line       761                 ext_preference,
IE_TRACE:         15:01:41.848124 line       762                 f.get('abr') if f.get('abr') is not None else -1,
IE_TRACE:         15:01:41.848145 line       763                 audio_ext_preference,
IE_TRACE:         15:01:41.848166 line       764                 f.get('fps') if f.get('fps') is not None else -1,
IE_TRACE:         15:01:41.848186 line       765                 f.get('filesize_approx') if f.get('filesize_approx') is not None else -1,
IE_TRACE:         15:01:41.848207 line       766                 f.get('source_preference') if f.get('source_preference') is not None else -1,
IE_TRACE:         15:01:41.848227 line       767                 f.get('format_id') if f.get('format_id') is not None else '',
IE_TRACE:         15:01:41.848248 line       752             return (
IE_TRACE:         15:01:41.848268 return     752             return (
IE_TRACE:         Return value:.. (-40, -1, -1, -1, -1, -1, 144, -1, 2, -1, 0, -1, -1, -1, '160')
IE_TRACE:         Starting var:.. f = {'ext': 'm4a', 'format_note': 'DASH audio', 'acodec': 'aac', 'vcodec': 'none', 'abr': 256, 'preference': -50, 'container': 'm4a_dash', 'format_id': '141', 'url': 'url:141'}
IE_TRACE:         Starting var:.. field_preference = None
IE_TRACE:         Starting var:.. self = <youtube_dl.extractor.youtube.YoutubeIE object at 0x7389c663cda0>
IE_TRACE:         15:01:41.848294 call       712         def _formats_key(f):
IE_TRACE:         15:01:41.848323 line       714             from ..utils import determine_ext
IE_TRACE:             Source path:... <frozen importlib._bootstrap>
IE_TRACE:             Starting var:.. self = ModuleSpec(name='youtube_dl.extractor.common', loader=<_frozen_importlib_external.SourceFileLoader object at 0x7389c6681a00>, origin='/path/to/BugsInPy/workspace/youtube-dl/youtube_dl/extractor/common.py')
IE_TRACE:             15:01:41.848340 call       645 SOURCE IS UNAVAILABLE
IE_TRACE:             15:01:41.848361 line       648 SOURCE IS UNAVAILABLE
IE_TRACE:             15:01:41.848375 line       649 SOURCE IS UNAVAILABLE
IE_TRACE:             15:01:41.848389 return     649 SOURCE IS UNAVAILABLE
IE_TRACE:             Return value:.. 'youtube_dl.extractor'
IE_TRACE:         Source path:... /path/to/BugsInPy/workspace/youtube-dl/youtube_dl/extractor/common.py
IE_TRACE:         New var:....... determine_ext = <function determine_ext at 0x7389c682eb60>
IE_TRACE:         15:01:41.848407 line       715             if not f.get('ext') and 'url' in f:
IE_TRACE:         15:01:41.848431 line       718             if isinstance(field_preference, (list, tuple)):
IE_TRACE:         15:01:41.848449 line       721             preference = f.get('preference')
IE_TRACE:         New var:....... preference = -50
IE_TRACE:         15:01:41.848467 line       722             if preference is None:
IE_TRACE:         15:01:41.848489 line       731             if f.get('vcodec') == 'none':  # audio only
IE_TRACE:         15:01:41.848507 line       732                 if self._downloader.params.get('prefer_free_formats'):
IE_TRACE:         15:01:41.848526 line       735                     ORDER = ['webm', 'opus', 'ogg', 'mp3', 'aac', 'm4a']
IE_TRACE:         New var:....... ORDER = ['webm', 'opus', 'ogg', 'mp3', 'aac', 'm4a']
IE_TRACE:         15:01:41.848545 line       736                 ext_preference = 0
IE_TRACE:         New var:....... ext_preference = 0
IE_TRACE:         15:01:41.848571 line       737                 try:
IE_TRACE:         15:01:41.848595 line       738                     audio_ext_preference = ORDER.index(f['ext'])
IE_TRACE:         New var:....... audio_ext_preference = 5
IE_TRACE:         15:01:41.848617 line       753                 preference,
IE_TRACE:         15:01:41.848642 line       754                 f.get('language_preference') if f.get('language_preference') is not None else -1,
IE_TRACE:         15:01:41.848663 line       755                 f.get('quality') if f.get('quality') is not None else -1,
IE_TRACE:         15:01:41.848684 line       756                 f.get('tbr') if f.get('tbr') is not None else -1,
IE_TRACE:         15:01:41.848704 line       757                 f.get('filesize') if f.get('filesize') is not None else -1,
IE_TRACE:         15:01:41.848725 line       758                 f.get('vbr') if f.get('vbr') is not None else -1,
IE_TRACE:         15:01:41.848746 line       759                 f.get('height') if f.get('height') is not None else -1,
IE_TRACE:         15:01:41.848767 line       760                 f.get('width') if f.get('width') is not None else -1,
IE_TRACE:         15:01:41.848788 line       761                 ext_preference,
IE_TRACE:         15:01:41.848808 line       762                 f.get('abr') if f.get('abr') is not None else -1,
IE_TRACE:         15:01:41.848830 line       763                 audio_ext_preference,
IE_TRACE:         15:01:41.848850 line       764                 f.get('fps') if f.get('fps') is not None else -1,
IE_TRACE:         15:01:41.848871 line       765                 f.get('filesize_approx') if f.get('filesize_approx') is not None else -1,
IE_TRACE:         15:01:41.848892 line       766                 f.get('source_preference') if f.get('source_preference') is not None else -1,
IE_TRACE:         15:01:41.848912 line       767                 f.get('format_id') if f.get('format_id') is not None else '',
IE_TRACE:         15:01:41.848933 line       752             return (
IE_TRACE:         15:01:41.848954 return     752             return (
IE_TRACE:         Return value:.. (-50, -1, -1, -1, -1, -1, -1, -1, 0, 256, 5, -1, -1, -1, '141')
IE_TRACE:         Starting var:.. f = {'ext': 'webm', 'vcodec': 'none', 'format_note': 'DASH audio', 'abr': 256, 'preference': -50, 'format_id': '172', 'url': 'url:172'}
IE_TRACE:         Starting var:.. field_preference = None
IE_TRACE:         Starting var:.. self = <youtube_dl.extractor.youtube.YoutubeIE object at 0x7389c663cda0>
IE_TRACE:         15:01:41.848980 call       712         def _formats_key(f):
IE_TRACE:     [CONDENSED] 3 identical loop iterations skipped (5 total iterations, showing first and last)
IE_TRACE:         15:01:41.851021 line       714             from ..utils import determine_ext
IE_TRACE:             Source path:... <frozen importlib._bootstrap>
IE_TRACE:             Starting var:.. self = ModuleSpec(name='youtube_dl.extractor.common', loader=<_frozen_importlib_external.SourceFileLoader object at 0x7389c6681a00>, origin='/path/to/BugsInPy/workspace/youtube-dl/youtube_dl/extractor/common.py')
IE_TRACE:             15:01:41.851038 call       645 SOURCE IS UNAVAILABLE
IE_TRACE:             15:01:41.851058 line       648 SOURCE IS UNAVAILABLE
IE_TRACE:             15:01:41.851072 line       649 SOURCE IS UNAVAILABLE
IE_TRACE:             15:01:41.851086 return     649 SOURCE IS UNAVAILABLE
IE_TRACE:             Return value:.. 'youtube_dl.extractor'
IE_TRACE:         Source path:... /path/to/BugsInPy/workspace/youtube-dl/youtube_dl/extractor/common.py
IE_TRACE:         New var:....... determine_ext = <function determine_ext at 0x7389c682eb60>
IE_TRACE:         15:01:41.851103 line       715             if not f.get('ext') and 'url' in f:
IE_TRACE:         15:01:41.851127 line       718             if isinstance(field_preference, (list, tuple)):
IE_TRACE:         15:01:41.851145 line       721             preference = f.get('preference')
IE_TRACE:         New var:....... preference = -50
IE_TRACE:         15:01:41.851162 line       722             if preference is None:
IE_TRACE:         15:01:41.851184 line       731             if f.get('vcodec') == 'none':  # audio only
IE_TRACE:         15:01:41.851201 line       732                 if self._downloader.params.get('prefer_free_formats'):
IE_TRACE:         15:01:41.851220 line       735                     ORDER = ['webm', 'opus', 'ogg', 'mp3', 'aac', 'm4a']
IE_TRACE:         New var:....... ORDER = ['webm', 'opus', 'ogg', 'mp3', 'aac', 'm4a']
IE_TRACE:         15:01:41.851238 line       736                 ext_preference = 0
IE_TRACE:         New var:....... ext_preference = 0
IE_TRACE:         15:01:41.851260 line       737                 try:
IE_TRACE:         15:01:41.851283 line       738                     audio_ext_preference = ORDER.index(f['ext'])
IE_TRACE:         New var:....... audio_ext_preference = 5
IE_TRACE:         15:01:41.851303 line       753                 preference,
IE_TRACE:         15:01:41.851327 line       754                 f.get('language_preference') if f.get('language_preference') is not None else -1,
IE_TRACE:         15:01:41.851348 line       755                 f.get('quality') if f.get('quality') is not None else -1,
IE_TRACE:         15:01:41.851368 line       756                 f.get('tbr') if f.get('tbr') is not None else -1,
IE_TRACE:         15:01:41.851388 line       757                 f.get('filesize') if f.get('filesize') is not None else -1,
IE_TRACE:         15:01:41.851409 line       758                 f.get('vbr') if f.get('vbr') is not None else -1,
IE_TRACE:         15:01:41.851429 line       759                 f.get('height') if f.get('height') is not None else -1,
IE_TRACE:         15:01:41.851449 line       760                 f.get('width') if f.get('width') is not None else -1,
IE_TRACE:         15:01:41.851470 line       761                 ext_preference,
IE_TRACE:         15:01:41.851490 line       762                 f.get('abr') if f.get('abr') is not None else -1,
IE_TRACE:         15:01:41.851510 line       763                 audio_ext_preference,
IE_TRACE:         15:01:41.851531 line       764                 f.get('fps') if f.get('fps') is not None else -1,
IE_TRACE:         15:01:41.851551 line       765                 f.get('filesize_approx') if f.get('filesize_approx') is not None else -1,
IE_TRACE:         15:01:41.851573 line       766                 f.get('source_preference') if f.get('source_preference') is not None else -1,
IE_TRACE:         15:01:41.851593 line       767                 f.get('format_id') if f.get('format_id') is not None else '',
IE_TRACE:         15:01:41.851613 line       752             return (
IE_TRACE:         15:01:41.851634 return     752             return (
IE_TRACE:         Return value:.. (-50, -1, -1, -1, -1, -1, -1, -1, 0, 48, 5, -1, -1, -1, '139')
IE_TRACE:     15:01:41.851667 return     769         formats.sort(key=_formats_key)
IE_TRACE:     Return value:.. None
IE_TRACE: Source path:... /path/to/BugsInPy/workspace/youtube-dl/test/test_YoutubeDL.py
IE_TRACE: Modified var:.. info_dict = {'formats': [{'ext': 'm4a', 'format_note': 'DASH audio', 'acodec': 'aac', 'vcodec': 'none', 'abr': 48, 'preference': -50, 'container': 'm4a_dash', 'format_id': '139', 'url': 'url:139'}, {'ext': 'webm', 'vcodec': 'none', 'format_note': 'DASH audio',..., 'url': 'url:46'}, {'ext': 'mp4', 'width': 1920, 'height': 1080, 'format_id': '37', 'url': 'url:37'}, {'ext': 'mp4', 'width': 4096, 'height': 3072, 'format_id': '38', 'url': 'url:38'}], 'id': 'testid', 'title': 'testttitle', 'extractor': 'youtube'}
IE_TRACE: 15:01:41.851691 line       246         ydl.process_ie_result(info_dict)
IE_TRACE:     Source path:... /path/to/BugsInPy/workspace/youtube-dl/youtube_dl/YoutubeDL.py
IE_TRACE:     Starting var:.. self = <test.test_YoutubeDL.YDL object at 0x7389c73e6d50>
IE_TRACE:     Starting var:.. ie_result = {'formats': [{'ext': 'm4a', 'format_note': 'DASH audio', 'acodec': 'aac', 'vcodec': 'none', 'abr': 48, 'preference': -50, 'container': 'm4a_dash', 'format_id': '139', 'url': 'url:139'}, {'ext': 'webm', 'vcodec': 'none', 'format_note': 'DASH audio',..., 'url': 'url:46'}, {'ext': 'mp4', 'width': 1920, 'height': 1080, 'format_id': '37', 'url': 'url:37'}, {'ext': 'mp4', 'width': 4096, 'height': 3072, 'format_id': '38', 'url': 'url:38'}], 'id': 'testid', 'title': 'testttitle', 'extractor': 'youtube'}
IE_TRACE:     Starting var:.. download = True
IE_TRACE:     Starting var:.. extra_info = {}
IE_TRACE:     15:01:41.851821 call       692     def process_ie_result(self, ie_result, download=True, extra_info={}):
IE_TRACE:     15:01:41.851896 line       701         result_type = ie_result.get('_type', 'video')
IE_TRACE:     New var:....... result_type = 'video'
IE_TRACE:     15:01:41.851947 line       703         if result_type in ('url', 'url_transparent'):
IE_TRACE:     15:01:41.852000 line       711         if result_type == 'video':
IE_TRACE:     15:01:41.852049 line       712             self.add_extra_info(ie_result, extra_info)
IE_TRACE:         Starting var:.. info_dict = {'formats': [{'ext': 'm4a', 'format_note': 'DASH audio', 'acodec': 'aac', 'vcodec': 'none', 'abr': 48, 'preference': -50, 'container': 'm4a_dash', 'format_id': '139', 'url': 'url:139'}, {'ext': 'webm', 'vcodec': 'none', 'format_note': 'DASH audio',..., 'url': 'url:46'}, {'ext': 'mp4', 'width': 1920, 'height': 1080, 'format_id': '37', 'url': 'url:37'}, {'ext': 'mp4', 'width': 4096, 'height': 3072, 'format_id': '38', 'url': 'url:38'}], 'id': 'testid', 'title': 'testttitle', 'extractor': 'youtube'}
IE_TRACE:         Starting var:.. extra_info = {}
IE_TRACE:         15:01:41.852099 call       626     def add_extra_info(info_dict, extra_info):
IE_TRACE:         15:01:41.852152 line       628         for key, value in extra_info.items():
IE_TRACE:         15:01:41.852194 return     628         for key, value in extra_info.items():
IE_TRACE:         Return value:.. None
IE_TRACE:     15:01:41.852239 line       713             return self.process_video_result(ie_result, download=download)
IE_TRACE:         Starting var:.. self = <test.test_YoutubeDL.YDL object at 0x7389c73e6d50>
IE_TRACE:         Starting var:.. info_dict = {'formats': [{'ext': 'm4a', 'format_note': 'DASH audio', 'acodec': 'aac', 'vcodec': 'none', 'abr': 48, 'preference': -50, 'container': 'm4a_dash', 'format_id': '139', 'url': 'url:139'}, {'ext': 'webm', 'vcodec': 'none', 'format_note': 'DASH audio',..., 'url': 'url:46'}, {'ext': 'mp4', 'width': 1920, 'height': 1080, 'format_id': '37', 'url': 'url:37'}, {'ext': 'mp4', 'width': 4096, 'height': 3072, 'format_id': '38', 'url': 'url:38'}], 'id': 'testid', 'title': 'testttitle', 'extractor': 'youtube'}
IE_TRACE:         Starting var:.. download = True
IE_TRACE:         15:01:41.852320 call      1144     def process_video_result(self, info_dict, download=True):
IE_TRACE:         15:01:41.852383 line      1145         assert info_dict.get('_type', 'video') == 'video'
IE_TRACE:         15:01:41.852431 line      1147         if 'id' not in info_dict:
IE_TRACE:         15:01:41.852477 line      1149         if 'title' not in info_dict:
IE_TRACE:         15:01:41.852523 line      1152         if 'playlist' not in info_dict:
IE_TRACE:         15:01:41.852571 line      1154             info_dict['playlist'] = None
IE_TRACE:         Modified var:.. info_dict = {'formats': [{'ext': 'm4a', 'format_note': 'DASH audio', 'acodec': 'aac', 'vcodec': 'none', 'abr': 48, 'preference': -50, 'container': 'm4a_dash', 'format_id': '139', 'url': 'url:139'}, {'ext': 'webm', 'vcodec': 'none', 'format_note': 'DASH audio',..., {'ext': 'mp4', 'width': 1920, 'height': 1080, 'format_id': '37', 'url': 'url:37'}, {'ext': 'mp4', 'width': 4096, 'height': 3072, 'format_id': '38', 'url': 'url:38'}], 'id': 'testid', 'title': 'testttitle', 'extractor': 'youtube', 'playlist': None}
IE_TRACE:         15:01:41.852617 line      1155             info_dict['playlist_index'] = None
IE_TRACE:         Modified var:.. info_dict = {'formats': [{'ext': 'm4a', 'format_note': 'DASH audio', 'acodec': 'aac', 'vcodec': 'none', 'abr': 48, 'preference': -50, 'container': 'm4a_dash', 'format_id': '139', 'url': 'url:139'}, {'ext': 'webm', 'vcodec': 'none', 'format_note': 'DASH audio',...: 1920, 'height': 1080, 'format_id': '37', 'url': 'url:37'}, {'ext': 'mp4', 'width': 4096, 'height': 3072, 'format_id': '38', 'url': 'url:38'}], 'id': 'testid', 'title': 'testttitle', 'extractor': 'youtube', 'playlist': None, 'playlist_index': None}
IE_TRACE:         15:01:41.852666 line      1157         thumbnails = info_dict.get('thumbnails')
IE_TRACE:         New var:....... thumbnails = None
IE_TRACE:         15:01:41.852715 line      1158         if thumbnails is None:
IE_TRACE:         15:01:41.852765 line      1159             thumbnail = info_dict.get('thumbnail')
IE_TRACE:         New var:....... thumbnail = None
IE_TRACE:         15:01:41.852812 line      1160             if thumbnail:
IE_TRACE:         15:01:41.852863 line      1162         if thumbnails:
IE_TRACE:         15:01:41.852910 line      1172         if thumbnails and 'thumbnail' not in info_dict:
IE_TRACE:         15:01:41.852958 line      1175         if 'display_id' not in info_dict and 'id' in info_dict:
IE_TRACE:         15:01:41.853005 line      1176             info_dict['display_id'] = info_dict['id']
IE_TRACE:         Modified var:.. info_dict = {'formats': [{'ext': 'm4a', 'format_note': 'DASH audio', 'acodec': 'aac', 'vcodec': 'none', 'abr': 48, 'preference': -50, 'container': 'm4a_dash', 'format_id': '139', 'url': 'url:139'}, {'ext': 'webm', 'vcodec': 'none', 'format_note': 'DASH audio',...'format_id': '37', 'url': 'url:37'}, {'ext': 'mp4', 'width': 4096, 'height': 3072, 'format_id': '38', 'url': 'url:38'}], 'id': 'testid', 'title': 'testttitle', 'extractor': 'youtube', 'playlist': None, 'playlist_index': None, 'display_id': 'testid'}
IE_TRACE:         15:01:41.853052 line      1178         if info_dict.get('upload_date') is None and info_dict.get('timestamp') is not None:
IE_TRACE:         15:01:41.853103 line      1187         if self.params.get('listsubtitles', False):
IE_TRACE:         15:01:41.853151 line      1192         info_dict['requested_subtitles'] = self.process_subtitles(
IE_TRACE:         15:01:41.853198 line      1193             info_dict['id'], info_dict.get('subtitles'),
IE_TRACE:         15:01:41.853245 line      1194             info_dict.get('automatic_captions'))
IE_TRACE:         15:01:41.853291 line      1192         info_dict['requested_subtitles'] = self.process_subtitles(
IE_TRACE:             Starting var:.. self = <test.test_YoutubeDL.YDL object at 0x7389c73e6d50>
IE_TRACE:             Starting var:.. video_id = 'testid'
IE_TRACE:             Starting var:.. normal_subtitles = None
IE_TRACE:             Starting var:.. automatic_captions = None
IE_TRACE:             15:01:41.853351 call      1284     def process_subtitles(self, video_id, normal_subtitles, automatic_captions):
IE_TRACE:             15:01:41.853388 line      1286         available_subs = {}
IE_TRACE:             New var:....... available_subs = {}
IE_TRACE:             15:01:41.853409 line      1287         if normal_subtitles and self.params.get('writesubtitles'):
IE_TRACE:             15:01:41.853435 line      1289         if automatic_captions and self.params.get('writeautomaticsub'):
IE_TRACE:             15:01:41.853456 line      1294         if (not self.params.get('writesubtitles') and not
IE_TRACE:             15:01:41.853477 line      1295                 self.params.get('writeautomaticsub') or not
IE_TRACE:             15:01:41.853498 line      1297             return None
IE_TRACE:             15:01:41.853520 return    1297             return None
IE_TRACE:             Return value:.. None
IE_TRACE:         Modified var:.. info_dict = {'formats': [{'ext': 'm4a', 'format_note': 'DASH audio', 'acodec': 'aac', 'vcodec': 'none', 'abr': 48, 'preference': -50, 'container': 'm4a_dash', 'format_id': '139', 'url': 'url:139'}, {'ext': 'webm', 'vcodec': 'none', 'format_note': 'DASH audio',...l:37'}, {'ext': 'mp4', 'width': 4096, 'height': 3072, 'format_id': '38', 'url': 'url:38'}], 'id': 'testid', 'title': 'testttitle', 'extractor': 'youtube', 'playlist': None, 'playlist_index': None, 'display_id': 'testid', 'requested_subtitles': None}
IE_TRACE:         15:01:41.853545 line      1197         if info_dict.get('formats') is None:
IE_TRACE:         15:01:41.853599 line      1201             formats = info_dict['formats']
IE_TRACE:         New var:....... formats = list(len=47)
IE_TRACE:         15:01:41.853646 line      1203         if not formats:
IE_TRACE:         15:01:41.853698 line      1206         formats_dict = {}
IE_TRACE:         New var:....... formats_dict = {}
IE_TRACE:         15:01:41.853746 line      1209         for i, format in enumerate(formats):
IE_TRACE:         New var:....... i = 0
IE_TRACE:         New var:....... format = {'ext': 'm4a', 'format_note': 'DASH audio', 'acodec': 'aac', 'vcodec': 'none', 'abr': 48, 'preference': -50, 'container': 'm4a_dash', 'format_id': '139', 'url': 'url:139'}
IE_TRACE:         15:01:41.853799 line      1210             if 'url' not in format:
IE_TRACE:         15:01:41.853858 line      1213             if format.get('format_id') is None:
IE_TRACE:         15:01:41.853908 line      1215             format_id = format['format_id']
IE_TRACE:         New var:....... format_id = '139'
IE_TRACE:         15:01:41.853959 line      1216             if format_id not in formats_dict:
IE_TRACE:         15:01:41.854013 line      1217                 formats_dict[format_id] = []
IE_TRACE:         Modified var:.. formats_dict = {'139': []}
IE_TRACE:         15:01:41.854065 line      1218             formats_dict[format_id].append(format)
IE_TRACE:         Modified var:.. formats_dict = {'139': [{'ext': 'm4a', 'format_note': 'DASH audio', 'acodec': 'aac', 'vcodec': 'none', 'abr': 48, 'preference': -50, 'container': 'm4a_dash', 'format_id': '139', 'url': 'url:139'}]}
IE_TRACE:     [CONDENSED] 45 identical loop iterations skipped (47 total iterations, showing first and last)
IE_TRACE:         15:01:41.870692 line      1209         for i, format in enumerate(formats):
IE_TRACE:         Modified var:.. i = 46
IE_TRACE:         Modified var:.. format = {'ext': 'mp4', 'width': 4096, 'height': 3072, 'format_id': '38', 'url': 'url:38'}
IE_TRACE:         15:01:41.870737 line      1210             if 'url' not in format:
IE_TRACE:         15:01:41.870786 line      1213             if format.get('format_id') is None:
IE_TRACE:         15:01:41.870830 line      1215             format_id = format['format_id']
IE_TRACE:         Modified var:.. format_id = '38'
IE_TRACE:         15:01:41.870875 line      1216             if format_id not in formats_dict:
IE_TRACE:         15:01:41.870922 line      1217                 formats_dict[format_id] = []
IE_TRACE:         Modified var:.. formats_dict = dict(len=47)
IE_TRACE:         15:01:41.870967 line      1218             formats_dict[format_id].append(format)
IE_TRACE:         15:01:41.871013 line      1209         for i, format in enumerate(formats):
IE_TRACE:         15:01:41.871058 line      1221         for format_id, ambiguous_formats in formats_dict.items():
IE_TRACE:         Modified var:.. format_id = '139'
IE_TRACE:         New var:....... ambiguous_formats = [{'ext': 'm4a', 'format_note': 'DASH audio', 'acodec': 'aac', 'vcodec': 'none', 'abr': 48, 'preference': -50, 'container': 'm4a_dash', 'format_id': '139', 'url': 'url:139'}]
IE_TRACE:         15:01:41.871104 line      1222             if len(ambiguous_formats) > 1:
IE_TRACE:     [CONDENSED] 45 identical loop iterations skipped (47 total iterations, showing first and last)
IE_TRACE:         15:01:41.875644 line      1221         for format_id, ambiguous_formats in formats_dict.items():
IE_TRACE:         Modified var:.. format_id = '38'
IE_TRACE:         Modified var:.. ambiguous_formats = [{'ext': 'mp4', 'width': 4096, 'height': 3072, 'format_id': '38', 'url': 'url:38'}]
IE_TRACE:         15:01:41.875689 line      1222             if len(ambiguous_formats) > 1:
IE_TRACE:         15:01:41.875740 line      1221         for format_id, ambiguous_formats in formats_dict.items():
IE_TRACE:         15:01:41.875785 line      1226         for i, format in enumerate(formats):
IE_TRACE:         Modified var:.. i = 0
IE_TRACE:         Modified var:.. format = {'ext': 'm4a', 'format_note': 'DASH audio', 'acodec': 'aac', 'vcodec': 'none', 'abr': 48, 'preference': -50, 'container': 'm4a_dash', 'format_id': '139', 'url': 'url:139'}
IE_TRACE:         15:01:41.875833 line      1227             if format.get('format') is None:
IE_TRACE:         15:01:41.875887 line      1228                 format['format'] = '{id} - {res}{note}'.format(
IE_TRACE:         15:01:41.875934 line      1229                     id=format['format_id'],
IE_TRACE:         15:01:41.875980 line      1230                     res=self.format_resolution(format),
IE_TRACE:             Starting var:.. format = {'ext': 'm4a', 'format_note': 'DASH audio', 'acodec': 'aac', 'vcodec': 'none', 'abr': 48, 'preference': -50, 'container': 'm4a_dash', 'format_id': '139', 'url': 'url:139'}
IE_TRACE:             Starting var:.. default = 'unknown'
IE_TRACE:             15:01:41.876035 call      1706     def format_resolution(format, default='unknown'):
IE_TRACE:             15:01:41.876063 line      1707         if format.get('vcodec') == 'none':
IE_TRACE:             15:01:41.876079 line      1708             return 'audio only'
IE_TRACE:             15:01:41.876095 return    1708             return 'audio only'
IE_TRACE:             Return value:.. 'audio only'
IE_TRACE:         15:01:41.876115 line      1231                     note=' ({0})'.format(format['format_note']) if format.get('format_note') is not None else '',
IE_TRACE:         15:01:41.876164 line      1228                 format['format'] = '{id} - {res}{note}'.format(
IE_TRACE:         Modified var:.. info_dict = {'formats': [{'ext': 'm4a', 'format_note': 'DASH audio', 'acodec': 'aac', 'vcodec': 'none', 'abr': 48, 'preference': -50, 'container': 'm4a_dash', 'format_id': '139', 'url': 'url:139', 'format': '139 - audio only (DASH audio)'}, {'ext': 'webm', 'vc...l:37'}, {'ext': 'mp4', 'width': 4096, 'height': 3072, 'format_id': '38', 'url': 'url:38'}], 'id': 'testid', 'title': 'testttitle', 'extractor': 'youtube', 'playlist': None, 'playlist_index': None, 'display_id': 'testid', 'requested_subtitles': None}
IE_TRACE:         Modified var:.. format = {'ext': 'm4a', 'format_note': 'DASH audio', 'acodec': 'aac', 'vcodec': 'none', 'abr': 48, 'preference': -50, 'container': 'm4a_dash', 'format_id': '139', 'url': 'url:139', 'format': '139 - audio only (DASH audio)'}
IE_TRACE:         15:01:41.876212 line      1234             if 'ext' not in format:
IE_TRACE:         15:01:41.876271 line      1238             full_format_info = info_dict.copy()
IE_TRACE:         New var:....... full_format_info = {'formats': [{'ext': 'm4a', 'format_note': 'DASH audio', 'acodec': 'aac', 'vcodec': 'none', 'abr': 48, 'preference': -50, 'container': 'm4a_dash', 'format_id': '139', 'url': 'url:139', 'format': '139 - audio only (DASH audio)'}, {'ext': 'webm', 'vc...l:37'}, {'ext': 'mp4', 'width': 4096, 'height': 3072, 'format_id': '38', 'url': 'url:38'}], 'id': 'testid', 'title': 'testttitle', 'extractor': 'youtube', 'playlist': None, 'playlist_index': None, 'display_id': 'testid', 'requested_subtitles': None}
IE_TRACE:         15:01:41.876321 line      1239             full_format_info.update(format)
IE_TRACE:         Modified var:.. full_format_info = {'formats': [{'ext': 'm4a', 'format_note': 'DASH audio', 'acodec': 'aac', 'vcodec': 'none', 'abr': 48, 'preference': -50, 'container': 'm4a_dash', 'format_id': '139', 'url': 'url:139', 'format': '139 - audio only (DASH audio)'}, {'ext': 'webm', 'vc...stid', 'requested_subtitles': None, 'ext': 'm4a', 'format_note': 'DASH audio', 'acodec': 'aac', 'vcodec': 'none', 'abr': 48, 'preference': -50, 'container': 'm4a_dash', 'format_id': '139', 'url': 'url:139', 'format': '139 - audio only (DASH audio)'}
IE_TRACE:         15:01:41.876402 line      1240             format['http_headers'] = self._calc_headers(full_format_info)
IE_TRACE:             Starting var:.. self = <test.test_YoutubeDL.YDL object at 0x7389c73e6d50>
IE_TRACE:             Starting var:.. info_dict = {'formats': [{'ext': 'm4a', 'format_note': 'DASH audio', 'acodec': 'aac', 'vcodec': 'none', 'abr': 48, 'preference': -50, 'container': 'm4a_dash', 'format_id': '139', 'url': 'url:139', 'format': '139 - audio only (DASH audio)'}, {'ext': 'webm', 'vc...stid', 'requested_subtitles': None, 'ext': 'm4a', 'format_note': 'DASH audio', 'acodec': 'aac', 'vcodec': 'none', 'abr': 48, 'preference': -50, 'container': 'm4a_dash', 'format_id': '139', 'url': 'url:139', 'format': '139 - audio only (DASH audio)'}
IE_TRACE:             15:01:41.876484 call      1126     def _calc_headers(self, info_dict):
IE_TRACE:             15:01:41.876533 line      1127         res = std_headers.copy()
IE_TRACE:             New var:....... res = {'User-Agent': 'Mozilla/5.0 (X11; Linux x86_64; rv:10.0) Gecko/20150101 Firefox/20.0 (Chrome)', 'Accept-Charset': 'ISO-8859-1,utf-8;q=0.7,*;q=0.7', 'Accept': 'text/html,application/xhtml+xml,application/xml;q=0.9,*/*;q=0.8', 'Accept-Encoding': 'gzip, deflate', 'Accept-Language': 'en-us,en;q=0.5'}
IE_TRACE:             15:01:41.876576 line      1129         add_headers = info_dict.get('http_headers')
IE_TRACE:             New var:....... add_headers = None
IE_TRACE:             15:01:41.876624 line      1130         if add_headers:
IE_TRACE:             15:01:41.876669 line      1133         cookies = self._calc_cookies(info_dict)
IE_TRACE:                 Starting var:.. self = <test.test_YoutubeDL.YDL object at 0x7389c73e6d50>
IE_TRACE:                 Starting var:.. info_dict = {'formats': [{'ext': 'm4a', 'format_note': 'DASH audio', 'acodec': 'aac', 'vcodec': 'none', 'abr': 48, 'preference': -50, 'container': 'm4a_dash', 'format_id': '139', 'url': 'url:139', 'format': '139 - audio only (DASH audio)'}, {'ext': 'webm', 'vc...stid', 'requested_subtitles': None, 'ext': 'm4a', 'format_note': 'DASH audio', 'acodec': 'aac', 'vcodec': 'none', 'abr': 48, 'preference': -50, 'container': 'm4a_dash', 'format_id': '139', 'url': 'url:139', 'format': '139 - audio only (DASH audio)'}
IE_TRACE:                 15:01:41.876715 call      1139     def _calc_cookies(self, info_dict):
IE_TRACE:                 15:01:41.876762 line      1140         pr = compat_urllib_request.Request(info_dict['url'])
IE_TRACE:                 Source path:... /path/to/BugsInPy/workspace/youtube-dl/youtube_dl/YoutubeDL.py
IE_TRACE:                 New var:....... pr = <urllib.request.Request object at 0x7389c6409160>
IE_TRACE:                 15:01:41.885091 line      1141         self.cookiejar.add_cookie_header(pr)
IE_TRACE:                 Source path:... /path/to/BugsInPy/workspace/youtube-dl/youtube_dl/YoutubeDL.py
IE_TRACE:                 15:01:41.885958 line      1142         return pr.get_header('Cookie')
IE_TRACE:                 Source path:... /path/to/BugsInPy/workspace/youtube-dl/youtube_dl/YoutubeDL.py
IE_TRACE:                 15:01:41.886114 return    1142         return pr.get_header('Cookie')
IE_TRACE:                 Return value:.. None
IE_TRACE:             New var:....... cookies = None
IE_TRACE:             15:01:41.886164 line      1134         if cookies:
IE_TRACE:             15:01:41.886215 line      1137         return res
IE_TRACE:             15:01:41.886261 return    1137         return res
IE_TRACE:             Return value:.. {'User-Agent': 'Mozilla/5.0 (X11; Linux x86_64; rv:10.0) Gecko/20150101 Firefox/20.0 (Chrome)', 'Accept-Charset': 'ISO-8859-1,utf-8;q=0.7,*;q=0.7', 'Accept': 'text/html,application/xhtml+xml,application/xml;q=0.9,*/*;q=0.8', 'Accept-Encoding': 'gzip, deflate', 'Accept-Language': 'en-us,en;q=0.5'}
IE_TRACE:         Modified var:.. info_dict = {'formats': [{'ext': 'm4a', 'format_note': 'DASH audio', 'acodec': 'aac', 'vcodec': 'none', 'abr': 48, 'preference': -50, 'container': 'm4a_dash', 'format_id': '139', 'url': 'url:139', 'format': '139 - audio only (DASH audio)', 'http_headers': {'Us...l:37'}, {'ext': 'mp4', 'width': 4096, 'height': 3072, 'format_id': '38', 'url': 'url:38'}], 'id': 'testid', 'title': 'testttitle', 'extractor': 'youtube', 'playlist': None, 'playlist_index': None, 'display_id': 'testid', 'requested_subtitles': None}
IE_TRACE:         Modified var:.. format = {'ext': 'm4a', 'format_note': 'DASH audio', 'acodec': 'aac', 'vcodec': 'none', 'abr': 48, 'preference': -50, 'container': 'm4a_dash', 'format_id': '139', 'url': 'url:139', 'format': '139 - audio only (DASH audio)', 'http_headers': {'User-Agent': 'M...v:10.0) Gecko/20150101 Firefox/20.0 (Chrome)', 'Accept-Charset': 'ISO-8859-1,utf-8;q=0.7,*;q=0.7', 'Accept': 'text/html,application/xhtml+xml,application/xml;q=0.9,*/*;q=0.8', 'Accept-Encoding': 'gzip, deflate', 'Accept-Language': 'en-us,en;q=0.5'}}
IE_TRACE:         Modified var:.. full_format_info = {'formats': [{'ext': 'm4a', 'format_note': 'DASH audio', 'acodec': 'aac', 'vcodec': 'none', 'abr': 48, 'preference': -50, 'container': 'm4a_dash', 'format_id': '139', 'url': 'url:139', 'format': '139 - audio only (DASH audio)', 'http_headers': {'Us...stid', 'requested_subtitles': None, 'ext': 'm4a', 'format_note': 'DASH audio', 'acodec': 'aac', 'vcodec': 'none', 'abr': 48, 'preference': -50, 'container': 'm4a_dash', 'format_id': '139', 'url': 'url:139', 'format': '139 - audio only (DASH audio)'}
IE_TRACE:     [CONDENSED] 3 identical loop iterations skipped (5 total iterations, showing first and last)
IE_TRACE:         15:01:41.902513 line      1226         for i, format in enumerate(formats):
IE_TRACE:         Modified var:.. i = 4
IE_TRACE:         Modified var:.. format = {'ext': 'm4a', 'format_note': 'DASH audio', 'acodec': 'aac', 'vcodec': 'none', 'abr': 256, 'preference': -50, 'container': 'm4a_dash', 'format_id': '141', 'url': 'url:141'}
IE_TRACE:         15:01:41.902620 line      1227             if format.get('format') is None:
IE_TRACE:         15:01:41.902706 line      1228                 format['format'] = '{id} - {res}{note}'.format(
IE_TRACE:         15:01:41.902784 line      1229                     id=format['format_id'],
IE_TRACE:         15:01:41.902860 line      1230                     res=self.format_resolution(format),
IE_TRACE:             Starting var:.. format = {'ext': 'm4a', 'format_note': 'DASH audio', 'acodec': 'aac', 'vcodec': 'none', 'abr': 256, 'preference': -50, 'container': 'm4a_dash', 'format_id': '141', 'url': 'url:141'}
IE_TRACE:             Starting var:.. default = 'unknown'
IE_TRACE:             15:01:41.902938 call      1706     def format_resolution(format, default='unknown'):
IE_TRACE:             15:01:41.902961 line      1707         if format.get('vcodec') == 'none':
IE_TRACE:             15:01:41.902978 line      1708             return 'audio only'
IE_TRACE:             15:01:41.902994 return    1708             return 'audio only'
IE_TRACE:             Return value:.. 'audio only'
IE_TRACE:         15:01:41.903013 line      1231                     note=' ({0})'.format(format['format_note']) if format.get('format_note') is not None else '',
IE_TRACE:         15:01:41.903099 line      1228                 format['format'] = '{id} - {res}{note}'.format(
IE_TRACE:         Modified var:.. format = {'ext': 'm4a', 'format_note': 'DASH audio', 'acodec': 'aac', 'vcodec': 'none', 'abr': 256, 'preference': -50, 'container': 'm4a_dash', 'format_id': '141', 'url': 'url:141', 'format': '141 - audio only (DASH audio)'}
IE_TRACE:         15:01:41.903179 line      1234             if 'ext' not in format:
IE_TRACE:         15:01:41.903262 line      1238             full_format_info = info_dict.copy()
IE_TRACE:         Modified var:.. full_format_info = {'formats': [{'ext': 'm4a', 'format_note': 'DASH audio', 'acodec': 'aac', 'vcodec': 'none', 'abr': 48, 'preference': -50, 'container': 'm4a_dash', 'format_id': '139', 'url': 'url:139', 'format': '139 - audio only (DASH audio)', 'http_headers': {'Us...l:37'}, {'ext': 'mp4', 'width': 4096, 'height': 3072, 'format_id': '38', 'url': 'url:38'}], 'id': 'testid', 'title': 'testttitle', 'extractor': 'youtube', 'playlist': None, 'playlist_index': None, 'display_id': 'testid', 'requested_subtitles': None}
IE_TRACE:         15:01:41.903340 line      1239             full_format_info.update(format)
IE_TRACE:         Modified var:.. full_format_info = {'formats': [{'ext': 'm4a', 'format_note': 'DASH audio', 'acodec': 'aac', 'vcodec': 'none', 'abr': 48, 'preference': -50, 'container': 'm4a_dash', 'format_id': '139', 'url': 'url:139', 'format': '139 - audio only (DASH audio)', 'http_headers': {'Us...tid', 'requested_subtitles': None, 'ext': 'm4a', 'format_note': 'DASH audio', 'acodec': 'aac', 'vcodec': 'none', 'abr': 256, 'preference': -50, 'container': 'm4a_dash', 'format_id': '141', 'url': 'url:141', 'format': '141 - audio only (DASH audio)'}
IE_TRACE:         15:01:41.903430 line      1240             format['http_headers'] = self._calc_headers(full_format_info)
IE_TRACE:             Starting var:.. self = <test.test_YoutubeDL.YDL object at 0x7389c73e6d50>
IE_TRACE:             Starting var:.. info_dict = {'formats': [{'ext': 'm4a', 'format_note': 'DASH audio', 'acodec': 'aac', 'vcodec': 'none', 'abr': 48, 'preference': -50, 'container': 'm4a_dash', 'format_id': '139', 'url': 'url:139', 'format': '139 - audio only (DASH audio)', 'http_headers': {'Us...tid', 'requested_subtitles': None, 'ext': 'm4a', 'format_note': 'DASH audio', 'acodec': 'aac', 'vcodec': 'none', 'abr': 256, 'preference': -50, 'container': 'm4a_dash', 'format_id': '141', 'url': 'url:141', 'format': '141 - audio only (DASH audio)'}
IE_TRACE:             15:01:41.903516 call      1126     def _calc_headers(self, info_dict):
IE_TRACE:             15:01:41.903563 line      1127         res = std_headers.copy()
IE_TRACE:             New var:....... res = {'User-Agent': 'Mozilla/5.0 (X11; Linux x86_64; rv:10.0) Gecko/20150101 Firefox/20.0 (Chrome)', 'Accept-Charset': 'ISO-8859-1,utf-8;q=0.7,*;q=0.7', 'Accept': 'text/html,application/xhtml+xml,application/xml;q=0.9,*/*;q=0.8', 'Accept-Encoding': 'gzip, deflate', 'Accept-Language': 'en-us,en;q=0.5'}
IE_TRACE:             15:01:41.903609 line      1129         add_headers = info_dict.get('http_headers')
IE_TRACE:             New var:....... add_headers = None
IE_TRACE:             15:01:41.903658 line      1130         if add_headers:
IE_TRACE:             15:01:41.903705 line      1133         cookies = self._calc_cookies(info_dict)
IE_TRACE:                 Starting var:.. self = <test.test_YoutubeDL.YDL object at 0x7389c73e6d50>
IE_TRACE:                 Starting var:.. info_dict = {'formats': [{'ext': 'm4a', 'format_note': 'DASH audio', 'acodec': 'aac', 'vcodec': 'none', 'abr': 48, 'preference': -50, 'container': 'm4a_dash', 'format_id': '139', 'url': 'url:139', 'format': '139 - audio only (DASH audio)', 'http_headers': {'Us...tid', 'requested_subtitles': None, 'ext': 'm4a', 'format_note': 'DASH audio', 'acodec': 'aac', 'vcodec': 'none', 'abr': 256, 'preference': -50, 'container': 'm4a_dash', 'format_id': '141', 'url': 'url:141', 'format': '141 - audio only (DASH audio)'}
IE_TRACE:                 15:01:41.903748 call      1139     def _calc_cookies(self, info_dict):
IE_TRACE:                 15:01:41.903796 line      1140         pr = compat_urllib_request.Request(info_dict['url'])
IE_TRACE:                 Source path:... /path/to/BugsInPy/workspace/youtube-dl/youtube_dl/YoutubeDL.py
IE_TRACE:                 New var:....... pr = <urllib.request.Request object at 0x7389c633a4e0>
IE_TRACE:                 15:01:41.906796 line      1141         self.cookiejar.add_cookie_header(pr)
IE_TRACE:                 Source path:... /path/to/BugsInPy/workspace/youtube-dl/youtube_dl/YoutubeDL.py
IE_TRACE:                 15:01:41.907611 line      1142         return pr.get_header('Cookie')
IE_TRACE:                 Source path:... /path/to/BugsInPy/workspace/youtube-dl/youtube_dl/YoutubeDL.py
IE_TRACE:                 15:01:41.907821 return    1142         return pr.get_header('Cookie')
IE_TRACE:                 Return value:.. None
IE_TRACE:             New var:....... cookies = None
IE_TRACE:             15:01:41.907873 line      1134         if cookies:
IE_TRACE:             15:01:41.907924 line      1137         return res
IE_TRACE:             15:01:41.907971 return    1137         return res
IE_TRACE:             Return value:.. {'User-Agent': 'Mozilla/5.0 (X11; Linux x86_64; rv:10.0) Gecko/20150101 Firefox/20.0 (Chrome)', 'Accept-Charset': 'ISO-8859-1,utf-8;q=0.7,*;q=0.7', 'Accept': 'text/html,application/xhtml+xml,application/xml;q=0.9,*/*;q=0.8', 'Accept-Encoding': 'gzip, deflate', 'Accept-Language': 'en-us,en;q=0.5'}
IE_TRACE:         Modified var:.. format = {'ext': 'm4a', 'format_note': 'DASH audio', 'acodec': 'aac', 'vcodec': 'none', 'abr': 256, 'preference': -50, 'container': 'm4a_dash', 'format_id': '141', 'url': 'url:141', 'format': '141 - audio only (DASH audio)', 'http_headers': {'User-Agent': '...v:10.0) Gecko/20150101 Firefox/20.0 (Chrome)', 'Accept-Charset': 'ISO-8859-1,utf-8;q=0.7,*;q=0.7', 'Accept': 'text/html,application/xhtml+xml,application/xml;q=0.9,*/*;q=0.8', 'Accept-Encoding': 'gzip, deflate', 'Accept-Language': 'en-us,en;q=0.5'}}
IE_TRACE:         15:01:41.908022 line      1226         for i, format in enumerate(formats):
IE_TRACE:         Modified var:.. i = 5
IE_TRACE:         Modified var:.. format = {'ext': 'mp4', 'height': 144, 'format_note': 'DASH video', 'acodec': 'none', 'preference': -40, 'format_id': '160', 'url': 'url:160'}
IE_TRACE:         15:01:41.908113 line      1227             if format.get('format') is None:
IE_TRACE:         15:01:41.908203 line      1228                 format['format'] = '{id} - {res}{note}'.format(
IE_TRACE:         15:01:41.908287 line      1229                     id=format['format_id'],
IE_TRACE:         15:01:41.908367 line      1230                     res=self.format_resolution(format),
IE_TRACE:             Starting var:.. format = {'ext': 'mp4', 'height': 144, 'format_note': 'DASH video', 'acodec': 'none', 'preference': -40, 'format_id': '160', 'url': 'url:160'}
IE_TRACE:             Starting var:.. default = 'unknown'
IE_TRACE:             15:01:41.908448 call      1706     def format_resolution(format, default='unknown'):
IE_TRACE:             15:01:41.908472 line      1707         if format.get('vcodec') == 'none':
IE_TRACE:             15:01:41.908489 line      1709         if format.get('resolution') is not None:
IE_TRACE:             15:01:41.908505 line      1711         if format.get('height') is not None:
IE_TRACE:             15:01:41.908521 line      1712             if format.get('width') is not None:
IE_TRACE:             15:01:41.908536 line      1715                 res = '%sp' % format['height']
IE_TRACE:             New var:....... res = '144p'
IE_TRACE:             15:01:41.908552 line      1720         return res
IE_TRACE:             15:01:41.908573 return    1720         return res
IE_TRACE:             Return value:.. '144p'
IE_TRACE:         15:01:41.908593 line      1231                     note=' ({0})'.format(format['format_note']) if format.get('format_note') is not None else '',
IE_TRACE:         15:01:41.908673 line      1228                 format['format'] = '{id} - {res}{note}'.format(
IE_TRACE:         Modified var:.. format = {'ext': 'mp4', 'height': 144, 'format_note': 'DASH video', 'acodec': 'none', 'preference': -40, 'format_id': '160', 'url': 'url:160', 'format': '160 - 144p (DASH video)'}
IE_TRACE:         15:01:41.908761 line      1234             if 'ext' not in format:
IE_TRACE:         15:01:41.908917 line      1238             full_format_info = info_dict.copy()
IE_TRACE:         Modified var:.. full_format_info = {'formats': [{'ext': 'm4a', 'format_note': 'DASH audio', 'acodec': 'aac', 'vcodec': 'none', 'abr': 48, 'preference': -50, 'container': 'm4a_dash', 'format_id': '139', 'url': 'url:139', 'format': '139 - audio only (DASH audio)', 'http_headers': {'Us...l:37'}, {'ext': 'mp4', 'width': 4096, 'height': 3072, 'format_id': '38', 'url': 'url:38'}], 'id': 'testid', 'title': 'testttitle', 'extractor': 'youtube', 'playlist': None, 'playlist_index': None, 'display_id': 'testid', 'requested_subtitles': None}
IE_TRACE:         15:01:41.909013 line      1239             full_format_info.update(format)
IE_TRACE:         Modified var:.. full_format_info = {'formats': [{'ext': 'm4a', 'format_note': 'DASH audio', 'acodec': 'aac', 'vcodec': 'none', 'abr': 48, 'preference': -50, 'container': 'm4a_dash', 'format_id': '139', 'url': 'url:139', 'format': '139 - audio only (DASH audio)', 'http_headers': {'Us...e, 'playlist_index': None, 'display_id': 'testid', 'requested_subtitles': None, 'ext': 'mp4', 'height': 144, 'format_note': 'DASH video', 'acodec': 'none', 'preference': -40, 'format_id': '160', 'url': 'url:160', 'format': '160 - 144p (DASH video)'}
IE_TRACE:         15:01:41.909097 line      1240             format['http_headers'] = self._calc_headers(full_format_info)
IE_TRACE:             Starting var:.. self = <test.test_YoutubeDL.YDL object at 0x7389c73e6d50>
IE_TRACE:             Starting var:.. info_dict = {'formats': [{'ext': 'm4a', 'format_note': 'DASH audio', 'acodec': 'aac', 'vcodec': 'none', 'abr': 48, 'preference': -50, 'container': 'm4a_dash', 'format_id': '139', 'url': 'url:139', 'format': '139 - audio only (DASH audio)', 'http_headers': {'Us...e, 'playlist_index': None, 'display_id': 'testid', 'requested_subtitles': None, 'ext': 'mp4', 'height': 144, 'format_note': 'DASH video', 'acodec': 'none', 'preference': -40, 'format_id': '160', 'url': 'url:160', 'format': '160 - 144p (DASH video)'}
IE_TRACE:             15:01:41.909180 call      1126     def _calc_headers(self, info_dict):
IE_TRACE:             15:01:41.909229 line      1127         res = std_headers.copy()
IE_TRACE:             New var:....... res = {'User-Agent': 'Mozilla/5.0 (X11; Linux x86_64; rv:10.0) Gecko/20150101 Firefox/20.0 (Chrome)', 'Accept-Charset': 'ISO-8859-1,utf-8;q=0.7,*;q=0.7', 'Accept': 'text/html,application/xhtml+xml,application/xml;q=0.9,*/*;q=0.8', 'Accept-Encoding': 'gzip, deflate', 'Accept-Language': 'en-us,en;q=0.5'}
IE_TRACE:             15:01:41.909273 line      1129         add_headers = info_dict.get('http_headers')
IE_TRACE:             New var:....... add_headers = None
IE_TRACE:             15:01:41.909321 line      1130         if add_headers:
IE_TRACE:             15:01:41.909372 line      1133         cookies = self._calc_cookies(info_dict)
IE_TRACE:                 Starting var:.. self = <test.test_YoutubeDL.YDL object at 0x7389c73e6d50>
IE_TRACE:                 Starting var:.. info_dict = {'formats': [{'ext': 'm4a', 'format_note': 'DASH audio', 'acodec': 'aac', 'vcodec': 'none', 'abr': 48, 'preference': -50, 'container': 'm4a_dash', 'format_id': '139', 'url': 'url:139', 'format': '139 - audio only (DASH audio)', 'http_headers': {'Us...e, 'playlist_index': None, 'display_id': 'testid', 'requested_subtitles': None, 'ext': 'mp4', 'height': 144, 'format_note': 'DASH video', 'acodec': 'none', 'preference': -40, 'format_id': '160', 'url': 'url:160', 'format': '160 - 144p (DASH video)'}
IE_TRACE:                 15:01:41.909425 call      1139     def _calc_cookies(self, info_dict):
IE_TRACE:                 15:01:41.909475 line      1140         pr = compat_urllib_request.Request(info_dict['url'])
IE_TRACE:                 Source path:... /path/to/BugsInPy/workspace/youtube-dl/youtube_dl/YoutubeDL.py
IE_TRACE:                 New var:....... pr = <urllib.request.Request object at 0x7389c633b050>
IE_TRACE:                 15:01:41.912507 line      1141         self.cookiejar.add_cookie_header(pr)
IE_TRACE:                 Source path:... /path/to/BugsInPy/workspace/youtube-dl/youtube_dl/YoutubeDL.py
IE_TRACE:                 15:01:41.913313 line      1142         return pr.get_header('Cookie')
IE_TRACE:                 Source path:... /path/to/BugsInPy/workspace/youtube-dl/youtube_dl/YoutubeDL.py
IE_TRACE:                 15:01:41.913472 return    1142         return pr.get_header('Cookie')
IE_TRACE:                 Return value:.. None
IE_TRACE:             New var:....... cookies = None
IE_TRACE:             15:01:41.913523 line      1134         if cookies:
IE_TRACE:             15:01:41.913575 line      1137         return res
IE_TRACE:             15:01:41.913624 return    1137         return res
IE_TRACE:             Return value:.. {'User-Agent': 'Mozilla/5.0 (X11; Linux x86_64; rv:10.0) Gecko/20150101 Firefox/20.0 (Chrome)', 'Accept-Charset': 'ISO-8859-1,utf-8;q=0.7,*;q=0.7', 'Accept': 'text/html,application/xhtml+xml,application/xml;q=0.9,*/*;q=0.8', 'Accept-Encoding': 'gzip, deflate', 'Accept-Language': 'en-us,en;q=0.5'}
IE_TRACE:         Modified var:.. format = {'ext': 'mp4', 'height': 144, 'format_note': 'DASH video', 'acodec': 'none', 'preference': -40, 'format_id': '160', 'url': 'url:160', 'format': '160 - 144p (DASH video)', 'http_headers': {'User-Agent': 'Mozilla/5.0 (X11; Linux x86_64; rv:10.0) Gecko/20150101 Firefox/20.0 (Chrome)', 'Accept-Charset': 'ISO-8859-1,utf-8;q=0.7,*;q=0.7', 'Accept': 'text/html,application/xhtml+xml,application/xml;q=0.9,*/*;q=0.8', 'Accept-Encoding': 'gzip, deflate', 'Accept-Language': 'en-us,en;q=0.5'}}
IE_TRACE:     [CONDENSED] 25 identical loop iterations skipped (27 total iterations, showing first and last)
IE_TRACE:         15:01:42.068557 line      1226         for i, format in enumerate(formats):
IE_TRACE:         Modified var:.. i = 31
IE_TRACE:         Modified var:.. format = {'ext': 'mp4', 'height': 1080, 'format_note': 'HLS', 'preference': -10, 'format_id': '96', 'url': 'url:96'}
IE_TRACE:         15:01:42.068695 line      1227             if format.get('format') is None:
IE_TRACE:         15:01:42.068829 line      1228                 format['format'] = '{id} - {res}{note}'.format(
IE_TRACE:         15:01:42.068956 line      1229                     id=format['format_id'],
IE_TRACE:         15:01:42.069082 line      1230                     res=self.format_resolution(format),
IE_TRACE:             Starting var:.. format = {'ext': 'mp4', 'height': 1080, 'format_note': 'HLS', 'preference': -10, 'format_id': '96', 'url': 'url:96'}
IE_TRACE:             Starting var:.. default = 'unknown'
IE_TRACE:             15:01:42.069210 call      1706     def format_resolution(format, default='unknown'):
IE_TRACE:             15:01:42.069234 line      1707         if format.get('vcodec') == 'none':
IE_TRACE:             15:01:42.069251 line      1709         if format.get('resolution') is not None:
IE_TRACE:             15:01:42.069267 line      1711         if format.get('height') is not None:
IE_TRACE:             15:01:42.069283 line      1712             if format.get('width') is not None:
IE_TRACE:             15:01:42.069299 line      1715                 res = '%sp' % format['height']
IE_TRACE:             New var:....... res = '1080p'
IE_TRACE:             15:01:42.069315 line      1720         return res
IE_TRACE:             15:01:42.069336 return    1720         return res
IE_TRACE:             Return value:.. '1080p'
IE_TRACE:         15:01:42.069357 line      1231                     note=' ({0})'.format(format['format_note']) if format.get('format_note') is not None else '',
IE_TRACE:         15:01:42.069485 line      1228                 format['format'] = '{id} - {res}{note}'.format(
IE_TRACE:         Modified var:.. format = {'ext': 'mp4', 'height': 1080, 'format_note': 'HLS', 'preference': -10, 'format_id': '96', 'url': 'url:96', 'format': '96 - 1080p (HLS)'}
IE_TRACE:         15:01:42.069614 line      1234             if 'ext' not in format:
IE_TRACE:         15:01:42.069742 line      1238             full_format_info = info_dict.copy()
IE_TRACE:         Modified var:.. full_format_info = {'formats': [{'ext': 'm4a', 'format_note': 'DASH audio', 'acodec': 'aac', 'vcodec': 'none', 'abr': 48, 'preference': -50, 'container': 'm4a_dash', 'format_id': '139', 'url': 'url:139', 'format': '139 - audio only (DASH audio)', 'http_headers': {'Us...l:37'}, {'ext': 'mp4', 'width': 4096, 'height': 3072, 'format_id': '38', 'url': 'url:38'}], 'id': 'testid', 'title': 'testttitle', 'extractor': 'youtube', 'playlist': None, 'playlist_index': None, 'display_id': 'testid', 'requested_subtitles': None}
IE_TRACE:         15:01:42.069868 line      1239             full_format_info.update(format)
IE_TRACE:         Modified var:.. full_format_info = {'formats': [{'ext': 'm4a', 'format_note': 'DASH audio', 'acodec': 'aac', 'vcodec': 'none', 'abr': 48, 'preference': -50, 'container': 'm4a_dash', 'format_id': '139', 'url': 'url:139', 'format': '139 - audio only (DASH audio)', 'http_headers': {'Us...ctor': 'youtube', 'playlist': None, 'playlist_index': None, 'display_id': 'testid', 'requested_subtitles': None, 'ext': 'mp4', 'height': 1080, 'format_note': 'HLS', 'preference': -10, 'format_id': '96', 'url': 'url:96', 'format': '96 - 1080p (HLS)'}
IE_TRACE:         15:01:42.069997 line      1240             format['http_headers'] = self._calc_headers(full_format_info)
IE_TRACE:             Starting var:.. self = <test.test_YoutubeDL.YDL object at 0x7389c73e6d50>
IE_TRACE:             Starting var:.. info_dict = {'formats': [{'ext': 'm4a', 'format_note': 'DASH audio', 'acodec': 'aac', 'vcodec': 'none', 'abr': 48, 'preference': -50, 'container': 'm4a_dash', 'format_id': '139', 'url': 'url:139', 'format': '139 - audio only (DASH audio)', 'http_headers': {'Us...ctor': 'youtube', 'playlist': None, 'playlist_index': None, 'display_id': 'testid', 'requested_subtitles': None, 'ext': 'mp4', 'height': 1080, 'format_note': 'HLS', 'preference': -10, 'format_id': '96', 'url': 'url:96', 'format': '96 - 1080p (HLS)'}
IE_TRACE:             15:01:42.070156 call      1126     def _calc_headers(self, info_dict):
IE_TRACE:             15:01:42.070234 line      1127         res = std_headers.copy()
IE_TRACE:             New var:....... res = {'User-Agent': 'Mozilla/5.0 (X11; Linux x86_64; rv:10.0) Gecko/20150101 Firefox/20.0 (Chrome)', 'Accept-Charset': 'ISO-8859-1,utf-8;q=0.7,*;q=0.7', 'Accept': 'text/html,application/xhtml+xml,application/xml;q=0.9,*/*;q=0.8', 'Accept-Encoding': 'gzip, deflate', 'Accept-Language': 'en-us,en;q=0.5'}
IE_TRACE:             15:01:42.070324 line      1129         add_headers = info_dict.get('http_headers')
IE_TRACE:             New var:....... add_headers = None
IE_TRACE:             15:01:42.070426 line      1130         if add_headers:
IE_TRACE:             15:01:42.070501 line      1133         cookies = self._calc_cookies(info_dict)
IE_TRACE:                 Starting var:.. self = <test.test_YoutubeDL.YDL object at 0x7389c73e6d50>
IE_TRACE:                 Starting var:.. info_dict = {'formats': [{'ext': 'm4a', 'format_note': 'DASH audio', 'acodec': 'aac', 'vcodec': 'none', 'abr': 48, 'preference': -50, 'container': 'm4a_dash', 'format_id': '139', 'url': 'url:139', 'format': '139 - audio only (DASH audio)', 'http_headers': {'Us...ctor': 'youtube', 'playlist': None, 'playlist_index': None, 'display_id': 'testid', 'requested_subtitles': None, 'ext': 'mp4', 'height': 1080, 'format_note': 'HLS', 'preference': -10, 'format_id': '96', 'url': 'url:96', 'format': '96 - 1080p (HLS)'}
IE_TRACE:                 15:01:42.070575 call      1139     def _calc_cookies(self, info_dict):
IE_TRACE:                 15:01:42.070648 line      1140         pr = compat_urllib_request.Request(info_dict['url'])
IE_TRACE:                 Source path:... /path/to/BugsInPy/workspace/youtube-dl/youtube_dl/YoutubeDL.py
IE_TRACE:                 New var:....... pr = <urllib.request.Request object at 0x7389c61639e0>
IE_TRACE:                 15:01:42.073875 line      1141         self.cookiejar.add_cookie_header(pr)
IE_TRACE:                 Source path:... /path/to/BugsInPy/workspace/youtube-dl/youtube_dl/YoutubeDL.py
IE_TRACE:                 15:01:42.074764 line      1142         return pr.get_header('Cookie')
IE_TRACE:                 Source path:... /path/to/BugsInPy/workspace/youtube-dl/youtube_dl/YoutubeDL.py
IE_TRACE:                 15:01:42.074964 return    1142         return pr.get_header('Cookie')
IE_TRACE:                 Return value:.. None
IE_TRACE:             New var:....... cookies = None
IE_TRACE:             15:01:42.075045 line      1134         if cookies:
IE_TRACE:             15:01:42.075120 line      1137         return res
IE_TRACE:             15:01:42.075190 return    1137         return res
IE_TRACE:             Return value:.. {'User-Agent': 'Mozilla/5.0 (X11; Linux x86_64; rv:10.0) Gecko/20150101 Firefox/20.0 (Chrome)', 'Accept-Charset': 'ISO-8859-1,utf-8;q=0.7,*;q=0.7', 'Accept': 'text/html,application/xhtml+xml,application/xml;q=0.9,*/*;q=0.8', 'Accept-Encoding': 'gzip, deflate', 'Accept-Language': 'en-us,en;q=0.5'}
IE_TRACE:         Modified var:.. format = {'ext': 'mp4', 'height': 1080, 'format_note': 'HLS', 'preference': -10, 'format_id': '96', 'url': 'url:96', 'format': '96 - 1080p (HLS)', 'http_headers': {'User-Agent': 'Mozilla/5.0 (X11; Linux x86_64; rv:10.0) Gecko/20150101 Firefox/20.0 (Chrome)', 'Accept-Charset': 'ISO-8859-1,utf-8;q=0.7,*;q=0.7', 'Accept': 'text/html,application/xhtml+xml,application/xml;q=0.9,*/*;q=0.8', 'Accept-Encoding': 'gzip, deflate', 'Accept-Language': 'en-us,en;q=0.5'}}
IE_TRACE:         15:01:42.075266 line      1226         for i, format in enumerate(formats):
IE_TRACE:         Modified var:.. i = 32
IE_TRACE:         Modified var:.. format = {'ext': '3gp', 'format_id': '13', 'url': 'url:13'}
IE_TRACE:         15:01:42.075404 line      1227             if format.get('format') is None:
IE_TRACE:         15:01:42.075540 line      1228                 format['format'] = '{id} - {res}{note}'.format(
IE_TRACE:         15:01:42.075668 line      1229                     id=format['format_id'],
IE_TRACE:         15:01:42.075795 line      1230                     res=self.format_resolution(format),
IE_TRACE:             Starting var:.. format = {'ext': '3gp', 'format_id': '13', 'url': 'url:13'}
IE_TRACE:             Starting var:.. default = 'unknown'
IE_TRACE:             15:01:42.075920 call      1706     def format_resolution(format, default='unknown'):
IE_TRACE:             15:01:42.075944 line      1707         if format.get('vcodec') == 'none':
IE_TRACE:             15:01:42.075962 line      1709         if format.get('resolution') is not None:
IE_TRACE:             15:01:42.075978 line      1711         if format.get('height') is not None:
IE_TRACE:             15:01:42.075993 line      1716         elif format.get('width') is not None:
IE_TRACE:             15:01:42.076009 line      1719             res = default
IE_TRACE:             New var:....... res = 'unknown'
IE_TRACE:             15:01:42.076025 line      1720         return res
IE_TRACE:             15:01:42.076043 return    1720         return res
IE_TRACE:             Return value:.. 'unknown'
IE_TRACE:         15:01:42.076063 line      1231                     note=' ({0})'.format(format['format_note']) if format.get('format_note') is not None else '',
IE_TRACE:         15:01:42.076189 line      1228                 format['format'] = '{id} - {res}{note}'.format(
IE_TRACE:         Modified var:.. format = {'ext': '3gp', 'format_id': '13', 'url': 'url:13', 'format': '13 - unknown'}
IE_TRACE:         15:01:42.076314 line      1234             if 'ext' not in format:
IE_TRACE:         15:01:42.076442 line      1238             full_format_info = info_dict.copy()
IE_TRACE:         Modified var:.. full_format_info = {'formats': [{'ext': 'm4a', 'format_note': 'DASH audio', 'acodec': 'aac', 'vcodec': 'none', 'abr': 48, 'preference': -50, 'container': 'm4a_dash', 'format_id': '139', 'url': 'url:139', 'format': '139 - audio only (DASH audio)', 'http_headers': {'Us...l:37'}, {'ext': 'mp4', 'width': 4096, 'height': 3072, 'format_id': '38', 'url': 'url:38'}], 'id': 'testid', 'title': 'testttitle', 'extractor': 'youtube', 'playlist': None, 'playlist_index': None, 'display_id': 'testid', 'requested_subtitles': None}
IE_TRACE:         15:01:42.076568 line      1239             full_format_info.update(format)
IE_TRACE:         Modified var:.. full_format_info = {'formats': [{'ext': 'm4a', 'format_note': 'DASH audio', 'acodec': 'aac', 'vcodec': 'none', 'abr': 48, 'preference': -50, 'container': 'm4a_dash', 'format_id': '139', 'url': 'url:139', 'format': '139 - audio only (DASH audio)', 'http_headers': {'Us...l': 'url:38'}], 'id': 'testid', 'title': 'testttitle', 'extractor': 'youtube', 'playlist': None, 'playlist_index': None, 'display_id': 'testid', 'requested_subtitles': None, 'ext': '3gp', 'format_id': '13', 'url': 'url:13', 'format': '13 - unknown'}
IE_TRACE:         15:01:42.076695 line      1240             format['http_headers'] = self._calc_headers(full_format_info)
IE_TRACE:             Starting var:.. self = <test.test_YoutubeDL.YDL object at 0x7389c73e6d50>
IE_TRACE:             Starting var:.. info_dict = {'formats': [{'ext': 'm4a', 'format_note': 'DASH audio', 'acodec': 'aac', 'vcodec': 'none', 'abr': 48, 'preference': -50, 'container': 'm4a_dash', 'format_id': '139', 'url': 'url:139', 'format': '139 - audio only (DASH audio)', 'http_headers': {'Us...l': 'url:38'}], 'id': 'testid', 'title': 'testttitle', 'extractor': 'youtube', 'playlist': None, 'playlist_index': None, 'display_id': 'testid', 'requested_subtitles': None, 'ext': '3gp', 'format_id': '13', 'url': 'url:13', 'format': '13 - unknown'}
IE_TRACE:             15:01:42.076824 call      1126     def _calc_headers(self, info_dict):
IE_TRACE:             15:01:42.076896 line      1127         res = std_headers.copy()
IE_TRACE:             New var:....... res = {'User-Agent': 'Mozilla/5.0 (X11; Linux x86_64; rv:10.0) Gecko/20150101 Firefox/20.0 (Chrome)', 'Accept-Charset': 'ISO-8859-1,utf-8;q=0.7,*;q=0.7', 'Accept': 'text/html,application/xhtml+xml,application/xml;q=0.9,*/*;q=0.8', 'Accept-Encoding': 'gzip, deflate', 'Accept-Language': 'en-us,en;q=0.5'}
IE_TRACE:             15:01:42.076962 line      1129         add_headers = info_dict.get('http_headers')
IE_TRACE:             New var:....... add_headers = None
IE_TRACE:             15:01:42.077033 line      1130         if add_headers:
IE_TRACE:             15:01:42.077104 line      1133         cookies = self._calc_cookies(info_dict)
IE_TRACE:                 Starting var:.. self = <test.test_YoutubeDL.YDL object at 0x7389c73e6d50>
IE_TRACE:                 Starting var:.. info_dict = {'formats': [{'ext': 'm4a', 'format_note': 'DASH audio', 'acodec': 'aac', 'vcodec': 'none', 'abr': 48, 'preference': -50, 'container': 'm4a_dash', 'format_id': '139', 'url': 'url:139', 'format': '139 - audio only (DASH audio)', 'http_headers': {'Us...l': 'url:38'}], 'id': 'testid', 'title': 'testttitle', 'extractor': 'youtube', 'playlist': None, 'playlist_index': None, 'display_id': 'testid', 'requested_subtitles': None, 'ext': '3gp', 'format_id': '13', 'url': 'url:13', 'format': '13 - unknown'}
IE_TRACE:                 15:01:42.077172 call      1139     def _calc_cookies(self, info_dict):
IE_TRACE:                 15:01:42.077243 line      1140         pr = compat_urllib_request.Request(info_dict['url'])
IE_TRACE:                 Source path:... /path/to/BugsInPy/workspace/youtube-dl/youtube_dl/YoutubeDL.py
IE_TRACE:                 New var:....... pr = <urllib.request.Request object at 0x7389c7172420>
IE_TRACE:                 15:01:42.079227 line      1141         self.cookiejar.add_cookie_header(pr)
IE_TRACE:                 Source path:... /path/to/BugsInPy/workspace/youtube-dl/youtube_dl/YoutubeDL.py
IE_TRACE:                 15:01:42.080094 line      1142         return pr.get_header('Cookie')
IE_TRACE:                 Source path:... /path/to/BugsInPy/workspace/youtube-dl/youtube_dl/YoutubeDL.py
IE_TRACE:                 15:01:42.080281 return    1142         return pr.get_header('Cookie')
IE_TRACE:                 Return value:.. None
IE_TRACE:             New var:....... cookies = None
IE_TRACE:             15:01:42.080357 line      1134         if cookies:
IE_TRACE:             15:01:42.080433 line      1137         return res
IE_TRACE:             15:01:42.080504 return    1137         return res
IE_TRACE:             Return value:.. {'User-Agent': 'Mozilla/5.0 (X11; Linux x86_64; rv:10.0) Gecko/20150101 Firefox/20.0 (Chrome)', 'Accept-Charset': 'ISO-8859-1,utf-8;q=0.7,*;q=0.7', 'Accept': 'text/html,application/xhtml+xml,application/xml;q=0.9,*/*;q=0.8', 'Accept-Encoding': 'gzip, deflate', 'Accept-Language': 'en-us,en;q=0.5'}
IE_TRACE:         Modified var:.. format = {'ext': '3gp', 'format_id': '13', 'url': 'url:13', 'format': '13 - unknown', 'http_headers': {'User-Agent': 'Mozilla/5.0 (X11; Linux x86_64; rv:10.0) Gecko/20150101 Firefox/20.0 (Chrome)', 'Accept-Charset': 'ISO-8859-1,utf-8;q=0.7,*;q=0.7', 'Accept': 'text/html,application/xhtml+xml,application/xml;q=0.9,*/*;q=0.8', 'Accept-Encoding': 'gzip, deflate', 'Accept-Language': 'en-us,en;q=0.5'}}
IE_TRACE:         15:01:42.080581 line      1226         for i, format in enumerate(formats):
IE_TRACE:         Modified var:.. i = 33
IE_TRACE:         Modified var:.. format = {'ext': '3gp', 'width': 176, 'height': 144, 'format_id': '17', 'url': 'url:17'}
IE_TRACE:         15:01:42.080719 line      1227             if format.get('format') is None:
IE_TRACE:         15:01:42.080856 line      1228                 format['format'] = '{id} - {res}{note}'.format(
IE_TRACE:         15:01:42.080985 line      1229                     id=format['format_id'],
IE_TRACE:         15:01:42.081113 line      1230                     res=self.format_resolution(format),
IE_TRACE:             Starting var:.. format = {'ext': '3gp', 'width': 176, 'height': 144, 'format_id': '17', 'url': 'url:17'}
IE_TRACE:             Starting var:.. default = 'unknown'
IE_TRACE:             15:01:42.081242 call      1706     def format_resolution(format, default='unknown'):
IE_TRACE:             15:01:42.081266 line      1707         if format.get('vcodec') == 'none':
IE_TRACE:             15:01:42.081282 line      1709         if format.get('resolution') is not None:
IE_TRACE:             15:01:42.081298 line      1711         if format.get('height') is not None:
IE_TRACE:             15:01:42.081314 line      1712             if format.get('width') is not None:
IE_TRACE:             15:01:42.081330 line      1713                 res = '%sx%s' % (format['width'], format['height'])
IE_TRACE:             New var:....... res = '176x144'
IE_TRACE:     [CONDENSED] 12 identical loop iterations skipped (14 total iterations, showing first and last)
IE_TRACE:             15:01:42.149133 line      1720         return res
IE_TRACE:             15:01:42.149153 return    1720         return res
IE_TRACE:             Return value:.. '1920x1080'
IE_TRACE:         15:01:42.149173 line      1231                     note=' ({0})'.format(format['format_note']) if format.get('format_note') is not None else '',
IE_TRACE:         15:01:42.149322 line      1228                 format['format'] = '{id} - {res}{note}'.format(
IE_TRACE:         Modified var:.. info_dict = {'formats': [{'ext': 'm4a', 'format_note': 'DASH audio', 'acodec': 'aac', 'vcodec': 'none', 'abr': 48, 'preference': -50, 'container': 'm4a_dash', 'format_id': '139', 'url': 'url:139', 'format': '139 - audio only (DASH audio)', 'http_headers': {'Us...1080'}, {'ext': 'mp4', 'width': 4096, 'height': 3072, 'format_id': '38', 'url': 'url:38'}], 'id': 'testid', 'title': 'testttitle', 'extractor': 'youtube', 'playlist': None, 'playlist_index': None, 'display_id': 'testid', 'requested_subtitles': None}
IE_TRACE:         Modified var:.. format = {'ext': 'mp4', 'width': 1920, 'height': 1080, 'format_id': '37', 'url': 'url:37', 'format': '37 - 1920x1080'}
IE_TRACE:         15:01:42.149469 line      1234             if 'ext' not in format:
IE_TRACE:         15:01:42.149629 line      1238             full_format_info = info_dict.copy()
IE_TRACE:         Modified var:.. full_format_info = {'formats': [{'ext': 'm4a', 'format_note': 'DASH audio', 'acodec': 'aac', 'vcodec': 'none', 'abr': 48, 'preference': -50, 'container': 'm4a_dash', 'format_id': '139', 'url': 'url:139', 'format': '139 - audio only (DASH audio)', 'http_headers': {'Us...1080'}, {'ext': 'mp4', 'width': 4096, 'height': 3072, 'format_id': '38', 'url': 'url:38'}], 'id': 'testid', 'title': 'testttitle', 'extractor': 'youtube', 'playlist': None, 'playlist_index': None, 'display_id': 'testid', 'requested_subtitles': None}
IE_TRACE:         15:01:42.149780 line      1239             full_format_info.update(format)
IE_TRACE:         Modified var:.. full_format_info = {'formats': [{'ext': 'm4a', 'format_note': 'DASH audio', 'acodec': 'aac', 'vcodec': 'none', 'abr': 48, 'preference': -50, 'container': 'm4a_dash', 'format_id': '139', 'url': 'url:139', 'format': '139 - audio only (DASH audio)', 'http_headers': {'Us...title': 'testttitle', 'extractor': 'youtube', 'playlist': None, 'playlist_index': None, 'display_id': 'testid', 'requested_subtitles': None, 'ext': 'mp4', 'width': 1920, 'height': 1080, 'format_id': '37', 'url': 'url:37', 'format': '37 - 1920x1080'}
IE_TRACE:         15:01:42.149931 line      1240             format['http_headers'] = self._calc_headers(full_format_info)
IE_TRACE:             Starting var:.. self = <test.test_YoutubeDL.YDL object at 0x7389c73e6d50>
IE_TRACE:             Starting var:.. info_dict = {'formats': [{'ext': 'm4a', 'format_note': 'DASH audio', 'acodec': 'aac', 'vcodec': 'none', 'abr': 48, 'preference': -50, 'container': 'm4a_dash', 'format_id': '139', 'url': 'url:139', 'format': '139 - audio only (DASH audio)', 'http_headers': {'Us...title': 'testttitle', 'extractor': 'youtube', 'playlist': None, 'playlist_index': None, 'display_id': 'testid', 'requested_subtitles': None, 'ext': 'mp4', 'width': 1920, 'height': 1080, 'format_id': '37', 'url': 'url:37', 'format': '37 - 1920x1080'}
IE_TRACE:             15:01:42.150084 call      1126     def _calc_headers(self, info_dict):
IE_TRACE:             15:01:42.150168 line      1127         res = std_headers.copy()
IE_TRACE:             New var:....... res = {'User-Agent': 'Mozilla/5.0 (X11; Linux x86_64; rv:10.0) Gecko/20150101 Firefox/20.0 (Chrome)', 'Accept-Charset': 'ISO-8859-1,utf-8;q=0.7,*;q=0.7', 'Accept': 'text/html,application/xhtml+xml,application/xml;q=0.9,*/*;q=0.8', 'Accept-Encoding': 'gzip, deflate', 'Accept-Language': 'en-us,en;q=0.5'}
IE_TRACE:             15:01:42.150246 line      1129         add_headers = info_dict.get('http_headers')
IE_TRACE:             New var:....... add_headers = None
IE_TRACE:             15:01:42.150328 line      1130         if add_headers:
IE_TRACE:             15:01:42.150410 line      1133         cookies = self._calc_cookies(info_dict)
IE_TRACE:                 Starting var:.. self = <test.test_YoutubeDL.YDL object at 0x7389c73e6d50>
IE_TRACE:                 Starting var:.. info_dict = {'formats': [{'ext': 'm4a', 'format_note': 'DASH audio', 'acodec': 'aac', 'vcodec': 'none', 'abr': 48, 'preference': -50, 'container': 'm4a_dash', 'format_id': '139', 'url': 'url:139', 'format': '139 - audio only (DASH audio)', 'http_headers': {'Us...title': 'testttitle', 'extractor': 'youtube', 'playlist': None, 'playlist_index': None, 'display_id': 'testid', 'requested_subtitles': None, 'ext': 'mp4', 'width': 1920, 'height': 1080, 'format_id': '37', 'url': 'url:37', 'format': '37 - 1920x1080'}
IE_TRACE:                 15:01:42.150489 call      1139     def _calc_cookies(self, info_dict):
IE_TRACE:                 15:01:42.150573 line      1140         pr = compat_urllib_request.Request(info_dict['url'])
IE_TRACE:                 Source path:... /path/to/BugsInPy/workspace/youtube-dl/youtube_dl/YoutubeDL.py
IE_TRACE:                 New var:....... pr = <urllib.request.Request object at 0x7389c6163b90>
IE_TRACE:                 15:01:42.152590 line      1141         self.cookiejar.add_cookie_header(pr)
IE_TRACE:                 Source path:... /path/to/BugsInPy/workspace/youtube-dl/youtube_dl/YoutubeDL.py
IE_TRACE:                 15:01:42.153491 line      1142         return pr.get_header('Cookie')
IE_TRACE:                 Source path:... /path/to/BugsInPy/workspace/youtube-dl/youtube_dl/YoutubeDL.py
IE_TRACE:                 15:01:42.153731 return    1142         return pr.get_header('Cookie')
IE_TRACE:                 Return value:.. None
IE_TRACE:             New var:....... cookies = None
IE_TRACE:             15:01:42.153854 line      1134         if cookies:
IE_TRACE:             15:01:42.153941 line      1137         return res
IE_TRACE:             15:01:42.154023 return    1137         return res
IE_TRACE:             Return value:.. {'User-Agent': 'Mozilla/5.0 (X11; Linux x86_64; rv:10.0) Gecko/20150101 Firefox/20.0 (Chrome)', 'Accept-Charset': 'ISO-8859-1,utf-8;q=0.7,*;q=0.7', 'Accept': 'text/html,application/xhtml+xml,application/xml;q=0.9,*/*;q=0.8', 'Accept-Encoding': 'gzip, deflate', 'Accept-Language': 'en-us,en;q=0.5'}
IE_TRACE:         Modified var:.. info_dict = {'formats': [{'ext': 'm4a', 'format_note': 'DASH audio', 'acodec': 'aac', 'vcodec': 'none', 'abr': 48, 'preference': -50, 'container': 'm4a_dash', 'format_id': '139', 'url': 'url:139', 'format': '139 - audio only (DASH audio)', 'http_headers': {'Us...0.5'}}, {'ext': 'mp4', 'width': 4096, 'height': 3072, 'format_id': '38', 'url': 'url:38'}], 'id': 'testid', 'title': 'testttitle', 'extractor': 'youtube', 'playlist': None, 'playlist_index': None, 'display_id': 'testid', 'requested_subtitles': None}
IE_TRACE:         Modified var:.. format = {'ext': 'mp4', 'width': 1920, 'height': 1080, 'format_id': '37', 'url': 'url:37', 'format': '37 - 1920x1080', 'http_headers': {'User-Agent': 'Mozilla/5.0 (X11; Linux x86_64; rv:10.0) Gecko/20150101 Firefox/20.0 (Chrome)', 'Accept-Charset': 'ISO-8859-1,utf-8;q=0.7,*;q=0.7', 'Accept': 'text/html,application/xhtml+xml,application/xml;q=0.9,*/*;q=0.8', 'Accept-Encoding': 'gzip, deflate', 'Accept-Language': 'en-us,en;q=0.5'}}
IE_TRACE:         15:01:42.154110 line      1226         for i, format in enumerate(formats):
IE_TRACE:         Modified var:.. i = 46
IE_TRACE:         Modified var:.. format = {'ext': 'mp4', 'width': 4096, 'height': 3072, 'format_id': '38', 'url': 'url:38'}
IE_TRACE:         15:01:42.154284 line      1227             if format.get('format') is None:
IE_TRACE:         15:01:42.154442 line      1228                 format['format'] = '{id} - {res}{note}'.format(
IE_TRACE:         15:01:42.154602 line      1229                     id=format['format_id'],
IE_TRACE:         15:01:42.154752 line      1230                     res=self.format_resolution(format),
IE_TRACE:             Starting var:.. format = {'ext': 'mp4', 'width': 4096, 'height': 3072, 'format_id': '38', 'url': 'url:38'}
IE_TRACE:             Starting var:.. default = 'unknown'
IE_TRACE:             15:01:42.154904 call      1706     def format_resolution(format, default='unknown'):
IE_TRACE:             15:01:42.154927 line      1707         if format.get('vcodec') == 'none':
IE_TRACE:             15:01:42.154943 line      1709         if format.get('resolution') is not None:
IE_TRACE:             15:01:42.154960 line      1711         if format.get('height') is not None:
IE_TRACE:             15:01:42.154976 line      1712             if format.get('width') is not None:
IE_TRACE:             15:01:42.154991 line      1713                 res = '%sx%s' % (format['width'], format['height'])
IE_TRACE:             New var:....... res = '4096x3072'
IE_TRACE:             15:01:42.155007 line      1720         return res
IE_TRACE:             15:01:42.155027 return    1720         return res
IE_TRACE:             Return value:.. '4096x3072'
IE_TRACE:         15:01:42.155048 line      1231                     note=' ({0})'.format(format['format_note']) if format.get('format_note') is not None else '',
IE_TRACE:         15:01:42.155199 line      1228                 format['format'] = '{id} - {res}{note}'.format(
IE_TRACE:         Modified var:.. info_dict = {'formats': [{'ext': 'm4a', 'format_note': 'DASH audio', 'acodec': 'aac', 'vcodec': 'none', 'abr': 48, 'preference': -50, 'container': 'm4a_dash', 'format_id': '139', 'url': 'url:139', 'format': '139 - audio only (DASH audio)', 'http_headers': {'Us...h': 4096, 'height': 3072, 'format_id': '38', 'url': 'url:38', 'format': '38 - 4096x3072'}], 'id': 'testid', 'title': 'testttitle', 'extractor': 'youtube', 'playlist': None, 'playlist_index': None, 'display_id': 'testid', 'requested_subtitles': None}
IE_TRACE:         Modified var:.. format = {'ext': 'mp4', 'width': 4096, 'height': 3072, 'format_id': '38', 'url': 'url:38', 'format': '38 - 4096x3072'}
IE_TRACE:         Modified var:.. ambiguous_formats = [{'ext': 'mp4', 'width': 4096, 'height': 3072, 'format_id': '38', 'url': 'url:38', 'format': '38 - 4096x3072'}]
IE_TRACE:         15:01:42.155349 line      1234             if 'ext' not in format:
IE_TRACE:         15:01:42.155509 line      1238             full_format_info = info_dict.copy()
IE_TRACE:         Modified var:.. full_format_info = {'formats': [{'ext': 'm4a', 'format_note': 'DASH audio', 'acodec': 'aac', 'vcodec': 'none', 'abr': 48, 'preference': -50, 'container': 'm4a_dash', 'format_id': '139', 'url': 'url:139', 'format': '139 - audio only (DASH audio)', 'http_headers': {'Us...h': 4096, 'height': 3072, 'format_id': '38', 'url': 'url:38', 'format': '38 - 4096x3072'}], 'id': 'testid', 'title': 'testttitle', 'extractor': 'youtube', 'playlist': None, 'playlist_index': None, 'display_id': 'testid', 'requested_subtitles': None}
IE_TRACE:         15:01:42.155664 line      1239             full_format_info.update(format)
IE_TRACE:         Modified var:.. full_format_info = {'formats': [{'ext': 'm4a', 'format_note': 'DASH audio', 'acodec': 'aac', 'vcodec': 'none', 'abr': 48, 'preference': -50, 'container': 'm4a_dash', 'format_id': '139', 'url': 'url:139', 'format': '139 - audio only (DASH audio)', 'http_headers': {'Us...title': 'testttitle', 'extractor': 'youtube', 'playlist': None, 'playlist_index': None, 'display_id': 'testid', 'requested_subtitles': None, 'ext': 'mp4', 'width': 4096, 'height': 3072, 'format_id': '38', 'url': 'url:38', 'format': '38 - 4096x3072'}
IE_TRACE:         15:01:42.155819 line      1240             format['http_headers'] = self._calc_headers(full_format_info)
IE_TRACE:             Starting var:.. self = <test.test_YoutubeDL.YDL object at 0x7389c73e6d50>
IE_TRACE:             Starting var:.. info_dict = {'formats': [{'ext': 'm4a', 'format_note': 'DASH audio', 'acodec': 'aac', 'vcodec': 'none', 'abr': 48, 'preference': -50, 'container': 'm4a_dash', 'format_id': '139', 'url': 'url:139', 'format': '139 - audio only (DASH audio)', 'http_headers': {'Us...title': 'testttitle', 'extractor': 'youtube', 'playlist': None, 'playlist_index': None, 'display_id': 'testid', 'requested_subtitles': None, 'ext': 'mp4', 'width': 4096, 'height': 3072, 'format_id': '38', 'url': 'url:38', 'format': '38 - 4096x3072'}
IE_TRACE:             15:01:42.155974 call      1126     def _calc_headers(self, info_dict):
IE_TRACE:             15:01:42.156059 line      1127         res = std_headers.copy()
IE_TRACE:             New var:....... res = {'User-Agent': 'Mozilla/5.0 (X11; Linux x86_64; rv:10.0) Gecko/20150101 Firefox/20.0 (Chrome)', 'Accept-Charset': 'ISO-8859-1,utf-8;q=0.7,*;q=0.7', 'Accept': 'text/html,application/xhtml+xml,application/xml;q=0.9,*/*;q=0.8', 'Accept-Encoding': 'gzip, deflate', 'Accept-Language': 'en-us,en;q=0.5'}
IE_TRACE:             15:01:42.156139 line      1129         add_headers = info_dict.get('http_headers')
IE_TRACE:             New var:....... add_headers = None
IE_TRACE:             15:01:42.156222 line      1130         if add_headers:
IE_TRACE:             15:01:42.156304 line      1133         cookies = self._calc_cookies(info_dict)
IE_TRACE:                 Starting var:.. self = <test.test_YoutubeDL.YDL object at 0x7389c73e6d50>
IE_TRACE:                 Starting var:.. info_dict = {'formats': [{'ext': 'm4a', 'format_note': 'DASH audio', 'acodec': 'aac', 'vcodec': 'none', 'abr': 48, 'preference': -50, 'container': 'm4a_dash', 'format_id': '139', 'url': 'url:139', 'format': '139 - audio only (DASH audio)', 'http_headers': {'Us...title': 'testttitle', 'extractor': 'youtube', 'playlist': None, 'playlist_index': None, 'display_id': 'testid', 'requested_subtitles': None, 'ext': 'mp4', 'width': 4096, 'height': 3072, 'format_id': '38', 'url': 'url:38', 'format': '38 - 4096x3072'}
IE_TRACE:                 15:01:42.156385 call      1139     def _calc_cookies(self, info_dict):
IE_TRACE:                 15:01:42.156485 line      1140         pr = compat_urllib_request.Request(info_dict['url'])
IE_TRACE:                 Source path:... /path/to/BugsInPy/workspace/youtube-dl/youtube_dl/YoutubeDL.py
IE_TRACE:                 New var:....... pr = <urllib.request.Request object at 0x7389c6163b30>
IE_TRACE:                 15:01:42.158692 line      1141         self.cookiejar.add_cookie_header(pr)
IE_TRACE:                 Source path:... /path/to/BugsInPy/workspace/youtube-dl/youtube_dl/YoutubeDL.py
IE_TRACE:                 15:01:42.159635 line      1142         return pr.get_header('Cookie')
IE_TRACE:                 Source path:... /path/to/BugsInPy/workspace/youtube-dl/youtube_dl/YoutubeDL.py
IE_TRACE:                 15:01:42.159844 return    1142         return pr.get_header('Cookie')
IE_TRACE:                 Return value:.. None
IE_TRACE:             New var:....... cookies = None
IE_TRACE:             15:01:42.159934 line      1134         if cookies:
IE_TRACE:             15:01:42.160024 line      1137         return res
IE_TRACE:             15:01:42.160107 return    1137         return res
IE_TRACE:             Return value:.. {'User-Agent': 'Mozilla/5.0 (X11; Linux x86_64; rv:10.0) Gecko/20150101 Firefox/20.0 (Chrome)', 'Accept-Charset': 'ISO-8859-1,utf-8;q=0.7,*;q=0.7', 'Accept': 'text/html,application/xhtml+xml,application/xml;q=0.9,*/*;q=0.8', 'Accept-Encoding': 'gzip, deflate', 'Accept-Language': 'en-us,en;q=0.5'}
IE_TRACE:         Modified var:.. info_dict = {'formats': [{'ext': 'm4a', 'format_note': 'DASH audio', 'acodec': 'aac', 'vcodec': 'none', 'abr': 48, 'preference': -50, 'container': 'm4a_dash', 'format_id': '139', 'url': 'url:139', 'format': '139 - audio only (DASH audio)', 'http_headers': {'Us...0.9,*/*;q=0.8', 'Accept-Encoding': 'gzip, deflate', 'Accept-Language': 'en-us,en;q=0.5'}}], 'id': 'testid', 'title': 'testttitle', 'extractor': 'youtube', 'playlist': None, 'playlist_index': None, 'display_id': 'testid', 'requested_subtitles': None}
IE_TRACE:         Modified var:.. format = {'ext': 'mp4', 'width': 4096, 'height': 3072, 'format_id': '38', 'url': 'url:38', 'format': '38 - 4096x3072', 'http_headers': {'User-Agent': 'Mozilla/5.0 (X11; Linux x86_64; rv:10.0) Gecko/20150101 Firefox/20.0 (Chrome)', 'Accept-Charset': 'ISO-8859-1,utf-8;q=0.7,*;q=0.7', 'Accept': 'text/html,application/xhtml+xml,application/xml;q=0.9,*/*;q=0.8', 'Accept-Encoding': 'gzip, deflate', 'Accept-Language': 'en-us,en;q=0.5'}}
IE_TRACE:         Modified var:.. ambiguous_formats = [{'ext': 'mp4', 'width': 4096, 'height': 3072, 'format_id': '38', 'url': 'url:38', 'format': '38 - 4096x3072', 'http_headers': {'User-Agent': 'Mozilla/5.0 (X11; Linux x86_64; rv:10.0) Gecko/20150101 Firefox/20.0 (Chrome)', 'Accept-Charset': 'ISO-8859-1,utf-8;q=0.7,*;q=0.7', 'Accept': 'text/html,application/xhtml+xml,application/xml;q=0.9,*/*;q=0.8', 'Accept-Encoding': 'gzip, deflate', 'Accept-Language': 'en-us,en;q=0.5'}}]
IE_TRACE:         15:01:42.160195 line      1226         for i, format in enumerate(formats):
IE_TRACE:         15:01:42.160372 line      1244         if formats[0] is not info_dict:
IE_TRACE:         15:01:42.160530 line      1249             info_dict['formats'] = formats
IE_TRACE:         15:01:42.160693 line      1250         if self.params.get('listformats'):
IE_TRACE:         15:01:42.160849 line      1253         if self.params.get('list_thumbnails'):
IE_TRACE:         15:01:42.161004 line      1257         req_format = self.params.get('format')
IE_TRACE:         New var:....... req_format = 'bestvideo+bestaudio'
IE_TRACE:         15:01:42.161155 line      1258         if req_format is None:
IE_TRACE:         15:01:42.161310 line      1267         format_selector = self.build_format_selector(req_format)
IE_TRACE:             Starting var:.. self = <test.test_YoutubeDL.YDL object at 0x7389c73e6d50>
IE_TRACE:             Starting var:.. format_spec = 'bestvideo+bestaudio'
IE_TRACE:             15:01:42.161486 call       913     def build_format_selector(self, format_spec):
IE_TRACE:             15:01:42.161519 line       914         def syntax_error(note, start):
IE_TRACE:             New var:....... syntax_error = <function YoutubeDL.build_format_selector.<locals>.syntax_error at 0x7389c5e74540>
IE_TRACE:             15:01:42.161543 line       920         PICKFIRST = 'PICKFIRST'
IE_TRACE:             New var:....... PICKFIRST = 'PICKFIRST'
IE_TRACE:             15:01:42.161573 line       921         MERGE = 'MERGE'
IE_TRACE:             New var:....... MERGE = 'MERGE'
IE_TRACE:             15:01:42.161602 line       922         SINGLE = 'SINGLE'
IE_TRACE:             New var:....... SINGLE = 'SINGLE'
IE_TRACE:             15:01:42.161630 line       923         GROUP = 'GROUP'
IE_TRACE:             New var:....... GROUP = 'GROUP'
IE_TRACE:             15:01:42.161660 line       924         FormatSelector = collections.namedtuple('FormatSelector', ['type', 'selector', 'filters'])
IE_TRACE:             Source path:... /path/to/BugsInPy/workspace/youtube-dl/youtube_dl/YoutubeDL.py
IE_TRACE:             New var:....... FormatSelector = <class 'youtube_dl.YoutubeDL.FormatSelector'>
IE_TRACE:             15:01:42.167234 line       926         def _parse_filter(tokens):
IE_TRACE:             New var:....... _parse_filter = <function YoutubeDL.build_format_selector.<locals>._parse_filter at 0x7389c5e745e0>
IE_TRACE:             15:01:42.167276 line       934         def _parse_format_selection(tokens, endwith=[]):
IE_TRACE:             New var:....... _parse_format_selection = <function YoutubeDL.build_format_selector.<locals>._parse_format_selection at 0x7389c5e74a40>
IE_TRACE:             15:01:42.167310 line       980         def _build_selector_function(selector):
IE_TRACE:             New var:....... _build_selector_function = <function YoutubeDL.build_format_selector.<locals>._build_selector_function at 0x7389c5e74ae0>
IE_TRACE:             15:01:42.167343 line      1097         stream = io.BytesIO(format_spec.encode('utf-8'))
IE_TRACE:             New var:....... stream = <_io.BytesIO object at 0x7389c5eae890>
IE_TRACE:             15:01:42.167381 line      1098         try:
IE_TRACE:             15:01:42.167417 line      1099             tokens = list(compat_tokenize_tokenize(stream.readline))
IE_TRACE:             Source path:... /path/to/BugsInPy/workspace/youtube-dl/youtube_dl/YoutubeDL.py
IE_TRACE:             New var:....... tokens = [TokenInfo(type=67 (ENCODING), string='utf-8', start=(0, 0), end=(0, 0), line=''), TokenInfo(type=1 (NAME), string='bestvideo', start=(1, 0), end=(1, 9), line='bestvideo+bestaudio'), TokenInfo(type=55 (OP), string='+', start=(1, 9), end=(1, 10), li...string='bestaudio', start=(1, 10), end=(1, 19), line='bestvideo+bestaudio'), TokenInfo(type=4 (NEWLINE), string='', start=(1, 19), end=(1, 20), line='bestvideo+bestaudio'), TokenInfo(type=0 (ENDMARKER), string='', start=(2, 0), end=(2, 0), line='')]
IE_TRACE:             15:01:42.170994 line      1103         class TokenIterator(object):
IE_TRACE:                 15:01:42.171062 call      1103         class TokenIterator(object):
IE_TRACE:                 15:01:42.171083 line      1103         class TokenIterator(object):
IE_TRACE:                 New var:....... __module__ = 'youtube_dl.YoutubeDL'
IE_TRACE:                 New var:....... __qualname__ = 'YoutubeDL.build_format_selector.<locals>.TokenIterator'
IE_TRACE:                 15:01:42.171103 line      1104             def __init__(self, tokens):
IE_TRACE:                 New var:....... __init__ = <function YoutubeDL.build_format_selector.<locals>.TokenIterator.__init__ at 0x7389c5e74e00>
IE_TRACE:                 15:01:42.171131 line      1108             def __iter__(self):
IE_TRACE:                 New var:....... __iter__ = <function YoutubeDL.build_format_selector.<locals>.TokenIterator.__iter__ at 0x7389c5e74f40>
IE_TRACE:                 15:01:42.171156 line      1111             def __next__(self):
IE_TRACE:                 New var:....... __next__ = <function YoutubeDL.build_format_selector.<locals>.TokenIterator.__next__ at 0x7389c5e74ea0>
IE_TRACE:                 15:01:42.171180 line      1118             next = __next__
IE_TRACE:                 New var:....... next = <function YoutubeDL.build_format_selector.<locals>.TokenIterator.__next__ at 0x7389c5e74ea0>
IE_TRACE:                 15:01:42.171206 line      1120             def restore_last_token(self):
IE_TRACE:                 New var:....... restore_last_token = <function YoutubeDL.build_format_selector.<locals>.TokenIterator.restore_last_token at 0x7389c5e75300>
IE_TRACE:                 15:01:42.171234 return    1120             def restore_last_token(self):
IE_TRACE:                 Return value:.. None
IE_TRACE:             New var:....... TokenIterator = <class 'youtube_dl.YoutubeDL.YoutubeDL.build_format_selector.<locals>.TokenIterator'>
IE_TRACE:             15:01:42.171283 line      1123         parsed_selector = _parse_format_selection(iter(TokenIterator(tokens)))
IE_TRACE:                 Starting var:.. self = <youtube_dl.YoutubeDL.YoutubeDL.build_format_selector.<locals>.TokenIterator object at 0x7389c6474560>
IE_TRACE:                 Starting var:.. tokens = [TokenInfo(type=67 (ENCODING), string='utf-8', start=(0, 0), end=(0, 0), line=''), TokenInfo(type=1 (NAME), string='bestvideo', start=(1, 0), end=(1, 9), line='bestvideo+bestaudio'), TokenInfo(type=55 (OP), string='+', start=(1, 9), end=(1, 10), li...string='bestaudio', start=(1, 10), end=(1, 19), line='bestvideo+bestaudio'), TokenInfo(type=4 (NEWLINE), string='', start=(1, 19), end=(1, 20), line='bestvideo+bestaudio'), TokenInfo(type=0 (ENDMARKER), string='', start=(2, 0), end=(2, 0), line='')]
IE_TRACE:                 15:01:42.171335 call      1104             def __init__(self, tokens):
IE_TRACE:                 15:01:42.171372 line      1105                 self.tokens = tokens
IE_TRACE:                 15:01:42.171402 line      1106                 self.counter = 0
IE_TRACE:                 15:01:42.171431 return    1106                 self.counter = 0
IE_TRACE:                 Return value:.. None
IE_TRACE:                 Starting var:.. self = <youtube_dl.YoutubeDL.YoutubeDL.build_format_selector.<locals>.TokenIterator object at 0x7389c6474560>
IE_TRACE:                 15:01:42.171465 call      1108             def __iter__(self):
IE_TRACE:                 15:01:42.171488 line      1109                 return self
IE_TRACE:                 15:01:42.171507 return    1109                 return self
IE_TRACE:                 Return value:.. <youtube_dl.YoutubeDL.YoutubeDL.build_format_selector.<locals>.TokenIterator object at 0x7389c6474560>
IE_TRACE:                 Starting var:.. tokens = <youtube_dl.YoutubeDL.YoutubeDL.build_format_selector.<locals>.TokenIterator object at 0x7389c6474560>
IE_TRACE:                 Starting var:.. endwith = []
IE_TRACE:                 Starting var:.. FormatSelector = <class 'youtube_dl.YoutubeDL.FormatSelector'>
IE_TRACE:                 Starting var:.. GROUP = 'GROUP'
IE_TRACE:                 Starting var:.. MERGE = 'MERGE'
IE_TRACE:                 Starting var:.. PICKFIRST = 'PICKFIRST'
IE_TRACE:                 Starting var:.. SINGLE = 'SINGLE'
IE_TRACE:                 Starting var:.. _parse_filter = <function YoutubeDL.build_format_selector.<locals>._parse_filter at 0x7389c5e745e0>
IE_TRACE:                 Starting var:.. _parse_format_selection = <function YoutubeDL.build_format_selector.<locals>._parse_format_selection at 0x7389c5e74a40>
IE_TRACE:                 Starting var:.. syntax_error = <function YoutubeDL.build_format_selector.<locals>.syntax_error at 0x7389c5e74540>
IE_TRACE:                 15:01:42.171540 call       934         def _parse_format_selection(tokens, endwith=[]):
IE_TRACE:                 15:01:42.171607 line       935             selectors = []
IE_TRACE:                 New var:....... selectors = []
IE_TRACE:                 15:01:42.171639 line       936             current_selector = None
IE_TRACE:                 New var:....... current_selector = None
IE_TRACE:                 15:01:42.171673 line       937             for type, string, start, _, _ in tokens:
IE_TRACE:                     Starting var:.. self = <youtube_dl.YoutubeDL.YoutubeDL.build_format_selector.<locals>.TokenIterator object at 0x7389c6474560>
IE_TRACE:                     15:01:42.171707 call      1108             def __iter__(self):
IE_TRACE:                     15:01:42.171730 line      1109                 return self
IE_TRACE:                     15:01:42.171750 return    1109                 return self
IE_TRACE:                     Return value:.. <youtube_dl.YoutubeDL.YoutubeDL.build_format_selector.<locals>.TokenIterator object at 0x7389c6474560>
IE_TRACE:                     Starting var:.. self = <youtube_dl.YoutubeDL.YoutubeDL.build_format_selector.<locals>.TokenIterator object at 0x7389c6474560>
IE_TRACE:                     15:01:42.171775 call      1111             def __next__(self):
IE_TRACE:                     15:01:42.171799 line      1112                 if self.counter >= len(self.tokens):
IE_TRACE:                     15:01:42.171819 line      1114                 value = self.tokens[self.counter]
IE_TRACE:                     New var:....... value = TokenInfo(type=67 (ENCODING), string='utf-8', start=(0, 0), end=(0, 0), line='')
IE_TRACE:                     15:01:42.171840 line      1115                 self.counter += 1
IE_TRACE:                     15:01:42.171866 line      1116                 return value
IE_TRACE:                     15:01:42.171889 return    1116                 return value
IE_TRACE:                     Return value:.. TokenInfo(type=67 (ENCODING), string='utf-8', start=(0, 0), end=(0, 0), line='')
IE_TRACE:                 New var:....... type = 67
IE_TRACE:                 New var:....... string = 'utf-8'
IE_TRACE:                 New var:....... start = (0, 0)
IE_TRACE:                 New var:....... _ = ''
IE_TRACE:                 15:01:42.171916 line       939                 if type == getattr(tokenize, 'ENCODING', None):
IE_TRACE:                 15:01:42.171963 line       940                     continue
IE_TRACE:                 15:01:42.171998 line       937             for type, string, start, _, _ in tokens:
IE_TRACE:                     Starting var:.. self = <youtube_dl.YoutubeDL.YoutubeDL.build_format_selector.<locals>.TokenIterator object at 0x7389c6474560>
IE_TRACE:                     15:01:42.172031 call      1111             def __next__(self):
IE_TRACE:                     15:01:42.172054 line      1112                 if self.counter >= len(self.tokens):
IE_TRACE:                     15:01:42.172075 line      1114                 value = self.tokens[self.counter]
IE_TRACE:                     New var:....... value = TokenInfo(type=1 (NAME), string='bestvideo', start=(1, 0), end=(1, 9), line='bestvideo+bestaudio')
IE_TRACE:                     15:01:42.172095 line      1115                 self.counter += 1
IE_TRACE:                     15:01:42.172121 line      1116                 return value
IE_TRACE:                     15:01:42.172143 return    1116                 return value
IE_TRACE:                     Return value:.. TokenInfo(type=1 (NAME), string='bestvideo', start=(1, 0), end=(1, 9), line='bestvideo+bestaudio')
IE_TRACE:                 Modified var:.. type = 1
IE_TRACE:                 Modified var:.. string = 'bestvideo'
IE_TRACE:                 Modified var:.. start = (1, 0)
IE_TRACE:                 Modified var:.. _ = 'bestvideo+bestaudio'
IE_TRACE:                 15:01:42.172170 line       939                 if type == getattr(tokenize, 'ENCODING', None):
IE_TRACE:                 15:01:42.172215 line       941                 elif type in [tokenize.NAME, tokenize.NUMBER]:
IE_TRACE:                 15:01:42.172250 line       942                     current_selector = FormatSelector(SINGLE, string, [])
IE_TRACE:                     Source path:... <string>
IE_TRACE:                     Starting var:.. _cls = <class 'youtube_dl.YoutubeDL.FormatSelector'>
IE_TRACE:                     Starting var:.. type = 'SINGLE'
IE_TRACE:                     Starting var:.. selector = 'bestvideo'
IE_TRACE:                     Starting var:.. filters = []
IE_TRACE:                     15:01:42.172286 call         1 SOURCE IS UNAVAILABLE
IE_TRACE:                     15:01:42.172325 line         1 SOURCE IS UNAVAILABLE
IE_TRACE:                     15:01:42.172352 return       1 SOURCE IS UNAVAILABLE
IE_TRACE:                     Return value:.. FormatSelector(type='SINGLE', selector='bestvideo', filters=[])
IE_TRACE:                 Source path:... /path/to/BugsInPy/workspace/youtube-dl/youtube_dl/YoutubeDL.py
IE_TRACE:                 Modified var:.. current_selector = FormatSelector(type='SINGLE', selector='bestvideo', filters=[])
IE_TRACE:                 15:01:42.172381 line       937             for type, string, start, _, _ in tokens:
IE_TRACE:                     Starting var:.. self = <youtube_dl.YoutubeDL.YoutubeDL.build_format_selector.<locals>.TokenIterator object at 0x7389c6474560>
IE_TRACE:                     15:01:42.172423 call      1111             def __next__(self):
IE_TRACE:                     15:01:42.172447 line      1112                 if self.counter >= len(self.tokens):
IE_TRACE:                     15:01:42.172467 line      1114                 value = self.tokens[self.counter]
IE_TRACE:                     New var:....... value = TokenInfo(type=55 (OP), string='+', start=(1, 9), end=(1, 10), line='bestvideo+bestaudio')
IE_TRACE:                     15:01:42.172487 line      1115                 self.counter += 1
IE_TRACE:                     15:01:42.172512 line      1116                 return value
IE_TRACE:                     15:01:42.172534 return    1116                 return value
IE_TRACE:                     Return value:.. TokenInfo(type=55 (OP), string='+', start=(1, 9), end=(1, 10), line='bestvideo+bestaudio')
IE_TRACE:                 Modified var:.. type = 55
IE_TRACE:                 Modified var:.. string = '+'
IE_TRACE:                 Modified var:.. start = (1, 9)
IE_TRACE:                 15:01:42.172561 line       939                 if type == getattr(tokenize, 'ENCODING', None):
IE_TRACE:                 15:01:42.172606 line       941                 elif type in [tokenize.NAME, tokenize.NUMBER]:
IE_TRACE:                 15:01:42.172641 line       943                 elif type == tokenize.OP:
IE_TRACE:                 15:01:42.172675 line       944                     if string in endwith:
IE_TRACE:                 15:01:42.172708 line       946                     elif string == ')':
IE_TRACE:                 15:01:42.172742 line       950                     if string == ',':
IE_TRACE:                 15:01:42.172775 line       953                     elif string == '/':
IE_TRACE:                 15:01:42.172809 line       958                     elif string == '[':
IE_TRACE:                 15:01:42.172842 line       963                     elif string == '(':
IE_TRACE:                 15:01:42.172875 line       967                     elif string == '+':
IE_TRACE:                 15:01:42.172908 line       968                         video_selector = current_selector
IE_TRACE:                 New var:....... video_selector = FormatSelector(type='SINGLE', selector='bestvideo', filters=[])
IE_TRACE:                 15:01:42.172942 line       969                         audio_selector = _parse_format_selection(tokens, [','])
IE_TRACE:                     Starting var:.. tokens = <youtube_dl.YoutubeDL.YoutubeDL.build_format_selector.<locals>.TokenIterator object at 0x7389c6474560>
IE_TRACE:                     Starting var:.. endwith = [',']
IE_TRACE:                     Starting var:.. FormatSelector = <class 'youtube_dl.YoutubeDL.FormatSelector'>
IE_TRACE:                     Starting var:.. GROUP = 'GROUP'
IE_TRACE:                     Starting var:.. MERGE = 'MERGE'
IE_TRACE:                     Starting var:.. PICKFIRST = 'PICKFIRST'
IE_TRACE:                     Starting var:.. SINGLE = 'SINGLE'
IE_TRACE:                     Starting var:.. _parse_filter = <function YoutubeDL.build_format_selector.<locals>._parse_filter at 0x7389c5e745e0>
IE_TRACE:                     Starting var:.. _parse_format_selection = <function YoutubeDL.build_format_selector.<locals>._parse_format_selection at 0x7389c5e74a40>
IE_TRACE:                     Starting var:.. syntax_error = <function YoutubeDL.build_format_selector.<locals>.syntax_error at 0x7389c5e74540>
IE_TRACE:                     15:01:42.172981 call       934         def _parse_format_selection(tokens, endwith=[]):
IE_TRACE:                     15:01:42.173037 line       935             selectors = []
IE_TRACE:                     New var:....... selectors = []
IE_TRACE:                     15:01:42.173067 line       936             current_selector = None
IE_TRACE:                     New var:....... current_selector = None
IE_TRACE:                     15:01:42.173103 line       937             for type, string, start, _, _ in tokens:
IE_TRACE:                         Starting var:.. self = <youtube_dl.YoutubeDL.YoutubeDL.build_format_selector.<locals>.TokenIterator object at 0x7389c6474560>
IE_TRACE:                         15:01:42.173146 call      1108             def __iter__(self):
IE_TRACE:                         15:01:42.173174 line      1109                 return self
IE_TRACE:                         15:01:42.173199 return    1109                 return self
IE_TRACE:                         Return value:.. <youtube_dl.YoutubeDL.YoutubeDL.build_format_selector.<locals>.TokenIterator object at 0x7389c6474560>
IE_TRACE:                         Starting var:.. self = <youtube_dl.YoutubeDL.YoutubeDL.build_format_selector.<locals>.TokenIterator object at 0x7389c6474560>
IE_TRACE:                         15:01:42.173230 call      1111             def __next__(self):
IE_TRACE:                         15:01:42.173254 line      1112                 if self.counter >= len(self.tokens):
IE_TRACE:                         15:01:42.173275 line      1114                 value = self.tokens[self.counter]
IE_TRACE:                         New var:....... value = TokenInfo(type=1 (NAME), string='bestaudio', start=(1, 10), end=(1, 19), line='bestvideo+bestaudio')
IE_TRACE:                         15:01:42.173296 line      1115                 self.counter += 1
IE_TRACE:                         15:01:42.173322 line      1116                 return value
IE_TRACE:                         15:01:42.173345 return    1116                 return value
IE_TRACE:                         Return value:.. TokenInfo(type=1 (NAME), string='bestaudio', start=(1, 10), end=(1, 19), line='bestvideo+bestaudio')
IE_TRACE:                     New var:....... type = 1
IE_TRACE:                     New var:....... string = 'bestaudio'
IE_TRACE:                     New var:....... start = (1, 10)
IE_TRACE:                     New var:....... _ = 'bestvideo+bestaudio'
IE_TRACE:                     15:01:42.173373 line       939                 if type == getattr(tokenize, 'ENCODING', None):
IE_TRACE:                     15:01:42.173419 line       941                 elif type in [tokenize.NAME, tokenize.NUMBER]:
IE_TRACE:                     15:01:42.173454 line       942                     current_selector = FormatSelector(SINGLE, string, [])
IE_TRACE:                         Source path:... <string>
IE_TRACE:                         Starting var:.. _cls = <class 'youtube_dl.YoutubeDL.FormatSelector'>
IE_TRACE:                         Starting var:.. type = 'SINGLE'
IE_TRACE:                         Starting var:.. selector = 'bestaudio'
IE_TRACE:                         Starting var:.. filters = []
IE_TRACE:                         15:01:42.173489 call         1 SOURCE IS UNAVAILABLE
IE_TRACE:                         15:01:42.173526 line         1 SOURCE IS UNAVAILABLE
IE_TRACE:                         15:01:42.173550 return       1 SOURCE IS UNAVAILABLE
IE_TRACE:                         Return value:.. FormatSelector(type='SINGLE', selector='bestaudio', filters=[])
IE_TRACE:                     Source path:... /path/to/BugsInPy/workspace/youtube-dl/youtube_dl/YoutubeDL.py
IE_TRACE:                     Modified var:.. current_selector = FormatSelector(type='SINGLE', selector='bestaudio', filters=[])
IE_TRACE:                     15:01:42.173582 line       937             for type, string, start, _, _ in tokens:
IE_TRACE:                         Starting var:.. self = <youtube_dl.YoutubeDL.YoutubeDL.build_format_selector.<locals>.TokenIterator object at 0x7389c6474560>
IE_TRACE:                         15:01:42.173624 call      1111             def __next__(self):
IE_TRACE:                         15:01:42.173681 line      1112                 if self.counter >= len(self.tokens):
IE_TRACE:                         15:01:42.173722 line      1114                 value = self.tokens[self.counter]
IE_TRACE:                         New var:....... value = TokenInfo(type=4 (NEWLINE), string='', start=(1, 19), end=(1, 20), line='bestvideo+bestaudio')
IE_TRACE:                         15:01:42.173748 line      1115                 self.counter += 1
IE_TRACE:                         15:01:42.173782 line      1116                 return value
IE_TRACE:                         15:01:42.173808 return    1116                 return value
IE_TRACE:                         Return value:.. TokenInfo(type=4 (NEWLINE), string='', start=(1, 19), end=(1, 20), line='bestvideo+bestaudio')
IE_TRACE:                     Modified var:.. type = 4
IE_TRACE:                     Modified var:.. string = ''
IE_TRACE:                     Modified var:.. start = (1, 19)
IE_TRACE:                     15:01:42.173839 line       939                 if type == getattr(tokenize, 'ENCODING', None):
IE_TRACE:                     15:01:42.173894 line       941                 elif type in [tokenize.NAME, tokenize.NUMBER]:
IE_TRACE:                     15:01:42.173931 line       943                 elif type == tokenize.OP:
IE_TRACE:                     15:01:42.173967 line       974                 elif type == tokenize.ENDMARKER:
IE_TRACE:                     15:01:42.174003 line       937             for type, string, start, _, _ in tokens:
IE_TRACE:                         Starting var:.. self = <youtube_dl.YoutubeDL.YoutubeDL.build_format_selector.<locals>.TokenIterator object at 0x7389c6474560>
IE_TRACE:                         15:01:42.174039 call      1111             def __next__(self):
IE_TRACE:                         15:01:42.174064 line      1112                 if self.counter >= len(self.tokens):
IE_TRACE:                         15:01:42.174085 line      1114                 value = self.tokens[self.counter]
IE_TRACE:                         New var:....... value = TokenInfo(type=0 (ENDMARKER), string='', start=(2, 0), end=(2, 0), line='')
IE_TRACE:                         15:01:42.174106 line      1115                 self.counter += 1
IE_TRACE:                         15:01:42.174132 line      1116                 return value
IE_TRACE:                         15:01:42.174155 return    1116                 return value
IE_TRACE:                         Return value:.. TokenInfo(type=0 (ENDMARKER), string='', start=(2, 0), end=(2, 0), line='')
IE_TRACE:                     Modified var:.. type = 0
IE_TRACE:                     Modified var:.. start = (2, 0)
IE_TRACE:                     Modified var:.. _ = ''
IE_TRACE:                     15:01:42.174184 line       939                 if type == getattr(tokenize, 'ENCODING', None):
IE_TRACE:                     15:01:42.174227 line       941                 elif type in [tokenize.NAME, tokenize.NUMBER]:
IE_TRACE:                     15:01:42.174271 line       943                 elif type == tokenize.OP:
IE_TRACE:                     15:01:42.174308 line       974                 elif type == tokenize.ENDMARKER:
IE_TRACE:                     15:01:42.174343 line       975                     break
IE_TRACE:                     15:01:42.174377 line       976             if current_selector:
IE_TRACE:                     15:01:42.174412 line       977                 selectors.append(current_selector)
IE_TRACE:                     Modified var:.. selectors = [FormatSelector(type='SINGLE', selector='bestaudio', filters=[])]
IE_TRACE:                     15:01:42.174446 line       978             return selectors
IE_TRACE:                     15:01:42.174485 return     978             return selectors
IE_TRACE:                     Return value:.. [FormatSelector(type='SINGLE', selector='bestaudio', filters=[])]
IE_TRACE:                 New var:....... audio_selector = [FormatSelector(type='SINGLE', selector='bestaudio', filters=[])]
IE_TRACE:                 15:01:42.174527 line       970                         current_selector = None
IE_TRACE:                 Modified var:.. current_selector = None
IE_TRACE:                 15:01:42.174571 line       971                         selectors.append(FormatSelector(MERGE, (video_selector, audio_selector), []))
IE_TRACE:                     Source path:... <string>
IE_TRACE:                     Starting var:.. _cls = <class 'youtube_dl.YoutubeDL.FormatSelector'>
IE_TRACE:                     Starting var:.. type = 'MERGE'
IE_TRACE:                     Starting var:.. selector = (FormatSelector(type='SINGLE', selector='bestvideo', filters=[]), [FormatSelector(type='SINGLE', selector='bestaudio', filters=[])])
IE_TRACE:                     Starting var:.. filters = []
IE_TRACE:                     15:01:42.174613 call         1 SOURCE IS UNAVAILABLE
IE_TRACE:                     15:01:42.174653 line         1 SOURCE IS UNAVAILABLE
IE_TRACE:                     15:01:42.174677 return       1 SOURCE IS UNAVAILABLE
IE_TRACE:                     Return value:.. FormatSelector(type='MERGE', selector=(FormatSelector(type='SINGLE', selector='bestvideo', filters=[]), [FormatSelector(type='SINGLE', selector='bestaudio', filters=[])]), filters=[])
IE_TRACE:                 Source path:... /path/to/BugsInPy/workspace/youtube-dl/youtube_dl/YoutubeDL.py
IE_TRACE:                 Modified var:.. selectors = [FormatSelector(type='MERGE', selector=(FormatSelector(type='SINGLE', selector='bestvideo', filters=[]), [FormatSelector(type='SINGLE', selector='bestaudio', filters=[])]), filters=[])]
IE_TRACE:                 15:01:42.174708 line       937             for type, string, start, _, _ in tokens:
IE_TRACE:                     Starting var:.. self = <youtube_dl.YoutubeDL.YoutubeDL.build_format_selector.<locals>.TokenIterator object at 0x7389c6474560>
IE_TRACE:                     15:01:42.174754 call      1111             def __next__(self):
IE_TRACE:                     15:01:42.174777 line      1112                 if self.counter >= len(self.tokens):
IE_TRACE:                     15:01:42.174799 line      1113                     raise StopIteration()
IE_TRACE:                     15:01:42.174820 exception 1113                     raise StopIteration()
IE_TRACE:                     Exception:..... StopIteration
IE_TRACE:                     Call ended by exception
IE_TRACE:                 15:01:42.174895 exception  937             for type, string, start, _, _ in tokens:
IE_TRACE:                 Exception:..... StopIteration
IE_TRACE:                 15:01:42.174945 line       976             if current_selector:
IE_TRACE:                 15:01:42.174984 line       978             return selectors
IE_TRACE:                 15:01:42.175027 return     978             return selectors
IE_TRACE:                 Return value:.. [FormatSelector(type='MERGE', selector=(FormatSelector(type='SINGLE', selector='bestvideo', filters=[]), [FormatSelector(type='SINGLE', selector='bestaudio', filters=[])]), filters=[])]
IE_TRACE:             New var:....... parsed_selector = [FormatSelector(type='MERGE', selector=(FormatSelector(type='SINGLE', selector='bestvideo', filters=[]), [FormatSelector(type='SINGLE', selector='bestaudio', filters=[])]), filters=[])]
IE_TRACE:             15:01:42.175075 line      1124         return _build_selector_function(parsed_selector)
IE_TRACE:                 Starting var:.. selector = [FormatSelector(type='MERGE', selector=(FormatSelector(type='SINGLE', selector='bestvideo', filters=[]), [FormatSelector(type='SINGLE', selector='bestaudio', filters=[])]), filters=[])]
IE_TRACE:                 Starting var:.. GROUP = 'GROUP'
IE_TRACE:                 Starting var:.. MERGE = 'MERGE'
IE_TRACE:                 Starting var:.. PICKFIRST = 'PICKFIRST'
IE_TRACE:                 Starting var:.. SINGLE = 'SINGLE'
IE_TRACE:                 Starting var:.. _build_selector_function = <function YoutubeDL.build_format_selector.<locals>._build_selector_function at 0x7389c5e74ae0>
IE_TRACE:                 Starting var:.. self = <test.test_YoutubeDL.YDL object at 0x7389c73e6d50>
IE_TRACE:                 15:01:42.175147 call       980         def _build_selector_function(selector):
IE_TRACE:                 15:01:42.175215 line       981             if isinstance(selector, list):
IE_TRACE:                 15:01:42.175248 line       982                 fs = [_build_selector_function(s) for s in selector]
IE_TRACE:                     Starting var:.. selector = FormatSelector(type='MERGE', selector=(FormatSelector(type='SINGLE', selector='bestvideo', filters=[]), [FormatSelector(type='SINGLE', selector='bestaudio', filters=[])]), filters=[])
IE_TRACE:                     Starting var:.. GROUP = 'GROUP'
IE_TRACE:                     Starting var:.. MERGE = 'MERGE'
IE_TRACE:                     Starting var:.. PICKFIRST = 'PICKFIRST'
IE_TRACE:                     Starting var:.. SINGLE = 'SINGLE'
IE_TRACE:                     Starting var:.. _build_selector_function = <function YoutubeDL.build_format_selector.<locals>._build_selector_function at 0x7389c5e74ae0>
IE_TRACE:                     Starting var:.. self = <test.test_YoutubeDL.YDL object at 0x7389c73e6d50>
IE_TRACE:                     15:01:42.175282 call       980         def _build_selector_function(selector):
IE_TRACE:                     15:01:42.175334 line       981             if isinstance(selector, list):
IE_TRACE:                     15:01:42.175368 line       989             elif selector.type == GROUP:
IE_TRACE:                     15:01:42.175403 line       991             elif selector.type == PICKFIRST:
IE_TRACE:                     15:01:42.175436 line      1000             elif selector.type == SINGLE:
IE_TRACE:                     15:01:42.175469 line      1051             elif selector.type == MERGE:
IE_TRACE:                     15:01:42.175501 line      1052                 def _merge(formats_info):
IE_TRACE:                     New var:....... _merge = <function YoutubeDL.build_format_selector.<locals>._build_selector_function.<locals>._merge at 0x7389c5e75620>
IE_TRACE:                     15:01:42.175534 line      1082                 video_selector, audio_selector = map(_build_selector_function, selector.selector)
IE_TRACE:                         Starting var:.. selector = FormatSelector(type='SINGLE', selector='bestvideo', filters=[])
IE_TRACE:                         Starting var:.. GROUP = 'GROUP'
IE_TRACE:                         Starting var:.. MERGE = 'MERGE'
IE_TRACE:                         Starting var:.. PICKFIRST = 'PICKFIRST'
IE_TRACE:                         Starting var:.. SINGLE = 'SINGLE'
IE_TRACE:                         Starting var:.. _build_selector_function = <function YoutubeDL.build_format_selector.<locals>._build_selector_function at 0x7389c5e74ae0>
IE_TRACE:                         Starting var:.. self = <test.test_YoutubeDL.YDL object at 0x7389c73e6d50>
IE_TRACE:                         15:01:42.175578 call       980         def _build_selector_function(selector):
IE_TRACE:                         15:01:42.175631 line       981             if isinstance(selector, list):
IE_TRACE:                         15:01:42.175668 line       989             elif selector.type == GROUP:
IE_TRACE:                         15:01:42.175703 line       991             elif selector.type == PICKFIRST:
IE_TRACE:                         15:01:42.175738 line      1000             elif selector.type == SINGLE:
IE_TRACE:                         15:01:42.175772 line      1001                 format_spec = selector.selector
IE_TRACE:                         New var:....... format_spec = 'bestvideo'
IE_TRACE:                         15:01:42.175806 line      1003                 def selector_function(formats):
IE_TRACE:                         New var:....... selector_function = <function YoutubeDL.build_format_selector.<locals>._build_selector_function.<locals>.selector_function at 0x7389c5e74c20>
IE_TRACE:                         15:01:42.175845 line      1089             filters = [self._build_format_filter(f) for f in selector.filters]
IE_TRACE:                         New var:....... filters = []
IE_TRACE:                         15:01:42.175885 line      1091             def final_selector(formats):
IE_TRACE:                         New var:....... final_selector = <function YoutubeDL.build_format_selector.<locals>._build_selector_function.<locals>.final_selector at 0x7389c5e74fe0>
IE_TRACE:                         15:01:42.175926 line      1095             return final_selector
IE_TRACE:                         15:01:42.175967 return    1095             return final_selector
IE_TRACE:                         Return value:.. <function YoutubeDL.build_format_selector.<locals>._build_selector_function.<locals>.final_selector at 0x7389c5e74fe0>
IE_TRACE:                         Starting var:.. selector = [FormatSelector(type='SINGLE', selector='bestaudio', filters=[])]
IE_TRACE:                         Starting var:.. GROUP = 'GROUP'
IE_TRACE:                         Starting var:.. MERGE = 'MERGE'
IE_TRACE:                         Starting var:.. PICKFIRST = 'PICKFIRST'
IE_TRACE:                         Starting var:.. SINGLE = 'SINGLE'
IE_TRACE:                         Starting var:.. _build_selector_function = <function YoutubeDL.build_format_selector.<locals>._build_selector_function at 0x7389c5e74ae0>
IE_TRACE:                         Starting var:.. self = <test.test_YoutubeDL.YDL object at 0x7389c73e6d50>
IE_TRACE:                         15:01:42.176013 call       980         def _build_selector_function(selector):
IE_TRACE:                         15:01:42.176065 line       981             if isinstance(selector, list):
IE_TRACE:                         15:01:42.176100 line       982                 fs = [_build_selector_function(s) for s in selector]
IE_TRACE:                             Starting var:.. selector = FormatSelector(type='SINGLE', selector='bestaudio', filters=[])
IE_TRACE:                             Starting var:.. GROUP = 'GROUP'
IE_TRACE:                             Starting var:.. MERGE = 'MERGE'
IE_TRACE:                             Starting var:.. PICKFIRST = 'PICKFIRST'
IE_TRACE:                             Starting var:.. SINGLE = 'SINGLE'
IE_TRACE:                             Starting var:.. _build_selector_function = <function YoutubeDL.build_format_selector.<locals>._build_selector_function at 0x7389c5e74ae0>
IE_TRACE:                             Starting var:.. self = <test.test_YoutubeDL.YDL object at 0x7389c73e6d50>
IE_TRACE:                             15:01:42.176138 call       980         def _build_selector_function(selector):
IE_TRACE:                             15:01:42.176193 line       981             if isinstance(selector, list):
IE_TRACE:                             15:01:42.176236 line       989             elif selector.type == GROUP:
IE_TRACE:                             15:01:42.176273 line       991             elif selector.type == PICKFIRST:
IE_TRACE:                             15:01:42.176310 line      1000             elif selector.type == SINGLE:
IE_TRACE:                             15:01:42.176348 line      1001                 format_spec = selector.selector
IE_TRACE:                             New var:....... format_spec = 'bestaudio'
IE_TRACE:                             15:01:42.176385 line      1003                 def selector_function(formats):
IE_TRACE:                             New var:....... selector_function = <function YoutubeDL.build_format_selector.<locals>._build_selector_function.<locals>.selector_function at 0x7389c5e756c0>
IE_TRACE:                             15:01:42.176426 line      1089             filters = [self._build_format_filter(f) for f in selector.filters]
IE_TRACE:                             New var:....... filters = []
IE_TRACE:                             15:01:42.176468 line      1091             def final_selector(formats):
IE_TRACE:                             New var:....... final_selector = <function YoutubeDL.build_format_selector.<locals>._build_selector_function.<locals>.final_selector at 0x7389c5e75260>
IE_TRACE:                             15:01:42.176510 line      1095             return final_selector
IE_TRACE:                             15:01:42.176554 return    1095             return final_selector
IE_TRACE:                             Return value:.. <function YoutubeDL.build_format_selector.<locals>._build_selector_function.<locals>.final_selector at 0x7389c5e75260>
IE_TRACE:                         New var:....... s = FormatSelector(type='SINGLE', selector='bestaudio', filters=[])
IE_TRACE:                         15:01:42.176598 line       982                 fs = [_build_selector_function(s) for s in selector]
IE_TRACE:                         New var:....... fs = [<function YoutubeDL.build_format_selector.<locals>._build_selector_function.<locals>.final_selector at 0x7389c5e75260>]
IE_TRACE:                         15:01:42.176637 line       984                 def selector_function(formats):
IE_TRACE:                         New var:....... selector_function = <function YoutubeDL.build_format_selector.<locals>._build_selector_function.<locals>.selector_function at 0x7389c5e75940>
IE_TRACE:                         15:01:42.176678 line       988                 return selector_function
IE_TRACE:                         15:01:42.176718 return     988                 return selector_function
IE_TRACE:                         Return value:.. <function YoutubeDL.build_format_selector.<locals>._build_selector_function.<locals>.selector_function at 0x7389c5e75940>
IE_TRACE:                     New var:....... audio_selector = <function YoutubeDL.build_format_selector.<locals>._build_selector_function.<locals>.selector_function at 0x7389c5e75940>
IE_TRACE:                     New var:....... video_selector = <function YoutubeDL.build_format_selector.<locals>._build_selector_function.<locals>.final_selector at 0x7389c5e74fe0>
IE_TRACE:                     15:01:42.176757 line      1084                 def selector_function(formats):
IE_TRACE:                     New var:....... selector_function = <function YoutubeDL.build_format_selector.<locals>._build_selector_function.<locals>.selector_function at 0x7389c5e754e0>
IE_TRACE:                     15:01:42.176798 line      1089             filters = [self._build_format_filter(f) for f in selector.filters]
IE_TRACE:                     New var:....... filters = []
IE_TRACE:                     15:01:42.176838 line      1091             def final_selector(formats):
IE_TRACE:                     New var:....... final_selector = <function YoutubeDL.build_format_selector.<locals>._build_selector_function.<locals>.final_selector at 0x7389c5e751c0>
IE_TRACE:                     15:01:42.176878 line      1095             return final_selector
IE_TRACE:                     15:01:42.176918 return    1095             return final_selector
IE_TRACE:                     Return value:.. <function YoutubeDL.build_format_selector.<locals>._build_selector_function.<locals>.final_selector at 0x7389c5e751c0>
IE_TRACE:                 New var:....... s = FormatSelector(type='MERGE', selector=(FormatSelector(type='SINGLE', selector='bestvideo', filters=[]), [FormatSelector(type='SINGLE', selector='bestaudio', filters=[])]), filters=[])
IE_TRACE:                 15:01:42.176957 line       982                 fs = [_build_selector_function(s) for s in selector]
IE_TRACE:                 New var:....... fs = [<function YoutubeDL.build_format_selector.<locals>._build_selector_function.<locals>.final_selector at 0x7389c5e751c0>]
IE_TRACE:                 15:01:42.176992 line       984                 def selector_function(formats):
IE_TRACE:                 New var:....... selector_function = <function YoutubeDL.build_format_selector.<locals>._build_selector_function.<locals>.selector_function at 0x7389c5e75bc0>
IE_TRACE:                 15:01:42.177025 line       988                 return selector_function
IE_TRACE:                 15:01:42.177058 return     988                 return selector_function
IE_TRACE:                 Return value:.. <function YoutubeDL.build_format_selector.<locals>._build_selector_function.<locals>.selector_function at 0x7389c5e75bc0>
IE_TRACE:             15:01:42.177090 return    1124         return _build_selector_function(parsed_selector)
IE_TRACE:             Return value:.. <function YoutubeDL.build_format_selector.<locals>._build_selector_function.<locals>.selector_function at 0x7389c5e75bc0>
IE_TRACE:         New var:....... format_selector = <function YoutubeDL.build_format_selector.<locals>._build_selector_function.<locals>.selector_function at 0x7389c5e75bc0>
IE_TRACE:         15:01:42.177141 line      1268         formats_to_download = list(format_selector(formats))
IE_TRACE:             Starting var:.. formats = list(len=47)
IE_TRACE:             Starting var:.. fs = [<function YoutubeDL.build_format_selector.<locals>._build_selector_function.<locals>.final_selector at 0x7389c5e751c0>]
IE_TRACE:             15:01:42.177371 call       984                 def selector_function(formats):
IE_TRACE:             15:01:42.177405 line       985                     for f in fs:
IE_TRACE:             New var:....... f = <function YoutubeDL.build_format_selector.<locals>._build_selector_function.<locals>.final_selector at 0x7389c5e751c0>
IE_TRACE:             15:01:42.177421 line       986                         for format in f(formats):
IE_TRACE:                 Starting var:.. formats = list(len=47)
IE_TRACE:                 Starting var:.. filters = []
IE_TRACE:                 Starting var:.. selector_function = <function YoutubeDL.build_format_selector.<locals>._build_selector_function.<locals>.selector_function at 0x7389c5e754e0>
IE_TRACE:                 15:01:42.177442 call      1091             def final_selector(formats):
IE_TRACE:                 15:01:42.177468 line      1092                 for _filter in filters:
IE_TRACE:                 15:01:42.177486 line      1094                 return selector_function(formats)
IE_TRACE:                 15:01:42.177502 return    1094                 return selector_function(formats)
IE_TRACE:                 Return value:.. <generator object YoutubeDL.build_format_selector.<locals>._build_selector_function.<locals>.selector_function at 0x7389c6088740>
IE_TRACE:                 Starting var:.. formats = list(len=47)
IE_TRACE:                 Starting var:.. _merge = <function YoutubeDL.build_format_selector.<locals>._build_selector_function.<locals>._merge at 0x7389c5e75620>
IE_TRACE:                 Starting var:.. audio_selector = <function YoutubeDL.build_format_selector.<locals>._build_selector_function.<locals>.selector_function at 0x7389c5e75940>
IE_TRACE:                 Starting var:.. video_selector = <function YoutubeDL.build_format_selector.<locals>._build_selector_function.<locals>.final_selector at 0x7389c5e74fe0>
IE_TRACE:                 15:01:42.177525 call      1084                 def selector_function(formats):
IE_TRACE:                 15:01:42.177554 line      1085                     formats = list(formats)
IE_TRACE:                 15:01:42.177574 line      1086                     for pair in itertools.product(video_selector(formats), audio_selector(formats)):
IE_TRACE:                     Starting var:.. formats = list(len=47)
IE_TRACE:                     Starting var:.. filters = []
IE_TRACE:                     Starting var:.. selector_function = <function YoutubeDL.build_format_selector.<locals>._build_selector_function.<locals>.selector_function at 0x7389c5e74c20>
IE_TRACE:                     15:01:42.177593 call      1091             def final_selector(formats):
IE_TRACE:                     15:01:42.177618 line      1092                 for _filter in filters:
IE_TRACE:                     15:01:42.177634 line      1094                 return selector_function(formats)
IE_TRACE:                     15:01:42.177651 return    1094                 return selector_function(formats)
IE_TRACE:                     Return value:.. <generator object YoutubeDL.build_format_selector.<locals>._build_selector_function.<locals>.selector_function at 0x7389c626ac20>
IE_TRACE:                     Starting var:.. formats = list(len=47)
IE_TRACE:                     Starting var:.. format_spec = 'bestvideo'
IE_TRACE:                     15:01:42.177685 call      1003                 def selector_function(formats):
IE_TRACE:                     15:01:42.177709 line      1004                     if format_spec == 'all':
IE_TRACE:                     15:01:42.177728 line      1007                     elif format_spec in ['best', 'worst', None]:
IE_TRACE:                     15:01:42.177746 line      1018                     elif format_spec == 'bestaudio':
IE_TRACE:                     15:01:42.177764 line      1024                     elif format_spec == 'worstaudio':
IE_TRACE:                     15:01:42.177782 line      1030                     elif format_spec == 'bestvideo':
IE_TRACE:                     15:01:42.177799 line      1032                             f for f in formats
IE_TRACE:                     15:01:42.177816 line      1031                         video_formats = [
IE_TRACE:                     15:01:42.177833 line      1032                             f for f in formats
IE_TRACE:                     New var:....... f = {'ext': 'm4a', 'format_note': 'DASH audio', 'acodec': 'aac', 'vcodec': 'none', 'abr': 48, 'preference': -50, 'container': 'm4a_dash', 'format_id': '139', 'url': 'url:139', 'format': '139 - audio only (DASH audio)', 'http_headers': {'User-Agent': 'M...v:10.0) Gecko/20150101 Firefox/20.0 (Chrome)', 'Accept-Charset': 'ISO-8859-1,utf-8;q=0.7,*;q=0.7', 'Accept': 'text/html,application/xhtml+xml,application/xml;q=0.9,*/*;q=0.8', 'Accept-Encoding': 'gzip, deflate', 'Accept-Language': 'en-us,en;q=0.5'}}
IE_TRACE:                     15:01:42.177850 line      1033                             if f.get('acodec') == 'none']
IE_TRACE:     [CONDENSED] 45 identical loop iterations skipped (47 total iterations, showing first and last)
IE_TRACE:                     15:01:42.181491 line      1032                             f for f in formats
IE_TRACE:                     15:01:42.181510 line      1031                         video_formats = [
IE_TRACE:                     15:01:42.181529 line      1032                             f for f in formats
IE_TRACE:                     Modified var:.. f = {'ext': 'mp4', 'width': 4096, 'height': 3072, 'format_id': '38', 'url': 'url:38', 'format': '38 - 4096x3072', 'http_headers': {'User-Agent': 'Mozilla/5.0 (X11; Linux x86_64; rv:10.0) Gecko/20150101 Firefox/20.0 (Chrome)', 'Accept-Charset': 'ISO-8859-1,utf-8;q=0.7,*;q=0.7', 'Accept': 'text/html,application/xhtml+xml,application/xml;q=0.9,*/*;q=0.8', 'Accept-Encoding': 'gzip, deflate', 'Accept-Language': 'en-us,en;q=0.5'}}
IE_TRACE:                     15:01:42.181548 line      1033                             if f.get('acodec') == 'none']
IE_TRACE:                     15:01:42.181572 line      1032                             f for f in formats
IE_TRACE:                     15:01:42.181591 line      1031                         video_formats = [
IE_TRACE:                     New var:....... video_formats = [{'ext': 'mp4', 'height': 144, 'format_note': 'DASH video', 'acodec': 'none', 'preference': -40, 'format_id': '160', 'url': 'url:160', 'format': '160 - 144p (DASH video)', 'http_headers': {'User-Agent': 'Mozilla/5.0 (X11; Linux x86_64; rv:10.0) Gec...:10.0) Gecko/20150101 Firefox/20.0 (Chrome)', 'Accept-Charset': 'ISO-8859-1,utf-8;q=0.7,*;q=0.7', 'Accept': 'text/html,application/xhtml+xml,application/xml;q=0.9,*/*;q=0.8', 'Accept-Encoding': 'gzip, deflate', 'Accept-Language': 'en-us,en;q=0.5'}}]
IE_TRACE:                     15:01:42.181611 line      1034                         if video_formats:
IE_TRACE:                     15:01:42.181673 line      1035                             yield video_formats[-1]
IE_TRACE:                     15:01:42.181728 return    1035                             yield video_formats[-1]
IE_TRACE:                     Return value:.. {'ext': 'mp4', 'height': 1080, 'format_note': 'DASH video', 'acodec': 'none', 'preference': -40, 'format_id': '137', 'url': 'url:137', 'format': '137 - 1080p (DASH video)', 'http_headers': {'User-Agent': 'Mozilla/5.0 (X11; Linux x86_64; rv:10.0) Gecko/20150101 Firefox/20.0 (Chrome)', 'Accept-Charset': 'ISO-8859-1,utf-8;q=0.7,*;q=0.7', 'Accept': 'text/html,application/xhtml+xml,application/xml;q=0.9,*/*;q=0.8', 'Accept-Encoding': 'gzip, deflate', 'Accept-Language': 'en-us,en;q=0.5'}}
IE_TRACE:                     Starting var:.. formats = list(len=47)
IE_TRACE:                     Starting var:.. video_formats = [{'ext': 'mp4', 'height': 144, 'format_note': 'DASH video', 'acodec': 'none', 'preference': -40, 'format_id': '160', 'url': 'url:160', 'format': '160 - 144p (DASH video)', 'http_headers': {'User-Agent': 'Mozilla/5.0 (X11; Linux x86_64; rv:10.0) Gec...:10.0) Gecko/20150101 Firefox/20.0 (Chrome)', 'Accept-Charset': 'ISO-8859-1,utf-8;q=0.7,*;q=0.7', 'Accept': 'text/html,application/xhtml+xml,application/xml;q=0.9,*/*;q=0.8', 'Accept-Encoding': 'gzip, deflate', 'Accept-Language': 'en-us,en;q=0.5'}}]
IE_TRACE:                     Starting var:.. format_spec = 'bestvideo'
IE_TRACE:                     15:01:42.181792 call      1035                             yield video_formats[-1]
IE_TRACE:                     15:01:42.181865 return    1035                             yield video_formats[-1]
IE_TRACE:                     Return value:.. None
IE_TRACE:                     Starting var:.. formats = list(len=47)
IE_TRACE:                     Starting var:.. fs = [<function YoutubeDL.build_format_selector.<locals>._build_selector_function.<locals>.final_selector at 0x7389c5e75260>]
IE_TRACE:                     15:01:42.181934 call       984                 def selector_function(formats):
IE_TRACE:                     15:01:42.181966 line       985                     for f in fs:
IE_TRACE:                     New var:....... f = <function YoutubeDL.build_format_selector.<locals>._build_selector_function.<locals>.final_selector at 0x7389c5e75260>
IE_TRACE:                     15:01:42.181987 line       986                         for format in f(formats):
IE_TRACE:                         Starting var:.. formats = list(len=47)
IE_TRACE:                         Starting var:.. filters = []
IE_TRACE:                         Starting var:.. selector_function = <function YoutubeDL.build_format_selector.<locals>._build_selector_function.<locals>.selector_function at 0x7389c5e756c0>
IE_TRACE:                         15:01:42.182016 call      1091             def final_selector(formats):
IE_TRACE:                         15:01:42.182057 line      1092                 for _filter in filters:
IE_TRACE:                         15:01:42.182079 line      1094                 return selector_function(formats)
IE_TRACE:                         15:01:42.182098 return    1094                 return selector_function(formats)
IE_TRACE:                         Return value:.. <generator object YoutubeDL.build_format_selector.<locals>._build_selector_function.<locals>.selector_function at 0x7389c626a9e0>
IE_TRACE:                         Starting var:.. formats = list(len=47)
IE_TRACE:                         Starting var:.. format_spec = 'bestaudio'
IE_TRACE:                         15:01:42.182123 call      1003                 def selector_function(formats):
IE_TRACE:                         15:01:42.182147 line      1004                     if format_spec == 'all':
IE_TRACE:                         15:01:42.182166 line      1007                     elif format_spec in ['best', 'worst', None]:
IE_TRACE:                         15:01:42.182184 line      1018                     elif format_spec == 'bestaudio':
IE_TRACE:                         15:01:42.182202 line      1020                             f for f in formats
IE_TRACE:                         15:01:42.182219 line      1019                         audio_formats = [
IE_TRACE:                         15:01:42.182237 line      1020                             f for f in formats
IE_TRACE:                         New var:....... f = {'ext': 'm4a', 'format_note': 'DASH audio', 'acodec': 'aac', 'vcodec': 'none', 'abr': 48, 'preference': -50, 'container': 'm4a_dash', 'format_id': '139', 'url': 'url:139', 'format': '139 - audio only (DASH audio)', 'http_headers': {'User-Agent': 'M...v:10.0) Gecko/20150101 Firefox/20.0 (Chrome)', 'Accept-Charset': 'ISO-8859-1,utf-8;q=0.7,*;q=0.7', 'Accept': 'text/html,application/xhtml+xml,application/xml;q=0.9,*/*;q=0.8', 'Accept-Encoding': 'gzip, deflate', 'Accept-Language': 'en-us,en;q=0.5'}}
IE_TRACE:                         15:01:42.182254 line      1021                             if f.get('vcodec') == 'none']
IE_TRACE:     [CONDENSED] 45 identical loop iterations skipped (47 total iterations, showing first and last)
IE_TRACE:                         15:01:42.186050 line      1020                             f for f in formats
IE_TRACE:                         15:01:42.186070 line      1019                         audio_formats = [
IE_TRACE:                         15:01:42.186090 line      1020                             f for f in formats
IE_TRACE:                         Modified var:.. f = {'ext': 'mp4', 'width': 4096, 'height': 3072, 'format_id': '38', 'url': 'url:38', 'format': '38 - 4096x3072', 'http_headers': {'User-Agent': 'Mozilla/5.0 (X11; Linux x86_64; rv:10.0) Gecko/20150101 Firefox/20.0 (Chrome)', 'Accept-Charset': 'ISO-8859-1,utf-8;q=0.7,*;q=0.7', 'Accept': 'text/html,application/xhtml+xml,application/xml;q=0.9,*/*;q=0.8', 'Accept-Encoding': 'gzip, deflate', 'Accept-Language': 'en-us,en;q=0.5'}}
IE_TRACE:                         15:01:42.186109 line      1021                             if f.get('vcodec') == 'none']
IE_TRACE:                         15:01:42.186133 line      1020                             f for f in formats
IE_TRACE:                         15:01:42.186153 line      1019                         audio_formats = [
IE_TRACE:                         New var:....... audio_formats = [{'ext': 'm4a', 'format_note': 'DASH audio', 'acodec': 'aac', 'vcodec': 'none', 'abr': 48, 'preference': -50, 'container': 'm4a_dash', 'format_id': '139', 'url': 'url:139', 'format': '139 - audio only (DASH audio)', 'http_headers': {'User-Agent': '...:10.0) Gecko/20150101 Firefox/20.0 (Chrome)', 'Accept-Charset': 'ISO-8859-1,utf-8;q=0.7,*;q=0.7', 'Accept': 'text/html,application/xhtml+xml,application/xml;q=0.9,*/*;q=0.8', 'Accept-Encoding': 'gzip, deflate', 'Accept-Language': 'en-us,en;q=0.5'}}]
IE_TRACE:                         15:01:42.186173 line      1022                         if audio_formats:
IE_TRACE:                         15:01:42.186218 line      1023                             yield audio_formats[-1]
IE_TRACE:                         15:01:42.186247 return    1023                             yield audio_formats[-1]
IE_TRACE:                         Return value:.. {'ext': 'm4a', 'format_note': 'DASH audio', 'acodec': 'aac', 'vcodec': 'none', 'abr': 256, 'preference': -50, 'container': 'm4a_dash', 'format_id': '141', 'url': 'url:141', 'format': '141 - audio only (DASH audio)', 'http_headers': {'User-Agent': '...v:10.0) Gecko/20150101 Firefox/20.0 (Chrome)', 'Accept-Charset': 'ISO-8859-1,utf-8;q=0.7,*;q=0.7', 'Accept': 'text/html,application/xhtml+xml,application/xml;q=0.9,*/*;q=0.8', 'Accept-Encoding': 'gzip, deflate', 'Accept-Language': 'en-us,en;q=0.5'}}
IE_TRACE:                     New var:....... format = {'ext': 'm4a', 'format_note': 'DASH audio', 'acodec': 'aac', 'vcodec': 'none', 'abr': 256, 'preference': -50, 'container': 'm4a_dash', 'format_id': '141', 'url': 'url:141', 'format': '141 - audio only (DASH audio)', 'http_headers': {'User-Agent': '...v:10.0) Gecko/20150101 Firefox/20.0 (Chrome)', 'Accept-Charset': 'ISO-8859-1,utf-8;q=0.7,*;q=0.7', 'Accept': 'text/html,application/xhtml+xml,application/xml;q=0.9,*/*;q=0.8', 'Accept-Encoding': 'gzip, deflate', 'Accept-Language': 'en-us,en;q=0.5'}}
IE_TRACE:                     15:01:42.186282 line       987                             yield format
IE_TRACE:                     15:01:42.186308 return     987                             yield format
IE_TRACE:                     Return value:.. {'ext': 'm4a', 'format_note': 'DASH audio', 'acodec': 'aac', 'vcodec': 'none', 'abr': 256, 'preference': -50, 'container': 'm4a_dash', 'format_id': '141', 'url': 'url:141', 'format': '141 - audio only (DASH audio)', 'http_headers': {'User-Agent': '...v:10.0) Gecko/20150101 Firefox/20.0 (Chrome)', 'Accept-Charset': 'ISO-8859-1,utf-8;q=0.7,*;q=0.7', 'Accept': 'text/html,application/xhtml+xml,application/xml;q=0.9,*/*;q=0.8', 'Accept-Encoding': 'gzip, deflate', 'Accept-Language': 'en-us,en;q=0.5'}}
IE_TRACE:                     Starting var:.. formats = list(len=47)
IE_TRACE:                     Starting var:.. f = <function YoutubeDL.build_format_selector.<locals>._build_selector_function.<locals>.final_selector at 0x7389c5e75260>
IE_TRACE:                     Starting var:.. format = {'ext': 'm4a', 'format_note': 'DASH audio', 'acodec': 'aac', 'vcodec': 'none', 'abr': 256, 'preference': -50, 'container': 'm4a_dash', 'format_id': '141', 'url': 'url:141', 'format': '141 - audio only (DASH audio)', 'http_headers': {'User-Agent': '...v:10.0) Gecko/20150101 Firefox/20.0 (Chrome)', 'Accept-Charset': 'ISO-8859-1,utf-8;q=0.7,*;q=0.7', 'Accept': 'text/html,application/xhtml+xml,application/xml;q=0.9,*/*;q=0.8', 'Accept-Encoding': 'gzip, deflate', 'Accept-Language': 'en-us,en;q=0.5'}}
IE_TRACE:                     Starting var:.. fs = [<function YoutubeDL.build_format_selector.<locals>._build_selector_function.<locals>.final_selector at 0x7389c5e75260>]
IE_TRACE:                     15:01:42.186335 call       987                             yield format
IE_TRACE:                     15:01:42.186370 line       986                         for format in f(formats):
IE_TRACE:                         Starting var:.. formats = list(len=47)
IE_TRACE:                         Starting var:.. audio_formats = [{'ext': 'm4a', 'format_note': 'DASH audio', 'acodec': 'aac', 'vcodec': 'none', 'abr': 48, 'preference': -50, 'container': 'm4a_dash', 'format_id': '139', 'url': 'url:139', 'format': '139 - audio only (DASH audio)', 'http_headers': {'User-Agent': '...:10.0) Gecko/20150101 Firefox/20.0 (Chrome)', 'Accept-Charset': 'ISO-8859-1,utf-8;q=0.7,*;q=0.7', 'Accept': 'text/html,application/xhtml+xml,application/xml;q=0.9,*/*;q=0.8', 'Accept-Encoding': 'gzip, deflate', 'Accept-Language': 'en-us,en;q=0.5'}}]
IE_TRACE:                         Starting var:.. format_spec = 'bestaudio'
IE_TRACE:                         15:01:42.186391 call      1023                             yield audio_formats[-1]
IE_TRACE:                         15:01:42.186429 return    1023                             yield audio_formats[-1]
IE_TRACE:                         Return value:.. None
IE_TRACE:                     15:01:42.186464 line       985                     for f in fs:
IE_TRACE:                     15:01:42.186484 return     985                     for f in fs:
IE_TRACE:                     Return value:.. None
IE_TRACE:                 New var:....... pair = ({'ext': 'mp4', 'height': 1080, 'format_note': 'DASH video', 'acodec': 'none', 'preference': -40, 'format_id': '137', 'url': 'url:137', 'format': '137 - 1080p (DASH video)', 'http_headers': {'User-Agent': 'Mozilla/5.0 (X11; Linux x86_64; rv:10.0) G...:10.0) Gecko/20150101 Firefox/20.0 (Chrome)', 'Accept-Charset': 'ISO-8859-1,utf-8;q=0.7,*;q=0.7', 'Accept': 'text/html,application/xhtml+xml,application/xml;q=0.9,*/*;q=0.8', 'Accept-Encoding': 'gzip, deflate', 'Accept-Language': 'en-us,en;q=0.5'}})
IE_TRACE:                 15:01:42.186511 line      1087                         yield _merge(pair)
IE_TRACE:                     Starting var:.. formats_info = ({'ext': 'mp4', 'height': 1080, 'format_note': 'DASH video', 'acodec': 'none', 'preference': -40, 'format_id': '137', 'url': 'url:137', 'format': '137 - 1080p (DASH video)', 'http_headers': {'User-Agent': 'Mozilla/5.0 (X11; Linux x86_64; rv:10.0) G...:10.0) Gecko/20150101 Firefox/20.0 (Chrome)', 'Accept-Charset': 'ISO-8859-1,utf-8;q=0.7,*;q=0.7', 'Accept': 'text/html,application/xhtml+xml,application/xml;q=0.9,*/*;q=0.8', 'Accept-Encoding': 'gzip, deflate', 'Accept-Language': 'en-us,en;q=0.5'}})
IE_TRACE:                     Starting var:.. self = <test.test_YoutubeDL.YDL object at 0x7389c73e6d50>
IE_TRACE:                     15:01:42.186548 call      1052                 def _merge(formats_info):
IE_TRACE:                     15:01:42.186579 line      1053                     format_1, format_2 = [f['format_id'] for f in formats_info]
IE_TRACE:                     New var:....... f = {'ext': 'mp4', 'height': 1080, 'format_note': 'DASH video', 'acodec': 'none', 'preference': -40, 'format_id': '137', 'url': 'url:137', 'format': '137 - 1080p (DASH video)', 'http_headers': {'User-Agent': 'Mozilla/5.0 (X11; Linux x86_64; rv:10.0) Gecko/20150101 Firefox/20.0 (Chrome)', 'Accept-Charset': 'ISO-8859-1,utf-8;q=0.7,*;q=0.7', 'Accept': 'text/html,application/xhtml+xml,application/xml;q=0.9,*/*;q=0.8', 'Accept-Encoding': 'gzip, deflate', 'Accept-Language': 'en-us,en;q=0.5'}}
IE_TRACE:                     15:01:42.186601 line      1053                     format_1, format_2 = [f['format_id'] for f in formats_info]
IE_TRACE:                     Modified var:.. f = {'ext': 'm4a', 'format_note': 'DASH audio', 'acodec': 'aac', 'vcodec': 'none', 'abr': 256, 'preference': -50, 'container': 'm4a_dash', 'format_id': '141', 'url': 'url:141', 'format': '141 - audio only (DASH audio)', 'http_headers': {'User-Agent': '...v:10.0) Gecko/20150101 Firefox/20.0 (Chrome)', 'Accept-Charset': 'ISO-8859-1,utf-8;q=0.7,*;q=0.7', 'Accept': 'text/html,application/xhtml+xml,application/xml;q=0.9,*/*;q=0.8', 'Accept-Encoding': 'gzip, deflate', 'Accept-Language': 'en-us,en;q=0.5'}}
IE_TRACE:                     15:01:42.186627 line      1053                     format_1, format_2 = [f['format_id'] for f in formats_info]
IE_TRACE:                     New var:....... format_1 = '137'
IE_TRACE:                     New var:....... format_2 = '141'
IE_TRACE:                     15:01:42.186653 line      1056                     if formats_info[0].get('vcodec') == 'none':
IE_TRACE:                     15:01:42.186682 line      1063                         if self.params.get('merge_output_format') is None
IE_TRACE:                     15:01:42.186706 line      1062                         formats_info[0]['ext']
IE_TRACE:                     15:01:42.186727 line      1061                     output_ext = (
IE_TRACE:                     New var:....... output_ext = 'mp4'
IE_TRACE:                     15:01:42.186753 line      1066                         'requested_formats': formats_info,
IE_TRACE:                     15:01:42.186787 line      1067                         'format': '%s+%s' % (formats_info[0].get('format'),
IE_TRACE:                     15:01:42.186815 line      1068                                              formats_info[1].get('format')),
IE_TRACE:                     15:01:42.186837 line      1067                         'format': '%s+%s' % (formats_info[0].get('format'),
IE_TRACE:                     15:01:42.186859 line      1069                         'format_id': '%s+%s' % (formats_info[0].get('format_id'),
IE_TRACE:                     15:01:42.186881 line      1070                                                 formats_info[1].get('format_id')),
IE_TRACE:                     15:01:42.186903 line      1069                         'format_id': '%s+%s' % (formats_info[0].get('format_id'),
IE_TRACE:                     15:01:42.186929 line      1071                         'width': formats_info[0].get('width'),
IE_TRACE:                     15:01:42.186958 line      1072                         'height': formats_info[0].get('height'),
IE_TRACE:                     15:01:42.186986 line      1073                         'resolution': formats_info[0].get('resolution'),
IE_TRACE:                     15:01:42.187013 line      1074                         'fps': formats_info[0].get('fps'),
IE_TRACE:                     15:01:42.187041 line      1075                         'vcodec': formats_info[0].get('vcodec'),
IE_TRACE:                     15:01:42.187069 line      1076                         'vbr': formats_info[0].get('vbr'),
IE_TRACE:                     15:01:42.187097 line      1077                         'stretched_ratio': formats_info[0].get('stretched_ratio'),
IE_TRACE:                     15:01:42.187125 line      1078                         'acodec': formats_info[1].get('acodec'),
IE_TRACE:                     15:01:42.187154 line      1079                         'abr': formats_info[1].get('abr'),
IE_TRACE:                     15:01:42.187177 line      1080                         'ext': output_ext,
IE_TRACE:                     15:01:42.187199 line      1065                     return {
IE_TRACE:                     15:01:42.187221 return    1065                     return {
IE_TRACE:                     Return value:.. {'requested_formats': ({'ext': 'mp4', 'height': 1080, 'format_note': 'DASH video', 'acodec': 'none', 'preference': -40, 'format_id': '137', 'url': 'url:137', 'format': '137 - 1080p (DASH video)', 'http_headers': {'User-Agent': 'Mozilla/5.0 (X11; Li...rmat': '137 - 1080p (DASH video)+141 - audio only (DASH audio)', 'format_id': '137+141', 'width': None, 'height': 1080, 'resolution': None, 'fps': None, 'vcodec': None, 'vbr': None, 'stretched_ratio': None, 'acodec': 'aac', 'abr': 256, 'ext': 'mp4'}
IE_TRACE:                 15:01:42.187253 return    1087                         yield _merge(pair)
IE_TRACE:                 Return value:.. {'requested_formats': ({'ext': 'mp4', 'height': 1080, 'format_note': 'DASH video', 'acodec': 'none', 'preference': -40, 'format_id': '137', 'url': 'url:137', 'format': '137 - 1080p (DASH video)', 'http_headers': {'User-Agent': 'Mozilla/5.0 (X11; Li...rmat': '137 - 1080p (DASH video)+141 - audio only (DASH audio)', 'format_id': '137+141', 'width': None, 'height': 1080, 'resolution': None, 'fps': None, 'vcodec': None, 'vbr': None, 'stretched_ratio': None, 'acodec': 'aac', 'abr': 256, 'ext': 'mp4'}
IE_TRACE:             New var:....... format = {'requested_formats': ({'ext': 'mp4', 'height': 1080, 'format_note': 'DASH video', 'acodec': 'none', 'preference': -40, 'format_id': '137', 'url': 'url:137', 'format': '137 - 1080p (DASH video)', 'http_headers': {'User-Agent': 'Mozilla/5.0 (X11; Li...rmat': '137 - 1080p (DASH video)+141 - audio only (DASH audio)', 'format_id': '137+141', 'width': None, 'height': 1080, 'resolution': None, 'fps': None, 'vcodec': None, 'vbr': None, 'stretched_ratio': None, 'acodec': 'aac', 'abr': 256, 'ext': 'mp4'}
IE_TRACE:             15:01:42.187285 line       987                             yield format
IE_TRACE:             15:01:42.187310 return     987                             yield format
IE_TRACE:             Return value:.. {'requested_formats': ({'ext': 'mp4', 'height': 1080, 'format_note': 'DASH video', 'acodec': 'none', 'preference': -40, 'format_id': '137', 'url': 'url:137', 'format': '137 - 1080p (DASH video)', 'http_headers': {'User-Agent': 'Mozilla/5.0 (X11; Li...rmat': '137 - 1080p (DASH video)+141 - audio only (DASH audio)', 'format_id': '137+141', 'width': None, 'height': 1080, 'resolution': None, 'fps': None, 'vcodec': None, 'vbr': None, 'stretched_ratio': None, 'acodec': 'aac', 'abr': 256, 'ext': 'mp4'}
IE_TRACE:             Starting var:.. formats = list(len=47)
IE_TRACE:             Starting var:.. f = <function YoutubeDL.build_format_selector.<locals>._build_selector_function.<locals>.final_selector at 0x7389c5e751c0>
IE_TRACE:             Starting var:.. format = {'requested_formats': ({'ext': 'mp4', 'height': 1080, 'format_note': 'DASH video', 'acodec': 'none', 'preference': -40, 'format_id': '137', 'url': 'url:137', 'format': '137 - 1080p (DASH video)', 'http_headers': {'User-Agent': 'Mozilla/5.0 (X11; Li...rmat': '137 - 1080p (DASH video)+141 - audio only (DASH audio)', 'format_id': '137+141', 'width': None, 'height': 1080, 'resolution': None, 'fps': None, 'vcodec': None, 'vbr': None, 'stretched_ratio': None, 'acodec': 'aac', 'abr': 256, 'ext': 'mp4'}
IE_TRACE:             Starting var:.. fs = [<function YoutubeDL.build_format_selector.<locals>._build_selector_function.<locals>.final_selector at 0x7389c5e751c0>]
IE_TRACE:             15:01:42.187340 call       987                             yield format
IE_TRACE:             15:01:42.187372 line       986                         for format in f(formats):
IE_TRACE:                 Starting var:.. formats = list(len=47)
IE_TRACE:                 Starting var:.. pair = ({'ext': 'mp4', 'height': 1080, 'format_note': 'DASH video', 'acodec': 'none', 'preference': -40, 'format_id': '137', 'url': 'url:137', 'format': '137 - 1080p (DASH video)', 'http_headers': {'User-Agent': 'Mozilla/5.0 (X11; Linux x86_64; rv:10.0) G...:10.0) Gecko/20150101 Firefox/20.0 (Chrome)', 'Accept-Charset': 'ISO-8859-1,utf-8;q=0.7,*;q=0.7', 'Accept': 'text/html,application/xhtml+xml,application/xml;q=0.9,*/*;q=0.8', 'Accept-Encoding': 'gzip, deflate', 'Accept-Language': 'en-us,en;q=0.5'}})
IE_TRACE:                 Starting var:.. _merge = <function YoutubeDL.build_format_selector.<locals>._build_selector_function.<locals>._merge at 0x7389c5e75620>
IE_TRACE:                 Starting var:.. audio_selector = <function YoutubeDL.build_format_selector.<locals>._build_selector_function.<locals>.selector_function at 0x7389c5e75940>
IE_TRACE:                 Starting var:.. video_selector = <function YoutubeDL.build_format_selector.<locals>._build_selector_function.<locals>.final_selector at 0x7389c5e74fe0>
IE_TRACE:                 15:01:42.187394 call      1087                         yield _merge(pair)
IE_TRACE:                 15:01:42.187429 line      1086                     for pair in itertools.product(video_selector(formats), audio_selector(formats)):
IE_TRACE:                 15:01:42.187452 return    1086                     for pair in itertools.product(video_selector(formats), audio_selector(formats)):
IE_TRACE:                 Return value:.. None
IE_TRACE:             15:01:42.187478 line       985                     for f in fs:
IE_TRACE:             15:01:42.187500 return     985                     for f in fs:
IE_TRACE:             Return value:.. None
IE_TRACE:         New var:....... formats_to_download = [{'requested_formats': ({'ext': 'mp4', 'height': 1080, 'format_note': 'DASH video', 'acodec': 'none', 'preference': -40, 'format_id': '137', 'url': 'url:137', 'format': '137 - 1080p (DASH video)', 'http_headers': {'User-Agent': 'Mozilla/5.0 (X11; L...mat': '137 - 1080p (DASH video)+141 - audio only (DASH audio)', 'format_id': '137+141', 'width': None, 'height': 1080, 'resolution': None, 'fps': None, 'vcodec': None, 'vbr': None, 'stretched_ratio': None, 'acodec': 'aac', 'abr': 256, 'ext': 'mp4'}]
IE_TRACE:         15:01:42.187527 line      1269         if not formats_to_download:
IE_TRACE:         15:01:42.187731 line      1273         if download:
IE_TRACE:         15:01:42.187902 line      1274             if len(formats_to_download) > 1:
IE_TRACE:         15:01:42.188064 line      1276             for format in formats_to_download:
IE_TRACE:         Modified var:.. format = {'requested_formats': ({'ext': 'mp4', 'height': 1080, 'format_note': 'DASH video', 'acodec': 'none', 'preference': -40, 'format_id': '137', 'url': 'url:137', 'format': '137 - 1080p (DASH video)', 'http_headers': {'User-Agent': 'Mozilla/5.0 (X11; Li...rmat': '137 - 1080p (DASH video)+141 - audio only (DASH audio)', 'format_id': '137+141', 'width': None, 'height': 1080, 'resolution': None, 'fps': None, 'vcodec': None, 'vbr': None, 'stretched_ratio': None, 'acodec': 'aac', 'abr': 256, 'ext': 'mp4'}
IE_TRACE:         15:01:42.188225 line      1277                 new_info = dict(info_dict)
IE_TRACE:         New var:....... new_info = {'formats': [{'ext': 'm4a', 'format_note': 'DASH audio', 'acodec': 'aac', 'vcodec': 'none', 'abr': 48, 'preference': -50, 'container': 'm4a_dash', 'format_id': '139', 'url': 'url:139', 'format': '139 - audio only (DASH audio)', 'http_headers': {'Us...0.9,*/*;q=0.8', 'Accept-Encoding': 'gzip, deflate', 'Accept-Language': 'en-us,en;q=0.5'}}], 'id': 'testid', 'title': 'testttitle', 'extractor': 'youtube', 'playlist': None, 'playlist_index': None, 'display_id': 'testid', 'requested_subtitles': None}
IE_TRACE:         15:01:42.188390 line      1278                 new_info.update(format)
IE_TRACE:         Modified var:.. new_info = dict(len=21)
IE_TRACE:         15:01:42.188626 line      1279                 self.process_info(new_info)
IE_TRACE:             Source path:... /path/to/BugsInPy/workspace/youtube-dl/test/test_YoutubeDL.py
IE_TRACE:             Starting var:.. self = <test.test_YoutubeDL.YDL object at 0x7389c73e6d50>
IE_TRACE:             Starting var:.. info_dict = dict(len=21)
IE_TRACE:             15:01:42.188795 call        31     def process_info(self, info_dict):
IE_TRACE:             15:01:42.188822 line        32         self.downloaded_info_dicts.append(info_dict)
IE_TRACE:             15:01:42.188839 return      32         self.downloaded_info_dicts.append(info_dict)
IE_TRACE:             Return value:.. None
IE_TRACE:         Source path:... /path/to/BugsInPy/workspace/youtube-dl/youtube_dl/YoutubeDL.py
IE_TRACE:         15:01:42.188859 line      1276             for format in formats_to_download:
IE_TRACE:         15:01:42.189029 line      1281         info_dict.update(formats_to_download[-1])
IE_TRACE:         Modified var:.. info_dict = dict(len=21)
IE_TRACE:         15:01:42.189192 line      1282         return info_dict
IE_TRACE:         15:01:42.189298 return    1282         return info_dict
IE_TRACE:         Return value:.. dict(len=21)
IE_TRACE:     Modified var:.. ie_result = dict(len=21)
IE_TRACE:     15:01:42.189407 return     713             return self.process_video_result(ie_result, download=download)
IE_TRACE:     Return value:.. dict(len=21)
IE_TRACE: Source path:... /path/to/BugsInPy/workspace/youtube-dl/test/test_YoutubeDL.py
IE_TRACE: Modified var:.. info_dict = dict(len=21)
IE_TRACE: 15:01:42.189438 line       247         downloaded = ydl.downloaded_info_dicts[0]
IE_TRACE: New var:....... downloaded = dict(len=21)
IE_TRACE: 15:01:42.189473 line       248         self.assertEqual(downloaded['format_id'], '137+141')
IE_TRACE: Source path:... /path/to/BugsInPy/workspace/youtube-dl/test/test_YoutubeDL.py
IE_TRACE: 15:01:42.190094 line       249         self.assertEqual(downloaded['ext'], 'mp4')
IE_TRACE: Source path:... /path/to/BugsInPy/workspace/youtube-dl/test/test_YoutubeDL.py
IE_TRACE: 15:01:42.190489 line       251         info_dict = _make_result(list(formats_order), extractor='youtube')
IE_TRACE:     Starting var:.. formats = list(len=47)
IE_TRACE:     Starting var:.. kwargs = {'extractor': 'youtube'}
IE_TRACE:     15:01:42.190514 call        38 def _make_result(formats, **kwargs):
IE_TRACE:     15:01:42.190532 line        40         'formats': formats,
IE_TRACE:     15:01:42.190542 line        41         'id': 'testid',
IE_TRACE:     15:01:42.190552 line        42         'title': 'testttitle',
IE_TRACE:     15:01:42.190562 line        43         'extractor': 'testex',
IE_TRACE:     15:01:42.190573 line        39     res = {
IE_TRACE:     New var:....... res = {'formats': [{'ext': 'mp4', 'width': 4096, 'height': 3072, 'format_id': '38', 'url': 'url:38', 'format': '38 - 4096x3072', 'http_headers': {'User-Agent': 'Mozilla/5.0 (X11; Linux x86_64; rv:10.0) Gecko/20150101 Firefox/20.0 (Chrome)', 'Accept-Chars... 'ISO-8859-1,utf-8;q=0.7,*;q=0.7', 'Accept': 'text/html,application/xhtml+xml,application/xml;q=0.9,*/*;q=0.8', 'Accept-Encoding': 'gzip, deflate', 'Accept-Language': 'en-us,en;q=0.5'}}], 'id': 'testid', 'title': 'testttitle', 'extractor': 'testex'}
IE_TRACE:     15:01:42.190583 line        45     res.update(**kwargs)
IE_TRACE:     Modified var:.. res = {'formats': [{'ext': 'mp4', 'width': 4096, 'height': 3072, 'format_id': '38', 'url': 'url:38', 'format': '38 - 4096x3072', 'http_headers': {'User-Agent': 'Mozilla/5.0 (X11; Linux x86_64; rv:10.0) Gecko/20150101 Firefox/20.0 (Chrome)', 'Accept-Chars...'ISO-8859-1,utf-8;q=0.7,*;q=0.7', 'Accept': 'text/html,application/xhtml+xml,application/xml;q=0.9,*/*;q=0.8', 'Accept-Encoding': 'gzip, deflate', 'Accept-Language': 'en-us,en;q=0.5'}}], 'id': 'testid', 'title': 'testttitle', 'extractor': 'youtube'}
IE_TRACE:     15:01:42.190679 line        46     return res
IE_TRACE:     15:01:42.190757 return      46     return res
IE_TRACE:     Return value:.. {'formats': [{'ext': 'mp4', 'width': 4096, 'height': 3072, 'format_id': '38', 'url': 'url:38', 'format': '38 - 4096x3072', 'http_headers': {'User-Agent': 'Mozilla/5.0 (X11; Linux x86_64; rv:10.0) Gecko/20150101 Firefox/20.0 (Chrome)', 'Accept-Chars...'ISO-8859-1,utf-8;q=0.7,*;q=0.7', 'Accept': 'text/html,application/xhtml+xml,application/xml;q=0.9,*/*;q=0.8', 'Accept-Encoding': 'gzip, deflate', 'Accept-Language': 'en-us,en;q=0.5'}}], 'id': 'testid', 'title': 'testttitle', 'extractor': 'youtube'}
IE_TRACE: Modified var:.. info_dict = {'formats': [{'ext': 'mp4', 'width': 4096, 'height': 3072, 'format_id': '38', 'url': 'url:38', 'format': '38 - 4096x3072', 'http_headers': {'User-Agent': 'Mozilla/5.0 (X11; Linux x86_64; rv:10.0) Gecko/20150101 Firefox/20.0 (Chrome)', 'Accept-Chars...'ISO-8859-1,utf-8;q=0.7,*;q=0.7', 'Accept': 'text/html,application/xhtml+xml,application/xml;q=0.9,*/*;q=0.8', 'Accept-Encoding': 'gzip, deflate', 'Accept-Language': 'en-us,en;q=0.5'}}], 'id': 'testid', 'title': 'testttitle', 'extractor': 'youtube'}
IE_TRACE: 15:01:42.190919 line       252         ydl = YDL({'format': 'bestvideo[height>=999999]+bestaudio/best'})
IE_TRACE:     Starting var:.. self = <test.test_YoutubeDL.YDL object at 0x7389c631d0a0>
IE_TRACE:     Starting var:.. args = ({'format': 'bestvideo[height>=999999]+bestaudio/best'},)
IE_TRACE:     Starting var:.. kwargs = {}
IE_TRACE:     Starting var:.. __class__ = <class 'test.test_YoutubeDL.YDL'>
IE_TRACE:     15:01:42.191009 call        26     def __init__(self, *args, **kwargs):
IE_TRACE:     15:01:42.191036 line        27         super(YDL, self).__init__(*args, **kwargs)
IE_TRACE:         Source path:... /path/to/BugsInPy/workspace/youtube-dl/test/helper.py
IE_TRACE:         Starting var:.. self = <test.test_YoutubeDL.YDL object at 0x7389c631d0a0>
IE_TRACE:         Starting var:.. override = {'format': 'bestvideo[height>=999999]+bestaudio/best'}
IE_TRACE:         Starting var:.. __class__ = <class 'test.helper.FakeYDL'>
IE_TRACE:         15:01:42.191052 call        56     def __init__(self, override=None):
IE_TRACE:         15:01:42.191077 line        59         params = get_params(override=override)
IE_TRACE:             Starting var:.. override = {'format': 'bestvideo[height>=999999]+bestaudio/best'}
IE_TRACE:             15:01:42.191092 call        21 def get_params(override=None):
IE_TRACE:             15:01:42.191106 line        22     PARAMETERS_FILE = os.path.join(os.path.dirname(os.path.abspath(__file__)),
IE_TRACE:                 Source path:... <frozen posixpath>
IE_TRACE:                 Starting var:.. path = '/path/to/BugsInPy/workspace/youtube-dl/test/helper.py'
IE_TRACE:                 15:01:42.191122 call       416 SOURCE IS UNAVAILABLE
IE_TRACE:                 15:01:42.191141 line       418 SOURCE IS UNAVAILABLE
IE_TRACE:                 15:01:42.191152 line       419 SOURCE IS UNAVAILABLE
IE_TRACE:                     Starting var:.. s = '/path/to/BugsInPy/workspace/youtube-dl/test/helper.py'
IE_TRACE:                     15:01:42.191164 call        60 SOURCE IS UNAVAILABLE
IE_TRACE:                     15:01:42.191177 line        62 SOURCE IS UNAVAILABLE
IE_TRACE:                     15:01:42.191187 line        63 SOURCE IS UNAVAILABLE
IE_TRACE:                         Starting var:.. path = '/path/to/BugsInPy/workspace/youtube-dl/test/helper.py'
IE_TRACE:                         15:01:42.191198 call        41 SOURCE IS UNAVAILABLE
IE_TRACE:                         15:01:42.191211 line        42 SOURCE IS UNAVAILABLE
IE_TRACE:                         15:01:42.191221 line        45 SOURCE IS UNAVAILABLE
IE_TRACE:                         15:01:42.191231 return      45 SOURCE IS UNAVAILABLE
IE_TRACE:                         Return value:.. '/'
IE_TRACE:                     New var:....... sep = '/'
IE_TRACE:                     15:01:42.191246 line        64 SOURCE IS UNAVAILABLE
IE_TRACE:                     15:01:42.191261 return      64 SOURCE IS UNAVAILABLE
IE_TRACE:                     Return value:.. True
IE_TRACE:                 15:01:42.191278 line       425 SOURCE IS UNAVAILABLE
IE_TRACE:                     Starting var:.. path = '/path/to/BugsInPy/workspace/youtube-dl/test/helper.py'
IE_TRACE:                     15:01:42.191289 call       408 SOURCE IS UNAVAILABLE
IE_TRACE:                     15:01:42.191303 line       410 SOURCE IS UNAVAILABLE
IE_TRACE:                     15:01:42.191312 line       411 SOURCE IS UNAVAILABLE
IE_TRACE:                     15:01:42.191322 line       413 SOURCE IS UNAVAILABLE
IE_TRACE:                     15:01:42.191334 return     413 SOURCE IS UNAVAILABLE
IE_TRACE:                     Return value:.. '/path/to/BugsInPy/workspace/youtube-dl/test/helper.py'
IE_TRACE:                 15:01:42.191348 return     425 SOURCE IS UNAVAILABLE
IE_TRACE:                 Return value:.. '/path/to/BugsInPy/workspace/youtube-dl/test/helper.py'
IE_TRACE:                 Starting var:.. p = '/path/to/BugsInPy/workspace/youtube-dl/test/helper.py'
IE_TRACE:                 15:01:42.191363 call       179 SOURCE IS UNAVAILABLE
IE_TRACE:                 15:01:42.191376 line       181 SOURCE IS UNAVAILABLE
IE_TRACE:                 15:01:42.191387 line       182 SOURCE IS UNAVAILABLE
IE_TRACE:                     Starting var:.. path = '/path/to/BugsInPy/workspace/youtube-dl/test/helper.py'
IE_TRACE:                     15:01:42.191397 call        41 SOURCE IS UNAVAILABLE
IE_TRACE:                     15:01:42.191409 line        42 SOURCE IS UNAVAILABLE
IE_TRACE:                     15:01:42.191419 line        45 SOURCE IS UNAVAILABLE
IE_TRACE:                     15:01:42.191429 return      45 SOURCE IS UNAVAILABLE
IE_TRACE:                     Return value:.. '/'
IE_TRACE:                 New var:....... sep = '/'
IE_TRACE:                 15:01:42.191442 line       183 SOURCE IS UNAVAILABLE
IE_TRACE:                 New var:....... i = 54
IE_TRACE:                 15:01:42.191456 line       184 SOURCE IS UNAVAILABLE
IE_TRACE:                 New var:....... head = '/path/to/BugsInPy/workspace/youtube-dl/test/'
IE_TRACE:                 15:01:42.191471 line       185 SOURCE IS UNAVAILABLE
IE_TRACE:                 15:01:42.191487 line       186 SOURCE IS UNAVAILABLE
IE_TRACE:                 Modified var:.. head = '/path/to/BugsInPy/workspace/youtube-dl/test'
IE_TRACE:                 15:01:42.191500 line       187 SOURCE IS UNAVAILABLE
IE_TRACE:                 15:01:42.191514 return     187 SOURCE IS UNAVAILABLE
IE_TRACE:                 Return value:.. '/path/to/BugsInPy/workspace/youtube-dl/test'
IE_TRACE:             Source path:... /path/to/BugsInPy/workspace/youtube-dl/test/helper.py
IE_TRACE:             15:01:42.191530 line        23                                    "parameters.json")
IE_TRACE:             15:01:42.191544 line        22     PARAMETERS_FILE = os.path.join(os.path.dirname(os.path.abspath(__file__)),
IE_TRACE:                 Source path:... <frozen posixpath>
IE_TRACE:                 Starting var:.. a = '/path/to/BugsInPy/workspace/youtube-dl/test'
IE_TRACE:                 Starting var:.. p = ('parameters.json',)
IE_TRACE:                 15:01:42.191557 call        71 SOURCE IS UNAVAILABLE
IE_TRACE:                 15:01:42.191586 line        76 SOURCE IS UNAVAILABLE
IE_TRACE:                 15:01:42.191601 line        77 SOURCE IS UNAVAILABLE
IE_TRACE:                     Starting var:.. path = '/path/to/BugsInPy/workspace/youtube-dl/test'
IE_TRACE:                     15:01:42.191614 call        41 SOURCE IS UNAVAILABLE
IE_TRACE:                     15:01:42.191626 line        42 SOURCE IS UNAVAILABLE
IE_TRACE:                     15:01:42.191636 line        45 SOURCE IS UNAVAILABLE
IE_TRACE:                     15:01:42.191645 return      45 SOURCE IS UNAVAILABLE
IE_TRACE:                     Return value:.. '/'
IE_TRACE:                 New var:....... sep = '/'
IE_TRACE:                 15:01:42.191658 line        78 SOURCE IS UNAVAILABLE
IE_TRACE:                 New var:....... path = '/path/to/BugsInPy/workspace/youtube-dl/test'
IE_TRACE:                 15:01:42.191673 line        79 SOURCE IS UNAVAILABLE
IE_TRACE:                 15:01:42.191688 line        80 SOURCE IS UNAVAILABLE
IE_TRACE:                 15:01:42.191701 line        82 SOURCE IS UNAVAILABLE
IE_TRACE:                 New var:....... b = 'parameters.json'
IE_TRACE:                 15:01:42.191715 line        83 SOURCE IS UNAVAILABLE
IE_TRACE:                 15:01:42.191738 line        85 SOURCE IS UNAVAILABLE
IE_TRACE:                 15:01:42.191756 line        88 SOURCE IS UNAVAILABLE
IE_TRACE:                 Modified var:.. path = '/path/to/BugsInPy/workspace/youtube-dl/test/parameters.json'
IE_TRACE:                 15:01:42.191770 line        82 SOURCE IS UNAVAILABLE
IE_TRACE:                 15:01:42.191786 line        92 SOURCE IS UNAVAILABLE
IE_TRACE:                 15:01:42.191800 return      92 SOURCE IS UNAVAILABLE
IE_TRACE:                 Return value:.. '/path/to/BugsInPy/workspace/youtube-dl/test/parameters.json'
IE_TRACE:             Source path:... /path/to/BugsInPy/workspace/youtube-dl/test/helper.py
IE_TRACE:             New var:....... PARAMETERS_FILE = '/path/to/BugsInPy/workspace/youtube-dl/test/parameters.json'
IE_TRACE:             15:01:42.191817 line        24     with io.open(PARAMETERS_FILE, encoding='utf-8') as pf:
IE_TRACE:                 Source path:... <frozen codecs>
IE_TRACE:                 Starting var:.. self = <encodings.utf_8.IncrementalDecoder object at 0x7389c6164c20>
IE_TRACE:                 Starting var:.. errors = 'strict'
IE_TRACE:                 15:01:42.191863 call       309 SOURCE IS UNAVAILABLE
IE_TRACE:                 15:01:42.191886 line       310 SOURCE IS UNAVAILABLE
IE_TRACE:                     Starting var:.. self = <encodings.utf_8.IncrementalDecoder object at 0x7389c6164c20>
IE_TRACE:                     Starting var:.. errors = 'strict'
IE_TRACE:                     15:01:42.191899 call       260 SOURCE IS UNAVAILABLE
IE_TRACE:                     15:01:42.191915 line       268 SOURCE IS UNAVAILABLE
IE_TRACE:                     15:01:42.191926 return     268 SOURCE IS UNAVAILABLE
IE_TRACE:                     Return value:.. None
IE_TRACE:                 15:01:42.191940 line       312 SOURCE IS UNAVAILABLE
IE_TRACE:                 15:01:42.191951 return     312 SOURCE IS UNAVAILABLE
IE_TRACE:                 Return value:.. None
IE_TRACE:             Source path:... /path/to/BugsInPy/workspace/youtube-dl/test/helper.py
IE_TRACE:             New var:....... pf = <_io.TextIOWrapper name='/path/to/BugsInPy/workspace/youtube-dl/test/parameters.json' mode='r' encoding='utf-8'>
IE_TRACE:             15:01:42.191972 line        25         parameters = json.load(pf)
IE_TRACE:             Source path:... /path/to/BugsInPy/workspace/youtube-dl/test/helper.py
IE_TRACE:             New var:....... parameters = dict(len=41)
IE_TRACE:             15:01:42.192747 line        24     with io.open(PARAMETERS_FILE, encoding='utf-8') as pf:
IE_TRACE:             15:01:42.192771 line        26     if override:
IE_TRACE:             15:01:42.192784 line        27         parameters.update(override)
IE_TRACE:             15:01:42.192798 line        28     return parameters
IE_TRACE:             15:01:42.192811 return      28     return parameters
IE_TRACE:             Return value:.. dict(len=41)
IE_TRACE:         New var:....... params = dict(len=41)
IE_TRACE:         15:01:42.192829 line        60         super(FakeYDL, self).__init__(params, auto_init=False)
IE_TRACE:             Source path:... /path/to/BugsInPy/workspace/youtube-dl/youtube_dl/YoutubeDL.py
IE_TRACE:             Starting var:.. self = <test.test_YoutubeDL.YDL object at 0x7389c631d0a0>
IE_TRACE:             Starting var:.. params = dict(len=41)
IE_TRACE:             Starting var:.. auto_init = False
IE_TRACE:             15:01:42.192851 call       276     def __init__(self, params=None, auto_init=True):
IE_TRACE:             15:01:42.192879 line       278         if params is None:
IE_TRACE:             15:01:42.192894 line       280         self._ies = []
IE_TRACE:             15:01:42.192908 line       281         self._ies_instances = {}
IE_TRACE:             15:01:42.192922 line       282         self._pps = []
IE_TRACE:             15:01:42.192936 line       283         self._progress_hooks = []
IE_TRACE:             15:01:42.192950 line       284         self._download_retcode = 0
IE_TRACE:             15:01:42.192964 line       285         self._num_downloads = 0
IE_TRACE:             15:01:42.192978 line       286         self._screen_file = [sys.stdout, sys.stderr][params.get('logtostderr', False)]
IE_TRACE:             15:01:42.192992 line       287         self._err_file = sys.stderr
IE_TRACE:             15:01:42.193007 line       288         self.params = params
IE_TRACE:             15:01:42.193020 line       289         self.cache = Cache(self)
IE_TRACE:                 Source path:... /path/to/BugsInPy/workspace/youtube-dl/youtube_dl/cache.py
IE_TRACE:                 Starting var:.. self = <youtube_dl.cache.Cache object at 0x7389c631d160>
IE_TRACE:                 Starting var:.. ydl = <test.test_YoutubeDL.YDL object at 0x7389c631d0a0>
IE_TRACE:                 15:01:42.193036 call        16     def __init__(self, ydl):
IE_TRACE:                 15:01:42.193058 line        17         self._ydl = ydl
IE_TRACE:                 15:01:42.193070 return      17         self._ydl = ydl
IE_TRACE:                 Return value:.. None
IE_TRACE:             Source path:... /path/to/BugsInPy/workspace/youtube-dl/youtube_dl/YoutubeDL.py
IE_TRACE:             15:01:42.193087 line       291         if params.get('bidi_workaround', False):
IE_TRACE:             15:01:42.193104 line       318         if (sys.version_info >= (3,) and sys.platform != 'win32' and
IE_TRACE:             15:01:42.193119 line       319                 sys.getfilesystemencoding() in ['ascii', 'ANSI_X3.4-1968'] and
IE_TRACE:             15:01:42.193134 line       328         if isinstance(params.get('outtmpl'), bytes):
IE_TRACE:             15:01:42.193148 line       333         self._setup_opener()
IE_TRACE:                 Starting var:.. self = <test.test_YoutubeDL.YDL object at 0x7389c631d0a0>
IE_TRACE:                 15:01:42.193165 call      1904     def _setup_opener(self):
IE_TRACE:                 15:01:42.193181 line      1905         timeout_val = self.params.get('socket_timeout')
IE_TRACE:                 New var:....... timeout_val = 20
IE_TRACE:                 15:01:42.193194 line      1906         self._socket_timeout = 600 if timeout_val is None else float(timeout_val)
IE_TRACE:                 15:01:42.193212 line      1908         opts_cookiefile = self.params.get('cookiefile')
IE_TRACE:                 New var:....... opts_cookiefile = None
IE_TRACE:                 15:01:42.193226 line      1909         opts_proxy = self.params.get('proxy')
IE_TRACE:                 New var:....... opts_proxy = None
IE_TRACE:                 15:01:42.193243 line      1911         if opts_cookiefile is None:
IE_TRACE:                 15:01:42.193260 line      1912             self.cookiejar = compat_cookiejar.CookieJar()
IE_TRACE:                 Source path:... /path/to/BugsInPy/workspace/youtube-dl/youtube_dl/YoutubeDL.py
IE_TRACE:                 15:01:42.193914 line      1919         cookie_processor = compat_urllib_request.HTTPCookieProcessor(
IE_TRACE:                 15:01:42.193934 line      1920             self.cookiejar)
IE_TRACE:                 15:01:42.193949 line      1919         cookie_processor = compat_urllib_request.HTTPCookieProcessor(
IE_TRACE:                 Source path:... /path/to/BugsInPy/workspace/youtube-dl/youtube_dl/YoutubeDL.py
IE_TRACE:                 New var:....... cookie_processor = <urllib.request.HTTPCookieProcessor object at 0x7389c631d040>
IE_TRACE:                 15:01:42.194062 line      1921         if opts_proxy is not None:
IE_TRACE:                 15:01:42.194085 line      1927             proxies = compat_urllib_request.getproxies()
IE_TRACE:                 Source path:... /path/to/BugsInPy/workspace/youtube-dl/youtube_dl/YoutubeDL.py
IE_TRACE:                 New var:....... proxies = {}
IE_TRACE:                 15:01:42.219793 line      1929             if 'http' in proxies and 'https' not in proxies:
IE_TRACE:                 15:01:42.219837 line      1931         proxy_handler = PerRequestProxyHandler(proxies)
IE_TRACE:                     Source path:... /path/to/BugsInPy/workspace/youtube-dl/youtube_dl/utils.py
IE_TRACE:                     Starting var:.. self = <youtube_dl.utils.PerRequestProxyHandler object at 0x7389c631d400>
IE_TRACE:                     Starting var:.. proxies = {}
IE_TRACE:                     15:01:42.219860 call      2348     def __init__(self, proxies=None):
IE_TRACE:                     15:01:42.219885 line      2350         for type in ('http', 'https'):
IE_TRACE:                     New var:....... type = 'http'
IE_TRACE:                     15:01:42.219900 line      2351             setattr(self, '%s_open' % type,
IE_TRACE:                     15:01:42.219919 line      2352                     lambda r, proxy='__noproxy__', type=type, meth=self.proxy_open:
IE_TRACE:                     15:01:42.219934 line      2351             setattr(self, '%s_open' % type,
IE_TRACE:                     15:01:42.219951 line      2350         for type in ('http', 'https'):
IE_TRACE:                     Modified var:.. type = 'https'
IE_TRACE:                     15:01:42.219965 line      2351             setattr(self, '%s_open' % type,
IE_TRACE:                     15:01:42.219981 line      2352                     lambda r, proxy='__noproxy__', type=type, meth=self.proxy_open:
IE_TRACE:                     15:01:42.219996 line      2351             setattr(self, '%s_open' % type,
IE_TRACE:                     15:01:42.220010 line      2350         for type in ('http', 'https'):
IE_TRACE:                     15:01:42.220025 line      2354         return compat_urllib_request.ProxyHandler.__init__(self, proxies)
IE_TRACE:                     Source path:... /path/to/BugsInPy/workspace/youtube-dl/youtube_dl/utils.py
IE_TRACE:                     15:01:42.220156 return    2354         return compat_urllib_request.ProxyHandler.__init__(self, proxies)
IE_TRACE:                     Return value:.. None
IE_TRACE:                 Source path:... /path/to/BugsInPy/workspace/youtube-dl/youtube_dl/YoutubeDL.py
IE_TRACE:                 New var:....... proxy_handler = <youtube_dl.utils.PerRequestProxyHandler object at 0x7389c631d400>
IE_TRACE:                 15:01:42.220178 line      1933         debuglevel = 1 if self.params.get('debug_printtraffic') else 0
IE_TRACE:                 New var:....... debuglevel = 0
IE_TRACE:                 15:01:42.220209 line      1934         https_handler = make_HTTPS_handler(self.params, debuglevel=debuglevel)
IE_TRACE:                     Source path:... /path/to/BugsInPy/workspace/youtube-dl/youtube_dl/utils.py
IE_TRACE:                     Starting var:.. params = dict(len=41)
IE_TRACE:                     Starting var:.. kwargs = {'debuglevel': 0}
IE_TRACE:                     15:01:42.220244 call       443 def make_HTTPS_handler(params, **kwargs):
IE_TRACE:                     15:01:42.220277 line       444     opts_no_check_certificate = params.get('nocheckcertificate', False)
IE_TRACE:                     New var:....... opts_no_check_certificate = False
IE_TRACE:                     15:01:42.220296 line       445     if hasattr(ssl, 'create_default_context'):  # Python >= 3.4 or 2.7.9
IE_TRACE:                     15:01:42.220323 line       446         context = ssl.create_default_context(ssl.Purpose.SERVER_AUTH)
IE_TRACE:                     Source path:... /path/to/BugsInPy/workspace/youtube-dl/youtube_dl/utils.py
IE_TRACE:                     New var:....... context = <ssl.SSLContext object at 0x7389c5ed9d50>
IE_TRACE:                     15:01:42.234227 line       447         if opts_no_check_certificate:
IE_TRACE:                     15:01:42.234257 line       450         try:
IE_TRACE:                     15:01:42.234274 line       451             return YoutubeDLHTTPSHandler(params, context=context, **kwargs)
IE_TRACE:                         Starting var:.. self = <youtube_dl.utils.YoutubeDLHTTPSHandler object at 0x7389c62ab6e0>
IE_TRACE:                         Starting var:.. params = dict(len=41)
IE_TRACE:                         Starting var:.. https_conn_class = None
IE_TRACE:                         Starting var:.. args = ()
IE_TRACE:                         Starting var:.. kwargs = {'context': <ssl.SSLContext object at 0x7389c5ed9d50>, 'debuglevel': 0}
IE_TRACE:                         15:01:42.234293 call       700     def __init__(self, params, https_conn_class=None, *args, **kwargs):
IE_TRACE:                         15:01:42.234328 line       701         compat_urllib_request.HTTPSHandler.__init__(self, *args, **kwargs)
IE_TRACE:                         Source path:... /path/to/BugsInPy/workspace/youtube-dl/youtube_dl/utils.py
IE_TRACE:                         15:01:42.234541 line       702         self._https_conn_class = https_conn_class or compat_http_client.HTTPSConnection
IE_TRACE:                         15:01:42.234563 line       703         self._params = params
IE_TRACE:                         15:01:42.234587 return     703         self._params = params
IE_TRACE:                         Return value:.. None
IE_TRACE:                     15:01:42.234609 return     451             return YoutubeDLHTTPSHandler(params, context=context, **kwargs)
IE_TRACE:                     Return value:.. <youtube_dl.utils.YoutubeDLHTTPSHandler object at 0x7389c62ab6e0>
IE_TRACE:                 Source path:... /path/to/BugsInPy/workspace/youtube-dl/youtube_dl/YoutubeDL.py
IE_TRACE:                 New var:....... https_handler = <youtube_dl.utils.YoutubeDLHTTPSHandler object at 0x7389c62ab6e0>
IE_TRACE:                 15:01:42.234630 line      1935         ydlh = YoutubeDLHandler(self.params, debuglevel=debuglevel)
IE_TRACE:                     Source path:... /path/to/BugsInPy/workspace/youtube-dl/youtube_dl/utils.py
IE_TRACE:                     Starting var:.. self = <youtube_dl.utils.YoutubeDLHandler object at 0x7389c66abfe0>
IE_TRACE:                     Starting var:.. params = dict(len=41)
IE_TRACE:                     Starting var:.. args = ()
IE_TRACE:                     Starting var:.. kwargs = {'debuglevel': 0}
IE_TRACE:                     15:01:42.234665 call       624     def __init__(self, params, *args, **kwargs):
IE_TRACE:                     15:01:42.234696 line       625         compat_urllib_request.HTTPHandler.__init__(self, *args, **kwargs)
IE_TRACE:                     Source path:... /path/to/BugsInPy/workspace/youtube-dl/youtube_dl/utils.py
IE_TRACE:                     15:01:42.234765 line       626         self._params = params
IE_TRACE:                     15:01:42.234783 return     626         self._params = params
IE_TRACE:                     Return value:.. None
IE_TRACE:                 Source path:... /path/to/BugsInPy/workspace/youtube-dl/youtube_dl/YoutubeDL.py
IE_TRACE:                 New var:....... ydlh = <youtube_dl.utils.YoutubeDLHandler object at 0x7389c66abfe0>
IE_TRACE:                 15:01:42.234801 line      1936         opener = compat_urllib_request.build_opener(
IE_TRACE:                 15:01:42.234830 line      1937             proxy_handler, https_handler, cookie_processor, ydlh)
IE_TRACE:                 15:01:42.234851 line      1936         opener = compat_urllib_request.build_opener(
IE_TRACE:                 Source path:... /path/to/BugsInPy/workspace/youtube-dl/youtube_dl/YoutubeDL.py
IE_TRACE:                 New var:....... opener = <urllib.request.OpenerDirector object at 0x7389c633a510>
IE_TRACE:                 15:01:42.320318 line      1942         opener.addheaders = []
IE_TRACE:                 15:01:42.320353 line      1943         self._opener = opener
IE_TRACE:                 15:01:42.320375 return    1943         self._opener = opener
IE_TRACE:                 Return value:.. None
IE_TRACE:             15:01:42.320401 line       335         if auto_init:
IE_TRACE:             15:01:42.320421 line       339         for pp_def_raw in self.params.get('postprocessors', []):
IE_TRACE:             15:01:42.320438 line       346         for ph in self.params.get('progress_hooks', []):
IE_TRACE:             15:01:42.320453 return     346         for ph in self.params.get('progress_hooks', []):
IE_TRACE:             Return value:.. None
IE_TRACE:         Source path:... /path/to/BugsInPy/workspace/youtube-dl/test/helper.py
IE_TRACE:         15:01:42.320474 line        61         self.result = []
IE_TRACE:         15:01:42.320500 return      61         self.result = []
IE_TRACE:         Return value:.. None
IE_TRACE:     Source path:... /path/to/BugsInPy/workspace/youtube-dl/test/test_YoutubeDL.py
IE_TRACE:     15:01:42.320522 line        28         self.downloaded_info_dicts = []
IE_TRACE:     15:01:42.320543 line        29         self.msgs = []
IE_TRACE:     15:01:42.320557 return      29         self.msgs = []
IE_TRACE:     Return value:.. None
IE_TRACE: Modified var:.. ydl = <test.test_YoutubeDL.YDL object at 0x7389c631d0a0>
IE_TRACE: 15:01:42.320580 line       253         yie = YoutubeIE(ydl)
IE_TRACE:     Source path:... /path/to/BugsInPy/workspace/youtube-dl/youtube_dl/extractor/youtube.py
IE_TRACE:     Starting var:.. self = <youtube_dl.extractor.youtube.YoutubeIE object at 0x7389c633b860>
IE_TRACE:     Starting var:.. args = (<test.test_YoutubeDL.YDL object at 0x7389c631d0a0>,)
IE_TRACE:     Starting var:.. kwargs = {}
IE_TRACE:     Starting var:.. __class__ = <class 'youtube_dl.extractor.youtube.YoutubeIE'>
IE_TRACE:     15:01:42.320728 call       524     def __init__(self, *args, **kwargs):
IE_TRACE:     15:01:42.320760 line       525         super(YoutubeIE, self).__init__(*args, **kwargs)
IE_TRACE:         Source path:... /path/to/BugsInPy/workspace/youtube-dl/youtube_dl/extractor/common.py
IE_TRACE:         Starting var:.. self = <youtube_dl.extractor.youtube.YoutubeIE object at 0x7389c633b860>
IE_TRACE:         Starting var:.. downloader = <test.test_YoutubeDL.YDL object at 0x7389c631d0a0>
IE_TRACE:         15:01:42.320776 call       234     def __init__(self, downloader=None):
IE_TRACE:         15:01:42.320796 line       236         self._ready = False
IE_TRACE:         15:01:42.320807 line       237         self.set_downloader(downloader)
IE_TRACE:             Starting var:.. self = <youtube_dl.extractor.youtube.YoutubeIE object at 0x7389c633b860>
IE_TRACE:             Starting var:.. downloader = <test.test_YoutubeDL.YDL object at 0x7389c631d0a0>
IE_TRACE:             15:01:42.320819 call       281     def set_downloader(self, downloader):
IE_TRACE:             15:01:42.320835 line       283         self._downloader = downloader
IE_TRACE:             15:01:42.320846 return     283         self._downloader = downloader
IE_TRACE:             Return value:.. None
IE_TRACE:         15:01:42.320860 return     237         self.set_downloader(downloader)
IE_TRACE:         Return value:.. None
IE_TRACE:     Source path:... /path/to/BugsInPy/workspace/youtube-dl/youtube_dl/extractor/youtube.py
IE_TRACE:     15:01:42.320874 line       526         self._player_cache = {}
IE_TRACE:     15:01:42.320889 return     526         self._player_cache = {}
IE_TRACE:     Return value:.. None
IE_TRACE: Source path:... /path/to/BugsInPy/workspace/youtube-dl/test/test_YoutubeDL.py
IE_TRACE: Modified var:.. yie = <youtube_dl.extractor.youtube.YoutubeIE object at 0x7389c633b860>
IE_TRACE: 15:01:42.320905 line       254         yie._sort_formats(info_dict['formats'])
IE_TRACE:     Source path:... /path/to/BugsInPy/workspace/youtube-dl/youtube_dl/extractor/common.py
IE_TRACE:     Starting var:.. self = <youtube_dl.extractor.youtube.YoutubeIE object at 0x7389c633b860>
IE_TRACE:     Starting var:.. formats = list(len=47)
IE_TRACE:     Starting var:.. field_preference = None
IE_TRACE:     15:01:42.321013 call       708     def _sort_formats(self, formats, field_preference=None):
IE_TRACE:     15:01:42.321040 line       709         if not formats:
IE_TRACE:     15:01:42.321054 line       712         def _formats_key(f):
IE_TRACE:     New var:....... _formats_key = <function InfoExtractor._sort_formats.<locals>._formats_key at 0x7389c5e754e0>
IE_TRACE:     15:01:42.321067 line       769         formats.sort(key=_formats_key)
IE_TRACE:         Starting var:.. f = {'ext': 'mp4', 'width': 4096, 'height': 3072, 'format_id': '38', 'url': 'url:38', 'format': '38 - 4096x3072', 'http_headers': {'User-Agent': 'Mozilla/5.0 (X11; Linux x86_64; rv:10.0) Gecko/20150101 Firefox/20.0 (Chrome)', 'Accept-Charset': 'ISO-8859-1,utf-8;q=0.7,*;q=0.7', 'Accept': 'text/html,application/xhtml+xml,application/xml;q=0.9,*/*;q=0.8', 'Accept-Encoding': 'gzip, deflate', 'Accept-Language': 'en-us,en;q=0.5'}}
IE_TRACE:         Starting var:.. field_preference = None
IE_TRACE:         Starting var:.. self = <youtube_dl.extractor.youtube.YoutubeIE object at 0x7389c633b860>
IE_TRACE:         15:01:42.321087 call       712         def _formats_key(f):
IE_TRACE:         15:01:42.321115 line       714             from ..utils import determine_ext
IE_TRACE:             Source path:... <frozen importlib._bootstrap>
IE_TRACE:             Starting var:.. self = ModuleSpec(name='youtube_dl.extractor.common', loader=<_frozen_importlib_external.SourceFileLoader object at 0x7389c6681a00>, origin='/path/to/BugsInPy/workspace/youtube-dl/youtube_dl/extractor/common.py')
IE_TRACE:             15:01:42.321136 call       645 SOURCE IS UNAVAILABLE
IE_TRACE:             15:01:42.321164 line       648 SOURCE IS UNAVAILABLE
IE_TRACE:             15:01:42.321178 line       649 SOURCE IS UNAVAILABLE
IE_TRACE:             15:01:42.321193 return     649 SOURCE IS UNAVAILABLE
IE_TRACE:             Return value:.. 'youtube_dl.extractor'
IE_TRACE:         Source path:... /path/to/BugsInPy/workspace/youtube-dl/youtube_dl/extractor/common.py
IE_TRACE:         New var:....... determine_ext = <function determine_ext at 0x7389c682eb60>
IE_TRACE:         15:01:42.321217 line       715             if not f.get('ext') and 'url' in f:
IE_TRACE:         15:01:42.321242 line       718             if isinstance(field_preference, (list, tuple)):
IE_TRACE:         15:01:42.321261 line       721             preference = f.get('preference')
IE_TRACE:         New var:....... preference = None
IE_TRACE:         15:01:42.321278 line       722             if preference is None:
IE_TRACE:         15:01:42.321299 line       723                 proto = f.get('protocol')
IE_TRACE:         New var:....... proto = None
IE_TRACE:         15:01:42.321317 line       724                 if proto is None:
IE_TRACE:         15:01:42.321338 line       725                     proto = compat_urllib_parse_urlparse(f.get('url', '')).scheme
IE_TRACE:         Source path:... /path/to/BugsInPy/workspace/youtube-dl/youtube_dl/extractor/common.py
IE_TRACE:         Modified var:.. proto = 'url'
IE_TRACE:         15:01:42.321888 line       727                 preference = 0 if proto in ['http', 'https'] else -0.1
IE_TRACE:         Modified var:.. preference = -0.1
IE_TRACE:         15:01:42.321919 line       728                 if f.get('ext') in ['f4f', 'f4m']:  # Not yet supported
IE_TRACE:         15:01:42.321948 line       731             if f.get('vcodec') == 'none':  # audio only
IE_TRACE:         15:01:42.321968 line       742                 if self._downloader.params.get('prefer_free_formats'):
IE_TRACE:         15:01:42.321989 line       745                     ORDER = ['webm', 'flv', 'mp4']
IE_TRACE:         New var:....... ORDER = ['webm', 'flv', 'mp4']
IE_TRACE:         15:01:42.322009 line       746                 try:
IE_TRACE:         15:01:42.322033 line       747                     ext_preference = ORDER.index(f['ext'])
IE_TRACE:         New var:....... ext_preference = 2
IE_TRACE:         15:01:42.322054 line       750                 audio_ext_preference = 0
IE_TRACE:         New var:....... audio_ext_preference = 0
IE_TRACE:         15:01:42.322079 line       753                 preference,
IE_TRACE:         15:01:42.322104 line       754                 f.get('language_preference') if f.get('language_preference') is not None else -1,
IE_TRACE:         15:01:42.322126 line       755                 f.get('quality') if f.get('quality') is not None else -1,
IE_TRACE:         15:01:42.322148 line       756                 f.get('tbr') if f.get('tbr') is not None else -1,
IE_TRACE:         15:01:42.322169 line       757                 f.get('filesize') if f.get('filesize') is not None else -1,
IE_TRACE:         15:01:42.322190 line       758                 f.get('vbr') if f.get('vbr') is not None else -1,
IE_TRACE:         15:01:42.322211 line       759                 f.get('height') if f.get('height') is not None else -1,
IE_TRACE:         15:01:42.322233 line       760                 f.get('width') if f.get('width') is not None else -1,
IE_TRACE:         15:01:42.322254 line       761                 ext_preference,
IE_TRACE:         15:01:42.322275 line       762                 f.get('abr') if f.get('abr') is not None else -1,
IE_TRACE:         15:01:42.322296 line       763                 audio_ext_preference,
IE_TRACE:         15:01:42.322317 line       764                 f.get('fps') if f.get('fps') is not None else -1,
IE_TRACE:         15:01:42.322337 line       765                 f.get('filesize_approx') if f.get('filesize_approx') is not None else -1,
IE_TRACE:         15:01:42.322359 line       766                 f.get('source_preference') if f.get('source_preference') is not None else -1,
IE_TRACE:         15:01:42.322380 line       767                 f.get('format_id') if f.get('format_id') is not None else '',
IE_TRACE:         15:01:42.322401 line       752             return (
IE_TRACE:         15:01:42.322422 return     752             return (
IE_TRACE:         Return value:.. (-0.1, -1, -1, -1, -1, -1, 3072, 4096, 2, -1, 0, -1, -1, -1, '38')
IE_TRACE:         Starting var:.. f = {'ext': 'mp4', 'width': 1920, 'height': 1080, 'format_id': '37', 'url': 'url:37', 'format': '37 - 1920x1080', 'http_headers': {'User-Agent': 'Mozilla/5.0 (X11; Linux x86_64; rv:10.0) Gecko/20150101 Firefox/20.0 (Chrome)', 'Accept-Charset': 'ISO-8859-1,utf-8;q=0.7,*;q=0.7', 'Accept': 'text/html,application/xhtml+xml,application/xml;q=0.9,*/*;q=0.8', 'Accept-Encoding': 'gzip, deflate', 'Accept-Language': 'en-us,en;q=0.5'}}
IE_TRACE:         Starting var:.. field_preference = None
IE_TRACE:         Starting var:.. self = <youtube_dl.extractor.youtube.YoutubeIE object at 0x7389c633b860>
IE_TRACE:         15:01:42.322451 call       712         def _formats_key(f):
IE_TRACE:     [CONDENSED] 10 identical loop iterations skipped (12 total iterations, showing first and last)
IE_TRACE:         15:01:42.334902 line       714             from ..utils import determine_ext
IE_TRACE:             Source path:... <frozen importlib._bootstrap>
IE_TRACE:             Starting var:.. self = ModuleSpec(name='youtube_dl.extractor.common', loader=<_frozen_importlib_external.SourceFileLoader object at 0x7389c6681a00>, origin='/path/to/BugsInPy/workspace/youtube-dl/youtube_dl/extractor/common.py')
IE_TRACE:             15:01:42.334919 call       645 SOURCE IS UNAVAILABLE
IE_TRACE:             15:01:42.334938 line       648 SOURCE IS UNAVAILABLE
IE_TRACE:             15:01:42.334951 line       649 SOURCE IS UNAVAILABLE
IE_TRACE:             15:01:42.334964 return     649 SOURCE IS UNAVAILABLE
IE_TRACE:             Return value:.. 'youtube_dl.extractor'
IE_TRACE:         Source path:... /path/to/BugsInPy/workspace/youtube-dl/youtube_dl/extractor/common.py
IE_TRACE:         New var:....... determine_ext = <function determine_ext at 0x7389c682eb60>
IE_TRACE:         15:01:42.334981 line       715             if not f.get('ext') and 'url' in f:
IE_TRACE:         15:01:42.335003 line       718             if isinstance(field_preference, (list, tuple)):
IE_TRACE:         15:01:42.335020 line       721             preference = f.get('preference')
IE_TRACE:         New var:....... preference = None
IE_TRACE:         15:01:42.335037 line       722             if preference is None:
IE_TRACE:         15:01:42.335056 line       723                 proto = f.get('protocol')
IE_TRACE:         New var:....... proto = None
IE_TRACE:         15:01:42.335073 line       724                 if proto is None:
IE_TRACE:         15:01:42.335094 line       725                     proto = compat_urllib_parse_urlparse(f.get('url', '')).scheme
IE_TRACE:         Source path:... /path/to/BugsInPy/workspace/youtube-dl/youtube_dl/extractor/common.py
IE_TRACE:         Modified var:.. proto = 'url'
IE_TRACE:         15:01:42.335550 line       727                 preference = 0 if proto in ['http', 'https'] else -0.1
IE_TRACE:         Modified var:.. preference = -0.1
IE_TRACE:         15:01:42.335579 line       728                 if f.get('ext') in ['f4f', 'f4m']:  # Not yet supported
IE_TRACE:         15:01:42.335604 line       731             if f.get('vcodec') == 'none':  # audio only
IE_TRACE:         15:01:42.335622 line       742                 if self._downloader.params.get('prefer_free_formats'):
IE_TRACE:         15:01:42.335640 line       745                     ORDER = ['webm', 'flv', 'mp4']
IE_TRACE:         New var:....... ORDER = ['webm', 'flv', 'mp4']
IE_TRACE:         15:01:42.335658 line       746                 try:
IE_TRACE:         15:01:42.335679 line       747                     ext_preference = ORDER.index(f['ext'])
IE_TRACE:         New var:....... ext_preference = 1
IE_TRACE:         15:01:42.335698 line       750                 audio_ext_preference = 0
IE_TRACE:         New var:....... audio_ext_preference = 0
IE_TRACE:         15:01:42.335719 line       753                 preference,
IE_TRACE:         15:01:42.335742 line       754                 f.get('language_preference') if f.get('language_preference') is not None else -1,
IE_TRACE:         15:01:42.335762 line       755                 f.get('quality') if f.get('quality') is not None else -1,
IE_TRACE:         15:01:42.335781 line       756                 f.get('tbr') if f.get('tbr') is not None else -1,
IE_TRACE:         15:01:42.335801 line       757                 f.get('filesize') if f.get('filesize') is not None else -1,
IE_TRACE:         15:01:42.335821 line       758                 f.get('vbr') if f.get('vbr') is not None else -1,
IE_TRACE:         15:01:42.335841 line       759                 f.get('height') if f.get('height') is not None else -1,
IE_TRACE:         15:01:42.335861 line       760                 f.get('width') if f.get('width') is not None else -1,
IE_TRACE:         15:01:42.335881 line       761                 ext_preference,
IE_TRACE:         15:01:42.335901 line       762                 f.get('abr') if f.get('abr') is not None else -1,
IE_TRACE:         15:01:42.335920 line       763                 audio_ext_preference,
IE_TRACE:         15:01:42.335940 line       764                 f.get('fps') if f.get('fps') is not None else -1,
IE_TRACE:         15:01:42.335960 line       765                 f.get('filesize_approx') if f.get('filesize_approx') is not None else -1,
IE_TRACE:         15:01:42.335980 line       766                 f.get('source_preference') if f.get('source_preference') is not None else -1,
IE_TRACE:         15:01:42.335999 line       767                 f.get('format_id') if f.get('format_id') is not None else '',
IE_TRACE:         15:01:42.336019 line       752             return (
IE_TRACE:         15:01:42.336039 return     752             return (
IE_TRACE:         Return value:.. (-0.1, -1, -1, -1, -1, -1, 240, 400, 1, -1, 0, -1, -1, -1, '5')
IE_TRACE:         Starting var:.. f = {'ext': '3gp', 'width': 320, 'height': 240, 'format_id': '36', 'url': 'url:36', 'format': '36 - 320x240', 'http_headers': {'User-Agent': 'Mozilla/5.0 (X11; Linux x86_64; rv:10.0) Gecko/20150101 Firefox/20.0 (Chrome)', 'Accept-Charset': 'ISO-8859-1,utf-8;q=0.7,*;q=0.7', 'Accept': 'text/html,application/xhtml+xml,application/xml;q=0.9,*/*;q=0.8', 'Accept-Encoding': 'gzip, deflate', 'Accept-Language': 'en-us,en;q=0.5'}}
IE_TRACE:         Starting var:.. field_preference = None
IE_TRACE:         Starting var:.. self = <youtube_dl.extractor.youtube.YoutubeIE object at 0x7389c633b860>
IE_TRACE:         15:01:42.336065 call       712         def _formats_key(f):
IE_TRACE:         15:01:42.336090 line       714             from ..utils import determine_ext
IE_TRACE:             Source path:... <frozen importlib._bootstrap>
IE_TRACE:             Starting var:.. self = ModuleSpec(name='youtube_dl.extractor.common', loader=<_frozen_importlib_external.SourceFileLoader object at 0x7389c6681a00>, origin='/path/to/BugsInPy/workspace/youtube-dl/youtube_dl/extractor/common.py')
IE_TRACE:             15:01:42.336107 call       645 SOURCE IS UNAVAILABLE
IE_TRACE:             15:01:42.336126 line       648 SOURCE IS UNAVAILABLE
IE_TRACE:             15:01:42.336139 line       649 SOURCE IS UNAVAILABLE
IE_TRACE:             15:01:42.336152 return     649 SOURCE IS UNAVAILABLE
IE_TRACE:             Return value:.. 'youtube_dl.extractor'
IE_TRACE:         Source path:... /path/to/BugsInPy/workspace/youtube-dl/youtube_dl/extractor/common.py
IE_TRACE:         New var:....... determine_ext = <function determine_ext at 0x7389c682eb60>
IE_TRACE:         15:01:42.336168 line       715             if not f.get('ext') and 'url' in f:
IE_TRACE:         15:01:42.336191 line       718             if isinstance(field_preference, (list, tuple)):
IE_TRACE:         15:01:42.336208 line       721             preference = f.get('preference')
IE_TRACE:         New var:....... preference = None
IE_TRACE:         15:01:42.336225 line       722             if preference is None:
IE_TRACE:         15:01:42.336245 line       723                 proto = f.get('protocol')
IE_TRACE:         New var:....... proto = None
IE_TRACE:         15:01:42.336262 line       724                 if proto is None:
IE_TRACE:         15:01:42.336282 line       725                     proto = compat_urllib_parse_urlparse(f.get('url', '')).scheme
IE_TRACE:         Source path:... /path/to/BugsInPy/workspace/youtube-dl/youtube_dl/extractor/common.py
IE_TRACE:         Modified var:.. proto = 'url'
IE_TRACE:         15:01:42.336757 line       727                 preference = 0 if proto in ['http', 'https'] else -0.1
IE_TRACE:         Modified var:.. preference = -0.1
IE_TRACE:         15:01:42.336781 line       728                 if f.get('ext') in ['f4f', 'f4m']:  # Not yet supported
IE_TRACE:         15:01:42.336802 line       731             if f.get('vcodec') == 'none':  # audio only
IE_TRACE:         15:01:42.336820 line       742                 if self._downloader.params.get('prefer_free_formats'):
IE_TRACE:         15:01:42.336839 line       745                     ORDER = ['webm', 'flv', 'mp4']
IE_TRACE:         New var:....... ORDER = ['webm', 'flv', 'mp4']
IE_TRACE:         15:01:42.336857 line       746                 try:
IE_TRACE:         15:01:42.336878 line       747                     ext_preference = ORDER.index(f['ext'])
IE_TRACE:         15:01:42.336898 exception  747                     ext_preference = ORDER.index(f['ext'])
IE_TRACE:         Exception:..... ValueError: '3gp' is not in list
IE_TRACE:         15:01:42.336958 line       748                 except ValueError:
IE_TRACE:         15:01:42.336981 line       749                     ext_preference = -1
IE_TRACE:         New var:....... ext_preference = -1
IE_TRACE:         15:01:42.337001 line       750                 audio_ext_preference = 0
IE_TRACE:         New var:....... audio_ext_preference = 0
IE_TRACE:         15:01:42.337024 line       753                 preference,
IE_TRACE:         15:01:42.337047 line       754                 f.get('language_preference') if f.get('language_preference') is not None else -1,
IE_TRACE:         15:01:42.337068 line       755                 f.get('quality') if f.get('quality') is not None else -1,
IE_TRACE:         15:01:42.337088 line       756                 f.get('tbr') if f.get('tbr') is not None else -1,
IE_TRACE:         15:01:42.337108 line       757                 f.get('filesize') if f.get('filesize') is not None else -1,
IE_TRACE:         15:01:42.337128 line       758                 f.get('vbr') if f.get('vbr') is not None else -1,
IE_TRACE:         15:01:42.337147 line       759                 f.get('height') if f.get('height') is not None else -1,
IE_TRACE:         15:01:42.337167 line       760                 f.get('width') if f.get('width') is not None else -1,
IE_TRACE:         15:01:42.337187 line       761                 ext_preference,
IE_TRACE:         15:01:42.337207 line       762                 f.get('abr') if f.get('abr') is not None else -1,
IE_TRACE:         15:01:42.337227 line       763                 audio_ext_preference,
IE_TRACE:         15:01:42.337247 line       764                 f.get('fps') if f.get('fps') is not None else -1,
IE_TRACE:         15:01:42.337267 line       765                 f.get('filesize_approx') if f.get('filesize_approx') is not None else -1,
IE_TRACE:         15:01:42.337287 line       766                 f.get('source_preference') if f.get('source_preference') is not None else -1,
IE_TRACE:         15:01:42.337307 line       767                 f.get('format_id') if f.get('format_id') is not None else '',
IE_TRACE:         15:01:42.337327 line       752             return (
IE_TRACE:         15:01:42.337347 return     752             return (
IE_TRACE:         Return value:.. (-0.1, -1, -1, -1, -1, -1, 240, 320, -1, -1, 0, -1, -1, -1, '36')
IE_TRACE:         Starting var:.. f = {'ext': '3gp', 'width': 176, 'height': 144, 'format_id': '17', 'url': 'url:17', 'format': '17 - 176x144', 'http_headers': {'User-Agent': 'Mozilla/5.0 (X11; Linux x86_64; rv:10.0) Gecko/20150101 Firefox/20.0 (Chrome)', 'Accept-Charset': 'ISO-8859-1,utf-8;q=0.7,*;q=0.7', 'Accept': 'text/html,application/xhtml+xml,application/xml;q=0.9,*/*;q=0.8', 'Accept-Encoding': 'gzip, deflate', 'Accept-Language': 'en-us,en;q=0.5'}}
IE_TRACE:         Starting var:.. field_preference = None
IE_TRACE:         Starting var:.. self = <youtube_dl.extractor.youtube.YoutubeIE object at 0x7389c633b860>
IE_TRACE:         15:01:42.337374 call       712         def _formats_key(f):
IE_TRACE:     [CONDENSED] 1 identical loop iterations skipped (3 total iterations, showing first and last)
IE_TRACE:         15:01:42.338707 line       714             from ..utils import determine_ext
IE_TRACE:             Source path:... <frozen importlib._bootstrap>
IE_TRACE:             Starting var:.. self = ModuleSpec(name='youtube_dl.extractor.common', loader=<_frozen_importlib_external.SourceFileLoader object at 0x7389c6681a00>, origin='/path/to/BugsInPy/workspace/youtube-dl/youtube_dl/extractor/common.py')
IE_TRACE:             15:01:42.338724 call       645 SOURCE IS UNAVAILABLE
IE_TRACE:             15:01:42.338743 line       648 SOURCE IS UNAVAILABLE
IE_TRACE:             15:01:42.338757 line       649 SOURCE IS UNAVAILABLE
IE_TRACE:             15:01:42.338770 return     649 SOURCE IS UNAVAILABLE
IE_TRACE:             Return value:.. 'youtube_dl.extractor'
IE_TRACE:         Source path:... /path/to/BugsInPy/workspace/youtube-dl/youtube_dl/extractor/common.py
IE_TRACE:         New var:....... determine_ext = <function determine_ext at 0x7389c682eb60>
IE_TRACE:         15:01:42.338787 line       715             if not f.get('ext') and 'url' in f:
IE_TRACE:         15:01:42.338810 line       718             if isinstance(field_preference, (list, tuple)):
IE_TRACE:         15:01:42.338827 line       721             preference = f.get('preference')
IE_TRACE:         New var:....... preference = None
IE_TRACE:         15:01:42.338844 line       722             if preference is None:
IE_TRACE:         15:01:42.338864 line       723                 proto = f.get('protocol')
IE_TRACE:         New var:....... proto = None
IE_TRACE:         15:01:42.338881 line       724                 if proto is None:
IE_TRACE:         15:01:42.338902 line       725                     proto = compat_urllib_parse_urlparse(f.get('url', '')).scheme
IE_TRACE:         Source path:... /path/to/BugsInPy/workspace/youtube-dl/youtube_dl/extractor/common.py
IE_TRACE:         Modified var:.. proto = 'url'
IE_TRACE:         15:01:42.339370 line       727                 preference = 0 if proto in ['http', 'https'] else -0.1
IE_TRACE:         Modified var:.. preference = -0.1
IE_TRACE:         15:01:42.339395 line       728                 if f.get('ext') in ['f4f', 'f4m']:  # Not yet supported
IE_TRACE:         15:01:42.339416 line       731             if f.get('vcodec') == 'none':  # audio only
IE_TRACE:         15:01:42.339434 line       742                 if self._downloader.params.get('prefer_free_formats'):
IE_TRACE:         15:01:42.339452 line       745                     ORDER = ['webm', 'flv', 'mp4']
IE_TRACE:         New var:....... ORDER = ['webm', 'flv', 'mp4']
IE_TRACE:         15:01:42.339470 line       746                 try:
IE_TRACE:         15:01:42.339491 line       747                     ext_preference = ORDER.index(f['ext'])
IE_TRACE:         15:01:42.339510 exception  747                     ext_preference = ORDER.index(f['ext'])
IE_TRACE:         Exception:..... ValueError: '3gp' is not in list
IE_TRACE:         15:01:42.339544 line       748                 except ValueError:
IE_TRACE:         15:01:42.339564 line       749                     ext_preference = -1
IE_TRACE:         New var:....... ext_preference = -1
IE_TRACE:         15:01:42.339591 line       750                 audio_ext_preference = 0
IE_TRACE:         New var:....... audio_ext_preference = 0
IE_TRACE:         15:01:42.339613 line       753                 preference,
IE_TRACE:         15:01:42.339636 line       754                 f.get('language_preference') if f.get('language_preference') is not None else -1,
IE_TRACE:         15:01:42.339656 line       755                 f.get('quality') if f.get('quality') is not None else -1,
IE_TRACE:         15:01:42.339676 line       756                 f.get('tbr') if f.get('tbr') is not None else -1,
IE_TRACE:         15:01:42.339696 line       757                 f.get('filesize') if f.get('filesize') is not None else -1,
IE_TRACE:         15:01:42.339716 line       758                 f.get('vbr') if f.get('vbr') is not None else -1,
IE_TRACE:         15:01:42.339736 line       759                 f.get('height') if f.get('height') is not None else -1,
IE_TRACE:         15:01:42.339756 line       760                 f.get('width') if f.get('width') is not None else -1,
IE_TRACE:         15:01:42.339776 line       761                 ext_preference,
IE_TRACE:         15:01:42.339796 line       762                 f.get('abr') if f.get('abr') is not None else -1,
IE_TRACE:         15:01:42.339815 line       763                 audio_ext_preference,
IE_TRACE:         15:01:42.339835 line       764                 f.get('fps') if f.get('fps') is not None else -1,
IE_TRACE:         15:01:42.339855 line       765                 f.get('filesize_approx') if f.get('filesize_approx') is not None else -1,
IE_TRACE:         15:01:42.339875 line       766                 f.get('source_preference') if f.get('source_preference') is not None else -1,
IE_TRACE:         15:01:42.339895 line       767                 f.get('format_id') if f.get('format_id') is not None else '',
IE_TRACE:         15:01:42.339914 line       752             return (
IE_TRACE:         15:01:42.339934 return     752             return (
IE_TRACE:         Return value:.. (-0.1, -1, -1, -1, -1, -1, -1, -1, -1, -1, 0, -1, -1, -1, '13')
IE_TRACE:         Starting var:.. f = {'ext': 'mp4', 'height': 1080, 'format_note': 'HLS', 'preference': -10, 'format_id': '96', 'url': 'url:96', 'format': '96 - 1080p (HLS)', 'http_headers': {'User-Agent': 'Mozilla/5.0 (X11; Linux x86_64; rv:10.0) Gecko/20150101 Firefox/20.0 (Chrome)', 'Accept-Charset': 'ISO-8859-1,utf-8;q=0.7,*;q=0.7', 'Accept': 'text/html,application/xhtml+xml,application/xml;q=0.9,*/*;q=0.8', 'Accept-Encoding': 'gzip, deflate', 'Accept-Language': 'en-us,en;q=0.5'}}
IE_TRACE:         Starting var:.. field_preference = None
IE_TRACE:         Starting var:.. self = <youtube_dl.extractor.youtube.YoutubeIE object at 0x7389c633b860>
IE_TRACE:         15:01:42.339961 call       712         def _formats_key(f):
IE_TRACE:         15:01:42.339987 line       714             from ..utils import determine_ext
IE_TRACE:             Source path:... <frozen importlib._bootstrap>
IE_TRACE:             Starting var:.. self = ModuleSpec(name='youtube_dl.extractor.common', loader=<_frozen_importlib_external.SourceFileLoader object at 0x7389c6681a00>, origin='/path/to/BugsInPy/workspace/youtube-dl/youtube_dl/extractor/common.py')
IE_TRACE:             15:01:42.340004 call       645 SOURCE IS UNAVAILABLE
IE_TRACE:             15:01:42.340023 line       648 SOURCE IS UNAVAILABLE
IE_TRACE:             15:01:42.340036 line       649 SOURCE IS UNAVAILABLE
IE_TRACE:             15:01:42.340049 return     649 SOURCE IS UNAVAILABLE
IE_TRACE:             Return value:.. 'youtube_dl.extractor'
IE_TRACE:         Source path:... /path/to/BugsInPy/workspace/youtube-dl/youtube_dl/extractor/common.py
IE_TRACE:         New var:....... determine_ext = <function determine_ext at 0x7389c682eb60>
IE_TRACE:         15:01:42.340066 line       715             if not f.get('ext') and 'url' in f:
IE_TRACE:         15:01:42.340089 line       718             if isinstance(field_preference, (list, tuple)):
IE_TRACE:         15:01:42.340107 line       721             preference = f.get('preference')
IE_TRACE:         New var:....... preference = -10
IE_TRACE:         15:01:42.340124 line       722             if preference is None:
IE_TRACE:         15:01:42.340144 line       731             if f.get('vcodec') == 'none':  # audio only
IE_TRACE:         15:01:42.340161 line       742                 if self._downloader.params.get('prefer_free_formats'):
IE_TRACE:         15:01:42.340179 line       745                     ORDER = ['webm', 'flv', 'mp4']
IE_TRACE:         New var:....... ORDER = ['webm', 'flv', 'mp4']
IE_TRACE:         15:01:42.340196 line       746                 try:
IE_TRACE:         15:01:42.340216 line       747                     ext_preference = ORDER.index(f['ext'])
IE_TRACE:         New var:....... ext_preference = 2
IE_TRACE:         15:01:42.340234 line       750                 audio_ext_preference = 0
IE_TRACE:         New var:....... audio_ext_preference = 0
IE_TRACE:         15:01:42.340256 line       753                 preference,
IE_TRACE:         15:01:42.340278 line       754                 f.get('language_preference') if f.get('language_preference') is not None else -1,
IE_TRACE:         15:01:42.340298 line       755                 f.get('quality') if f.get('quality') is not None else -1,
IE_TRACE:         15:01:42.340317 line       756                 f.get('tbr') if f.get('tbr') is not None else -1,
IE_TRACE:         15:01:42.340336 line       757                 f.get('filesize') if f.get('filesize') is not None else -1,
IE_TRACE:         15:01:42.340356 line       758                 f.get('vbr') if f.get('vbr') is not None else -1,
IE_TRACE:         15:01:42.340375 line       759                 f.get('height') if f.get('height') is not None else -1,
IE_TRACE:         15:01:42.340394 line       760                 f.get('width') if f.get('width') is not None else -1,
IE_TRACE:         15:01:42.340414 line       761                 ext_preference,
IE_TRACE:         15:01:42.340433 line       762                 f.get('abr') if f.get('abr') is not None else -1,
IE_TRACE:         15:01:42.340452 line       763                 audio_ext_preference,
IE_TRACE:         15:01:42.340471 line       764                 f.get('fps') if f.get('fps') is not None else -1,
IE_TRACE:         15:01:42.340490 line       765                 f.get('filesize_approx') if f.get('filesize_approx') is not None else -1,
IE_TRACE:         15:01:42.340509 line       766                 f.get('source_preference') if f.get('source_preference') is not None else -1,
IE_TRACE:         15:01:42.340528 line       767                 f.get('format_id') if f.get('format_id') is not None else '',
IE_TRACE:         15:01:42.340548 line       752             return (
IE_TRACE:         15:01:42.340569 return     752             return (
IE_TRACE:         Return value:.. (-10, -1, -1, -1, -1, -1, 1080, -1, 2, -1, 0, -1, -1, -1, '96')
IE_TRACE:         Starting var:.. f = {'ext': 'mp4', 'height': 720, 'format_note': 'HLS', 'preference': -10, 'format_id': '95', 'url': 'url:95', 'format': '95 - 720p (HLS)', 'http_headers': {'User-Agent': 'Mozilla/5.0 (X11; Linux x86_64; rv:10.0) Gecko/20150101 Firefox/20.0 (Chrome)', 'Accept-Charset': 'ISO-8859-1,utf-8;q=0.7,*;q=0.7', 'Accept': 'text/html,application/xhtml+xml,application/xml;q=0.9,*/*;q=0.8', 'Accept-Encoding': 'gzip, deflate', 'Accept-Language': 'en-us,en;q=0.5'}}
IE_TRACE:         Starting var:.. field_preference = None
IE_TRACE:         Starting var:.. self = <youtube_dl.extractor.youtube.YoutubeIE object at 0x7389c633b860>
IE_TRACE:         15:01:42.340600 call       712         def _formats_key(f):
IE_TRACE:     [CONDENSED] 25 identical loop iterations skipped (27 total iterations, showing first and last)
IE_TRACE:         15:01:42.356389 line       714             from ..utils import determine_ext
IE_TRACE:             Source path:... <frozen importlib._bootstrap>
IE_TRACE:             Starting var:.. self = ModuleSpec(name='youtube_dl.extractor.common', loader=<_frozen_importlib_external.SourceFileLoader object at 0x7389c6681a00>, origin='/path/to/BugsInPy/workspace/youtube-dl/youtube_dl/extractor/common.py')
IE_TRACE:             15:01:42.356406 call       645 SOURCE IS UNAVAILABLE
IE_TRACE:             15:01:42.356424 line       648 SOURCE IS UNAVAILABLE
IE_TRACE:             15:01:42.356437 line       649 SOURCE IS UNAVAILABLE
IE_TRACE:             15:01:42.356449 return     649 SOURCE IS UNAVAILABLE
IE_TRACE:             Return value:.. 'youtube_dl.extractor'
IE_TRACE:         Source path:... /path/to/BugsInPy/workspace/youtube-dl/youtube_dl/extractor/common.py
IE_TRACE:         New var:....... determine_ext = <function determine_ext at 0x7389c682eb60>
IE_TRACE:         15:01:42.356465 line       715             if not f.get('ext') and 'url' in f:
IE_TRACE:         15:01:42.356487 line       718             if isinstance(field_preference, (list, tuple)):
IE_TRACE:         15:01:42.356504 line       721             preference = f.get('preference')
IE_TRACE:         New var:....... preference = -40
IE_TRACE:         15:01:42.356521 line       722             if preference is None:
IE_TRACE:         15:01:42.356541 line       731             if f.get('vcodec') == 'none':  # audio only
IE_TRACE:         15:01:42.356558 line       742                 if self._downloader.params.get('prefer_free_formats'):
IE_TRACE:         15:01:42.356580 line       745                     ORDER = ['webm', 'flv', 'mp4']
IE_TRACE:         New var:....... ORDER = ['webm', 'flv', 'mp4']
IE_TRACE:         15:01:42.356598 line       746                 try:
IE_TRACE:         15:01:42.356619 line       747                     ext_preference = ORDER.index(f['ext'])
IE_TRACE:         New var:....... ext_preference = 2
IE_TRACE:         15:01:42.356637 line       750                 audio_ext_preference = 0
IE_TRACE:         New var:....... audio_ext_preference = 0
IE_TRACE:         15:01:42.356658 line       753                 preference,
IE_TRACE:         15:01:42.356680 line       754                 f.get('language_preference') if f.get('language_preference') is not None else -1,
IE_TRACE:         15:01:42.356700 line       755                 f.get('quality') if f.get('quality') is not None else -1,
IE_TRACE:         15:01:42.356719 line       756                 f.get('tbr') if f.get('tbr') is not None else -1,
IE_TRACE:         15:01:42.356739 line       757                 f.get('filesize') if f.get('filesize') is not None else -1,
IE_TRACE:         15:01:42.356758 line       758                 f.get('vbr') if f.get('vbr') is not None else -1,
IE_TRACE:         15:01:42.356777 line       759                 f.get('height') if f.get('height') is not None else -1,
IE_TRACE:         15:01:42.356797 line       760                 f.get('width') if f.get('width') is not None else -1,
IE_TRACE:         15:01:42.356816 line       761                 ext_preference,
IE_TRACE:         15:01:42.356835 line       762                 f.get('abr') if f.get('abr') is not None else -1,
IE_TRACE:         15:01:42.356855 line       763                 audio_ext_preference,
IE_TRACE:         15:01:42.356874 line       764                 f.get('fps') if f.get('fps') is not None else -1,
IE_TRACE:         15:01:42.356893 line       765                 f.get('filesize_approx') if f.get('filesize_approx') is not None else -1,
IE_TRACE:         15:01:42.356912 line       766                 f.get('source_preference') if f.get('source_preference') is not None else -1,
IE_TRACE:         15:01:42.356932 line       767                 f.get('format_id') if f.get('format_id') is not None else '',
IE_TRACE:         15:01:42.356951 line       752             return (
IE_TRACE:         15:01:42.356971 return     752             return (
IE_TRACE:         Return value:.. (-40, -1, -1, -1, -1, -1, 144, -1, 2, -1, 0, -1, -1, -1, '160')
IE_TRACE:         Starting var:.. f = {'ext': 'm4a', 'format_note': 'DASH audio', 'acodec': 'aac', 'vcodec': 'none', 'abr': 256, 'preference': -50, 'container': 'm4a_dash', 'format_id': '141', 'url': 'url:141', 'format': '141 - audio only (DASH audio)', 'http_headers': {'User-Agent': '...v:10.0) Gecko/20150101 Firefox/20.0 (Chrome)', 'Accept-Charset': 'ISO-8859-1,utf-8;q=0.7,*;q=0.7', 'Accept': 'text/html,application/xhtml+xml,application/xml;q=0.9,*/*;q=0.8', 'Accept-Encoding': 'gzip, deflate', 'Accept-Language': 'en-us,en;q=0.5'}}
IE_TRACE:         Starting var:.. field_preference = None
IE_TRACE:         Starting var:.. self = <youtube_dl.extractor.youtube.YoutubeIE object at 0x7389c633b860>
IE_TRACE:         15:01:42.356996 call       712         def _formats_key(f):
IE_TRACE:         15:01:42.357033 line       714             from ..utils import determine_ext
IE_TRACE:             Source path:... <frozen importlib._bootstrap>
IE_TRACE:             Starting var:.. self = ModuleSpec(name='youtube_dl.extractor.common', loader=<_frozen_importlib_external.SourceFileLoader object at 0x7389c6681a00>, origin='/path/to/BugsInPy/workspace/youtube-dl/youtube_dl/extractor/common.py')
IE_TRACE:             15:01:42.357052 call       645 SOURCE IS UNAVAILABLE
IE_TRACE:             15:01:42.357070 line       648 SOURCE IS UNAVAILABLE
IE_TRACE:             15:01:42.357083 line       649 SOURCE IS UNAVAILABLE
IE_TRACE:             15:01:42.357095 return     649 SOURCE IS UNAVAILABLE
IE_TRACE:             Return value:.. 'youtube_dl.extractor'
IE_TRACE:         Source path:... /path/to/BugsInPy/workspace/youtube-dl/youtube_dl/extractor/common.py
IE_TRACE:         New var:....... determine_ext = <function determine_ext at 0x7389c682eb60>
IE_TRACE:         15:01:42.357111 line       715             if not f.get('ext') and 'url' in f:
IE_TRACE:         15:01:42.357135 line       718             if isinstance(field_preference, (list, tuple)):
IE_TRACE:         15:01:42.357152 line       721             preference = f.get('preference')
IE_TRACE:         New var:....... preference = -50
IE_TRACE:         15:01:42.357169 line       722             if preference is None:
IE_TRACE:         15:01:42.357190 line       731             if f.get('vcodec') == 'none':  # audio only
IE_TRACE:         15:01:42.357208 line       732                 if self._downloader.params.get('prefer_free_formats'):
IE_TRACE:         15:01:42.357226 line       735                     ORDER = ['webm', 'opus', 'ogg', 'mp3', 'aac', 'm4a']
IE_TRACE:         New var:....... ORDER = ['webm', 'opus', 'ogg', 'mp3', 'aac', 'm4a']
IE_TRACE:         15:01:42.357245 line       736                 ext_preference = 0
IE_TRACE:         New var:....... ext_preference = 0
IE_TRACE:         15:01:42.357267 line       737                 try:
IE_TRACE:         15:01:42.357289 line       738                     audio_ext_preference = ORDER.index(f['ext'])
IE_TRACE:         New var:....... audio_ext_preference = 5
IE_TRACE:         15:01:42.357309 line       753                 preference,
IE_TRACE:         15:01:42.357331 line       754                 f.get('language_preference') if f.get('language_preference') is not None else -1,
IE_TRACE:         15:01:42.357351 line       755                 f.get('quality') if f.get('quality') is not None else -1,
IE_TRACE:         15:01:42.357371 line       756                 f.get('tbr') if f.get('tbr') is not None else -1,
IE_TRACE:         15:01:42.357391 line       757                 f.get('filesize') if f.get('filesize') is not None else -1,
IE_TRACE:         15:01:42.357411 line       758                 f.get('vbr') if f.get('vbr') is not None else -1,
IE_TRACE:         15:01:42.357431 line       759                 f.get('height') if f.get('height') is not None else -1,
IE_TRACE:         15:01:42.357451 line       760                 f.get('width') if f.get('width') is not None else -1,
IE_TRACE:         15:01:42.357471 line       761                 ext_preference,
IE_TRACE:         15:01:42.357491 line       762                 f.get('abr') if f.get('abr') is not None else -1,
IE_TRACE:         15:01:42.357511 line       763                 audio_ext_preference,
IE_TRACE:         15:01:42.357531 line       764                 f.get('fps') if f.get('fps') is not None else -1,
IE_TRACE:         15:01:42.357551 line       765                 f.get('filesize_approx') if f.get('filesize_approx') is not None else -1,
IE_TRACE:         15:01:42.357574 line       766                 f.get('source_preference') if f.get('source_preference') is not None else -1,
IE_TRACE:         15:01:42.357601 line       767                 f.get('format_id') if f.get('format_id') is not None else '',
IE_TRACE:         15:01:42.357630 line       752             return (
IE_TRACE:         15:01:42.357652 return     752             return (
IE_TRACE:         Return value:.. (-50, -1, -1, -1, -1, -1, -1, -1, 0, 256, 5, -1, -1, -1, '141')
IE_TRACE:         Starting var:.. f = {'ext': 'webm', 'vcodec': 'none', 'format_note': 'DASH audio', 'abr': 256, 'preference': -50, 'format_id': '172', 'url': 'url:172', 'format': '172 - audio only (DASH audio)', 'http_headers': {'User-Agent': 'Mozilla/5.0 (X11; Linux x86_64; rv:10.0) Gecko/20150101 Firefox/20.0 (Chrome)', 'Accept-Charset': 'ISO-8859-1,utf-8;q=0.7,*;q=0.7', 'Accept': 'text/html,application/xhtml+xml,application/xml;q=0.9,*/*;q=0.8', 'Accept-Encoding': 'gzip, deflate', 'Accept-Language': 'en-us,en;q=0.5'}}
IE_TRACE:         Starting var:.. field_preference = None
IE_TRACE:         Starting var:.. self = <youtube_dl.extractor.youtube.YoutubeIE object at 0x7389c633b860>
IE_TRACE:         15:01:42.357679 call       712         def _formats_key(f):
IE_TRACE:     [CONDENSED] 3 identical loop iterations skipped (5 total iterations, showing first and last)
IE_TRACE:         15:01:42.359749 line       714             from ..utils import determine_ext
IE_TRACE:             Source path:... <frozen importlib._bootstrap>
IE_TRACE:             Starting var:.. self = ModuleSpec(name='youtube_dl.extractor.common', loader=<_frozen_importlib_external.SourceFileLoader object at 0x7389c6681a00>, origin='/path/to/BugsInPy/workspace/youtube-dl/youtube_dl/extractor/common.py')
IE_TRACE:             15:01:42.359768 call       645 SOURCE IS UNAVAILABLE
IE_TRACE:             15:01:42.359788 line       648 SOURCE IS UNAVAILABLE
IE_TRACE:             15:01:42.359801 line       649 SOURCE IS UNAVAILABLE
IE_TRACE:             15:01:42.359814 return     649 SOURCE IS UNAVAILABLE
IE_TRACE:             Return value:.. 'youtube_dl.extractor'
IE_TRACE:         Source path:... /path/to/BugsInPy/workspace/youtube-dl/youtube_dl/extractor/common.py
IE_TRACE:         New var:....... determine_ext = <function determine_ext at 0x7389c682eb60>
IE_TRACE:         15:01:42.359831 line       715             if not f.get('ext') and 'url' in f:
IE_TRACE:         15:01:42.359854 line       718             if isinstance(field_preference, (list, tuple)):
IE_TRACE:         15:01:42.359872 line       721             preference = f.get('preference')
IE_TRACE:         New var:....... preference = -50
IE_TRACE:         15:01:42.359889 line       722             if preference is None:
IE_TRACE:         15:01:42.359910 line       731             if f.get('vcodec') == 'none':  # audio only
IE_TRACE:         15:01:42.359928 line       732                 if self._downloader.params.get('prefer_free_formats'):
IE_TRACE:         15:01:42.359946 line       735                     ORDER = ['webm', 'opus', 'ogg', 'mp3', 'aac', 'm4a']
IE_TRACE:         New var:....... ORDER = ['webm', 'opus', 'ogg', 'mp3', 'aac', 'm4a']
IE_TRACE:         15:01:42.359963 line       736                 ext_preference = 0
IE_TRACE:         New var:....... ext_preference = 0
IE_TRACE:         15:01:42.359985 line       737                 try:
IE_TRACE:         15:01:42.360008 line       738                     audio_ext_preference = ORDER.index(f['ext'])
IE_TRACE:         New var:....... audio_ext_preference = 5
IE_TRACE:         15:01:42.360027 line       753                 preference,
IE_TRACE:         15:01:42.360050 line       754                 f.get('language_preference') if f.get('language_preference') is not None else -1,
IE_TRACE:         15:01:42.360070 line       755                 f.get('quality') if f.get('quality') is not None else -1,
IE_TRACE:         15:01:42.360090 line       756                 f.get('tbr') if f.get('tbr') is not None else -1,
IE_TRACE:         15:01:42.360110 line       757                 f.get('filesize') if f.get('filesize') is not None else -1,
IE_TRACE:         15:01:42.360130 line       758                 f.get('vbr') if f.get('vbr') is not None else -1,
IE_TRACE:         15:01:42.360150 line       759                 f.get('height') if f.get('height') is not None else -1,
IE_TRACE:         15:01:42.360169 line       760                 f.get('width') if f.get('width') is not None else -1,
IE_TRACE:         15:01:42.360189 line       761                 ext_preference,
IE_TRACE:         15:01:42.360209 line       762                 f.get('abr') if f.get('abr') is not None else -1,
IE_TRACE:         15:01:42.360229 line       763                 audio_ext_preference,
IE_TRACE:         15:01:42.360248 line       764                 f.get('fps') if f.get('fps') is not None else -1,
IE_TRACE:         15:01:42.360268 line       765                 f.get('filesize_approx') if f.get('filesize_approx') is not None else -1,
IE_TRACE:         15:01:42.360288 line       766                 f.get('source_preference') if f.get('source_preference') is not None else -1,
IE_TRACE:         15:01:42.360308 line       767                 f.get('format_id') if f.get('format_id') is not None else '',
IE_TRACE:         15:01:42.360328 line       752             return (
IE_TRACE:         15:01:42.360347 return     752             return (
IE_TRACE:         Return value:.. (-50, -1, -1, -1, -1, -1, -1, -1, 0, 48, 5, -1, -1, -1, '139')
IE_TRACE:     15:01:42.360380 return     769         formats.sort(key=_formats_key)
IE_TRACE:     Return value:.. None
IE_TRACE: Source path:... /path/to/BugsInPy/workspace/youtube-dl/test/test_YoutubeDL.py
IE_TRACE: Modified var:.. info_dict = {'formats': [{'ext': 'm4a', 'format_note': 'DASH audio', 'acodec': 'aac', 'vcodec': 'none', 'abr': 48, 'preference': -50, 'container': 'm4a_dash', 'format_id': '139', 'url': 'url:139', 'format': '139 - audio only (DASH audio)', 'http_headers': {'Us...'ISO-8859-1,utf-8;q=0.7,*;q=0.7', 'Accept': 'text/html,application/xhtml+xml,application/xml;q=0.9,*/*;q=0.8', 'Accept-Encoding': 'gzip, deflate', 'Accept-Language': 'en-us,en;q=0.5'}}], 'id': 'testid', 'title': 'testttitle', 'extractor': 'youtube'}
IE_TRACE: 15:01:42.360403 line       255         ydl.process_ie_result(info_dict)
IE_TRACE:     Source path:... /path/to/BugsInPy/workspace/youtube-dl/youtube_dl/YoutubeDL.py
IE_TRACE:     Starting var:.. self = <test.test_YoutubeDL.YDL object at 0x7389c631d0a0>
IE_TRACE:     Starting var:.. ie_result = {'formats': [{'ext': 'm4a', 'format_note': 'DASH audio', 'acodec': 'aac', 'vcodec': 'none', 'abr': 48, 'preference': -50, 'container': 'm4a_dash', 'format_id': '139', 'url': 'url:139', 'format': '139 - audio only (DASH audio)', 'http_headers': {'Us...'ISO-8859-1,utf-8;q=0.7,*;q=0.7', 'Accept': 'text/html,application/xhtml+xml,application/xml;q=0.9,*/*;q=0.8', 'Accept-Encoding': 'gzip, deflate', 'Accept-Language': 'en-us,en;q=0.5'}}], 'id': 'testid', 'title': 'testttitle', 'extractor': 'youtube'}
IE_TRACE:     Starting var:.. download = True
IE_TRACE:     Starting var:.. extra_info = {}
IE_TRACE:     15:01:42.360555 call       692     def process_ie_result(self, ie_result, download=True, extra_info={}):
IE_TRACE:     15:01:42.360675 line       701         result_type = ie_result.get('_type', 'video')
IE_TRACE:     New var:....... result_type = 'video'
IE_TRACE:     15:01:42.360760 line       703         if result_type in ('url', 'url_transparent'):
IE_TRACE:     15:01:42.360849 line       711         if result_type == 'video':
IE_TRACE:     15:01:42.360932 line       712             self.add_extra_info(ie_result, extra_info)
IE_TRACE:         Starting var:.. info_dict = {'formats': [{'ext': 'm4a', 'format_note': 'DASH audio', 'acodec': 'aac', 'vcodec': 'none', 'abr': 48, 'preference': -50, 'container': 'm4a_dash', 'format_id': '139', 'url': 'url:139', 'format': '139 - audio only (DASH audio)', 'http_headers': {'Us...'ISO-8859-1,utf-8;q=0.7,*;q=0.7', 'Accept': 'text/html,application/xhtml+xml,application/xml;q=0.9,*/*;q=0.8', 'Accept-Encoding': 'gzip, deflate', 'Accept-Language': 'en-us,en;q=0.5'}}], 'id': 'testid', 'title': 'testttitle', 'extractor': 'youtube'}
IE_TRACE:         Starting var:.. extra_info = {}
IE_TRACE:         15:01:42.361017 call       626     def add_extra_info(info_dict, extra_info):
IE_TRACE:         15:01:42.361104 line       628         for key, value in extra_info.items():
IE_TRACE:         15:01:42.361181 return     628         for key, value in extra_info.items():
IE_TRACE:         Return value:.. None
IE_TRACE:     15:01:42.361263 line       713             return self.process_video_result(ie_result, download=download)
IE_TRACE:         Starting var:.. self = <test.test_YoutubeDL.YDL object at 0x7389c631d0a0>
IE_TRACE:         Starting var:.. info_dict = {'formats': [{'ext': 'm4a', 'format_note': 'DASH audio', 'acodec': 'aac', 'vcodec': 'none', 'abr': 48, 'preference': -50, 'container': 'm4a_dash', 'format_id': '139', 'url': 'url:139', 'format': '139 - audio only (DASH audio)', 'http_headers': {'Us...'ISO-8859-1,utf-8;q=0.7,*;q=0.7', 'Accept': 'text/html,application/xhtml+xml,application/xml;q=0.9,*/*;q=0.8', 'Accept-Encoding': 'gzip, deflate', 'Accept-Language': 'en-us,en;q=0.5'}}], 'id': 'testid', 'title': 'testttitle', 'extractor': 'youtube'}
IE_TRACE:         Starting var:.. download = True
IE_TRACE:         15:01:42.361357 call      1144     def process_video_result(self, info_dict, download=True):
IE_TRACE:         15:01:42.361450 line      1145         assert info_dict.get('_type', 'video') == 'video'
IE_TRACE:         15:01:42.361532 line      1147         if 'id' not in info_dict:
IE_TRACE:         15:01:42.361622 line      1149         if 'title' not in info_dict:
IE_TRACE:         15:01:42.361701 line      1152         if 'playlist' not in info_dict:
IE_TRACE:         15:01:42.361781 line      1154             info_dict['playlist'] = None
IE_TRACE:         Modified var:.. info_dict = {'formats': [{'ext': 'm4a', 'format_note': 'DASH audio', 'acodec': 'aac', 'vcodec': 'none', 'abr': 48, 'preference': -50, 'container': 'm4a_dash', 'format_id': '139', 'url': 'url:139', 'format': '139 - audio only (DASH audio)', 'http_headers': {'Us...q=0.7,*;q=0.7', 'Accept': 'text/html,application/xhtml+xml,application/xml;q=0.9,*/*;q=0.8', 'Accept-Encoding': 'gzip, deflate', 'Accept-Language': 'en-us,en;q=0.5'}}], 'id': 'testid', 'title': 'testttitle', 'extractor': 'youtube', 'playlist': None}
IE_TRACE:         15:01:42.361861 line      1155             info_dict['playlist_index'] = None
IE_TRACE:         Modified var:.. info_dict = {'formats': [{'ext': 'm4a', 'format_note': 'DASH audio', 'acodec': 'aac', 'vcodec': 'none', 'abr': 48, 'preference': -50, 'container': 'm4a_dash', 'format_id': '139', 'url': 'url:139', 'format': '139 - audio only (DASH audio)', 'http_headers': {'Us...: 'text/html,application/xhtml+xml,application/xml;q=0.9,*/*;q=0.8', 'Accept-Encoding': 'gzip, deflate', 'Accept-Language': 'en-us,en;q=0.5'}}], 'id': 'testid', 'title': 'testttitle', 'extractor': 'youtube', 'playlist': None, 'playlist_index': None}
IE_TRACE:         15:01:42.361943 line      1157         thumbnails = info_dict.get('thumbnails')
IE_TRACE:         New var:....... thumbnails = None
IE_TRACE:         15:01:42.362025 line      1158         if thumbnails is None:
IE_TRACE:         15:01:42.362109 line      1159             thumbnail = info_dict.get('thumbnail')
IE_TRACE:         New var:....... thumbnail = None
IE_TRACE:         15:01:42.362190 line      1160             if thumbnail:
IE_TRACE:         15:01:42.362274 line      1162         if thumbnails:
IE_TRACE:         15:01:42.362356 line      1172         if thumbnails and 'thumbnail' not in info_dict:
IE_TRACE:         15:01:42.362437 line      1175         if 'display_id' not in info_dict and 'id' in info_dict:
IE_TRACE:         15:01:42.362518 line      1176             info_dict['display_id'] = info_dict['id']
IE_TRACE:         Modified var:.. info_dict = {'formats': [{'ext': 'm4a', 'format_note': 'DASH audio', 'acodec': 'aac', 'vcodec': 'none', 'abr': 48, 'preference': -50, 'container': 'm4a_dash', 'format_id': '139', 'url': 'url:139', 'format': '139 - audio only (DASH audio)', 'http_headers': {'Us.../xhtml+xml,application/xml;q=0.9,*/*;q=0.8', 'Accept-Encoding': 'gzip, deflate', 'Accept-Language': 'en-us,en;q=0.5'}}], 'id': 'testid', 'title': 'testttitle', 'extractor': 'youtube', 'playlist': None, 'playlist_index': None, 'display_id': 'testid'}
IE_TRACE:         15:01:42.362608 line      1178         if info_dict.get('upload_date') is None and info_dict.get('timestamp') is not None:
IE_TRACE:         15:01:42.362692 line      1187         if self.params.get('listsubtitles', False):
IE_TRACE:         15:01:42.362774 line      1192         info_dict['requested_subtitles'] = self.process_subtitles(
IE_TRACE:         15:01:42.362854 line      1193             info_dict['id'], info_dict.get('subtitles'),
IE_TRACE:         15:01:42.362935 line      1194             info_dict.get('automatic_captions'))
IE_TRACE:         15:01:42.363015 line      1192         info_dict['requested_subtitles'] = self.process_subtitles(
IE_TRACE:             Starting var:.. self = <test.test_YoutubeDL.YDL object at 0x7389c631d0a0>
IE_TRACE:             Starting var:.. video_id = 'testid'
IE_TRACE:             Starting var:.. normal_subtitles = None
IE_TRACE:             Starting var:.. automatic_captions = None
IE_TRACE:             15:01:42.363100 call      1284     def process_subtitles(self, video_id, normal_subtitles, automatic_captions):
IE_TRACE:             15:01:42.363133 line      1286         available_subs = {}
IE_TRACE:             New var:....... available_subs = {}
IE_TRACE:             15:01:42.363153 line      1287         if normal_subtitles and self.params.get('writesubtitles'):
IE_TRACE:             15:01:42.363176 line      1289         if automatic_captions and self.params.get('writeautomaticsub'):
IE_TRACE:             15:01:42.363196 line      1294         if (not self.params.get('writesubtitles') and not
IE_TRACE:             15:01:42.363216 line      1295                 self.params.get('writeautomaticsub') or not
IE_TRACE:             15:01:42.363236 line      1297             return None
IE_TRACE:             15:01:42.363255 return    1297             return None
IE_TRACE:             Return value:.. None
IE_TRACE:         Modified var:.. info_dict = {'formats': [{'ext': 'm4a', 'format_note': 'DASH audio', 'acodec': 'aac', 'vcodec': 'none', 'abr': 48, 'preference': -50, 'container': 'm4a_dash', 'format_id': '139', 'url': 'url:139', 'format': '139 - audio only (DASH audio)', 'http_headers': {'Us...0.9,*/*;q=0.8', 'Accept-Encoding': 'gzip, deflate', 'Accept-Language': 'en-us,en;q=0.5'}}], 'id': 'testid', 'title': 'testttitle', 'extractor': 'youtube', 'playlist': None, 'playlist_index': None, 'display_id': 'testid', 'requested_subtitles': None}
IE_TRACE:         15:01:42.363286 line      1197         if info_dict.get('formats') is None:
IE_TRACE:         15:01:42.363375 line      1201             formats = info_dict['formats']
IE_TRACE:         New var:....... formats = list(len=47)
IE_TRACE:         15:01:42.363459 line      1203         if not formats:
IE_TRACE:         15:01:42.363545 line      1206         formats_dict = {}
IE_TRACE:         New var:....... formats_dict = {}
IE_TRACE:         15:01:42.363640 line      1209         for i, format in enumerate(formats):
IE_TRACE:         New var:....... i = 0
IE_TRACE:         New var:....... format = {'ext': 'm4a', 'format_note': 'DASH audio', 'acodec': 'aac', 'vcodec': 'none', 'abr': 48, 'preference': -50, 'container': 'm4a_dash', 'format_id': '139', 'url': 'url:139', 'format': '139 - audio only (DASH audio)', 'http_headers': {'User-Agent': 'M...v:10.0) Gecko/20150101 Firefox/20.0 (Chrome)', 'Accept-Charset': 'ISO-8859-1,utf-8;q=0.7,*;q=0.7', 'Accept': 'text/html,application/xhtml+xml,application/xml;q=0.9,*/*;q=0.8', 'Accept-Encoding': 'gzip, deflate', 'Accept-Language': 'en-us,en;q=0.5'}}
IE_TRACE:         15:01:42.363726 line      1210             if 'url' not in format:
IE_TRACE:         15:01:42.363820 line      1213             if format.get('format_id') is None:
IE_TRACE:         15:01:42.363909 line      1215             format_id = format['format_id']
IE_TRACE:         New var:....... format_id = '139'
IE_TRACE:         15:01:42.363997 line      1216             if format_id not in formats_dict:
IE_TRACE:         15:01:42.364087 line      1217                 formats_dict[format_id] = []
IE_TRACE:         Modified var:.. formats_dict = {'139': []}
IE_TRACE:         15:01:42.364175 line      1218             formats_dict[format_id].append(format)
IE_TRACE:         Modified var:.. formats_dict = {'139': [{'ext': 'm4a', 'format_note': 'DASH audio', 'acodec': 'aac', 'vcodec': 'none', 'abr': 48, 'preference': -50, 'container': 'm4a_dash', 'format_id': '139', 'url': 'url:139', 'format': '139 - audio only (DASH audio)', 'http_headers': {'User-A...10.0) Gecko/20150101 Firefox/20.0 (Chrome)', 'Accept-Charset': 'ISO-8859-1,utf-8;q=0.7,*;q=0.7', 'Accept': 'text/html,application/xhtml+xml,application/xml;q=0.9,*/*;q=0.8', 'Accept-Encoding': 'gzip, deflate', 'Accept-Language': 'en-us,en;q=0.5'}}]}
IE_TRACE:     [CONDENSED] 45 identical loop iterations skipped (47 total iterations, showing first and last)
IE_TRACE:         15:01:42.395304 line      1209         for i, format in enumerate(formats):
IE_TRACE:         Modified var:.. i = 46
IE_TRACE:         Modified var:.. format = {'ext': 'mp4', 'width': 4096, 'height': 3072, 'format_id': '38', 'url': 'url:38', 'format': '38 - 4096x3072', 'http_headers': {'User-Agent': 'Mozilla/5.0 (X11; Linux x86_64; rv:10.0) Gecko/20150101 Firefox/20.0 (Chrome)', 'Accept-Charset': 'ISO-8859-1,utf-8;q=0.7,*;q=0.7', 'Accept': 'text/html,application/xhtml+xml,application/xml;q=0.9,*/*;q=0.8', 'Accept-Encoding': 'gzip, deflate', 'Accept-Language': 'en-us,en;q=0.5'}}
IE_TRACE:         15:01:42.395390 line      1210             if 'url' not in format:
IE_TRACE:         15:01:42.395482 line      1213             if format.get('format_id') is None:
IE_TRACE:         15:01:42.395570 line      1215             format_id = format['format_id']
IE_TRACE:         Modified var:.. format_id = '38'
IE_TRACE:         15:01:42.395665 line      1216             if format_id not in formats_dict:
IE_TRACE:         15:01:42.395754 line      1217                 formats_dict[format_id] = []
IE_TRACE:         Modified var:.. formats_dict = dict(len=47)
IE_TRACE:         15:01:42.395840 line      1218             formats_dict[format_id].append(format)
IE_TRACE:         15:01:42.395929 line      1209         for i, format in enumerate(formats):
IE_TRACE:         15:01:42.396015 line      1221         for format_id, ambiguous_formats in formats_dict.items():
IE_TRACE:         Modified var:.. format_id = '139'
IE_TRACE:         New var:....... ambiguous_formats = [{'ext': 'm4a', 'format_note': 'DASH audio', 'acodec': 'aac', 'vcodec': 'none', 'abr': 48, 'preference': -50, 'container': 'm4a_dash', 'format_id': '139', 'url': 'url:139', 'format': '139 - audio only (DASH audio)', 'http_headers': {'User-Agent': '...:10.0) Gecko/20150101 Firefox/20.0 (Chrome)', 'Accept-Charset': 'ISO-8859-1,utf-8;q=0.7,*;q=0.7', 'Accept': 'text/html,application/xhtml+xml,application/xml;q=0.9,*/*;q=0.8', 'Accept-Encoding': 'gzip, deflate', 'Accept-Language': 'en-us,en;q=0.5'}}]
IE_TRACE:         15:01:42.396103 line      1222             if len(ambiguous_formats) > 1:
IE_TRACE:     [CONDENSED] 45 identical loop iterations skipped (47 total iterations, showing first and last)
IE_TRACE:         15:01:42.404499 line      1221         for format_id, ambiguous_formats in formats_dict.items():
IE_TRACE:         Modified var:.. format_id = '38'
IE_TRACE:         Modified var:.. ambiguous_formats = [{'ext': 'mp4', 'width': 4096, 'height': 3072, 'format_id': '38', 'url': 'url:38', 'format': '38 - 4096x3072', 'http_headers': {'User-Agent': 'Mozilla/5.0 (X11; Linux x86_64; rv:10.0) Gecko/20150101 Firefox/20.0 (Chrome)', 'Accept-Charset': 'ISO-8859-1,utf-8;q=0.7,*;q=0.7', 'Accept': 'text/html,application/xhtml+xml,application/xml;q=0.9,*/*;q=0.8', 'Accept-Encoding': 'gzip, deflate', 'Accept-Language': 'en-us,en;q=0.5'}}]
IE_TRACE:         15:01:42.404604 line      1222             if len(ambiguous_formats) > 1:
IE_TRACE:         15:01:42.404697 line      1221         for format_id, ambiguous_formats in formats_dict.items():
IE_TRACE:         15:01:42.404786 line      1226         for i, format in enumerate(formats):
IE_TRACE:         Modified var:.. i = 0
IE_TRACE:         Modified var:.. format = {'ext': 'm4a', 'format_note': 'DASH audio', 'acodec': 'aac', 'vcodec': 'none', 'abr': 48, 'preference': -50, 'container': 'm4a_dash', 'format_id': '139', 'url': 'url:139', 'format': '139 - audio only (DASH audio)', 'http_headers': {'User-Agent': 'M...v:10.0) Gecko/20150101 Firefox/20.0 (Chrome)', 'Accept-Charset': 'ISO-8859-1,utf-8;q=0.7,*;q=0.7', 'Accept': 'text/html,application/xhtml+xml,application/xml;q=0.9,*/*;q=0.8', 'Accept-Encoding': 'gzip, deflate', 'Accept-Language': 'en-us,en;q=0.5'}}
IE_TRACE:         15:01:42.404874 line      1227             if format.get('format') is None:
IE_TRACE:         15:01:42.404969 line      1234             if 'ext' not in format:
IE_TRACE:         15:01:42.405059 line      1238             full_format_info = info_dict.copy()
IE_TRACE:         New var:....... full_format_info = {'formats': [{'ext': 'm4a', 'format_note': 'DASH audio', 'acodec': 'aac', 'vcodec': 'none', 'abr': 48, 'preference': -50, 'container': 'm4a_dash', 'format_id': '139', 'url': 'url:139', 'format': '139 - audio only (DASH audio)', 'http_headers': {'Us...0.9,*/*;q=0.8', 'Accept-Encoding': 'gzip, deflate', 'Accept-Language': 'en-us,en;q=0.5'}}], 'id': 'testid', 'title': 'testttitle', 'extractor': 'youtube', 'playlist': None, 'playlist_index': None, 'display_id': 'testid', 'requested_subtitles': None}
IE_TRACE:         15:01:42.405150 line      1239             full_format_info.update(format)
IE_TRACE:         Modified var:.. full_format_info = {'formats': [{'ext': 'm4a', 'format_note': 'DASH audio', 'acodec': 'aac', 'vcodec': 'none', 'abr': 48, 'preference': -50, 'container': 'm4a_dash', 'format_id': '139', 'url': 'url:139', 'format': '139 - audio only (DASH audio)', 'http_headers': {'Us...v:10.0) Gecko/20150101 Firefox/20.0 (Chrome)', 'Accept-Charset': 'ISO-8859-1,utf-8;q=0.7,*;q=0.7', 'Accept': 'text/html,application/xhtml+xml,application/xml;q=0.9,*/*;q=0.8', 'Accept-Encoding': 'gzip, deflate', 'Accept-Language': 'en-us,en;q=0.5'}}
IE_TRACE:         15:01:42.405307 line      1240             format['http_headers'] = self._calc_headers(full_format_info)
IE_TRACE:             Starting var:.. self = <test.test_YoutubeDL.YDL object at 0x7389c631d0a0>
IE_TRACE:             Starting var:.. info_dict = {'formats': [{'ext': 'm4a', 'format_note': 'DASH audio', 'acodec': 'aac', 'vcodec': 'none', 'abr': 48, 'preference': -50, 'container': 'm4a_dash', 'format_id': '139', 'url': 'url:139', 'format': '139 - audio only (DASH audio)', 'http_headers': {'Us...v:10.0) Gecko/20150101 Firefox/20.0 (Chrome)', 'Accept-Charset': 'ISO-8859-1,utf-8;q=0.7,*;q=0.7', 'Accept': 'text/html,application/xhtml+xml,application/xml;q=0.9,*/*;q=0.8', 'Accept-Encoding': 'gzip, deflate', 'Accept-Language': 'en-us,en;q=0.5'}}
IE_TRACE:             15:01:42.405469 call      1126     def _calc_headers(self, info_dict):
IE_TRACE:             15:01:42.405558 line      1127         res = std_headers.copy()
IE_TRACE:             New var:....... res = {'User-Agent': 'Mozilla/5.0 (X11; Linux x86_64; rv:10.0) Gecko/20150101 Firefox/20.0 (Chrome)', 'Accept-Charset': 'ISO-8859-1,utf-8;q=0.7,*;q=0.7', 'Accept': 'text/html,application/xhtml+xml,application/xml;q=0.9,*/*;q=0.8', 'Accept-Encoding': 'gzip, deflate', 'Accept-Language': 'en-us,en;q=0.5'}
IE_TRACE:             15:01:42.405646 line      1129         add_headers = info_dict.get('http_headers')
IE_TRACE:             New var:....... add_headers = {'User-Agent': 'Mozilla/5.0 (X11; Linux x86_64; rv:10.0) Gecko/20150101 Firefox/20.0 (Chrome)', 'Accept-Charset': 'ISO-8859-1,utf-8;q=0.7,*;q=0.7', 'Accept': 'text/html,application/xhtml+xml,application/xml;q=0.9,*/*;q=0.8', 'Accept-Encoding': 'gzip, deflate', 'Accept-Language': 'en-us,en;q=0.5'}
IE_TRACE:             15:01:42.405732 line      1130         if add_headers:
IE_TRACE:             15:01:42.405817 line      1131             res.update(add_headers)
IE_TRACE:             15:01:42.405900 line      1133         cookies = self._calc_cookies(info_dict)
IE_TRACE:                 Starting var:.. self = <test.test_YoutubeDL.YDL object at 0x7389c631d0a0>
IE_TRACE:                 Starting var:.. info_dict = {'formats': [{'ext': 'm4a', 'format_note': 'DASH audio', 'acodec': 'aac', 'vcodec': 'none', 'abr': 48, 'preference': -50, 'container': 'm4a_dash', 'format_id': '139', 'url': 'url:139', 'format': '139 - audio only (DASH audio)', 'http_headers': {'Us...v:10.0) Gecko/20150101 Firefox/20.0 (Chrome)', 'Accept-Charset': 'ISO-8859-1,utf-8;q=0.7,*;q=0.7', 'Accept': 'text/html,application/xhtml+xml,application/xml;q=0.9,*/*;q=0.8', 'Accept-Encoding': 'gzip, deflate', 'Accept-Language': 'en-us,en;q=0.5'}}
IE_TRACE:                 15:01:42.405983 call      1139     def _calc_cookies(self, info_dict):
IE_TRACE:                 15:01:42.406069 line      1140         pr = compat_urllib_request.Request(info_dict['url'])
IE_TRACE:                 Source path:... /path/to/BugsInPy/workspace/youtube-dl/youtube_dl/YoutubeDL.py
IE_TRACE:                 New var:....... pr = <urllib.request.Request object at 0x7389c654d820>
IE_TRACE:                 15:01:42.408150 line      1141         self.cookiejar.add_cookie_header(pr)
IE_TRACE:                 Source path:... /path/to/BugsInPy/workspace/youtube-dl/youtube_dl/YoutubeDL.py
IE_TRACE:                 15:01:42.409067 line      1142         return pr.get_header('Cookie')
IE_TRACE:                 Source path:... /path/to/BugsInPy/workspace/youtube-dl/youtube_dl/YoutubeDL.py
IE_TRACE:                 15:01:42.409270 return    1142         return pr.get_header('Cookie')
IE_TRACE:                 Return value:.. None
IE_TRACE:             New var:....... cookies = None
IE_TRACE:             15:01:42.409357 line      1134         if cookies:
IE_TRACE:             15:01:42.409445 line      1137         return res
IE_TRACE:             15:01:42.409530 return    1137         return res
IE_TRACE:             Return value:.. {'User-Agent': 'Mozilla/5.0 (X11; Linux x86_64; rv:10.0) Gecko/20150101 Firefox/20.0 (Chrome)', 'Accept-Charset': 'ISO-8859-1,utf-8;q=0.7,*;q=0.7', 'Accept': 'text/html,application/xhtml+xml,application/xml;q=0.9,*/*;q=0.8', 'Accept-Encoding': 'gzip, deflate', 'Accept-Language': 'en-us,en;q=0.5'}
IE_TRACE:     [CONDENSED] 45 identical loop iterations skipped (47 total iterations, showing first and last)
IE_TRACE:         15:01:42.639086 line      1226         for i, format in enumerate(formats):
IE_TRACE:         Modified var:.. i = 46
IE_TRACE:         Modified var:.. format = {'ext': 'mp4', 'width': 4096, 'height': 3072, 'format_id': '38', 'url': 'url:38', 'format': '38 - 4096x3072', 'http_headers': {'User-Agent': 'Mozilla/5.0 (X11; Linux x86_64; rv:10.0) Gecko/20150101 Firefox/20.0 (Chrome)', 'Accept-Charset': 'ISO-8859-1,utf-8;q=0.7,*;q=0.7', 'Accept': 'text/html,application/xhtml+xml,application/xml;q=0.9,*/*;q=0.8', 'Accept-Encoding': 'gzip, deflate', 'Accept-Language': 'en-us,en;q=0.5'}}
IE_TRACE:         15:01:42.639245 line      1227             if format.get('format') is None:
IE_TRACE:         15:01:42.639409 line      1234             if 'ext' not in format:
IE_TRACE:         15:01:42.639576 line      1238             full_format_info = info_dict.copy()
IE_TRACE:         Modified var:.. full_format_info = {'formats': [{'ext': 'm4a', 'format_note': 'DASH audio', 'acodec': 'aac', 'vcodec': 'none', 'abr': 48, 'preference': -50, 'container': 'm4a_dash', 'format_id': '139', 'url': 'url:139', 'format': '139 - audio only (DASH audio)', 'http_headers': {'Us...0.9,*/*;q=0.8', 'Accept-Encoding': 'gzip, deflate', 'Accept-Language': 'en-us,en;q=0.5'}}], 'id': 'testid', 'title': 'testttitle', 'extractor': 'youtube', 'playlist': None, 'playlist_index': None, 'display_id': 'testid', 'requested_subtitles': None}
IE_TRACE:         15:01:42.639733 line      1239             full_format_info.update(format)
IE_TRACE:         Modified var:.. full_format_info = {'formats': [{'ext': 'm4a', 'format_note': 'DASH audio', 'acodec': 'aac', 'vcodec': 'none', 'abr': 48, 'preference': -50, 'container': 'm4a_dash', 'format_id': '139', 'url': 'url:139', 'format': '139 - audio only (DASH audio)', 'http_headers': {'Us...v:10.0) Gecko/20150101 Firefox/20.0 (Chrome)', 'Accept-Charset': 'ISO-8859-1,utf-8;q=0.7,*;q=0.7', 'Accept': 'text/html,application/xhtml+xml,application/xml;q=0.9,*/*;q=0.8', 'Accept-Encoding': 'gzip, deflate', 'Accept-Language': 'en-us,en;q=0.5'}}
IE_TRACE:         15:01:42.639887 line      1240             format['http_headers'] = self._calc_headers(full_format_info)
IE_TRACE:             Starting var:.. self = <test.test_YoutubeDL.YDL object at 0x7389c631d0a0>
IE_TRACE:             Starting var:.. info_dict = {'formats': [{'ext': 'm4a', 'format_note': 'DASH audio', 'acodec': 'aac', 'vcodec': 'none', 'abr': 48, 'preference': -50, 'container': 'm4a_dash', 'format_id': '139', 'url': 'url:139', 'format': '139 - audio only (DASH audio)', 'http_headers': {'Us...v:10.0) Gecko/20150101 Firefox/20.0 (Chrome)', 'Accept-Charset': 'ISO-8859-1,utf-8;q=0.7,*;q=0.7', 'Accept': 'text/html,application/xhtml+xml,application/xml;q=0.9,*/*;q=0.8', 'Accept-Encoding': 'gzip, deflate', 'Accept-Language': 'en-us,en;q=0.5'}}
IE_TRACE:             15:01:42.640044 call      1126     def _calc_headers(self, info_dict):
IE_TRACE:             15:01:42.640130 line      1127         res = std_headers.copy()
IE_TRACE:             New var:....... res = {'User-Agent': 'Mozilla/5.0 (X11; Linux x86_64; rv:10.0) Gecko/20150101 Firefox/20.0 (Chrome)', 'Accept-Charset': 'ISO-8859-1,utf-8;q=0.7,*;q=0.7', 'Accept': 'text/html,application/xhtml+xml,application/xml;q=0.9,*/*;q=0.8', 'Accept-Encoding': 'gzip, deflate', 'Accept-Language': 'en-us,en;q=0.5'}
IE_TRACE:             15:01:42.640223 line      1129         add_headers = info_dict.get('http_headers')
IE_TRACE:             New var:....... add_headers = {'User-Agent': 'Mozilla/5.0 (X11; Linux x86_64; rv:10.0) Gecko/20150101 Firefox/20.0 (Chrome)', 'Accept-Charset': 'ISO-8859-1,utf-8;q=0.7,*;q=0.7', 'Accept': 'text/html,application/xhtml+xml,application/xml;q=0.9,*/*;q=0.8', 'Accept-Encoding': 'gzip, deflate', 'Accept-Language': 'en-us,en;q=0.5'}
IE_TRACE:             15:01:42.640309 line      1130         if add_headers:
IE_TRACE:             15:01:42.640426 line      1131             res.update(add_headers)
IE_TRACE:             15:01:42.640568 line      1133         cookies = self._calc_cookies(info_dict)
IE_TRACE:                 Starting var:.. self = <test.test_YoutubeDL.YDL object at 0x7389c631d0a0>
IE_TRACE:                 Starting var:.. info_dict = {'formats': [{'ext': 'm4a', 'format_note': 'DASH audio', 'acodec': 'aac', 'vcodec': 'none', 'abr': 48, 'preference': -50, 'container': 'm4a_dash', 'format_id': '139', 'url': 'url:139', 'format': '139 - audio only (DASH audio)', 'http_headers': {'Us...v:10.0) Gecko/20150101 Firefox/20.0 (Chrome)', 'Accept-Charset': 'ISO-8859-1,utf-8;q=0.7,*;q=0.7', 'Accept': 'text/html,application/xhtml+xml,application/xml;q=0.9,*/*;q=0.8', 'Accept-Encoding': 'gzip, deflate', 'Accept-Language': 'en-us,en;q=0.5'}}
IE_TRACE:                 15:01:42.640711 call      1139     def _calc_cookies(self, info_dict):
IE_TRACE:                 15:01:42.640860 line      1140         pr = compat_urllib_request.Request(info_dict['url'])
IE_TRACE:                 Source path:... /path/to/BugsInPy/workspace/youtube-dl/youtube_dl/YoutubeDL.py
IE_TRACE:                 New var:....... pr = <urllib.request.Request object at 0x7389c71bd3a0>
IE_TRACE:                 15:01:42.643150 line      1141         self.cookiejar.add_cookie_header(pr)
IE_TRACE:                 Source path:... /path/to/BugsInPy/workspace/youtube-dl/youtube_dl/YoutubeDL.py
IE_TRACE:                 15:01:42.645018 line      1142         return pr.get_header('Cookie')
IE_TRACE:                 Source path:... /path/to/BugsInPy/workspace/youtube-dl/youtube_dl/YoutubeDL.py
IE_TRACE:                 15:01:42.645253 return    1142         return pr.get_header('Cookie')
IE_TRACE:                 Return value:.. None
IE_TRACE:             New var:....... cookies = None
IE_TRACE:             15:01:42.645404 line      1134         if cookies:
IE_TRACE:             15:01:42.645509 line      1137         return res
IE_TRACE:             15:01:42.645866 return    1137         return res
IE_TRACE:             Return value:.. {'User-Agent': 'Mozilla/5.0 (X11; Linux x86_64; rv:10.0) Gecko/20150101 Firefox/20.0 (Chrome)', 'Accept-Charset': 'ISO-8859-1,utf-8;q=0.7,*;q=0.7', 'Accept': 'text/html,application/xhtml+xml,application/xml;q=0.9,*/*;q=0.8', 'Accept-Encoding': 'gzip, deflate', 'Accept-Language': 'en-us,en;q=0.5'}
IE_TRACE:         15:01:42.646219 line      1226         for i, format in enumerate(formats):
IE_TRACE:         15:01:42.646729 line      1244         if formats[0] is not info_dict:
IE_TRACE:         15:01:42.647055 line      1249             info_dict['formats'] = formats
IE_TRACE:         15:01:42.647208 line      1250         if self.params.get('listformats'):
IE_TRACE:         15:01:42.647364 line      1253         if self.params.get('list_thumbnails'):
IE_TRACE:         15:01:42.647515 line      1257         req_format = self.params.get('format')
IE_TRACE:         New var:....... req_format = 'bestvideo[height>=999999]+bestaudio/best'
IE_TRACE:         15:01:42.647668 line      1258         if req_format is None:
IE_TRACE:         15:01:42.647822 line      1267         format_selector = self.build_format_selector(req_format)
IE_TRACE:             Starting var:.. self = <test.test_YoutubeDL.YDL object at 0x7389c631d0a0>
IE_TRACE:             Starting var:.. format_spec = 'bestvideo[height>=999999]+bestaudio/best'
IE_TRACE:             15:01:42.647994 call       913     def build_format_selector(self, format_spec):
IE_TRACE:             15:01:42.648026 line       914         def syntax_error(note, start):
IE_TRACE:             New var:....... syntax_error = <function YoutubeDL.build_format_selector.<locals>.syntax_error at 0x7389c5e751c0>
IE_TRACE:             15:01:42.648050 line       920         PICKFIRST = 'PICKFIRST'
IE_TRACE:             New var:....... PICKFIRST = 'PICKFIRST'
IE_TRACE:             15:01:42.648076 line       921         MERGE = 'MERGE'
IE_TRACE:             New var:....... MERGE = 'MERGE'
IE_TRACE:             15:01:42.648103 line       922         SINGLE = 'SINGLE'
IE_TRACE:             New var:....... SINGLE = 'SINGLE'
IE_TRACE:             15:01:42.648130 line       923         GROUP = 'GROUP'
IE_TRACE:             New var:....... GROUP = 'GROUP'
IE_TRACE:             15:01:42.648158 line       924         FormatSelector = collections.namedtuple('FormatSelector', ['type', 'selector', 'filters'])
IE_TRACE:             Source path:... /path/to/BugsInPy/workspace/youtube-dl/youtube_dl/YoutubeDL.py
IE_TRACE:             New var:....... FormatSelector = <class 'youtube_dl.YoutubeDL.FormatSelector'>
IE_TRACE:             15:01:42.653239 line       926         def _parse_filter(tokens):
IE_TRACE:             New var:....... _parse_filter = <function YoutubeDL.build_format_selector.<locals>._parse_filter at 0x7389c5e75940>
IE_TRACE:             15:01:42.653275 line       934         def _parse_format_selection(tokens, endwith=[]):
IE_TRACE:             New var:....... _parse_format_selection = <function YoutubeDL.build_format_selector.<locals>._parse_format_selection at 0x7389c5e74860>
IE_TRACE:             15:01:42.653308 line       980         def _build_selector_function(selector):
IE_TRACE:             New var:....... _build_selector_function = <function YoutubeDL.build_format_selector.<locals>._build_selector_function at 0x7389c5e747c0>
IE_TRACE:             15:01:42.653341 line      1097         stream = io.BytesIO(format_spec.encode('utf-8'))
IE_TRACE:             New var:....... stream = <_io.BytesIO object at 0x7389c5eae750>
IE_TRACE:             15:01:42.653377 line      1098         try:
IE_TRACE:             15:01:42.653411 line      1099             tokens = list(compat_tokenize_tokenize(stream.readline))
IE_TRACE:             Source path:... /path/to/BugsInPy/workspace/youtube-dl/youtube_dl/YoutubeDL.py
IE_TRACE:             New var:....... tokens = [TokenInfo(type=67 (ENCODING), string='utf-8', start=(0, 0), end=(0, 0), line=''), TokenInfo(type=1 (NAME), string='bestvideo', start=(1, 0), end=(1, 9), line='bestvideo[height>=999999]+bestaudio/best'), TokenInfo(type=55 (OP), string='[', start=(1... 40), line='bestvideo[height>=999999]+bestaudio/best'), TokenInfo(type=4 (NEWLINE), string='', start=(1, 40), end=(1, 41), line='bestvideo[height>=999999]+bestaudio/best'), TokenInfo(type=0 (ENDMARKER), string='', start=(2, 0), end=(2, 0), line='')]
IE_TRACE:             15:01:42.658964 line      1103         class TokenIterator(object):
IE_TRACE:                 15:01:42.659031 call      1103         class TokenIterator(object):
IE_TRACE:                 15:01:42.659051 line      1103         class TokenIterator(object):
IE_TRACE:                 New var:....... __module__ = 'youtube_dl.YoutubeDL'
IE_TRACE:                 New var:....... __qualname__ = 'YoutubeDL.build_format_selector.<locals>.TokenIterator'
IE_TRACE:                 15:01:42.659071 line      1104             def __init__(self, tokens):
IE_TRACE:                 New var:....... __init__ = <function YoutubeDL.build_format_selector.<locals>.TokenIterator.__init__ at 0x7389c5e745e0>
IE_TRACE:                 15:01:42.659098 line      1108             def __iter__(self):
IE_TRACE:                 New var:....... __iter__ = <function YoutubeDL.build_format_selector.<locals>.TokenIterator.__iter__ at 0x7389c5e75620>
IE_TRACE:                 15:01:42.659124 line      1111             def __next__(self):
IE_TRACE:                 New var:....... __next__ = <function YoutubeDL.build_format_selector.<locals>.TokenIterator.__next__ at 0x7389c5e74ae0>
IE_TRACE:                 15:01:42.659149 line      1118             next = __next__
IE_TRACE:                 New var:....... next = <function YoutubeDL.build_format_selector.<locals>.TokenIterator.__next__ at 0x7389c5e74ae0>
IE_TRACE:                 15:01:42.659176 line      1120             def restore_last_token(self):
IE_TRACE:                 New var:....... restore_last_token = <function YoutubeDL.build_format_selector.<locals>.TokenIterator.restore_last_token at 0x7389c5e74b80>
IE_TRACE:                 15:01:42.659203 return    1120             def restore_last_token(self):
IE_TRACE:                 Return value:.. None
IE_TRACE:             New var:....... TokenIterator = <class 'youtube_dl.YoutubeDL.YoutubeDL.build_format_selector.<locals>.TokenIterator'>
IE_TRACE:             15:01:42.659246 line      1123         parsed_selector = _parse_format_selection(iter(TokenIterator(tokens)))
IE_TRACE:                 Starting var:.. self = <youtube_dl.YoutubeDL.YoutubeDL.build_format_selector.<locals>.TokenIterator object at 0x7389c631cad0>
IE_TRACE:                 Starting var:.. tokens = [TokenInfo(type=67 (ENCODING), string='utf-8', start=(0, 0), end=(0, 0), line=''), TokenInfo(type=1 (NAME), string='bestvideo', start=(1, 0), end=(1, 9), line='bestvideo[height>=999999]+bestaudio/best'), TokenInfo(type=55 (OP), string='[', start=(1... 40), line='bestvideo[height>=999999]+bestaudio/best'), TokenInfo(type=4 (NEWLINE), string='', start=(1, 40), end=(1, 41), line='bestvideo[height>=999999]+bestaudio/best'), TokenInfo(type=0 (ENDMARKER), string='', start=(2, 0), end=(2, 0), line='')]
IE_TRACE:                 15:01:42.659305 call      1104             def __init__(self, tokens):
IE_TRACE:                 15:01:42.659353 line      1105                 self.tokens = tokens
IE_TRACE:                 15:01:42.659392 line      1106                 self.counter = 0
IE_TRACE:                 15:01:42.659430 return    1106                 self.counter = 0
IE_TRACE:                 Return value:.. None
IE_TRACE:                 Starting var:.. self = <youtube_dl.YoutubeDL.YoutubeDL.build_format_selector.<locals>.TokenIterator object at 0x7389c631cad0>
IE_TRACE:                 15:01:42.659473 call      1108             def __iter__(self):
IE_TRACE:                 15:01:42.659497 line      1109                 return self
IE_TRACE:                 15:01:42.659516 return    1109                 return self
IE_TRACE:                 Return value:.. <youtube_dl.YoutubeDL.YoutubeDL.build_format_selector.<locals>.TokenIterator object at 0x7389c631cad0>
IE_TRACE:                 Starting var:.. tokens = <youtube_dl.YoutubeDL.YoutubeDL.build_format_selector.<locals>.TokenIterator object at 0x7389c631cad0>
IE_TRACE:                 Starting var:.. endwith = []
IE_TRACE:                 Starting var:.. FormatSelector = <class 'youtube_dl.YoutubeDL.FormatSelector'>
IE_TRACE:                 Starting var:.. GROUP = 'GROUP'
IE_TRACE:                 Starting var:.. MERGE = 'MERGE'
IE_TRACE:                 Starting var:.. PICKFIRST = 'PICKFIRST'
IE_TRACE:                 Starting var:.. SINGLE = 'SINGLE'
IE_TRACE:                 Starting var:.. _parse_filter = <function YoutubeDL.build_format_selector.<locals>._parse_filter at 0x7389c5e75940>
IE_TRACE:                 Starting var:.. _parse_format_selection = <function YoutubeDL.build_format_selector.<locals>._parse_format_selection at 0x7389c5e74860>
IE_TRACE:                 Starting var:.. syntax_error = <function YoutubeDL.build_format_selector.<locals>.syntax_error at 0x7389c5e751c0>
IE_TRACE:                 15:01:42.659541 call       934         def _parse_format_selection(tokens, endwith=[]):
IE_TRACE:                 15:01:42.659605 line       935             selectors = []
IE_TRACE:                 New var:....... selectors = []
IE_TRACE:                 15:01:42.659636 line       936             current_selector = None
IE_TRACE:                 New var:....... current_selector = None
IE_TRACE:                 15:01:42.659670 line       937             for type, string, start, _, _ in tokens:
IE_TRACE:                     Starting var:.. self = <youtube_dl.YoutubeDL.YoutubeDL.build_format_selector.<locals>.TokenIterator object at 0x7389c631cad0>
IE_TRACE:                     15:01:42.659704 call      1108             def __iter__(self):
IE_TRACE:                     15:01:42.659729 line      1109                 return self
IE_TRACE:                     15:01:42.659749 return    1109                 return self
IE_TRACE:                     Return value:.. <youtube_dl.YoutubeDL.YoutubeDL.build_format_selector.<locals>.TokenIterator object at 0x7389c631cad0>
IE_TRACE:                     Starting var:.. self = <youtube_dl.YoutubeDL.YoutubeDL.build_format_selector.<locals>.TokenIterator object at 0x7389c631cad0>
IE_TRACE:                     15:01:42.659773 call      1111             def __next__(self):
IE_TRACE:                     15:01:42.659798 line      1112                 if self.counter >= len(self.tokens):
IE_TRACE:                     15:01:42.659818 line      1114                 value = self.tokens[self.counter]
IE_TRACE:                     New var:....... value = TokenInfo(type=67 (ENCODING), string='utf-8', start=(0, 0), end=(0, 0), line='')
IE_TRACE:                     15:01:42.659839 line      1115                 self.counter += 1
IE_TRACE:                     15:01:42.659866 line      1116                 return value
IE_TRACE:                     15:01:42.659889 return    1116                 return value
IE_TRACE:                     Return value:.. TokenInfo(type=67 (ENCODING), string='utf-8', start=(0, 0), end=(0, 0), line='')
IE_TRACE:                 New var:....... type = 67
IE_TRACE:                 New var:....... string = 'utf-8'
IE_TRACE:                 New var:....... start = (0, 0)
IE_TRACE:                 New var:....... _ = ''
IE_TRACE:                 15:01:42.659916 line       939                 if type == getattr(tokenize, 'ENCODING', None):
IE_TRACE:                 15:01:42.659965 line       940                     continue
IE_TRACE:                 15:01:42.660000 line       937             for type, string, start, _, _ in tokens:
IE_TRACE:                     Starting var:.. self = <youtube_dl.YoutubeDL.YoutubeDL.build_format_selector.<locals>.TokenIterator object at 0x7389c631cad0>
IE_TRACE:                     15:01:42.660034 call      1111             def __next__(self):
IE_TRACE:                     15:01:42.660059 line      1112                 if self.counter >= len(self.tokens):
IE_TRACE:                     15:01:42.660079 line      1114                 value = self.tokens[self.counter]
IE_TRACE:                     New var:....... value = TokenInfo(type=1 (NAME), string='bestvideo', start=(1, 0), end=(1, 9), line='bestvideo[height>=999999]+bestaudio/best')
IE_TRACE:                     15:01:42.660099 line      1115                 self.counter += 1
IE_TRACE:                     15:01:42.660126 line      1116                 return value
IE_TRACE:                     15:01:42.660150 return    1116                 return value
IE_TRACE:                     Return value:.. TokenInfo(type=1 (NAME), string='bestvideo', start=(1, 0), end=(1, 9), line='bestvideo[height>=999999]+bestaudio/best')
IE_TRACE:                 Modified var:.. type = 1
IE_TRACE:                 Modified var:.. string = 'bestvideo'
IE_TRACE:                 Modified var:.. start = (1, 0)
IE_TRACE:                 Modified var:.. _ = 'bestvideo[height>=999999]+bestaudio/best'
IE_TRACE:                 15:01:42.660177 line       939                 if type == getattr(tokenize, 'ENCODING', None):
IE_TRACE:                 15:01:42.660223 line       941                 elif type in [tokenize.NAME, tokenize.NUMBER]:
IE_TRACE:                 15:01:42.660257 line       942                     current_selector = FormatSelector(SINGLE, string, [])
IE_TRACE:                     Source path:... <string>
IE_TRACE:                     Starting var:.. _cls = <class 'youtube_dl.YoutubeDL.FormatSelector'>
IE_TRACE:                     Starting var:.. type = 'SINGLE'
IE_TRACE:                     Starting var:.. selector = 'bestvideo'
IE_TRACE:                     Starting var:.. filters = []
IE_TRACE:                     15:01:42.660293 call         1 SOURCE IS UNAVAILABLE
IE_TRACE:                     15:01:42.660334 line         1 SOURCE IS UNAVAILABLE
IE_TRACE:                     15:01:42.660357 return       1 SOURCE IS UNAVAILABLE
IE_TRACE:                     Return value:.. FormatSelector(type='SINGLE', selector='bestvideo', filters=[])
IE_TRACE:                 Source path:... /path/to/BugsInPy/workspace/youtube-dl/youtube_dl/YoutubeDL.py
IE_TRACE:                 Modified var:.. current_selector = FormatSelector(type='SINGLE', selector='bestvideo', filters=[])
IE_TRACE:                 15:01:42.660385 line       937             for type, string, start, _, _ in tokens:
IE_TRACE:                     Starting var:.. self = <youtube_dl.YoutubeDL.YoutubeDL.build_format_selector.<locals>.TokenIterator object at 0x7389c631cad0>
IE_TRACE:                     15:01:42.660427 call      1111             def __next__(self):
IE_TRACE:                     15:01:42.660451 line      1112                 if self.counter >= len(self.tokens):
IE_TRACE:                     15:01:42.660472 line      1114                 value = self.tokens[self.counter]
IE_TRACE:                     New var:....... value = TokenInfo(type=55 (OP), string='[', start=(1, 9), end=(1, 10), line='bestvideo[height>=999999]+bestaudio/best')
IE_TRACE:                     15:01:42.660492 line      1115                 self.counter += 1
IE_TRACE:                     15:01:42.660520 line      1116                 return value
IE_TRACE:                     15:01:42.660542 return    1116                 return value
IE_TRACE:                     Return value:.. TokenInfo(type=55 (OP), string='[', start=(1, 9), end=(1, 10), line='bestvideo[height>=999999]+bestaudio/best')
IE_TRACE:                 Modified var:.. type = 55
IE_TRACE:                 Modified var:.. string = '['
IE_TRACE:                 Modified var:.. start = (1, 9)
IE_TRACE:                 15:01:42.660571 line       939                 if type == getattr(tokenize, 'ENCODING', None):
IE_TRACE:                 15:01:42.660614 line       941                 elif type in [tokenize.NAME, tokenize.NUMBER]:
IE_TRACE:                 15:01:42.660648 line       943                 elif type == tokenize.OP:
IE_TRACE:                 15:01:42.660682 line       944                     if string in endwith:
IE_TRACE:                 15:01:42.660716 line       946                     elif string == ')':
IE_TRACE:                 15:01:42.660750 line       950                     if string == ',':
IE_TRACE:                 15:01:42.660783 line       953                     elif string == '/':
IE_TRACE:                 15:01:42.660817 line       958                     elif string == '[':
IE_TRACE:                 15:01:42.660850 line       959                         if not current_selector:
IE_TRACE:                 15:01:42.660884 line       961                         format_filter = _parse_filter(tokens)
IE_TRACE:                     Starting var:.. tokens = <youtube_dl.YoutubeDL.YoutubeDL.build_format_selector.<locals>.TokenIterator object at 0x7389c631cad0>
IE_TRACE:                     15:01:42.660920 call       926         def _parse_filter(tokens):
IE_TRACE:                     15:01:42.660946 line       927             filter_parts = []
IE_TRACE:                     New var:....... filter_parts = []
IE_TRACE:                     15:01:42.660966 line       928             for type, string, start, _, _ in tokens:
IE_TRACE:                         Starting var:.. self = <youtube_dl.YoutubeDL.YoutubeDL.build_format_selector.<locals>.TokenIterator object at 0x7389c631cad0>
IE_TRACE:                         15:01:42.660992 call      1108             def __iter__(self):
IE_TRACE:                         15:01:42.661015 line      1109                 return self
IE_TRACE:                         15:01:42.661035 return    1109                 return self
IE_TRACE:                         Return value:.. <youtube_dl.YoutubeDL.YoutubeDL.build_format_selector.<locals>.TokenIterator object at 0x7389c631cad0>
IE_TRACE:                         Starting var:.. self = <youtube_dl.YoutubeDL.YoutubeDL.build_format_selector.<locals>.TokenIterator object at 0x7389c631cad0>
IE_TRACE:                         15:01:42.661060 call      1111             def __next__(self):
IE_TRACE:                         15:01:42.661083 line      1112                 if self.counter >= len(self.tokens):
IE_TRACE:                         15:01:42.661104 line      1114                 value = self.tokens[self.counter]
IE_TRACE:                         New var:....... value = TokenInfo(type=1 (NAME), string='height', start=(1, 10), end=(1, 16), line='bestvideo[height>=999999]+bestaudio/best')
IE_TRACE:                         15:01:42.661124 line      1115                 self.counter += 1
IE_TRACE:                         15:01:42.661150 line      1116                 return value
IE_TRACE:                         15:01:42.661172 return    1116                 return value
IE_TRACE:                         Return value:.. TokenInfo(type=1 (NAME), string='height', start=(1, 10), end=(1, 16), line='bestvideo[height>=999999]+bestaudio/best')
IE_TRACE:                     New var:....... type = 1
IE_TRACE:                     New var:....... string = 'height'
IE_TRACE:                     New var:....... start = (1, 10)
IE_TRACE:                     New var:....... _ = 'bestvideo[height>=999999]+bestaudio/best'
IE_TRACE:                     15:01:42.661199 line       929                 if type == tokenize.OP and string == ']':
IE_TRACE:                     15:01:42.661235 line       932                     filter_parts.append(string)
IE_TRACE:                     Modified var:.. filter_parts = ['height']
IE_TRACE:                     15:01:42.661260 line       928             for type, string, start, _, _ in tokens:
IE_TRACE:                         Starting var:.. self = <youtube_dl.YoutubeDL.YoutubeDL.build_format_selector.<locals>.TokenIterator object at 0x7389c631cad0>
IE_TRACE:                         15:01:42.661289 call      1111             def __next__(self):
IE_TRACE:     [CONDENSED] 1 identical loop iterations skipped (3 total iterations, showing first and last)
IE_TRACE:                         15:01:42.661539 line      1112                 if self.counter >= len(self.tokens):
IE_TRACE:                         15:01:42.661560 line      1114                 value = self.tokens[self.counter]
IE_TRACE:                         New var:....... value = TokenInfo(type=2 (NUMBER), string='999999', start=(1, 18), end=(1, 24), line='bestvideo[height>=999999]+bestaudio/best')
IE_TRACE:                         15:01:42.661581 line      1115                 self.counter += 1
IE_TRACE:                         15:01:42.661606 line      1116                 return value
IE_TRACE:                         15:01:42.661629 return    1116                 return value
IE_TRACE:                         Return value:.. TokenInfo(type=2 (NUMBER), string='999999', start=(1, 18), end=(1, 24), line='bestvideo[height>=999999]+bestaudio/best')
IE_TRACE:                     Modified var:.. type = 2
IE_TRACE:                     Modified var:.. string = '999999'
IE_TRACE:                     Modified var:.. start = (1, 18)
IE_TRACE:                     15:01:42.661656 line       929                 if type == tokenize.OP and string == ']':
IE_TRACE:                     15:01:42.661688 line       932                     filter_parts.append(string)
IE_TRACE:                     Modified var:.. filter_parts = ['height', '>=', '999999']
IE_TRACE:                     15:01:42.661713 line       928             for type, string, start, _, _ in tokens:
IE_TRACE:                         Starting var:.. self = <youtube_dl.YoutubeDL.YoutubeDL.build_format_selector.<locals>.TokenIterator object at 0x7389c631cad0>
IE_TRACE:                         15:01:42.661741 call      1111             def __next__(self):
IE_TRACE:                         15:01:42.661765 line      1112                 if self.counter >= len(self.tokens):
IE_TRACE:                         15:01:42.661786 line      1114                 value = self.tokens[self.counter]
IE_TRACE:                         New var:....... value = TokenInfo(type=55 (OP), string=']', start=(1, 24), end=(1, 25), line='bestvideo[height>=999999]+bestaudio/best')
IE_TRACE:                         15:01:42.661806 line      1115                 self.counter += 1
IE_TRACE:                         15:01:42.661831 line      1116                 return value
IE_TRACE:                         15:01:42.661853 return    1116                 return value
IE_TRACE:                         Return value:.. TokenInfo(type=55 (OP), string=']', start=(1, 24), end=(1, 25), line='bestvideo[height>=999999]+bestaudio/best')
IE_TRACE:                     Modified var:.. type = 55
IE_TRACE:                     Modified var:.. string = ']'
IE_TRACE:                     Modified var:.. start = (1, 24)
IE_TRACE:                     15:01:42.661880 line       929                 if type == tokenize.OP and string == ']':
IE_TRACE:                     15:01:42.661913 line       930                     return ''.join(filter_parts)
IE_TRACE:                     15:01:42.661938 return     930                     return ''.join(filter_parts)
IE_TRACE:                     Return value:.. 'height>=999999'
IE_TRACE:                 New var:....... format_filter = 'height>=999999'
IE_TRACE:                 15:01:42.661966 line       962                         current_selector.filters.append(format_filter)
IE_TRACE:                 Modified var:.. current_selector = FormatSelector(type='SINGLE', selector='bestvideo', filters=['height>=999999'])
IE_TRACE:                 15:01:42.662006 line       937             for type, string, start, _, _ in tokens:
IE_TRACE:                     Starting var:.. self = <youtube_dl.YoutubeDL.YoutubeDL.build_format_selector.<locals>.TokenIterator object at 0x7389c631cad0>
IE_TRACE:                     15:01:42.662045 call      1111             def __next__(self):
IE_TRACE:                     15:01:42.662069 line      1112                 if self.counter >= len(self.tokens):
IE_TRACE:                     15:01:42.662090 line      1114                 value = self.tokens[self.counter]
IE_TRACE:                     New var:....... value = TokenInfo(type=55 (OP), string='+', start=(1, 25), end=(1, 26), line='bestvideo[height>=999999]+bestaudio/best')
IE_TRACE:                     15:01:42.662110 line      1115                 self.counter += 1
IE_TRACE:                     15:01:42.662136 line      1116                 return value
IE_TRACE:                     15:01:42.662158 return    1116                 return value
IE_TRACE:                     Return value:.. TokenInfo(type=55 (OP), string='+', start=(1, 25), end=(1, 26), line='bestvideo[height>=999999]+bestaudio/best')
IE_TRACE:                 Modified var:.. string = '+'
IE_TRACE:                 Modified var:.. start = (1, 25)
IE_TRACE:                 15:01:42.662185 line       939                 if type == getattr(tokenize, 'ENCODING', None):
IE_TRACE:                 15:01:42.662226 line       941                 elif type in [tokenize.NAME, tokenize.NUMBER]:
IE_TRACE:                 15:01:42.662261 line       943                 elif type == tokenize.OP:
IE_TRACE:                 15:01:42.662296 line       944                     if string in endwith:
IE_TRACE:                 15:01:42.662330 line       946                     elif string == ')':
IE_TRACE:                 15:01:42.662365 line       950                     if string == ',':
IE_TRACE:                 15:01:42.662400 line       953                     elif string == '/':
IE_TRACE:                 15:01:42.662434 line       958                     elif string == '[':
IE_TRACE:                 15:01:42.662469 line       963                     elif string == '(':
IE_TRACE:                 15:01:42.662504 line       967                     elif string == '+':
IE_TRACE:                 15:01:42.662538 line       968                         video_selector = current_selector
IE_TRACE:                 New var:....... video_selector = FormatSelector(type='SINGLE', selector='bestvideo', filters=['height>=999999'])
IE_TRACE:                 15:01:42.662574 line       969                         audio_selector = _parse_format_selection(tokens, [','])
IE_TRACE:                     Starting var:.. tokens = <youtube_dl.YoutubeDL.YoutubeDL.build_format_selector.<locals>.TokenIterator object at 0x7389c631cad0>
IE_TRACE:                     Starting var:.. endwith = [',']
IE_TRACE:                     Starting var:.. FormatSelector = <class 'youtube_dl.YoutubeDL.FormatSelector'>
IE_TRACE:                     Starting var:.. GROUP = 'GROUP'
IE_TRACE:                     Starting var:.. MERGE = 'MERGE'
IE_TRACE:                     Starting var:.. PICKFIRST = 'PICKFIRST'
IE_TRACE:                     Starting var:.. SINGLE = 'SINGLE'
IE_TRACE:                     Starting var:.. _parse_filter = <function YoutubeDL.build_format_selector.<locals>._parse_filter at 0x7389c5e75940>
IE_TRACE:                     Starting var:.. _parse_format_selection = <function YoutubeDL.build_format_selector.<locals>._parse_format_selection at 0x7389c5e74860>
IE_TRACE:                     Starting var:.. syntax_error = <function YoutubeDL.build_format_selector.<locals>.syntax_error at 0x7389c5e751c0>
IE_TRACE:                     15:01:42.662614 call       934         def _parse_format_selection(tokens, endwith=[]):
IE_TRACE:                     15:01:42.662675 line       935             selectors = []
IE_TRACE:                     New var:....... selectors = []
IE_TRACE:                     15:01:42.662706 line       936             current_selector = None
IE_TRACE:                     New var:....... current_selector = None
IE_TRACE:                     15:01:42.662740 line       937             for type, string, start, _, _ in tokens:
IE_TRACE:                         Starting var:.. self = <youtube_dl.YoutubeDL.YoutubeDL.build_format_selector.<locals>.TokenIterator object at 0x7389c631cad0>
IE_TRACE:                         15:01:42.662775 call      1108             def __iter__(self):
IE_TRACE:                         15:01:42.662799 line      1109                 return self
IE_TRACE:                         15:01:42.662820 return    1109                 return self
IE_TRACE:                         Return value:.. <youtube_dl.YoutubeDL.YoutubeDL.build_format_selector.<locals>.TokenIterator object at 0x7389c631cad0>
IE_TRACE:                         Starting var:.. self = <youtube_dl.YoutubeDL.YoutubeDL.build_format_selector.<locals>.TokenIterator object at 0x7389c631cad0>
IE_TRACE:                         15:01:42.662845 call      1111             def __next__(self):
IE_TRACE:                         15:01:42.662871 line      1112                 if self.counter >= len(self.tokens):
IE_TRACE:                         15:01:42.662892 line      1114                 value = self.tokens[self.counter]
IE_TRACE:                         New var:....... value = TokenInfo(type=1 (NAME), string='bestaudio', start=(1, 26), end=(1, 35), line='bestvideo[height>=999999]+bestaudio/best')
IE_TRACE:                         15:01:42.662913 line      1115                 self.counter += 1
IE_TRACE:                         15:01:42.662940 line      1116                 return value
IE_TRACE:                         15:01:42.662963 return    1116                 return value
IE_TRACE:                         Return value:.. TokenInfo(type=1 (NAME), string='bestaudio', start=(1, 26), end=(1, 35), line='bestvideo[height>=999999]+bestaudio/best')
IE_TRACE:                     New var:....... type = 1
IE_TRACE:                     New var:....... string = 'bestaudio'
IE_TRACE:                     New var:....... start = (1, 26)
IE_TRACE:                     New var:....... _ = 'bestvideo[height>=999999]+bestaudio/best'
IE_TRACE:                     15:01:42.662991 line       939                 if type == getattr(tokenize, 'ENCODING', None):
IE_TRACE:                     15:01:42.663036 line       941                 elif type in [tokenize.NAME, tokenize.NUMBER]:
IE_TRACE:                     15:01:42.663071 line       942                     current_selector = FormatSelector(SINGLE, string, [])
IE_TRACE:                         Source path:... <string>
IE_TRACE:                         Starting var:.. _cls = <class 'youtube_dl.YoutubeDL.FormatSelector'>
IE_TRACE:                         Starting var:.. type = 'SINGLE'
IE_TRACE:                         Starting var:.. selector = 'bestaudio'
IE_TRACE:                         Starting var:.. filters = []
IE_TRACE:                         15:01:42.663107 call         1 SOURCE IS UNAVAILABLE
IE_TRACE:                         15:01:42.663146 line         1 SOURCE IS UNAVAILABLE
IE_TRACE:                         15:01:42.663170 return       1 SOURCE IS UNAVAILABLE
IE_TRACE:                         Return value:.. FormatSelector(type='SINGLE', selector='bestaudio', filters=[])
IE_TRACE:                     Source path:... /path/to/BugsInPy/workspace/youtube-dl/youtube_dl/YoutubeDL.py
IE_TRACE:                     Modified var:.. current_selector = FormatSelector(type='SINGLE', selector='bestaudio', filters=[])
IE_TRACE:                     15:01:42.663198 line       937             for type, string, start, _, _ in tokens:
IE_TRACE:                         Starting var:.. self = <youtube_dl.YoutubeDL.YoutubeDL.build_format_selector.<locals>.TokenIterator object at 0x7389c631cad0>
IE_TRACE:                         15:01:42.663241 call      1111             def __next__(self):
IE_TRACE:                         15:01:42.663266 line      1112                 if self.counter >= len(self.tokens):
IE_TRACE:                         15:01:42.663287 line      1114                 value = self.tokens[self.counter]
IE_TRACE:                         New var:....... value = TokenInfo(type=55 (OP), string='/', start=(1, 35), end=(1, 36), line='bestvideo[height>=999999]+bestaudio/best')
IE_TRACE:                         15:01:42.663309 line      1115                 self.counter += 1
IE_TRACE:                         15:01:42.663335 line      1116                 return value
IE_TRACE:                         15:01:42.663358 return    1116                 return value
IE_TRACE:                         Return value:.. TokenInfo(type=55 (OP), string='/', start=(1, 35), end=(1, 36), line='bestvideo[height>=999999]+bestaudio/best')
IE_TRACE:                     Modified var:.. type = 55
IE_TRACE:                     Modified var:.. string = '/'
IE_TRACE:                     Modified var:.. start = (1, 35)
IE_TRACE:                     15:01:42.663386 line       939                 if type == getattr(tokenize, 'ENCODING', None):
IE_TRACE:                     15:01:42.663430 line       941                 elif type in [tokenize.NAME, tokenize.NUMBER]:
IE_TRACE:                     15:01:42.663465 line       943                 elif type == tokenize.OP:
IE_TRACE:                     15:01:42.663500 line       944                     if string in endwith:
IE_TRACE:                     15:01:42.663535 line       946                     elif string == ')':
IE_TRACE:                     15:01:42.663570 line       950                     if string == ',':
IE_TRACE:                     15:01:42.663605 line       953                     elif string == '/':
IE_TRACE:                     15:01:42.663640 line       954                         first_choice = current_selector
IE_TRACE:                     New var:....... first_choice = FormatSelector(type='SINGLE', selector='bestaudio', filters=[])
IE_TRACE:                     15:01:42.663675 line       955                         second_choice = _parse_format_selection(tokens, [','])
IE_TRACE:                         Starting var:.. tokens = <youtube_dl.YoutubeDL.YoutubeDL.build_format_selector.<locals>.TokenIterator object at 0x7389c631cad0>
IE_TRACE:                         Starting var:.. endwith = [',']
IE_TRACE:                         Starting var:.. FormatSelector = <class 'youtube_dl.YoutubeDL.FormatSelector'>
IE_TRACE:                         Starting var:.. GROUP = 'GROUP'
IE_TRACE:                         Starting var:.. MERGE = 'MERGE'
IE_TRACE:                         Starting var:.. PICKFIRST = 'PICKFIRST'
IE_TRACE:                         Starting var:.. SINGLE = 'SINGLE'
IE_TRACE:                         Starting var:.. _parse_filter = <function YoutubeDL.build_format_selector.<locals>._parse_filter at 0x7389c5e75940>
IE_TRACE:                         Starting var:.. _parse_format_selection = <function YoutubeDL.build_format_selector.<locals>._parse_format_selection at 0x7389c5e74860>
IE_TRACE:                         Starting var:.. syntax_error = <function YoutubeDL.build_format_selector.<locals>.syntax_error at 0x7389c5e751c0>
IE_TRACE:                         15:01:42.663715 call       934         def _parse_format_selection(tokens, endwith=[]):
IE_TRACE:                         15:01:42.663775 line       935             selectors = []
IE_TRACE:                         New var:....... selectors = []
IE_TRACE:                         15:01:42.663807 line       936             current_selector = None
IE_TRACE:                         New var:....... current_selector = None
IE_TRACE:                         15:01:42.663841 line       937             for type, string, start, _, _ in tokens:
IE_TRACE:                             Starting var:.. self = <youtube_dl.YoutubeDL.YoutubeDL.build_format_selector.<locals>.TokenIterator object at 0x7389c631cad0>
IE_TRACE:                             15:01:42.663878 call      1108             def __iter__(self):
IE_TRACE:                             15:01:42.663904 line      1109                 return self
IE_TRACE:                             15:01:42.663926 return    1109                 return self
IE_TRACE:                             Return value:.. <youtube_dl.YoutubeDL.YoutubeDL.build_format_selector.<locals>.TokenIterator object at 0x7389c631cad0>
IE_TRACE:                             Starting var:.. self = <youtube_dl.YoutubeDL.YoutubeDL.build_format_selector.<locals>.TokenIterator object at 0x7389c631cad0>
IE_TRACE:                             15:01:42.663951 call      1111             def __next__(self):
IE_TRACE:                             15:01:42.663977 line      1112                 if self.counter >= len(self.tokens):
IE_TRACE:                             15:01:42.663999 line      1114                 value = self.tokens[self.counter]
IE_TRACE:                             New var:....... value = TokenInfo(type=1 (NAME), string='best', start=(1, 36), end=(1, 40), line='bestvideo[height>=999999]+bestaudio/best')
IE_TRACE:                             15:01:42.664022 line      1115                 self.counter += 1
IE_TRACE:                             15:01:42.664048 line      1116                 return value
IE_TRACE:                             15:01:42.664073 return    1116                 return value
IE_TRACE:                             Return value:.. TokenInfo(type=1 (NAME), string='best', start=(1, 36), end=(1, 40), line='bestvideo[height>=999999]+bestaudio/best')
IE_TRACE:                         New var:....... type = 1
IE_TRACE:                         New var:....... string = 'best'
IE_TRACE:                         New var:....... start = (1, 36)
IE_TRACE:                         New var:....... _ = 'bestvideo[height>=999999]+bestaudio/best'
IE_TRACE:                         15:01:42.664101 line       939                 if type == getattr(tokenize, 'ENCODING', None):
IE_TRACE:                         15:01:42.664149 line       941                 elif type in [tokenize.NAME, tokenize.NUMBER]:
IE_TRACE:                         15:01:42.664185 line       942                     current_selector = FormatSelector(SINGLE, string, [])
IE_TRACE:                             Source path:... <string>
IE_TRACE:                             Starting var:.. _cls = <class 'youtube_dl.YoutubeDL.FormatSelector'>
IE_TRACE:                             Starting var:.. type = 'SINGLE'
IE_TRACE:                             Starting var:.. selector = 'best'
IE_TRACE:                             Starting var:.. filters = []
IE_TRACE:                             15:01:42.664221 call         1 SOURCE IS UNAVAILABLE
IE_TRACE:                             15:01:42.664260 line         1 SOURCE IS UNAVAILABLE
IE_TRACE:                             15:01:42.664284 return       1 SOURCE IS UNAVAILABLE
IE_TRACE:                             Return value:.. FormatSelector(type='SINGLE', selector='best', filters=[])
IE_TRACE:                         Source path:... /path/to/BugsInPy/workspace/youtube-dl/youtube_dl/YoutubeDL.py
IE_TRACE:                         Modified var:.. current_selector = FormatSelector(type='SINGLE', selector='best', filters=[])
IE_TRACE:                         15:01:42.664313 line       937             for type, string, start, _, _ in tokens:
IE_TRACE:                             Starting var:.. self = <youtube_dl.YoutubeDL.YoutubeDL.build_format_selector.<locals>.TokenIterator object at 0x7389c631cad0>
IE_TRACE:                             15:01:42.664355 call      1111             def __next__(self):
IE_TRACE:                             15:01:42.664381 line      1112                 if self.counter >= len(self.tokens):
IE_TRACE:                             15:01:42.664403 line      1114                 value = self.tokens[self.counter]
IE_TRACE:                             New var:....... value = TokenInfo(type=4 (NEWLINE), string='', start=(1, 40), end=(1, 41), line='bestvideo[height>=999999]+bestaudio/best')
IE_TRACE:                             15:01:42.664425 line      1115                 self.counter += 1
IE_TRACE:                             15:01:42.664452 line      1116                 return value
IE_TRACE:                             15:01:42.664476 return    1116                 return value
IE_TRACE:                             Return value:.. TokenInfo(type=4 (NEWLINE), string='', start=(1, 40), end=(1, 41), line='bestvideo[height>=999999]+bestaudio/best')
IE_TRACE:                         Modified var:.. type = 4
IE_TRACE:                         Modified var:.. string = ''
IE_TRACE:                         Modified var:.. start = (1, 40)
IE_TRACE:                         15:01:42.664505 line       939                 if type == getattr(tokenize, 'ENCODING', None):
IE_TRACE:                         15:01:42.664549 line       941                 elif type in [tokenize.NAME, tokenize.NUMBER]:
IE_TRACE:                         15:01:42.664586 line       943                 elif type == tokenize.OP:
IE_TRACE:                         15:01:42.664622 line       974                 elif type == tokenize.ENDMARKER:
IE_TRACE:                         15:01:42.664658 line       937             for type, string, start, _, _ in tokens:
IE_TRACE:                             Starting var:.. self = <youtube_dl.YoutubeDL.YoutubeDL.build_format_selector.<locals>.TokenIterator object at 0x7389c631cad0>
IE_TRACE:                             15:01:42.664695 call      1111             def __next__(self):
IE_TRACE:                             15:01:42.664721 line      1112                 if self.counter >= len(self.tokens):
IE_TRACE:                             15:01:42.664743 line      1114                 value = self.tokens[self.counter]
IE_TRACE:                             New var:....... value = TokenInfo(type=0 (ENDMARKER), string='', start=(2, 0), end=(2, 0), line='')
IE_TRACE:                             15:01:42.664765 line      1115                 self.counter += 1
IE_TRACE:                             15:01:42.664792 line      1116                 return value
IE_TRACE:                             15:01:42.664817 return    1116                 return value
IE_TRACE:                             Return value:.. TokenInfo(type=0 (ENDMARKER), string='', start=(2, 0), end=(2, 0), line='')
IE_TRACE:                         Modified var:.. type = 0
IE_TRACE:                         Modified var:.. start = (2, 0)
IE_TRACE:                         Modified var:.. _ = ''
IE_TRACE:                         15:01:42.664845 line       939                 if type == getattr(tokenize, 'ENCODING', None):
IE_TRACE:                         15:01:42.664892 line       941                 elif type in [tokenize.NAME, tokenize.NUMBER]:
IE_TRACE:                         15:01:42.664928 line       943                 elif type == tokenize.OP:
IE_TRACE:                         15:01:42.664963 line       974                 elif type == tokenize.ENDMARKER:
IE_TRACE:                         15:01:42.664999 line       975                     break
IE_TRACE:                         15:01:42.665035 line       976             if current_selector:
IE_TRACE:                         15:01:42.665070 line       977                 selectors.append(current_selector)
IE_TRACE:                         Modified var:.. selectors = [FormatSelector(type='SINGLE', selector='best', filters=[])]
IE_TRACE:                         15:01:42.665106 line       978             return selectors
IE_TRACE:                         15:01:42.665145 return     978             return selectors
IE_TRACE:                         Return value:.. [FormatSelector(type='SINGLE', selector='best', filters=[])]
IE_TRACE:                     New var:....... second_choice = [FormatSelector(type='SINGLE', selector='best', filters=[])]
IE_TRACE:                     15:01:42.665187 line       956                         current_selector = None
IE_TRACE:                     Modified var:.. current_selector = None
IE_TRACE:                     15:01:42.665228 line       957                         selectors.append(FormatSelector(PICKFIRST, (first_choice, second_choice), []))
IE_TRACE:                         Source path:... <string>
IE_TRACE:                         Starting var:.. _cls = <class 'youtube_dl.YoutubeDL.FormatSelector'>
IE_TRACE:                         Starting var:.. type = 'PICKFIRST'
IE_TRACE:                         Starting var:.. selector = (FormatSelector(type='SINGLE', selector='bestaudio', filters=[]), [FormatSelector(type='SINGLE', selector='best', filters=[])])
IE_TRACE:                         Starting var:.. filters = []
IE_TRACE:                         15:01:42.665269 call         1 SOURCE IS UNAVAILABLE
IE_TRACE:                         15:01:42.665307 line         1 SOURCE IS UNAVAILABLE
IE_TRACE:                         15:01:42.665332 return       1 SOURCE IS UNAVAILABLE
IE_TRACE:                         Return value:.. FormatSelector(type='PICKFIRST', selector=(FormatSelector(type='SINGLE', selector='bestaudio', filters=[]), [FormatSelector(type='SINGLE', selector='best', filters=[])]), filters=[])
IE_TRACE:                     Source path:... /path/to/BugsInPy/workspace/youtube-dl/youtube_dl/YoutubeDL.py
IE_TRACE:                     Modified var:.. selectors = [FormatSelector(type='PICKFIRST', selector=(FormatSelector(type='SINGLE', selector='bestaudio', filters=[]), [FormatSelector(type='SINGLE', selector='best', filters=[])]), filters=[])]
IE_TRACE:                     15:01:42.665362 line       937             for type, string, start, _, _ in tokens:
IE_TRACE:                         Starting var:.. self = <youtube_dl.YoutubeDL.YoutubeDL.build_format_selector.<locals>.TokenIterator object at 0x7389c631cad0>
IE_TRACE:                         15:01:42.665407 call      1111             def __next__(self):
IE_TRACE:                         15:01:42.665432 line      1112                 if self.counter >= len(self.tokens):
IE_TRACE:                         15:01:42.665454 line      1113                     raise StopIteration()
IE_TRACE:                         15:01:42.665476 exception 1113                     raise StopIteration()
IE_TRACE:                         Exception:..... StopIteration
IE_TRACE:                         Call ended by exception
IE_TRACE:                     15:01:42.665534 exception  937             for type, string, start, _, _ in tokens:
IE_TRACE:                     Exception:..... StopIteration
IE_TRACE:                     15:01:42.665584 line       976             if current_selector:
IE_TRACE:                     15:01:42.665624 line       978             return selectors
IE_TRACE:                     15:01:42.665663 return     978             return selectors
IE_TRACE:                     Return value:.. [FormatSelector(type='PICKFIRST', selector=(FormatSelector(type='SINGLE', selector='bestaudio', filters=[]), [FormatSelector(type='SINGLE', selector='best', filters=[])]), filters=[])]
IE_TRACE:                 New var:....... audio_selector = [FormatSelector(type='PICKFIRST', selector=(FormatSelector(type='SINGLE', selector='bestaudio', filters=[]), [FormatSelector(type='SINGLE', selector='best', filters=[])]), filters=[])]
IE_TRACE:                 15:01:42.665707 line       970                         current_selector = None
IE_TRACE:                 Modified var:.. current_selector = None
IE_TRACE:                 15:01:42.665749 line       971                         selectors.append(FormatSelector(MERGE, (video_selector, audio_selector), []))
IE_TRACE:                     Source path:... <string>
IE_TRACE:                     Starting var:.. _cls = <class 'youtube_dl.YoutubeDL.FormatSelector'>
IE_TRACE:                     Starting var:.. type = 'MERGE'
IE_TRACE:                     Starting var:.. selector = (FormatSelector(type='SINGLE', selector='bestvideo', filters=['height>=999999']), [FormatSelector(type='PICKFIRST', selector=(FormatSelector(type='SINGLE', selector='bestaudio', filters=[]), [FormatSelector(type='SINGLE', selector='best', filters=[])]), filters=[])])
IE_TRACE:                     Starting var:.. filters = []
IE_TRACE:                     15:01:42.665790 call         1 SOURCE IS UNAVAILABLE
IE_TRACE:                     15:01:42.665829 line         1 SOURCE IS UNAVAILABLE
IE_TRACE:                     15:01:42.665854 return       1 SOURCE IS UNAVAILABLE
IE_TRACE:                     Return value:.. FormatSelector(type='MERGE', selector=(FormatSelector(type='SINGLE', selector='bestvideo', filters=['height>=999999']), [FormatSelector(type='PICKFIRST', selector=(FormatSelector(type='SINGLE', selector='bestaudio', filters=[]), [FormatSelector(type='SINGLE', selector='best', filters=[])]), filters=[])]), filters=[])
IE_TRACE:                 Source path:... /path/to/BugsInPy/workspace/youtube-dl/youtube_dl/YoutubeDL.py
IE_TRACE:                 Modified var:.. selectors = [FormatSelector(type='MERGE', selector=(FormatSelector(type='SINGLE', selector='bestvideo', filters=['height>=999999']), [FormatSelector(type='PICKFIRST', selector=(FormatSelector(type='SINGLE', selector='bestaudio', filters=[]), [FormatSelector(type='SINGLE', selector='best', filters=[])]), filters=[])]), filters=[])]
IE_TRACE:                 15:01:42.665884 line       937             for type, string, start, _, _ in tokens:
IE_TRACE:                     Starting var:.. self = <youtube_dl.YoutubeDL.YoutubeDL.build_format_selector.<locals>.TokenIterator object at 0x7389c631cad0>
IE_TRACE:                     15:01:42.665932 call      1111             def __next__(self):
IE_TRACE:                     15:01:42.665957 line      1112                 if self.counter >= len(self.tokens):
IE_TRACE:                     15:01:42.665978 line      1113                     raise StopIteration()
IE_TRACE:                     15:01:42.665999 exception 1113                     raise StopIteration()
IE_TRACE:                     Exception:..... StopIteration
IE_TRACE:                     Call ended by exception
IE_TRACE:                 15:01:42.666048 exception  937             for type, string, start, _, _ in tokens:
IE_TRACE:                 Exception:..... StopIteration
IE_TRACE:                 15:01:42.666097 line       976             if current_selector:
IE_TRACE:                 15:01:42.666138 line       978             return selectors
IE_TRACE:                 15:01:42.666178 return     978             return selectors
IE_TRACE:                 Return value:.. [FormatSelector(type='MERGE', selector=(FormatSelector(type='SINGLE', selector='bestvideo', filters=['height>=999999']), [FormatSelector(type='PICKFIRST', selector=(FormatSelector(type='SINGLE', selector='bestaudio', filters=[]), [FormatSelector(type='SINGLE', selector='best', filters=[])]), filters=[])]), filters=[])]
IE_TRACE:             New var:....... parsed_selector = [FormatSelector(type='MERGE', selector=(FormatSelector(type='SINGLE', selector='bestvideo', filters=['height>=999999']), [FormatSelector(type='PICKFIRST', selector=(FormatSelector(type='SINGLE', selector='bestaudio', filters=[]), [FormatSelector(type='SINGLE', selector='best', filters=[])]), filters=[])]), filters=[])]
IE_TRACE:             15:01:42.666224 line      1124         return _build_selector_function(parsed_selector)
IE_TRACE:                 Starting var:.. selector = [FormatSelector(type='MERGE', selector=(FormatSelector(type='SINGLE', selector='bestvideo', filters=['height>=999999']), [FormatSelector(type='PICKFIRST', selector=(FormatSelector(type='SINGLE', selector='bestaudio', filters=[]), [FormatSelector(type='SINGLE', selector='best', filters=[])]), filters=[])]), filters=[])]
IE_TRACE:                 Starting var:.. GROUP = 'GROUP'
IE_TRACE:                 Starting var:.. MERGE = 'MERGE'
IE_TRACE:                 Starting var:.. PICKFIRST = 'PICKFIRST'
IE_TRACE:                 Starting var:.. SINGLE = 'SINGLE'
IE_TRACE:                 Starting var:.. _build_selector_function = <function YoutubeDL.build_format_selector.<locals>._build_selector_function at 0x7389c5e747c0>
IE_TRACE:                 Starting var:.. self = <test.test_YoutubeDL.YDL object at 0x7389c631d0a0>
IE_TRACE:                 15:01:42.666289 call       980         def _build_selector_function(selector):
IE_TRACE:                 15:01:42.666345 line       981             if isinstance(selector, list):
IE_TRACE:                 15:01:42.666378 line       982                 fs = [_build_selector_function(s) for s in selector]
IE_TRACE:                     Starting var:.. selector = FormatSelector(type='MERGE', selector=(FormatSelector(type='SINGLE', selector='bestvideo', filters=['height>=999999']), [FormatSelector(type='PICKFIRST', selector=(FormatSelector(type='SINGLE', selector='bestaudio', filters=[]), [FormatSelector(type='SINGLE', selector='best', filters=[])]), filters=[])]), filters=[])
IE_TRACE:                     Starting var:.. GROUP = 'GROUP'
IE_TRACE:                     Starting var:.. MERGE = 'MERGE'
IE_TRACE:                     Starting var:.. PICKFIRST = 'PICKFIRST'
IE_TRACE:                     Starting var:.. SINGLE = 'SINGLE'
IE_TRACE:                     Starting var:.. _build_selector_function = <function YoutubeDL.build_format_selector.<locals>._build_selector_function at 0x7389c5e747c0>
IE_TRACE:                     Starting var:.. self = <test.test_YoutubeDL.YDL object at 0x7389c631d0a0>
IE_TRACE:                     15:01:42.666412 call       980         def _build_selector_function(selector):
IE_TRACE:                     15:01:42.666468 line       981             if isinstance(selector, list):
IE_TRACE:                     15:01:42.666502 line       989             elif selector.type == GROUP:
IE_TRACE:                     15:01:42.666536 line       991             elif selector.type == PICKFIRST:
IE_TRACE:                     15:01:42.666571 line      1000             elif selector.type == SINGLE:
IE_TRACE:                     15:01:42.666605 line      1051             elif selector.type == MERGE:
IE_TRACE:                     15:01:42.666639 line      1052                 def _merge(formats_info):
IE_TRACE:                     New var:....... _merge = <function YoutubeDL.build_format_selector.<locals>._build_selector_function.<locals>._merge at 0x7389c5e753a0>
IE_TRACE:                     15:01:42.666672 line      1082                 video_selector, audio_selector = map(_build_selector_function, selector.selector)
IE_TRACE:                         Starting var:.. selector = FormatSelector(type='SINGLE', selector='bestvideo', filters=['height>=999999'])
IE_TRACE:                         Starting var:.. GROUP = 'GROUP'
IE_TRACE:                         Starting var:.. MERGE = 'MERGE'
IE_TRACE:                         Starting var:.. PICKFIRST = 'PICKFIRST'
IE_TRACE:                         Starting var:.. SINGLE = 'SINGLE'
IE_TRACE:                         Starting var:.. _build_selector_function = <function YoutubeDL.build_format_selector.<locals>._build_selector_function at 0x7389c5e747c0>
IE_TRACE:                         Starting var:.. self = <test.test_YoutubeDL.YDL object at 0x7389c631d0a0>
IE_TRACE:                         15:01:42.666715 call       980         def _build_selector_function(selector):
IE_TRACE:                         15:01:42.666769 line       981             if isinstance(selector, list):
IE_TRACE:                         15:01:42.666805 line       989             elif selector.type == GROUP:
IE_TRACE:                         15:01:42.666840 line       991             elif selector.type == PICKFIRST:
IE_TRACE:                         15:01:42.666875 line      1000             elif selector.type == SINGLE:
IE_TRACE:                         15:01:42.666910 line      1001                 format_spec = selector.selector
IE_TRACE:                         New var:....... format_spec = 'bestvideo'
IE_TRACE:                         15:01:42.666945 line      1003                 def selector_function(formats):
IE_TRACE:                         New var:....... selector_function = <function YoutubeDL.build_format_selector.<locals>._build_selector_function.<locals>.selector_function at 0x7389c5e74a40>
IE_TRACE:                         15:01:42.666985 line      1089             filters = [self._build_format_filter(f) for f in selector.filters]
IE_TRACE:                             Starting var:.. self = <test.test_YoutubeDL.YDL object at 0x7389c631d0a0>
IE_TRACE:                             Starting var:.. filter_spec = 'height>=999999'
IE_TRACE:                             15:01:42.667038 call       856     def _build_format_filter(self, filter_spec):
IE_TRACE:                             15:01:42.667077 line       860             '<': operator.lt,
IE_TRACE:                             15:01:42.667110 line       861             '<=': operator.le,
IE_TRACE:                             15:01:42.667143 line       862             '>': operator.gt,
IE_TRACE:                             15:01:42.667187 line       863             '>=': operator.ge,
IE_TRACE:                             15:01:42.667226 line       864             '=': operator.eq,
IE_TRACE:                             15:01:42.667258 line       865             '!=': operator.ne,
IE_TRACE:                             15:01:42.667289 line       859         OPERATORS = {
IE_TRACE:                             New var:....... OPERATORS = {'<': <built-in function lt>, '<=': <built-in function le>, '>': <built-in function gt>, '>=': <built-in function ge>, '=': <built-in function eq>, '!=': <built-in function ne>}
IE_TRACE:                             15:01:42.667321 line       867         operator_rex = re.compile(r'''(?x)\s*
IE_TRACE:                             15:01:42.667362 line       872             ''' % '|'.join(map(re.escape, OPERATORS.keys())))
IE_TRACE:                             Source path:... /path/to/BugsInPy/workspace/youtube-dl/youtube_dl/YoutubeDL.py
IE_TRACE:                             15:01:42.668155 line       867         operator_rex = re.compile(r'''(?x)\s*
IE_TRACE:                             Source path:... /path/to/BugsInPy/workspace/youtube-dl/youtube_dl/YoutubeDL.py
IE_TRACE:                             New var:....... operator_rex = re.compile('(?x)\\s*\n            (?P<key>width|height|tbr|abr|vbr|asr|filesize|fps)\n            \\s*(?P<op><|<=|>|>=|=|!=)(?P<none_inclusive>\\s*\\?)?\\s*\n            (?P<value>[0-9.]+(?:[kKmMgGtTpPeEzZyY]i?[, re.VERBOSE)
IE_TRACE:                             15:01:42.687595 line       873         m = operator_rex.search(filter_spec)
IE_TRACE:                             New var:....... m = <re.Match object; span=(0, 14), match='height>=999999'>
IE_TRACE:                             15:01:42.687668 line       874         if m:
IE_TRACE:                             15:01:42.687725 line       875             try:
IE_TRACE:                             15:01:42.687771 line       876                 comparison_value = int(m.group('value'))
IE_TRACE:                             New var:....... comparison_value = 999999
IE_TRACE:                             15:01:42.687818 line       885             op = OPERATORS[m.group('op')]
IE_TRACE:                             New var:....... op = <built-in function ge>
IE_TRACE:                             15:01:42.687872 line       887         if not m:
IE_TRACE:                             15:01:42.687925 line       903         if not m:
IE_TRACE:                             15:01:42.687973 line       906         def _filter(f):
IE_TRACE:                             New var:....... _filter = <function YoutubeDL._build_format_filter.<locals>._filter at 0x7389c5e75120>
IE_TRACE:                             15:01:42.688019 line       911         return _filter
IE_TRACE:                             15:01:42.688071 return     911         return _filter
IE_TRACE:                             Return value:.. <function YoutubeDL._build_format_filter.<locals>._filter at 0x7389c5e75120>
IE_TRACE:                         New var:....... f = 'height>=999999'
IE_TRACE:                         15:01:42.688125 line      1089             filters = [self._build_format_filter(f) for f in selector.filters]
IE_TRACE:                         New var:....... filters = [<function YoutubeDL._build_format_filter.<locals>._filter at 0x7389c5e75120>]
IE_TRACE:                         15:01:42.688194 line      1091             def final_selector(formats):
IE_TRACE:                         New var:....... final_selector = <function YoutubeDL.build_format_selector.<locals>._build_selector_function.<locals>.final_selector at 0x7389c5e75260>
IE_TRACE:                         15:01:42.688252 line      1095             return final_selector
IE_TRACE:                         15:01:42.688309 return    1095             return final_selector
IE_TRACE:                         Return value:.. <function YoutubeDL.build_format_selector.<locals>._build_selector_function.<locals>.final_selector at 0x7389c5e75260>
IE_TRACE:                         Starting var:.. selector = [FormatSelector(type='PICKFIRST', selector=(FormatSelector(type='SINGLE', selector='bestaudio', filters=[]), [FormatSelector(type='SINGLE', selector='best', filters=[])]), filters=[])]
IE_TRACE:                         Starting var:.. GROUP = 'GROUP'
IE_TRACE:                         Starting var:.. MERGE = 'MERGE'
IE_TRACE:                         Starting var:.. PICKFIRST = 'PICKFIRST'
IE_TRACE:                         Starting var:.. SINGLE = 'SINGLE'
IE_TRACE:                         Starting var:.. _build_selector_function = <function YoutubeDL.build_format_selector.<locals>._build_selector_function at 0x7389c5e747c0>
IE_TRACE:                         Starting var:.. self = <test.test_YoutubeDL.YDL object at 0x7389c631d0a0>
IE_TRACE:                         15:01:42.688368 call       980         def _build_selector_function(selector):
IE_TRACE:                         15:01:42.688448 line       981             if isinstance(selector, list):
IE_TRACE:                         15:01:42.688496 line       982                 fs = [_build_selector_function(s) for s in selector]
IE_TRACE:                             Starting var:.. selector = FormatSelector(type='PICKFIRST', selector=(FormatSelector(type='SINGLE', selector='bestaudio', filters=[]), [FormatSelector(type='SINGLE', selector='best', filters=[])]), filters=[])
IE_TRACE:                             Starting var:.. GROUP = 'GROUP'
IE_TRACE:                             Starting var:.. MERGE = 'MERGE'
IE_TRACE:                             Starting var:.. PICKFIRST = 'PICKFIRST'
IE_TRACE:                             Starting var:.. SINGLE = 'SINGLE'
IE_TRACE:                             Starting var:.. _build_selector_function = <function YoutubeDL.build_format_selector.<locals>._build_selector_function at 0x7389c5e747c0>
IE_TRACE:                             Starting var:.. self = <test.test_YoutubeDL.YDL object at 0x7389c631d0a0>
IE_TRACE:                             15:01:42.688548 call       980         def _build_selector_function(selector):
IE_TRACE:                             15:01:42.688633 line       981             if isinstance(selector, list):
IE_TRACE:                             15:01:42.688682 line       989             elif selector.type == GROUP:
IE_TRACE:                             15:01:42.688733 line       991             elif selector.type == PICKFIRST:
IE_TRACE:                             15:01:42.688784 line       992                 fs = [_build_selector_function(s) for s in selector.selector]
IE_TRACE:                                 Starting var:.. selector = FormatSelector(type='SINGLE', selector='bestaudio', filters=[])
IE_TRACE:                                 Starting var:.. GROUP = 'GROUP'
IE_TRACE:                                 Starting var:.. MERGE = 'MERGE'
IE_TRACE:                                 Starting var:.. PICKFIRST = 'PICKFIRST'
IE_TRACE:                                 Starting var:.. SINGLE = 'SINGLE'
IE_TRACE:                                 Starting var:.. _build_selector_function = <function YoutubeDL.build_format_selector.<locals>._build_selector_function at 0x7389c5e747c0>
IE_TRACE:                                 Starting var:.. self = <test.test_YoutubeDL.YDL object at 0x7389c631d0a0>
IE_TRACE:                                 15:01:42.688838 call       980         def _build_selector_function(selector):
IE_TRACE:                                 15:01:42.688916 line       981             if isinstance(selector, list):
IE_TRACE:                                 15:01:42.688968 line       989             elif selector.type == GROUP:
IE_TRACE:                                 15:01:42.689020 line       991             elif selector.type == PICKFIRST:
IE_TRACE:                                 15:01:42.689071 line      1000             elif selector.type == SINGLE:
IE_TRACE:                                 15:01:42.689122 line      1001                 format_spec = selector.selector
IE_TRACE:                                 New var:....... format_spec = 'bestaudio'
IE_TRACE:                                 15:01:42.689174 line      1003                 def selector_function(formats):
IE_TRACE:                                 New var:....... selector_function = <function YoutubeDL.build_format_selector.<locals>._build_selector_function.<locals>.selector_function at 0x7389c5e75580>
IE_TRACE:                                 15:01:42.689231 line      1089             filters = [self._build_format_filter(f) for f in selector.filters]
IE_TRACE:                                 New var:....... filters = []
IE_TRACE:                                 15:01:42.689290 line      1091             def final_selector(formats):
IE_TRACE:                                 New var:....... final_selector = <function YoutubeDL.build_format_selector.<locals>._build_selector_function.<locals>.final_selector at 0x7389c5e74fe0>
IE_TRACE:                                 15:01:42.689349 line      1095             return final_selector
IE_TRACE:                                 15:01:42.689410 return    1095             return final_selector
IE_TRACE:                                 Return value:.. <function YoutubeDL.build_format_selector.<locals>._build_selector_function.<locals>.final_selector at 0x7389c5e74fe0>
IE_TRACE:                             New var:....... s = FormatSelector(type='SINGLE', selector='bestaudio', filters=[])
IE_TRACE:                             15:01:42.689472 line       992                 fs = [_build_selector_function(s) for s in selector.selector]
IE_TRACE:                                 Starting var:.. selector = [FormatSelector(type='SINGLE', selector='best', filters=[])]
IE_TRACE:                                 Starting var:.. GROUP = 'GROUP'
IE_TRACE:                                 Starting var:.. MERGE = 'MERGE'
IE_TRACE:                                 Starting var:.. PICKFIRST = 'PICKFIRST'
IE_TRACE:                                 Starting var:.. SINGLE = 'SINGLE'
IE_TRACE:                                 Starting var:.. _build_selector_function = <function YoutubeDL.build_format_selector.<locals>._build_selector_function at 0x7389c5e747c0>
IE_TRACE:                                 Starting var:.. self = <test.test_YoutubeDL.YDL object at 0x7389c631d0a0>
IE_TRACE:                                 15:01:42.689533 call       980         def _build_selector_function(selector):
IE_TRACE:                                 15:01:42.689614 line       981             if isinstance(selector, list):
IE_TRACE:                                 15:01:42.689668 line       982                 fs = [_build_selector_function(s) for s in selector]
IE_TRACE:                                     Starting var:.. selector = FormatSelector(type='SINGLE', selector='best', filters=[])
IE_TRACE:                                     Starting var:.. GROUP = 'GROUP'
IE_TRACE:                                     Starting var:.. MERGE = 'MERGE'
IE_TRACE:                                     Starting var:.. PICKFIRST = 'PICKFIRST'
IE_TRACE:                                     Starting var:.. SINGLE = 'SINGLE'
IE_TRACE:                                     Starting var:.. _build_selector_function = <function YoutubeDL.build_format_selector.<locals>._build_selector_function at 0x7389c5e747c0>
IE_TRACE:                                     Starting var:.. self = <test.test_YoutubeDL.YDL object at 0x7389c631d0a0>
IE_TRACE:                                     15:01:42.689724 call       980         def _build_selector_function(selector):
IE_TRACE:                                     15:01:42.689806 line       981             if isinstance(selector, list):
IE_TRACE:                                     15:01:42.689862 line       989             elif selector.type == GROUP:
IE_TRACE:                                     15:01:42.689916 line       991             elif selector.type == PICKFIRST:
IE_TRACE:                                     15:01:42.689973 line      1000             elif selector.type == SINGLE:
IE_TRACE:                                     15:01:42.690028 line      1001                 format_spec = selector.selector
IE_TRACE:                                     New var:....... format_spec = 'best'
IE_TRACE:                                     15:01:42.690082 line      1003                 def selector_function(formats):
IE_TRACE:                                     New var:....... selector_function = <function YoutubeDL.build_format_selector.<locals>._build_selector_function.<locals>.selector_function at 0x7389c5e75a80>
IE_TRACE:                                     15:01:42.690141 line      1089             filters = [self._build_format_filter(f) for f in selector.filters]
IE_TRACE:                                     New var:....... filters = []
IE_TRACE:                                     15:01:42.690205 line      1091             def final_selector(formats):
IE_TRACE:                                     New var:....... final_selector = <function YoutubeDL.build_format_selector.<locals>._build_selector_function.<locals>.final_selector at 0x7389c5e759e0>
IE_TRACE:                                     15:01:42.690269 line      1095             return final_selector
IE_TRACE:                                     15:01:42.690337 return    1095             return final_selector
IE_TRACE:                                     Return value:.. <function YoutubeDL.build_format_selector.<locals>._build_selector_function.<locals>.final_selector at 0x7389c5e759e0>
IE_TRACE:                                 New var:....... s = FormatSelector(type='SINGLE', selector='best', filters=[])
IE_TRACE:                                 15:01:42.690399 line       982                 fs = [_build_selector_function(s) for s in selector]
IE_TRACE:                                 New var:....... fs = [<function YoutubeDL.build_format_selector.<locals>._build_selector_function.<locals>.final_selector at 0x7389c5e759e0>]
IE_TRACE:                                 15:01:42.690458 line       984                 def selector_function(formats):
IE_TRACE:                                 New var:....... selector_function = <function YoutubeDL.build_format_selector.<locals>._build_selector_function.<locals>.selector_function at 0x7389c5e75e40>
IE_TRACE:                                 15:01:42.690516 line       988                 return selector_function
IE_TRACE:                                 15:01:42.690576 return     988                 return selector_function
IE_TRACE:                                 Return value:.. <function YoutubeDL.build_format_selector.<locals>._build_selector_function.<locals>.selector_function at 0x7389c5e75e40>
IE_TRACE:                             Modified var:.. s = [FormatSelector(type='SINGLE', selector='best', filters=[])]
IE_TRACE:                             15:01:42.690635 line       992                 fs = [_build_selector_function(s) for s in selector.selector]
IE_TRACE:                             New var:....... fs = [<function YoutubeDL.build_format_selector.<locals>._build_selector_function.<locals>.final_selector at 0x7389c5e74fe0>, <function YoutubeDL.build_format_selector.<locals>._build_selector_function.<locals>.selector_function at 0x7389c5e75e40>]
IE_TRACE:                             15:01:42.690692 line       994                 def selector_function(formats):
IE_TRACE:                             New var:....... selector_function = <function YoutubeDL.build_format_selector.<locals>._build_selector_function.<locals>.selector_function at 0x7389c5e758a0>
IE_TRACE:                             15:01:42.690750 line      1089             filters = [self._build_format_filter(f) for f in selector.filters]
IE_TRACE:                             New var:....... filters = []
IE_TRACE:                             15:01:42.690806 line      1091             def final_selector(formats):
IE_TRACE:                             New var:....... final_selector = <function YoutubeDL.build_format_selector.<locals>._build_selector_function.<locals>.final_selector at 0x7389c5e756c0>
IE_TRACE:                             15:01:42.690864 line      1095             return final_selector
IE_TRACE:                             15:01:42.690923 return    1095             return final_selector
IE_TRACE:                             Return value:.. <function YoutubeDL.build_format_selector.<locals>._build_selector_function.<locals>.final_selector at 0x7389c5e756c0>
IE_TRACE:                         New var:....... s = FormatSelector(type='PICKFIRST', selector=(FormatSelector(type='SINGLE', selector='bestaudio', filters=[]), [FormatSelector(type='SINGLE', selector='best', filters=[])]), filters=[])
IE_TRACE:                         15:01:42.690992 line       982                 fs = [_build_selector_function(s) for s in selector]
IE_TRACE:                         New var:....... fs = [<function YoutubeDL.build_format_selector.<locals>._build_selector_function.<locals>.final_selector at 0x7389c5e756c0>]
IE_TRACE:                         15:01:42.691047 line       984                 def selector_function(formats):
IE_TRACE:                         New var:....... selector_function = <function YoutubeDL.build_format_selector.<locals>._build_selector_function.<locals>.selector_function at 0x7389c5e75ee0>
IE_TRACE:                         15:01:42.691098 line       988                 return selector_function
IE_TRACE:                         15:01:42.691150 return     988                 return selector_function
IE_TRACE:                         Return value:.. <function YoutubeDL.build_format_selector.<locals>._build_selector_function.<locals>.selector_function at 0x7389c5e75ee0>
IE_TRACE:                     New var:....... audio_selector = <function YoutubeDL.build_format_selector.<locals>._build_selector_function.<locals>.selector_function at 0x7389c5e75ee0>
IE_TRACE:                     New var:....... video_selector = <function YoutubeDL.build_format_selector.<locals>._build_selector_function.<locals>.final_selector at 0x7389c5e75260>
IE_TRACE:                     15:01:42.691202 line      1084                 def selector_function(formats):
IE_TRACE:                     New var:....... selector_function = <function YoutubeDL.build_format_selector.<locals>._build_selector_function.<locals>.selector_function at 0x7389c5e75b20>
IE_TRACE:                     15:01:42.691264 line      1089             filters = [self._build_format_filter(f) for f in selector.filters]
IE_TRACE:                     New var:....... filters = []
IE_TRACE:                     15:01:42.691323 line      1091             def final_selector(formats):
IE_TRACE:                     New var:....... final_selector = <function YoutubeDL.build_format_selector.<locals>._build_selector_function.<locals>.final_selector at 0x7389c5e74c20>
IE_TRACE:                     15:01:42.691381 line      1095             return final_selector
IE_TRACE:                     15:01:42.691441 return    1095             return final_selector
IE_TRACE:                     Return value:.. <function YoutubeDL.build_format_selector.<locals>._build_selector_function.<locals>.final_selector at 0x7389c5e74c20>
IE_TRACE:                 New var:....... s = FormatSelector(type='MERGE', selector=(FormatSelector(type='SINGLE', selector='bestvideo', filters=['height>=999999']), [FormatSelector(type='PICKFIRST', selector=(FormatSelector(type='SINGLE', selector='bestaudio', filters=[]), [FormatSelector(type='SINGLE', selector='best', filters=[])]), filters=[])]), filters=[])
IE_TRACE:                 15:01:42.691496 line       982                 fs = [_build_selector_function(s) for s in selector]
IE_TRACE:                 New var:....... fs = [<function YoutubeDL.build_format_selector.<locals>._build_selector_function.<locals>.final_selector at 0x7389c5e74c20>]
IE_TRACE:                 15:01:42.691550 line       984                 def selector_function(formats):
IE_TRACE:                 New var:....... selector_function = <function YoutubeDL.build_format_selector.<locals>._build_selector_function.<locals>.selector_function at 0x7389c5e76160>
IE_TRACE:                 15:01:42.691601 line       988                 return selector_function
IE_TRACE:                 15:01:42.691811 return     988                 return selector_function
IE_TRACE:                 Return value:.. <function YoutubeDL.build_format_selector.<locals>._build_selector_function.<locals>.selector_function at 0x7389c5e76160>
IE_TRACE:             15:01:42.691976 return    1124         return _build_selector_function(parsed_selector)
IE_TRACE:             Return value:.. <function YoutubeDL.build_format_selector.<locals>._build_selector_function.<locals>.selector_function at 0x7389c5e76160>
IE_TRACE:         New var:....... format_selector = <function YoutubeDL.build_format_selector.<locals>._build_selector_function.<locals>.selector_function at 0x7389c5e76160>
IE_TRACE:         15:01:42.692188 line      1268         formats_to_download = list(format_selector(formats))
IE_TRACE:             Starting var:.. formats = list(len=47)
IE_TRACE:             Starting var:.. fs = [<function YoutubeDL.build_format_selector.<locals>._build_selector_function.<locals>.final_selector at 0x7389c5e74c20>]
IE_TRACE:             15:01:42.692850 call       984                 def selector_function(formats):
IE_TRACE:             15:01:42.692957 line       985                     for f in fs:
IE_TRACE:             New var:....... f = <function YoutubeDL.build_format_selector.<locals>._build_selector_function.<locals>.final_selector at 0x7389c5e74c20>
IE_TRACE:             15:01:42.693015 line       986                         for format in f(formats):
IE_TRACE:                 Starting var:.. formats = list(len=47)
IE_TRACE:                 Starting var:.. filters = []
IE_TRACE:                 Starting var:.. selector_function = <function YoutubeDL.build_format_selector.<locals>._build_selector_function.<locals>.selector_function at 0x7389c5e75b20>
IE_TRACE:                 15:01:42.693077 call      1091             def final_selector(formats):
IE_TRACE:                 15:01:42.693152 line      1092                 for _filter in filters:
IE_TRACE:                 15:01:42.693202 line      1094                 return selector_function(formats)
IE_TRACE:                 15:01:42.693251 return    1094                 return selector_function(formats)
IE_TRACE:                 Return value:.. <generator object YoutubeDL.build_format_selector.<locals>._build_selector_function.<locals>.selector_function at 0x7389c6089440>
IE_TRACE:                 Starting var:.. formats = list(len=47)
IE_TRACE:                 Starting var:.. _merge = <function YoutubeDL.build_format_selector.<locals>._build_selector_function.<locals>._merge at 0x7389c5e753a0>
IE_TRACE:                 Starting var:.. audio_selector = <function YoutubeDL.build_format_selector.<locals>._build_selector_function.<locals>.selector_function at 0x7389c5e75ee0>
IE_TRACE:                 Starting var:.. video_selector = <function YoutubeDL.build_format_selector.<locals>._build_selector_function.<locals>.final_selector at 0x7389c5e75260>
IE_TRACE:                 15:01:42.693318 call      1084                 def selector_function(formats):
IE_TRACE:                 15:01:42.693403 line      1085                     formats = list(formats)
IE_TRACE:                 15:01:42.693455 line      1086                     for pair in itertools.product(video_selector(formats), audio_selector(formats)):
IE_TRACE:                     Starting var:.. formats = list(len=47)
IE_TRACE:                     Starting var:.. filters = [<function YoutubeDL._build_format_filter.<locals>._filter at 0x7389c5e75120>]
IE_TRACE:                     Starting var:.. selector_function = <function YoutubeDL.build_format_selector.<locals>._build_selector_function.<locals>.selector_function at 0x7389c5e74a40>
IE_TRACE:                     15:01:42.693508 call      1091             def final_selector(formats):
IE_TRACE:                     15:01:42.693587 line      1092                 for _filter in filters:
IE_TRACE:                     New var:....... _filter = <function YoutubeDL._build_format_filter.<locals>._filter at 0x7389c5e75120>
IE_TRACE:                     15:01:42.693636 line      1093                     formats = list(filter(_filter, formats))
IE_TRACE:                         Starting var:.. f = {'ext': 'm4a', 'format_note': 'DASH audio', 'acodec': 'aac', 'vcodec': 'none', 'abr': 48, 'preference': -50, 'container': 'm4a_dash', 'format_id': '139', 'url': 'url:139', 'format': '139 - audio only (DASH audio)', 'http_headers': {'User-Agent': 'M...v:10.0) Gecko/20150101 Firefox/20.0 (Chrome)', 'Accept-Charset': 'ISO-8859-1,utf-8;q=0.7,*;q=0.7', 'Accept': 'text/html,application/xhtml+xml,application/xml;q=0.9,*/*;q=0.8', 'Accept-Encoding': 'gzip, deflate', 'Accept-Language': 'en-us,en;q=0.5'}}
IE_TRACE:                         Starting var:.. comparison_value = 999999
IE_TRACE:                         Starting var:.. m = <re.Match object; span=(0, 14), match='height>=999999'>
IE_TRACE:                         Starting var:.. op = <built-in function ge>
IE_TRACE:                         15:01:42.693706 call       906         def _filter(f):
IE_TRACE:                         15:01:42.693814 line       907             actual_value = f.get(m.group('key'))
IE_TRACE:                         New var:....... actual_value = None
IE_TRACE:                         15:01:42.693845 line       908             if actual_value is None:
IE_TRACE:                         15:01:42.693870 line       909                 return m.group('none_inclusive')
IE_TRACE:                         15:01:42.693891 return     909                 return m.group('none_inclusive')
IE_TRACE:                         Return value:.. None
IE_TRACE:                         Starting var:.. f = {'ext': 'webm', 'vcodec': 'none', 'format_note': 'DASH audio', 'abr': 128, 'preference': -50, 'format_id': '171', 'url': 'url:171', 'format': '171 - audio only (DASH audio)', 'http_headers': {'User-Agent': 'Mozilla/5.0 (X11; Linux x86_64; rv:10.0) Gecko/20150101 Firefox/20.0 (Chrome)', 'Accept-Charset': 'ISO-8859-1,utf-8;q=0.7,*;q=0.7', 'Accept': 'text/html,application/xhtml+xml,application/xml;q=0.9,*/*;q=0.8', 'Accept-Encoding': 'gzip, deflate', 'Accept-Language': 'en-us,en;q=0.5'}}
IE_TRACE:                         Starting var:.. comparison_value = 999999
IE_TRACE:                         Starting var:.. m = <re.Match object; span=(0, 14), match='height>=999999'>
IE_TRACE:                         Starting var:.. op = <built-in function ge>
IE_TRACE:                         15:01:42.693917 call       906         def _filter(f):
IE_TRACE:     [CONDENSED] 3 identical loop iterations skipped (5 total iterations, showing first and last)
IE_TRACE:                         15:01:42.694286 line       907             actual_value = f.get(m.group('key'))
IE_TRACE:                         New var:....... actual_value = None
IE_TRACE:                         15:01:42.694304 line       908             if actual_value is None:
IE_TRACE:                         15:01:42.694327 line       909                 return m.group('none_inclusive')
IE_TRACE:                         15:01:42.694346 return     909                 return m.group('none_inclusive')
IE_TRACE:                         Return value:.. None
IE_TRACE:                         Starting var:.. f = {'ext': 'mp4', 'height': 144, 'format_note': 'DASH video', 'acodec': 'none', 'preference': -40, 'format_id': '160', 'url': 'url:160', 'format': '160 - 144p (DASH video)', 'http_headers': {'User-Agent': 'Mozilla/5.0 (X11; Linux x86_64; rv:10.0) Gecko/20150101 Firefox/20.0 (Chrome)', 'Accept-Charset': 'ISO-8859-1,utf-8;q=0.7,*;q=0.7', 'Accept': 'text/html,application/xhtml+xml,application/xml;q=0.9,*/*;q=0.8', 'Accept-Encoding': 'gzip, deflate', 'Accept-Language': 'en-us,en;q=0.5'}}
IE_TRACE:                         Starting var:.. comparison_value = 999999
IE_TRACE:                         Starting var:.. m = <re.Match object; span=(0, 14), match='height>=999999'>
IE_TRACE:                         Starting var:.. op = <built-in function ge>
IE_TRACE:                         15:01:42.694369 call       906         def _filter(f):
IE_TRACE:                         15:01:42.694398 line       907             actual_value = f.get(m.group('key'))
IE_TRACE:                         New var:....... actual_value = 144
IE_TRACE:                         15:01:42.694417 line       908             if actual_value is None:
IE_TRACE:                         15:01:42.694439 line       910             return op(actual_value, comparison_value)
IE_TRACE:                         15:01:42.694458 return     910             return op(actual_value, comparison_value)
IE_TRACE:                         Return value:.. False
IE_TRACE:                         Starting var:.. f = {'ext': 'webm', 'height': 240, 'format_note': 'DASH video', 'acodec': 'none', 'preference': -40, 'format_id': '242', 'url': 'url:242', 'format': '242 - 240p (DASH video)', 'http_headers': {'User-Agent': 'Mozilla/5.0 (X11; Linux x86_64; rv:10.0) Gecko/20150101 Firefox/20.0 (Chrome)', 'Accept-Charset': 'ISO-8859-1,utf-8;q=0.7,*;q=0.7', 'Accept': 'text/html,application/xhtml+xml,application/xml;q=0.9,*/*;q=0.8', 'Accept-Encoding': 'gzip, deflate', 'Accept-Language': 'en-us,en;q=0.5'}}
IE_TRACE:                         Starting var:.. comparison_value = 999999
IE_TRACE:                         Starting var:.. m = <re.Match object; span=(0, 14), match='height>=999999'>
IE_TRACE:                         Starting var:.. op = <built-in function ge>
IE_TRACE:                         15:01:42.694483 call       906         def _filter(f):
IE_TRACE:     [CONDENSED] 25 identical loop iterations skipped (27 total iterations, showing first and last)
IE_TRACE:                         15:01:42.698036 line       907             actual_value = f.get(m.group('key'))
IE_TRACE:                         New var:....... actual_value = 1080
IE_TRACE:                         15:01:42.698055 line       908             if actual_value is None:
IE_TRACE:                         15:01:42.698077 line       910             return op(actual_value, comparison_value)
IE_TRACE:                         15:01:42.698099 return     910             return op(actual_value, comparison_value)
IE_TRACE:                         Return value:.. False
IE_TRACE:                         Starting var:.. f = {'ext': '3gp', 'format_id': '13', 'url': 'url:13', 'format': '13 - unknown', 'http_headers': {'User-Agent': 'Mozilla/5.0 (X11; Linux x86_64; rv:10.0) Gecko/20150101 Firefox/20.0 (Chrome)', 'Accept-Charset': 'ISO-8859-1,utf-8;q=0.7,*;q=0.7', 'Accept': 'text/html,application/xhtml+xml,application/xml;q=0.9,*/*;q=0.8', 'Accept-Encoding': 'gzip, deflate', 'Accept-Language': 'en-us,en;q=0.5'}}
IE_TRACE:                         Starting var:.. comparison_value = 999999
IE_TRACE:                         Starting var:.. m = <re.Match object; span=(0, 14), match='height>=999999'>
IE_TRACE:                         Starting var:.. op = <built-in function ge>
IE_TRACE:                         15:01:42.698121 call       906         def _filter(f):
IE_TRACE:                         15:01:42.698149 line       907             actual_value = f.get(m.group('key'))
IE_TRACE:                         New var:....... actual_value = None
IE_TRACE:                         15:01:42.698167 line       908             if actual_value is None:
IE_TRACE:                         15:01:42.698190 line       909                 return m.group('none_inclusive')
IE_TRACE:                         15:01:42.698211 return     909                 return m.group('none_inclusive')
IE_TRACE:                         Return value:.. None
IE_TRACE:                         Starting var:.. f = {'ext': '3gp', 'width': 176, 'height': 144, 'format_id': '17', 'url': 'url:17', 'format': '17 - 176x144', 'http_headers': {'User-Agent': 'Mozilla/5.0 (X11; Linux x86_64; rv:10.0) Gecko/20150101 Firefox/20.0 (Chrome)', 'Accept-Charset': 'ISO-8859-1,utf-8;q=0.7,*;q=0.7', 'Accept': 'text/html,application/xhtml+xml,application/xml;q=0.9,*/*;q=0.8', 'Accept-Encoding': 'gzip, deflate', 'Accept-Language': 'en-us,en;q=0.5'}}
IE_TRACE:                         Starting var:.. comparison_value = 999999
IE_TRACE:                         Starting var:.. m = <re.Match object; span=(0, 14), match='height>=999999'>
IE_TRACE:                         Starting var:.. op = <built-in function ge>
IE_TRACE:                         15:01:42.698242 call       906         def _filter(f):
IE_TRACE:                         15:01:42.698279 line       907             actual_value = f.get(m.group('key'))
IE_TRACE:                         New var:....... actual_value = 144
IE_TRACE:                         15:01:42.698306 line       908             if actual_value is None:
IE_TRACE:                         15:01:42.698337 line       910             return op(actual_value, comparison_value)
IE_TRACE:                         15:01:42.698365 return     910             return op(actual_value, comparison_value)
IE_TRACE:                         Return value:.. False
IE_TRACE:                         Starting var:.. f = {'ext': '3gp', 'width': 320, 'height': 240, 'format_id': '36', 'url': 'url:36', 'format': '36 - 320x240', 'http_headers': {'User-Agent': 'Mozilla/5.0 (X11; Linux x86_64; rv:10.0) Gecko/20150101 Firefox/20.0 (Chrome)', 'Accept-Charset': 'ISO-8859-1,utf-8;q=0.7,*;q=0.7', 'Accept': 'text/html,application/xhtml+xml,application/xml;q=0.9,*/*;q=0.8', 'Accept-Encoding': 'gzip, deflate', 'Accept-Language': 'en-us,en;q=0.5'}}
IE_TRACE:                         Starting var:.. comparison_value = 999999
IE_TRACE:                         Starting var:.. m = <re.Match object; span=(0, 14), match='height>=999999'>
IE_TRACE:                         Starting var:.. op = <built-in function ge>
IE_TRACE:                         15:01:42.698390 call       906         def _filter(f):
IE_TRACE:     [CONDENSED] 12 identical loop iterations skipped (14 total iterations, showing first and last)
IE_TRACE:                         15:01:42.699979 line       907             actual_value = f.get(m.group('key'))
IE_TRACE:                         New var:....... actual_value = 3072
IE_TRACE:                         15:01:42.700003 line       908             if actual_value is None:
IE_TRACE:                         15:01:42.700033 line       910             return op(actual_value, comparison_value)
IE_TRACE:                         15:01:42.700058 return     910             return op(actual_value, comparison_value)
IE_TRACE:                         Return value:.. False
IE_TRACE:                     Modified var:.. formats = []
IE_TRACE:                     15:01:42.700093 line      1092                 for _filter in filters:
IE_TRACE:                     15:01:42.700125 line      1094                 return selector_function(formats)
IE_TRACE:                     15:01:42.700148 return    1094                 return selector_function(formats)
IE_TRACE:                     Return value:.. <generator object YoutubeDL.build_format_selector.<locals>._build_selector_function.<locals>.selector_function at 0x7389c626a9e0>
IE_TRACE:                     Starting var:.. formats = []
IE_TRACE:                     Starting var:.. format_spec = 'bestvideo'
IE_TRACE:                     15:01:42.700185 call      1003                 def selector_function(formats):
IE_TRACE:                     15:01:42.700218 line      1004                     if format_spec == 'all':
IE_TRACE:                     15:01:42.700240 line      1007                     elif format_spec in ['best', 'worst', None]:
IE_TRACE:                     15:01:42.700262 line      1018                     elif format_spec == 'bestaudio':
IE_TRACE:                     15:01:42.700285 line      1024                     elif format_spec == 'worstaudio':
IE_TRACE:                     15:01:42.700307 line      1030                     elif format_spec == 'bestvideo':
IE_TRACE:                     15:01:42.700330 line      1032                             f for f in formats
IE_TRACE:                     15:01:42.700351 line      1031                         video_formats = [
IE_TRACE:                     New var:....... video_formats = []
IE_TRACE:                     15:01:42.700373 line      1034                         if video_formats:
IE_TRACE:                     15:01:42.700400 return    1034                         if video_formats:
IE_TRACE:                     Return value:.. None
IE_TRACE:                     Starting var:.. formats = list(len=47)
IE_TRACE:                     Starting var:.. fs = [<function YoutubeDL.build_format_selector.<locals>._build_selector_function.<locals>.final_selector at 0x7389c5e756c0>]
IE_TRACE:                     15:01:42.700430 call       984                 def selector_function(formats):
IE_TRACE:                     15:01:42.700461 line       985                     for f in fs:
IE_TRACE:                     New var:....... f = <function YoutubeDL.build_format_selector.<locals>._build_selector_function.<locals>.final_selector at 0x7389c5e756c0>
IE_TRACE:                     15:01:42.700481 line       986                         for format in f(formats):
IE_TRACE:                         Starting var:.. formats = list(len=47)
IE_TRACE:                         Starting var:.. filters = []
IE_TRACE:                         Starting var:.. selector_function = <function YoutubeDL.build_format_selector.<locals>._build_selector_function.<locals>.selector_function at 0x7389c5e758a0>
IE_TRACE:                         15:01:42.700507 call      1091             def final_selector(formats):
IE_TRACE:                         15:01:42.700540 line      1092                 for _filter in filters:
IE_TRACE:                         15:01:42.700561 line      1094                 return selector_function(formats)
IE_TRACE:                             Starting var:.. formats = list(len=47)
IE_TRACE:                             Starting var:.. fs = [<function YoutubeDL.build_format_selector.<locals>._build_selector_function.<locals>.final_selector at 0x7389c5e74fe0>, <function YoutubeDL.build_format_selector.<locals>._build_selector_function.<locals>.selector_function at 0x7389c5e75e40>]
IE_TRACE:                             15:01:42.700589 call       994                 def selector_function(formats):
IE_TRACE:                             15:01:42.700620 line       995                     for f in fs:
IE_TRACE:                             New var:....... f = <function YoutubeDL.build_format_selector.<locals>._build_selector_function.<locals>.final_selector at 0x7389c5e74fe0>
IE_TRACE:                             15:01:42.700640 line       996                         picked_formats = list(f(formats))
IE_TRACE:                                 Starting var:.. formats = list(len=47)
IE_TRACE:                                 Starting var:.. filters = []
IE_TRACE:                                 Starting var:.. selector_function = <function YoutubeDL.build_format_selector.<locals>._build_selector_function.<locals>.selector_function at 0x7389c5e75580>
IE_TRACE:                                 15:01:42.700667 call      1091             def final_selector(formats):
IE_TRACE:                                 15:01:42.700698 line      1092                 for _filter in filters:
IE_TRACE:                                 15:01:42.700720 line      1094                 return selector_function(formats)
IE_TRACE:                                 15:01:42.700741 return    1094                 return selector_function(formats)
IE_TRACE:                                 Return value:.. <generator object YoutubeDL.build_format_selector.<locals>._build_selector_function.<locals>.selector_function at 0x7389c626ad40>
IE_TRACE:                                 Starting var:.. formats = list(len=47)
IE_TRACE:                                 Starting var:.. format_spec = 'bestaudio'
IE_TRACE:                                 15:01:42.700769 call      1003                 def selector_function(formats):
IE_TRACE:                                 15:01:42.700800 line      1004                     if format_spec == 'all':
IE_TRACE:                                 15:01:42.700825 line      1007                     elif format_spec in ['best', 'worst', None]:
IE_TRACE:                                 15:01:42.700917 line      1018                     elif format_spec == 'bestaudio':
IE_TRACE:                                 15:01:42.701055 line      1020                             f for f in formats
IE_TRACE:                                 15:01:42.701123 line      1019                         audio_formats = [
IE_TRACE:                                 15:01:42.701174 line      1020                             f for f in formats
IE_TRACE:                                 New var:....... f = {'ext': 'm4a', 'format_note': 'DASH audio', 'acodec': 'aac', 'vcodec': 'none', 'abr': 48, 'preference': -50, 'container': 'm4a_dash', 'format_id': '139', 'url': 'url:139', 'format': '139 - audio only (DASH audio)', 'http_headers': {'User-Agent': 'M...v:10.0) Gecko/20150101 Firefox/20.0 (Chrome)', 'Accept-Charset': 'ISO-8859-1,utf-8;q=0.7,*;q=0.7', 'Accept': 'text/html,application/xhtml+xml,application/xml;q=0.9,*/*;q=0.8', 'Accept-Encoding': 'gzip, deflate', 'Accept-Language': 'en-us,en;q=0.5'}}
IE_TRACE:                                 15:01:42.701221 line      1021                             if f.get('vcodec') == 'none']
IE_TRACE:     [CONDENSED] 45 identical loop iterations skipped (47 total iterations, showing first and last)
IE_TRACE:                                 15:01:42.709624 line      1020                             f for f in formats
IE_TRACE:                                 15:01:42.709643 line      1019                         audio_formats = [
IE_TRACE:                                 15:01:42.709662 line      1020                             f for f in formats
IE_TRACE:                                 Modified var:.. f = {'ext': 'mp4', 'width': 4096, 'height': 3072, 'format_id': '38', 'url': 'url:38', 'format': '38 - 4096x3072', 'http_headers': {'User-Agent': 'Mozilla/5.0 (X11; Linux x86_64; rv:10.0) Gecko/20150101 Firefox/20.0 (Chrome)', 'Accept-Charset': 'ISO-8859-1,utf-8;q=0.7,*;q=0.7', 'Accept': 'text/html,application/xhtml+xml,application/xml;q=0.9,*/*;q=0.8', 'Accept-Encoding': 'gzip, deflate', 'Accept-Language': 'en-us,en;q=0.5'}}
IE_TRACE:                                 15:01:42.709681 line      1021                             if f.get('vcodec') == 'none']
IE_TRACE:                                 15:01:42.709703 line      1020                             f for f in formats
IE_TRACE:                                 15:01:42.709722 line      1019                         audio_formats = [
IE_TRACE:                                 New var:....... audio_formats = [{'ext': 'm4a', 'format_note': 'DASH audio', 'acodec': 'aac', 'vcodec': 'none', 'abr': 48, 'preference': -50, 'container': 'm4a_dash', 'format_id': '139', 'url': 'url:139', 'format': '139 - audio only (DASH audio)', 'http_headers': {'User-Agent': '...:10.0) Gecko/20150101 Firefox/20.0 (Chrome)', 'Accept-Charset': 'ISO-8859-1,utf-8;q=0.7,*;q=0.7', 'Accept': 'text/html,application/xhtml+xml,application/xml;q=0.9,*/*;q=0.8', 'Accept-Encoding': 'gzip, deflate', 'Accept-Language': 'en-us,en;q=0.5'}}]
IE_TRACE:                                 15:01:42.709742 line      1022                         if audio_formats:
IE_TRACE:                                 15:01:42.709800 line      1023                             yield audio_formats[-1]
IE_TRACE:                                 15:01:42.709829 return    1023                             yield audio_formats[-1]
IE_TRACE:                                 Return value:.. {'ext': 'm4a', 'format_note': 'DASH audio', 'acodec': 'aac', 'vcodec': 'none', 'abr': 256, 'preference': -50, 'container': 'm4a_dash', 'format_id': '141', 'url': 'url:141', 'format': '141 - audio only (DASH audio)', 'http_headers': {'User-Agent': '...v:10.0) Gecko/20150101 Firefox/20.0 (Chrome)', 'Accept-Charset': 'ISO-8859-1,utf-8;q=0.7,*;q=0.7', 'Accept': 'text/html,application/xhtml+xml,application/xml;q=0.9,*/*;q=0.8', 'Accept-Encoding': 'gzip, deflate', 'Accept-Language': 'en-us,en;q=0.5'}}
IE_TRACE:                                 Starting var:.. formats = list(len=47)
IE_TRACE:                                 Starting var:.. audio_formats = [{'ext': 'm4a', 'format_note': 'DASH audio', 'acodec': 'aac', 'vcodec': 'none', 'abr': 48, 'preference': -50, 'container': 'm4a_dash', 'format_id': '139', 'url': 'url:139', 'format': '139 - audio only (DASH audio)', 'http_headers': {'User-Agent': '...:10.0) Gecko/20150101 Firefox/20.0 (Chrome)', 'Accept-Charset': 'ISO-8859-1,utf-8;q=0.7,*;q=0.7', 'Accept': 'text/html,application/xhtml+xml,application/xml;q=0.9,*/*;q=0.8', 'Accept-Encoding': 'gzip, deflate', 'Accept-Language': 'en-us,en;q=0.5'}}]
IE_TRACE:                                 Starting var:.. format_spec = 'bestaudio'
IE_TRACE:                                 15:01:42.709868 call      1023                             yield audio_formats[-1]
IE_TRACE:                                 15:01:42.709908 return    1023                             yield audio_formats[-1]
IE_TRACE:                                 Return value:.. None
IE_TRACE:                             New var:....... picked_formats = [{'ext': 'm4a', 'format_note': 'DASH audio', 'acodec': 'aac', 'vcodec': 'none', 'abr': 256, 'preference': -50, 'container': 'm4a_dash', 'format_id': '141', 'url': 'url:141', 'format': '141 - audio only (DASH audio)', 'http_headers': {'User-Agent': ...:10.0) Gecko/20150101 Firefox/20.0 (Chrome)', 'Accept-Charset': 'ISO-8859-1,utf-8;q=0.7,*;q=0.7', 'Accept': 'text/html,application/xhtml+xml,application/xml;q=0.9,*/*;q=0.8', 'Accept-Encoding': 'gzip, deflate', 'Accept-Language': 'en-us,en;q=0.5'}}]
IE_TRACE:                             15:01:42.709942 line       997                         if picked_formats:
IE_TRACE:                             15:01:42.709971 line       998                             return picked_formats
IE_TRACE:                             15:01:42.709992 return     998                             return picked_formats
IE_TRACE:                             Return value:.. [{'ext': 'm4a', 'format_note': 'DASH audio', 'acodec': 'aac', 'vcodec': 'none', 'abr': 256, 'preference': -50, 'container': 'm4a_dash', 'format_id': '141', 'url': 'url:141', 'format': '141 - audio only (DASH audio)', 'http_headers': {'User-Agent': ...:10.0) Gecko/20150101 Firefox/20.0 (Chrome)', 'Accept-Charset': 'ISO-8859-1,utf-8;q=0.7,*;q=0.7', 'Accept': 'text/html,application/xhtml+xml,application/xml;q=0.9,*/*;q=0.8', 'Accept-Encoding': 'gzip, deflate', 'Accept-Language': 'en-us,en;q=0.5'}}]
IE_TRACE:                         15:01:42.710019 return    1094                 return selector_function(formats)
IE_TRACE:                         Return value:.. [{'ext': 'm4a', 'format_note': 'DASH audio', 'acodec': 'aac', 'vcodec': 'none', 'abr': 256, 'preference': -50, 'container': 'm4a_dash', 'format_id': '141', 'url': 'url:141', 'format': '141 - audio only (DASH audio)', 'http_headers': {'User-Agent': ...:10.0) Gecko/20150101 Firefox/20.0 (Chrome)', 'Accept-Charset': 'ISO-8859-1,utf-8;q=0.7,*;q=0.7', 'Accept': 'text/html,application/xhtml+xml,application/xml;q=0.9,*/*;q=0.8', 'Accept-Encoding': 'gzip, deflate', 'Accept-Language': 'en-us,en;q=0.5'}}]
IE_TRACE:                     New var:....... format = {'ext': 'm4a', 'format_note': 'DASH audio', 'acodec': 'aac', 'vcodec': 'none', 'abr': 256, 'preference': -50, 'container': 'm4a_dash', 'format_id': '141', 'url': 'url:141', 'format': '141 - audio only (DASH audio)', 'http_headers': {'User-Agent': '...v:10.0) Gecko/20150101 Firefox/20.0 (Chrome)', 'Accept-Charset': 'ISO-8859-1,utf-8;q=0.7,*;q=0.7', 'Accept': 'text/html,application/xhtml+xml,application/xml;q=0.9,*/*;q=0.8', 'Accept-Encoding': 'gzip, deflate', 'Accept-Language': 'en-us,en;q=0.5'}}
IE_TRACE:                     15:01:42.710044 line       987                             yield format
IE_TRACE:                     15:01:42.710069 return     987                             yield format
IE_TRACE:                     Return value:.. {'ext': 'm4a', 'format_note': 'DASH audio', 'acodec': 'aac', 'vcodec': 'none', 'abr': 256, 'preference': -50, 'container': 'm4a_dash', 'format_id': '141', 'url': 'url:141', 'format': '141 - audio only (DASH audio)', 'http_headers': {'User-Agent': '...v:10.0) Gecko/20150101 Firefox/20.0 (Chrome)', 'Accept-Charset': 'ISO-8859-1,utf-8;q=0.7,*;q=0.7', 'Accept': 'text/html,application/xhtml+xml,application/xml;q=0.9,*/*;q=0.8', 'Accept-Encoding': 'gzip, deflate', 'Accept-Language': 'en-us,en;q=0.5'}}
IE_TRACE:                     Starting var:.. formats = list(len=47)
IE_TRACE:                     Starting var:.. f = <function YoutubeDL.build_format_selector.<locals>._build_selector_function.<locals>.final_selector at 0x7389c5e756c0>
IE_TRACE:                     Starting var:.. format = {'ext': 'm4a', 'format_note': 'DASH audio', 'acodec': 'aac', 'vcodec': 'none', 'abr': 256, 'preference': -50, 'container': 'm4a_dash', 'format_id': '141', 'url': 'url:141', 'format': '141 - audio only (DASH audio)', 'http_headers': {'User-Agent': '...v:10.0) Gecko/20150101 Firefox/20.0 (Chrome)', 'Accept-Charset': 'ISO-8859-1,utf-8;q=0.7,*;q=0.7', 'Accept': 'text/html,application/xhtml+xml,application/xml;q=0.9,*/*;q=0.8', 'Accept-Encoding': 'gzip, deflate', 'Accept-Language': 'en-us,en;q=0.5'}}
IE_TRACE:                     Starting var:.. fs = [<function YoutubeDL.build_format_selector.<locals>._build_selector_function.<locals>.final_selector at 0x7389c5e756c0>]
IE_TRACE:                     15:01:42.710094 call       987                             yield format
IE_TRACE:                     15:01:42.710124 line       986                         for format in f(formats):
IE_TRACE:                     15:01:42.710143 line       985                     for f in fs:
IE_TRACE:                     15:01:42.710162 return     985                     for f in fs:
IE_TRACE:                     Return value:.. None
IE_TRACE:                 15:01:42.710187 return    1086                     for pair in itertools.product(video_selector(formats), audio_selector(formats)):
IE_TRACE:                 Return value:.. None
IE_TRACE:             15:01:42.710211 line       985                     for f in fs:
IE_TRACE:             15:01:42.710229 return     985                     for f in fs:
IE_TRACE:             Return value:.. None
IE_TRACE:         New var:....... formats_to_download = []
IE_TRACE:         15:01:42.710250 line      1269         if not formats_to_download:
IE_TRACE:         15:01:42.710443 line      1270             raise ExtractorError('requested format not available',
IE_TRACE:         15:01:42.710607 line      1271                                  expected=True)
IE_TRACE:         15:01:42.710765 line      1270             raise ExtractorError('requested format not available',
IE_TRACE:             Source path:... /path/to/BugsInPy/workspace/youtube-dl/youtube_dl/utils.py
IE_TRACE:             Starting var:.. self = ExtractorError('requested format not available')
IE_TRACE:             Starting var:.. msg = 'requested format not available'
IE_TRACE:             Starting var:.. tb = None
IE_TRACE:             Starting var:.. expected = True
IE_TRACE:             Starting var:.. cause = None
IE_TRACE:             Starting var:.. video_id = None
IE_TRACE:             Starting var:.. __class__ = <class 'youtube_dl.utils.ExtractorError'>
IE_TRACE:             15:01:42.710931 call       482     def __init__(self, msg, tb=None, expected=False, cause=None, video_id=None):
IE_TRACE:             15:01:42.710981 line       487         if sys.exc_info()[0] in (compat_urllib_error.URLError, socket.timeout, UnavailableVideoError):
IE_TRACE:             15:01:42.711007 line       489         if video_id is not None:
IE_TRACE:             15:01:42.711027 line       491         if cause:
IE_TRACE:             15:01:42.711047 line       493         if not expected:
IE_TRACE:             15:01:42.711065 line       495         super(ExtractorError, self).__init__(msg)
IE_TRACE:             15:01:42.711087 line       497         self.traceback = tb
IE_TRACE:             15:01:42.711106 line       498         self.exc_info = sys.exc_info()  # preserve original exception
IE_TRACE:             15:01:42.711125 line       499         self.cause = cause
IE_TRACE:             15:01:42.711144 line       500         self.video_id = video_id
IE_TRACE:             15:01:42.711163 return     500         self.video_id = video_id
IE_TRACE:             Return value:.. None
IE_TRACE:         Source path:... /path/to/BugsInPy/workspace/youtube-dl/youtube_dl/YoutubeDL.py
IE_TRACE:         15:01:42.711188 exception 1270             raise ExtractorError('requested format not available',
IE_TRACE:         Exception:..... youtube_dl.utils.ExtractorError: requested format not available
IE_TRACE:         Call ended by exception
IE_TRACE:     Modified var:.. ie_result = {'formats': [{'ext': 'm4a', 'format_note': 'DASH audio', 'acodec': 'aac', 'vcodec': 'none', 'abr': 48, 'preference': -50, 'container': 'm4a_dash', 'format_id': '139', 'url': 'url:139', 'format': '139 - audio only (DASH audio)', 'http_headers': {'Us...0.9,*/*;q=0.8', 'Accept-Encoding': 'gzip, deflate', 'Accept-Language': 'en-us,en;q=0.5'}}], 'id': 'testid', 'title': 'testttitle', 'extractor': 'youtube', 'playlist': None, 'playlist_index': None, 'display_id': 'testid', 'requested_subtitles': None}
IE_TRACE:     15:01:42.711549 exception  713             return self.process_video_result(ie_result, download=download)
IE_TRACE:     Exception:..... youtube_dl.utils.ExtractorError: requested format not available
IE_TRACE:     Call ended by exception
IE_TRACE: Source path:... /path/to/BugsInPy/workspace/youtube-dl/test/test_YoutubeDL.py
IE_TRACE: Modified var:.. info_dict = {'formats': [{'ext': 'm4a', 'format_note': 'DASH audio', 'acodec': 'aac', 'vcodec': 'none', 'abr': 48, 'preference': -50, 'container': 'm4a_dash', 'format_id': '139', 'url': 'url:139', 'format': '139 - audio only (DASH audio)', 'http_headers': {'Us...0.9,*/*;q=0.8', 'Accept-Encoding': 'gzip, deflate', 'Accept-Language': 'en-us,en;q=0.5'}}], 'id': 'testid', 'title': 'testttitle', 'extractor': 'youtube', 'playlist': None, 'playlist_index': None, 'display_id': 'testid', 'requested_subtitles': None}
IE_TRACE: 15:01:42.711738 exception  255         ydl.process_ie_result(info_dict)
IE_TRACE: Exception:..... youtube_dl.utils.ExtractorError: requested format not available
IE_TRACE: Call ended by exception
IE_TRACE: Elapsed time: 00:00:01.154066
======================================================================
ERROR: test_youtube_format_selection (test.test_YoutubeDL.TestFormatSelection.test_youtube_format_selection)
----------------------------------------------------------------------
Traceback (most recent call last):
  File "/path/to/.venv/lib/python3.12/site-packages/pysnooper/tracer.py", line 320, in simple_wrapper
    return function(*args, **kwargs)
           ^^^^^^^^^^^^^^^^^^^^^^^^^
  File "/path/to/BugsInPy/workspace/youtube-dl/test/test_YoutubeDL.py", line 255, in test_youtube_format_selection
    ydl.process_ie_result(info_dict)
  File "/path/to/BugsInPy/workspace/youtube-dl/youtube_dl/YoutubeDL.py", line 713, in process_ie_result
    return self.process_video_result(ie_result, download=download)
           ^^^^^^^^^^^^^^^^^^^^^^^^^^^^^^^^^^^^^^^^^^^^^^^^^^^^^^^
  File "/path/to/BugsInPy/workspace/youtube-dl/youtube_dl/YoutubeDL.py", line 1270, in process_video_result
    raise ExtractorError('requested format not available',
youtube_dl.utils.ExtractorError: requested format not available

----------------------------------------------------------------------
Ran 1 test in 1.155s

FAILED (errors=1)


Exit code: 1
