Cleared: /path/to/results/youtube-dl/bug32
Running: python -m unittest -q test.test_utils.TestUtil.test_strip_jsonp
Workdir: /path/to/BugsInPy/workspace/youtube-dl
PYTHONPATH: /path/to/BugsInPy/workspace/youtube-dl
/path/to/BugsInPy/workspace/youtube-dl/youtube_dl/utils.py:675: SyntaxWarning: invalid escape sequence '\d'
  match = re.match('(now|today)(?P<sign>[+-])(?P<time>\d+)(?P<unit>day|week|month|year)(s)?', date_str)
/path/to/BugsInPy/workspace/youtube-dl/youtube_dl/extractor/ard.py:141: SyntaxWarning: invalid escape sequence '\.'
  _VALID_URL = '(?P<mainurl>https?://(www\.)?daserste\.de/[^?#]+/videos/(?P<display_id>[^/?#]+)-(?P<id>[0-9]+))\.html'
/path/to/BugsInPy/workspace/youtube-dl/youtube_dl/extractor/ard.py:152: SyntaxWarning: invalid escape sequence '\.'
  'thumbnail': 're:^https?://.*\.jpg$',
/path/to/BugsInPy/workspace/youtube-dl/youtube_dl/extractor/generic.py:384: SyntaxWarning: invalid escape sequence '\.'
  'thumbnail': 're:^https?://.*\.jpg$',
/path/to/BugsInPy/workspace/youtube-dl/youtube_dl/extractor/youtube.py:1557: SyntaxWarning: invalid escape sequence '\.'
  _VALID_URL = 'https?://www\.youtube\.com/feed/history|:ythistory'
/path/to/BugsInPy/workspace/youtube-dl/youtube_dl/extractor/smotri.py:369: SyntaxWarning: invalid escape sequence '\.'
  'window\.broadcast_control\.addFlashVar\\(\'file\', \'([^\']+)\'\\);',
/path/to/BugsInPy/workspace/youtube-dl/youtube_dl/extractor/beeg.py:19: SyntaxWarning: invalid escape sequence '\.'
  'thumbnail': 're:https?://.*\.jpg$',
/path/to/BugsInPy/workspace/youtube-dl/youtube_dl/extractor/clipsyndicate.py:23: SyntaxWarning: invalid escape sequence '\.'
  'thumbnail': 're:^https?://.+\.jpg',
/path/to/BugsInPy/workspace/youtube-dl/youtube_dl/extractor/novamov.py:17: SyntaxWarning: invalid escape sequence '\.'
  _VALID_URL = _VALID_URL_TEMPLATE % {'host': 'novamov\.com'}
/path/to/BugsInPy/workspace/youtube-dl/youtube_dl/extractor/tnaflix.py:28: SyntaxWarning: invalid escape sequence '\.'
  'thumbnail': 're:https?://.*\.jpg$',
/path/to/BugsInPy/workspace/youtube-dl/youtube_dl/extractor/tnaflix.py:63: SyntaxWarning: invalid escape sequence '\d'
  video_url = re.sub('speed=\d+', 'speed=', item.find('videoLink').text)
/path/to/BugsInPy/workspace/youtube-dl/youtube_dl/extractor/globo.py:20: SyntaxWarning: invalid escape sequence '\.'
  _VALID_URL = 'https?://.+?\.globo\.com/(?P<id>.+)'
/path/to/BugsInPy/workspace/youtube-dl/youtube_dl/extractor/goldenmoustache.py:21: SyntaxWarning: invalid escape sequence '\.'
  'thumbnail': 're:^https?://.*\.jpg$',
/path/to/BugsInPy/workspace/youtube-dl/youtube_dl/extractor/gorillavid.py:32: SyntaxWarning: invalid escape sequence '\.'
  'thumbnail': 're:http://.*\.jpg',
/path/to/BugsInPy/workspace/youtube-dl/youtube_dl/extractor/gorillavid.py:41: SyntaxWarning: invalid escape sequence '\.'
  'thumbnail': 're:http://.*\.jpg',
/path/to/BugsInPy/workspace/youtube-dl/youtube_dl/extractor/gorillavid.py:50: SyntaxWarning: invalid escape sequence '\.'
  'thumbnail': 're:http://.*\.jpg',
/path/to/BugsInPy/workspace/youtube-dl/youtube_dl/extractor/ign.py:89: SyntaxWarning: invalid escape sequence '\.'
  '<param name="flashvars"[^>]*value="[^"]*?url=(https?://www\.ign\.com/videos/.*?)["&]',
/path/to/BugsInPy/workspace/youtube-dl/youtube_dl/extractor/instagram.py:61: SyntaxWarning: invalid escape sequence '\.'
  'thumbnail': 're:^https?://.*\.jpg',
/path/to/BugsInPy/workspace/youtube-dl/youtube_dl/extractor/iprima.py:37: SyntaxWarning: invalid escape sequence '\.'
  'thumbnail': 're:^http:.*\.jpg$',
/path/to/BugsInPy/workspace/youtube-dl/youtube_dl/extractor/ivi.py:60: SyntaxWarning: invalid escape sequence '\s'
  m = re.search('(?s)<a href="#" id="view-comments" class="action-button dim gradient">\s*Комментарии:\s*(?P<commentcount>\d+)\s*</a>', html)
/path/to/BugsInPy/workspace/youtube-dl/youtube_dl/extractor/jukebox.py:40: SyntaxWarning: invalid escape sequence '\/'
  video_url = unescapeHTML(video_url).replace('\/', '/')
/path/to/BugsInPy/workspace/youtube-dl/youtube_dl/extractor/jukebox.py:45: SyntaxWarning: invalid escape sequence '\/'
  youtube_url = unescapeHTML(youtube_url).replace('\/', '/')
/path/to/BugsInPy/workspace/youtube-dl/youtube_dl/extractor/lifenews.py:27: SyntaxWarning: invalid escape sequence '\.'
  'thumbnail': 're:http://.*\.jpg',
/path/to/BugsInPy/workspace/youtube-dl/youtube_dl/extractor/metacafe.py:131: SyntaxWarning: invalid escape sequence '\w'
  m_external = re.match('^(\w{2})-(.*)$', video_id)
/path/to/BugsInPy/workspace/youtube-dl/youtube_dl/extractor/mojvideo.py:23: SyntaxWarning: invalid escape sequence '\.'
  'thumbnail': 're:^http://.*\.jpg$',
/path/to/BugsInPy/workspace/youtube-dl/youtube_dl/extractor/motherless.py:26: SyntaxWarning: invalid escape sequence '\.'
  'thumbnail': 're:http://.*\.jpg',
/path/to/BugsInPy/workspace/youtube-dl/youtube_dl/extractor/motherless.py:40: SyntaxWarning: invalid escape sequence '\.'
  'thumbnail': 're:http://.*\.jpg',
/path/to/BugsInPy/workspace/youtube-dl/youtube_dl/extractor/motherless.py:54: SyntaxWarning: invalid escape sequence '\.'
  'thumbnail': 're:http://.*\.jpg',
/path/to/BugsInPy/workspace/youtube-dl/youtube_dl/extractor/moviezine.py:19: SyntaxWarning: invalid escape sequence '\.'
  'thumbnail': 're:http://.*\.jpg',
/path/to/BugsInPy/workspace/youtube-dl/youtube_dl/extractor/movshare.py:10: SyntaxWarning: invalid escape sequence '\.'
  _VALID_URL = NovaMovIE._VALID_URL_TEMPLATE % {'host': 'movshare\.(?:net|sx|ag)'}
/path/to/BugsInPy/workspace/youtube-dl/youtube_dl/extractor/muenchentv.py:25: SyntaxWarning: invalid escape sequence '\.'
  'thumbnail': 're:^https?://.*\.jpg$'
/path/to/BugsInPy/workspace/youtube-dl/youtube_dl/extractor/myvideo.py:161: SyntaxWarning: invalid escape sequence '\('
  video_swfobj = self._search_regex('swfobject.embedSWF\(\'(.+?)\'', webpage, 'swfobj')
/path/to/BugsInPy/workspace/youtube-dl/youtube_dl/extractor/nowvideo.py:10: SyntaxWarning: invalid escape sequence '\.'
  _VALID_URL = NovaMovIE._VALID_URL_TEMPLATE % {'host': 'nowvideo\.(?:ch|sx|eu|at|ag|co)'}
/path/to/BugsInPy/workspace/youtube-dl/youtube_dl/extractor/rtlnow.py:84: SyntaxWarning: invalid escape sequence '\.'
  'description': 're:^Im Therapiezentrum \'Sonnalm\' kommen durch eine Unachtsamkeit die für die B.handlung mit Phobikern gehaltenen Voglespinnen frei\. Eine Ausreißerin',
/path/to/BugsInPy/workspace/youtube-dl/youtube_dl/extractor/rts.py:33: SyntaxWarning: invalid escape sequence '\.'
  'thumbnail': 're:^https?://.*\.image'
/path/to/BugsInPy/workspace/youtube-dl/youtube_dl/extractor/rts.py:48: SyntaxWarning: invalid escape sequence '\.'
  'thumbnail': 're:^https?://.*\.image'
/path/to/BugsInPy/workspace/youtube-dl/youtube_dl/extractor/rts.py:63: SyntaxWarning: invalid escape sequence '\.'
  'thumbnail': 're:^https?://.*\.image'
/path/to/BugsInPy/workspace/youtube-dl/youtube_dl/extractor/rts.py:79: SyntaxWarning: invalid escape sequence '\.'
  'thumbnail': 're:^https?://.*\.image'
/path/to/BugsInPy/workspace/youtube-dl/youtube_dl/extractor/sbs.py:27: SyntaxWarning: invalid escape sequence '\.'
  'thumbnail': 're:http://.*\.jpg',
/path/to/BugsInPy/workspace/youtube-dl/youtube_dl/extractor/screencast.py:24: SyntaxWarning: invalid escape sequence '\.'
  'thumbnail': 're:^https?://.*\.(?:gif|jpg)$',
/path/to/BugsInPy/workspace/youtube-dl/youtube_dl/extractor/screencast.py:34: SyntaxWarning: invalid escape sequence '\.'
  'thumbnail': 're:^https?://.*\.(?:gif|jpg)$',
/path/to/BugsInPy/workspace/youtube-dl/youtube_dl/extractor/screencast.py:44: SyntaxWarning: invalid escape sequence '\.'
  'thumbnail': 're:^https?://.*\.(?:gif|jpg)$',
/path/to/BugsInPy/workspace/youtube-dl/youtube_dl/extractor/screencast.py:54: SyntaxWarning: invalid escape sequence '\.'
  'thumbnail': 're:^https?://.*\.(?:gif|jpg)$',
/path/to/BugsInPy/workspace/youtube-dl/youtube_dl/extractor/slutload.py:18: SyntaxWarning: invalid escape sequence '\.'
  'thumbnail': 're:https?://.*?\.jpg'
/path/to/BugsInPy/workspace/youtube-dl/youtube_dl/extractor/spiegel.py:87: SyntaxWarning: invalid escape sequence '\.'
  _VALID_URL = 'https?://www\.spiegel\.de/(?!video/)[^?#]*?-(?P<id>[0-9]+)\.html'
/path/to/BugsInPy/workspace/youtube-dl/youtube_dl/extractor/spiegeltv.py:17: SyntaxWarning: invalid escape sequence '\.'
  'thumbnail': 're:http://.*\.jpg$',
/path/to/BugsInPy/workspace/youtube-dl/youtube_dl/extractor/sport5.py:44: SyntaxWarning: invalid escape sequence '\w'
  video_id = self._html_search_regex('clipId=([\w-]+)', webpage, 'video id')
/path/to/BugsInPy/workspace/youtube-dl/youtube_dl/extractor/sportdeutschland.py:23: SyntaxWarning: invalid escape sequence '\.'
  'thumbnail': 're:^https?://.*\.jpg$',
/path/to/BugsInPy/workspace/youtube-dl/youtube_dl/extractor/sportdeutschland.py:24: SyntaxWarning: invalid escape sequence '\.'
  'description': 're:Die Badminton-WM 2014 aus Kopenhagen bei Sportdeutschland\.TV',
/path/to/BugsInPy/workspace/youtube-dl/youtube_dl/extractor/sportdeutschland.py:40: SyntaxWarning: invalid escape sequence '\.'
  'thumbnail': 're:^https?://.*\.jpg$',
/path/to/BugsInPy/workspace/youtube-dl/youtube_dl/extractor/stanfordoc.py:67: SyntaxWarning: invalid escape sequence '\?'
  links = orderedSet(re.findall('<a href="(VideoPage.php\?[^"]+)">', coursepage))
/path/to/BugsInPy/workspace/youtube-dl/youtube_dl/extractor/stanfordoc.py:93: SyntaxWarning: invalid escape sequence '\?'
  links = orderedSet(re.findall('<a href="(CoursePage.php\?[^"]+)">', rootpage))
/path/to/BugsInPy/workspace/youtube-dl/youtube_dl/extractor/swrmediathek.py:21: SyntaxWarning: invalid escape sequence '\.'
  'thumbnail': 're:^http:.*\.jpg$',
/path/to/BugsInPy/workspace/youtube-dl/youtube_dl/extractor/swrmediathek.py:35: SyntaxWarning: invalid escape sequence '\.'
  'thumbnail': 're:http://.*\.jpg',
/path/to/BugsInPy/workspace/youtube-dl/youtube_dl/extractor/swrmediathek.py:49: SyntaxWarning: invalid escape sequence '\.'
  'thumbnail': 're:http://.*\.jpg',
/path/to/BugsInPy/workspace/youtube-dl/youtube_dl/extractor/teachertube.py:27: SyntaxWarning: invalid escape sequence '\.'
  'thumbnail': 're:http://.*\.jpg',
/path/to/BugsInPy/workspace/youtube-dl/youtube_dl/extractor/teachertube.py:37: SyntaxWarning: invalid escape sequence '\.'
  'thumbnail': 're:http://.*\.jpg',
/path/to/BugsInPy/workspace/youtube-dl/youtube_dl/extractor/ted.py:50: SyntaxWarning: invalid escape sequence '\.'
  'thumbnail': 're:^https?://.+\.jpg',
/path/to/BugsInPy/workspace/youtube-dl/youtube_dl/extractor/tinypic.py:31: SyntaxWarning: invalid escape sequence '\s'
  '\s+fo\.addVariable\("s",\s"(?P<serverid>\d+)"\);', webpage)
/path/to/BugsInPy/workspace/youtube-dl/youtube_dl/extractor/tlc.py:50: SyntaxWarning: invalid escape sequence '\.'
  '<iframe src="(http://www\.tlc\.de/wp-content/.+?)"', webpage,
/path/to/BugsInPy/workspace/youtube-dl/youtube_dl/extractor/tudou.py:20: SyntaxWarning: invalid escape sequence '\.'
  'thumbnail': 're:^https?://.*\.jpg$',
/path/to/BugsInPy/workspace/youtube-dl/youtube_dl/extractor/tudou.py:28: SyntaxWarning: invalid escape sequence '\.'
  'thumbnail': 're:^https?://.*\.jpg$',
/path/to/BugsInPy/workspace/youtube-dl/youtube_dl/extractor/tumblr.py:19: SyntaxWarning: invalid escape sequence '\.'
  'thumbnail': 're:http://.*\.jpg',
/path/to/BugsInPy/workspace/youtube-dl/youtube_dl/extractor/tumblr.py:29: SyntaxWarning: invalid escape sequence '\.'
  'thumbnail': 're:http://.*\.jpg',
/path/to/BugsInPy/workspace/youtube-dl/youtube_dl/extractor/vgtv.py:22: SyntaxWarning: invalid escape sequence '\.'
  'thumbnail': 're:^https?://.*\.jpg',
/path/to/BugsInPy/workspace/youtube-dl/youtube_dl/extractor/vgtv.py:37: SyntaxWarning: invalid escape sequence '\.'
  'thumbnail': 're:^https?://.*\.jpg',
/path/to/BugsInPy/workspace/youtube-dl/youtube_dl/extractor/vgtv.py:56: SyntaxWarning: invalid escape sequence '\.'
  'thumbnail': 're:^https?://.*\.jpg',
/path/to/BugsInPy/workspace/youtube-dl/youtube_dl/extractor/vgtv.py:92: SyntaxWarning: invalid escape sequence '\d'
  m = re.search('(?P<width>\d+)_(?P<height>\d+)_(?P<vbr>\d+)', mp4_format)
/path/to/BugsInPy/workspace/youtube-dl/youtube_dl/extractor/videoweed.py:10: SyntaxWarning: invalid escape sequence '\.'
  _VALID_URL = NovaMovIE._VALID_URL_TEMPLATE % {'host': 'videoweed\.(?:es|com)'}
/path/to/BugsInPy/workspace/youtube-dl/youtube_dl/extractor/vimeo.py:257: SyntaxWarning: invalid escape sequence '\w'
  m_variable_name = re.search('(\w)\.video\.id', webpage)
/path/to/BugsInPy/workspace/youtube-dl/youtube_dl/extractor/vimeo.py:520: SyntaxWarning: invalid escape sequence '\.'
  'thumbnail': 're:^https?://.*\.jpg$',
/path/to/BugsInPy/workspace/youtube-dl/youtube_dl/extractor/wdr.py:150: SyntaxWarning: invalid escape sequence '\.'
  _VALID_URL = 'http://(?:www\.)?wdrmaus\.de/(?:[^/]+/){,2}(?P<id>[^/?#]+)(?:/index\.php5|(?<!index)\.php5|/(?:$|[?#]))'
/path/to/BugsInPy/workspace/youtube-dl/youtube_dl/extractor/wdr.py:157: SyntaxWarning: invalid escape sequence '\.'
  'thumbnail': 're:^http://.+\.jpg',
/path/to/BugsInPy/workspace/youtube-dl/youtube_dl/extractor/wdr.py:167: SyntaxWarning: invalid escape sequence '\.'
  'thumbnail': 're:^http://.+\.jpg',
/path/to/BugsInPy/workspace/youtube-dl/youtube_dl/extractor/xbef.py:21: SyntaxWarning: invalid escape sequence '\.'
  'thumbnail': 're:^http://.*\.jpg',
/path/to/BugsInPy/workspace/youtube-dl/youtube_dl/extractor/ynet.py:20: SyntaxWarning: invalid escape sequence '\.'
  'thumbnail': 're:^https?://.*\.jpg',
/path/to/BugsInPy/workspace/youtube-dl/youtube_dl/extractor/ynet.py:28: SyntaxWarning: invalid escape sequence '\.'
  'thumbnail': 're:^https?://.*\.jpg',
/path/to/BugsInPy/workspace/youtube-dl/youtube_dl/extractor/youku.py:45: SyntaxWarning: invalid escape sequence '\:'
  source = list("abcdefghijklmnopqrstuvwxyzABCDEFGHIJKLMNOPQRSTUVWXYZ/\:._-1234567890")
IE_TRACE: Source path:... /path/to/BugsInPy/workspace/youtube-dl/test/test_utils.py
IE_TRACE: Starting var:.. self = <test.test_utils.TestUtil testMethod=test_strip_jsonp>
IE_TRACE: 15:21:35.125097 call       285     def test_strip_jsonp(self):
IE_TRACE: 15:21:35.125383 line       286         stripped = strip_jsonp('cb ([ {"id":"532cb",\n\n\n"x":\n3}\n]\n);')
IE_TRACE:     Source path:... /path/to/BugsInPy/workspace/youtube-dl/youtube_dl/utils.py
IE_TRACE:     Starting var:.. code = 'cb ([ {"id":"532cb",\n\n\n"x":\n3}\n]\n);'
IE_TRACE:     15:21:35.125427 call      1333 def strip_jsonp(code):
IE_TRACE:     15:21:35.125617 line      1334     return re.sub(r'(?s)^[a-zA-Z0-9_]+\s*\(\s*(.*)\);?\s*?\s*$', r'\1', code)
IE_TRACE:         Source path:... /usr/lib/python3.12/re/__init__.py
IE_TRACE:         Starting var:.. pattern = '(?s)^[a-zA-Z0-9_]+\\s*\\(\\s*(.*)\\);?\\s*?\\s*$'
IE_TRACE:         Starting var:.. repl = '\\1'
IE_TRACE:         Starting var:.. string = 'cb ([ {"id":"532cb",\n\n\n"x":\n3}\n]\n);'
IE_TRACE:         Starting var:.. count = 0
IE_TRACE:         Starting var:.. flags = 0
IE_TRACE:         15:21:35.125650 call       179 def sub(pattern, repl, string, count=0, flags=0):
IE_TRACE:         15:21:35.125770 line       186     return _compile(pattern, flags).sub(repl, string, count)
IE_TRACE:             Starting var:.. pattern = '(?s)^[a-zA-Z0-9_]+\\s*\\(\\s*(.*)\\);?\\s*?\\s*$'
IE_TRACE:             Starting var:.. flags = 0
IE_TRACE:             15:21:35.125812 call       280 def _compile(pattern, flags):
IE_TRACE:             15:21:35.125847 line       282     if isinstance(flags, RegexFlag):
IE_TRACE:             15:21:35.125870 line       284     try:
IE_TRACE:             15:21:35.125889 line       285         return _cache2[type(pattern), pattern, flags]
IE_TRACE:             15:21:35.125908 exception  285         return _cache2[type(pattern), pattern, flags]
IE_TRACE:             Exception:..... KeyError: (<class 'str'>, '(?s)^[a-zA-Z0-9_]+\\s*\\(\\s*(.*)\\);?\\s*?\\s*$', 0)
IE_TRACE:             15:21:35.126014 line       286     except KeyError:
IE_TRACE:             15:21:35.126037 line       287         pass
IE_TRACE:             15:21:35.126055 line       289     key = (type(pattern), pattern, flags)
IE_TRACE:             New var:....... key = (<class 'str'>, '(?s)^[a-zA-Z0-9_]+\\s*\\(\\s*(.*)\\);?\\s*?\\s*$', 0)
IE_TRACE:             15:21:35.126072 line       291     p = _cache.pop(key, None)
IE_TRACE:             New var:....... p = None
IE_TRACE:             15:21:35.126097 line       292     if p is None:
IE_TRACE:             15:21:35.126124 line       293         if isinstance(pattern, Pattern):
IE_TRACE:             15:21:35.126144 line       298         if not _compiler.isstring(pattern):
IE_TRACE:                 Source path:... /usr/lib/python3.12/re/_compiler.py
IE_TRACE:                 Starting var:.. obj = '(?s)^[a-zA-Z0-9_]+\\s*\\(\\s*(.*)\\);?\\s*?\\s*$'
IE_TRACE:                 15:21:35.126165 call       570 def isstring(obj):
IE_TRACE:                 15:21:35.126264 line       571     return isinstance(obj, (str, bytes))
IE_TRACE:                 15:21:35.126282 return     571     return isinstance(obj, (str, bytes))
IE_TRACE:                 Return value:.. True
IE_TRACE:             Source path:... /usr/lib/python3.12/re/__init__.py
IE_TRACE:             15:21:35.126309 line       300         if flags & T:
IE_TRACE:                 Source path:... /usr/lib/python3.12/enum.py
IE_TRACE:                 Starting var:.. self = re.TEMPLATE
IE_TRACE:                 Starting var:.. other = 0
IE_TRACE:                 15:21:35.126343 call      1562     def __and__(self, other):
IE_TRACE:                 15:21:35.126534 line      1563         other_value = self._get_value(other)
IE_TRACE:                     Starting var:.. self = re.TEMPLATE
IE_TRACE:                     Starting var:.. flag = 0
IE_TRACE:                     15:21:35.126561 call      1544     def _get_value(self, flag):
IE_TRACE:                     15:21:35.126598 line      1545         if isinstance(flag, self.__class__):
IE_TRACE:                     15:21:35.126617 line      1547         elif self._member_type_ is not object and isinstance(flag, self._member_type_):
IE_TRACE:                     15:21:35.126637 line      1548             return flag
IE_TRACE:                     15:21:35.126655 return    1548             return flag
IE_TRACE:                     Return value:.. 0
IE_TRACE:                 New var:....... other_value = 0
IE_TRACE:                 15:21:35.126682 line      1564         if other_value is NotImplemented:
IE_TRACE:                 15:21:35.126706 line      1567         for flag in self, other:
IE_TRACE:                 New var:....... flag = re.TEMPLATE
IE_TRACE:                 15:21:35.126724 line      1568             if self._get_value(flag) is None:
IE_TRACE:                     Starting var:.. self = re.TEMPLATE
IE_TRACE:                     Starting var:.. flag = re.TEMPLATE
IE_TRACE:                     15:21:35.126750 call      1544     def _get_value(self, flag):
IE_TRACE:                     15:21:35.126780 line      1545         if isinstance(flag, self.__class__):
IE_TRACE:                     15:21:35.126797 line      1546             return flag._value_
IE_TRACE:                     15:21:35.126815 return    1546             return flag._value_
IE_TRACE:                     Return value:.. 1
IE_TRACE:                 15:21:35.126840 line      1567         for flag in self, other:
IE_TRACE:                 Modified var:.. flag = 0
IE_TRACE:                 15:21:35.126862 line      1568             if self._get_value(flag) is None:
IE_TRACE:                     Starting var:.. self = re.TEMPLATE
IE_TRACE:                     Starting var:.. flag = 0
IE_TRACE:                     15:21:35.126888 call      1544     def _get_value(self, flag):
IE_TRACE:                     15:21:35.126913 line      1545         if isinstance(flag, self.__class__):
IE_TRACE:                     15:21:35.126930 line      1547         elif self._member_type_ is not object and isinstance(flag, self._member_type_):
IE_TRACE:                     15:21:35.126947 line      1548             return flag
IE_TRACE:                     15:21:35.126964 return    1548             return flag
IE_TRACE:                     Return value:.. 0
IE_TRACE:                 15:21:35.126985 line      1567         for flag in self, other:
IE_TRACE:                 15:21:35.127005 line      1570         value = self._value_
IE_TRACE:                 New var:....... value = 1
IE_TRACE:                 15:21:35.127024 line      1571         return self.__class__(value & other_value)
IE_TRACE:                     Starting var:.. cls = <flag 'RegexFlag'>
IE_TRACE:                     Starting var:.. value = 0
IE_TRACE:                     Starting var:.. names = <not given>
IE_TRACE:                     Starting var:.. module = None
IE_TRACE:                     Starting var:.. qualname = None
IE_TRACE:                     Starting var:.. type = None
IE_TRACE:                     Starting var:.. start = 1
IE_TRACE:                     Starting var:.. boundary = None
IE_TRACE:                     Starting var:.. values = ()
IE_TRACE:                     15:21:35.127056 call       726     def __call__(cls, value, names=_not_given, *values, module=None, qualname=None, type=None, start=1, boundary=None):
IE_TRACE:                     15:21:35.127136 line       753         if cls._member_map_:
IE_TRACE:                     15:21:35.127165 line       755             if names is not _not_given:
IE_TRACE:                     15:21:35.127192 line       757             return cls.__new__(cls, value)
IE_TRACE:                         Starting var:.. cls = <flag 'RegexFlag'>
IE_TRACE:                         Starting var:.. value = 0
IE_TRACE:                         15:21:35.127234 call      1129     def __new__(cls, value):
IE_TRACE:                         15:21:35.127266 line      1133         if type(value) is cls:
IE_TRACE:                         15:21:35.127287 line      1138         try:
IE_TRACE:                         15:21:35.127306 line      1139             return cls._value2member_map_[value]
IE_TRACE:                         15:21:35.127325 return    1139             return cls._value2member_map_[value]
IE_TRACE:                         Return value:.. re.NOFLAG
IE_TRACE:                     15:21:35.127358 return     757             return cls.__new__(cls, value)
IE_TRACE:                     Return value:.. re.NOFLAG
IE_TRACE:                 15:21:35.127396 return    1571         return self.__class__(value & other_value)
IE_TRACE:                 Return value:.. re.NOFLAG
IE_TRACE:             Source path:... /usr/lib/python3.12/re/__init__.py
IE_TRACE:             15:21:35.127427 line       307         p = _compiler.compile(pattern, flags)
IE_TRACE:                 Source path:... /usr/lib/python3.12/re/_compiler.py
IE_TRACE:                 Starting var:.. p = '(?s)^[a-zA-Z0-9_]+\\s*\\(\\s*(.*)\\);?\\s*?\\s*$'
IE_TRACE:                 Starting var:.. flags = 0
IE_TRACE:                 15:21:35.127465 call       740 def compile(p, flags=0):
IE_TRACE:                 15:21:35.127501 line       743     if isstring(p):
IE_TRACE:                     Starting var:.. obj = '(?s)^[a-zA-Z0-9_]+\\s*\\(\\s*(.*)\\);?\\s*?\\s*$'
IE_TRACE:                     15:21:35.127520 call       570 def isstring(obj):
IE_TRACE:                     15:21:35.127542 line       571     return isinstance(obj, (str, bytes))
IE_TRACE:                     15:21:35.127557 return     571     return isinstance(obj, (str, bytes))
IE_TRACE:                     Return value:.. True
IE_TRACE:                 15:21:35.127584 line       744         pattern = p
IE_TRACE:                 New var:....... pattern = '(?s)^[a-zA-Z0-9_]+\\s*\\(\\s*(.*)\\);?\\s*?\\s*$'
IE_TRACE:                 15:21:35.127602 line       745         p = _parser.parse(p, flags)
IE_TRACE:                     Source path:... /usr/lib/python3.12/re/_parser.py
IE_TRACE:                     Starting var:.. str = '(?s)^[a-zA-Z0-9_]+\\s*\\(\\s*(.*)\\);?\\s*?\\s*$'
IE_TRACE:                     Starting var:.. flags = 0
IE_TRACE:                     Starting var:.. state = None
IE_TRACE:                     15:21:35.127634 call       969 def parse(str, flags=0, state=None):
IE_TRACE:                     15:21:35.127764 line       972     source = Tokenizer(str)
IE_TRACE:                         Starting var:.. self = <re._parser.Tokenizer object at 0x72cf9fef7da0>
IE_TRACE:                         Starting var:.. string = '(?s)^[a-zA-Z0-9_]+\\s*\\(\\s*(.*)\\);?\\s*?\\s*$'
IE_TRACE:                         15:21:35.127789 call       231     def __init__(self, string):
IE_TRACE:                         15:21:35.127822 line       232         self.istext = isinstance(string, str)
IE_TRACE:                         15:21:35.127841 line       233         self.string = string
IE_TRACE:                         15:21:35.127859 line       234         if not self.istext:
IE_TRACE:                         15:21:35.127875 line       236         self.decoded_string = string
IE_TRACE:                         15:21:35.127892 line       237         self.index = 0
IE_TRACE:                         15:21:35.127909 line       238         self.next = None
IE_TRACE:                         15:21:35.127925 line       239         self.__next()
IE_TRACE:                             Starting var:.. self = <re._parser.Tokenizer object at 0x72cf9fef7da0>
IE_TRACE:                             15:21:35.127949 call       240     def __next(self):
IE_TRACE:                             15:21:35.127972 line       241         index = self.index
IE_TRACE:                             New var:....... index = 0
IE_TRACE:                             15:21:35.127990 line       242         try:
IE_TRACE:                             15:21:35.128014 line       243             char = self.decoded_string[index]
IE_TRACE:                             New var:....... char = '('
IE_TRACE:                             15:21:35.128033 line       247         if char == "\\":
IE_TRACE:                             15:21:35.128058 line       254         self.index = index + 1
IE_TRACE:                             15:21:35.128078 line       255         self.next = char
IE_TRACE:                             15:21:35.128097 return     255         self.next = char
IE_TRACE:                             Return value:.. None
IE_TRACE:                         15:21:35.128125 return     239         self.__next()
IE_TRACE:                         Return value:.. None
IE_TRACE:                     New var:....... source = <re._parser.Tokenizer object at 0x72cf9fef7da0>
IE_TRACE:                     15:21:35.128151 line       974     if state is None:
IE_TRACE:                     15:21:35.128177 line       975         state = State()
IE_TRACE:                         Starting var:.. self = <re._parser.State object at 0x72cfa0937740>
IE_TRACE:                         15:21:35.128202 call        77     def __init__(self):
IE_TRACE:                         15:21:35.128224 line        78         self.flags = 0
IE_TRACE:                         15:21:35.128240 line        79         self.groupdict = {}
IE_TRACE:                         15:21:35.128256 line        80         self.groupwidths = [None]  # group 0
IE_TRACE:                         15:21:35.128271 line        81         self.lookbehindgroups = None
IE_TRACE:                         15:21:35.128287 line        82         self.grouprefpos = {}
IE_TRACE:                         15:21:35.128302 return      82         self.grouprefpos = {}
IE_TRACE:                         Return value:.. None
IE_TRACE:                     Modified var:.. state = <re._parser.State object at 0x72cfa0937740>
IE_TRACE:                     15:21:35.128323 line       976     state.flags = flags
IE_TRACE:                     15:21:35.128350 line       977     state.str = str
IE_TRACE:                     15:21:35.128372 line       979     p = _parse_sub(source, state, flags & SRE_FLAG_VERBOSE, 0)
IE_TRACE:                         Starting var:.. source = <re._parser.Tokenizer object at 0x72cf9fef7da0>
IE_TRACE:                         Starting var:.. state = <re._parser.State object at 0x72cfa0937740>
IE_TRACE:                         Starting var:.. verbose = 0
IE_TRACE:                         Starting var:.. nested = 0
IE_TRACE:                         15:21:35.128409 call       452 def _parse_sub(source, state, verbose, nested):
IE_TRACE:                         15:21:35.128455 line       455     items = []
IE_TRACE:                         New var:....... items = []
IE_TRACE:                         15:21:35.128479 line       456     itemsappend = items.append
IE_TRACE:                         New var:....... itemsappend = <built-in method append of list object at 0x72cf9fcda140>
IE_TRACE:                         15:21:35.128510 line       457     sourcematch = source.match
IE_TRACE:                         New var:....... sourcematch = <bound method Tokenizer.match of <re._parser.Tokenizer object at 0x72cf9fef7da0>>
IE_TRACE:                         15:21:35.128544 line       458     start = source.tell()
IE_TRACE:                             Starting var:.. self = <re._parser.Tokenizer object at 0x72cf9fef7da0>
IE_TRACE:                             15:21:35.128586 call       293     def tell(self):
IE_TRACE:                             15:21:35.128608 line       294         return self.index - len(self.next or '')
IE_TRACE:                             15:21:35.128626 return     294         return self.index - len(self.next or '')
IE_TRACE:                             Return value:.. 0
IE_TRACE:                         New var:....... start = 0
IE_TRACE:                         15:21:35.128650 line       459     while True:
IE_TRACE:                         15:21:35.128684 line       460         itemsappend(_parse(source, state, verbose, nested + 1,
IE_TRACE:                         15:21:35.128713 line       461                            not nested and not items))
IE_TRACE:                         15:21:35.128742 line       460         itemsappend(_parse(source, state, verbose, nested + 1,
IE_TRACE:                             Starting var:.. source = <re._parser.Tokenizer object at 0x72cf9fef7da0>
IE_TRACE:                             Starting var:.. state = <re._parser.State object at 0x72cfa0937740>
IE_TRACE:                             Starting var:.. verbose = 0
IE_TRACE:                             Starting var:.. nested = 1
IE_TRACE:                             Starting var:.. first = True
IE_TRACE:                             15:21:35.128869 call       512 def _parse(source, state, verbose, nested, first=False):
IE_TRACE:                             15:21:35.128956 line       514     subpattern = SubPattern(state)
IE_TRACE:                                 Starting var:.. self = REPR FAILED
IE_TRACE:                                 Starting var:.. state = <re._parser.State object at 0x72cfa0937740>
IE_TRACE:                                 Starting var:.. data = None
IE_TRACE:                                 15:21:35.129004 call       113     def __init__(self, state, data=None):
IE_TRACE:                                 15:21:35.129055 line       114         self.state = state
IE_TRACE:                                 15:21:35.129088 line       115         if data is None:
IE_TRACE:                                 15:21:35.129120 line       116             data = []
IE_TRACE:                                 Modified var:.. data = []
IE_TRACE:                                 15:21:35.129150 line       117         self.data = data
IE_TRACE:                                 Modified var:.. self = []
IE_TRACE:                                 15:21:35.129185 line       118         self.width = None
IE_TRACE:                                 15:21:35.129219 return     118         self.width = None
IE_TRACE:                                 Return value:.. None
IE_TRACE:                             New var:....... subpattern = []
IE_TRACE:                             15:21:35.129277 line       517     subpatternappend = subpattern.append
IE_TRACE:                             New var:....... subpatternappend = <bound method SubPattern.append of []>
IE_TRACE:                             15:21:35.129331 line       518     sourceget = source.get
IE_TRACE:                             New var:....... sourceget = <bound method Tokenizer.get of <re._parser.Tokenizer object at 0x72cf9fef7da0>>
IE_TRACE:                             15:21:35.129382 line       519     sourcematch = source.match
IE_TRACE:                             New var:....... sourcematch = <bound method Tokenizer.match of <re._parser.Tokenizer object at 0x72cf9fef7da0>>
IE_TRACE:                             15:21:35.129434 line       520     _len = len
IE_TRACE:                             New var:....... _len = <built-in function len>
IE_TRACE:                             15:21:35.129491 line       521     _ord = ord
IE_TRACE:                             New var:....... _ord = <built-in function ord>
IE_TRACE:                             15:21:35.129547 line       523     while True:
IE_TRACE:                             15:21:35.129610 line       525         this = source.next
IE_TRACE:                             New var:....... this = '('
IE_TRACE:                             15:21:35.129661 line       526         if this is None:
IE_TRACE:                             15:21:35.129719 line       528         if this in "|)":
IE_TRACE:                             15:21:35.129770 line       530         sourceget()
IE_TRACE:                                 Starting var:.. self = <re._parser.Tokenizer object at 0x72cf9fef7da0>
IE_TRACE:                                 15:21:35.129823 call       261     def get(self):
IE_TRACE:                                 15:21:35.129856 line       262         this = self.next
IE_TRACE:                                 New var:....... this = '('
IE_TRACE:                                 15:21:35.129883 line       263         self.__next()
IE_TRACE:                                     Starting var:.. self = <re._parser.Tokenizer object at 0x72cf9fef7da0>
IE_TRACE:                                     15:21:35.129917 call       240     def __next(self):
IE_TRACE:                                     15:21:35.129950 line       241         index = self.index
IE_TRACE:                                     New var:....... index = 1
IE_TRACE:                                     15:21:35.129978 line       242         try:
IE_TRACE:                                     15:21:35.130012 line       243             char = self.decoded_string[index]
IE_TRACE:                                     New var:....... char = '?'
IE_TRACE:                                     15:21:35.130041 line       247         if char == "\\":
IE_TRACE:                                     15:21:35.130076 line       254         self.index = index + 1
IE_TRACE:                                     15:21:35.130106 line       255         self.next = char
IE_TRACE:                                     15:21:35.130135 return     255         self.next = char
IE_TRACE:                                     Return value:.. None
IE_TRACE:                                 15:21:35.130172 line       264         return this
IE_TRACE:                                 15:21:35.130200 return     264         return this
IE_TRACE:                                 Return value:.. '('
IE_TRACE:                             15:21:35.130235 line       532         if verbose:
IE_TRACE:                             15:21:35.130287 line       543         if this[0] == "\\":
IE_TRACE:                             15:21:35.130338 line       547         elif this not in SPECIAL_CHARS:
IE_TRACE:                             15:21:35.130390 line       550         elif this == "[":
IE_TRACE:                             15:21:35.130441 line       639         elif this in REPEAT_CHARS:
IE_TRACE:                             15:21:35.130491 line       706         elif this == ".":
IE_TRACE:                             15:21:35.130542 line       709         elif this == "(":
IE_TRACE:                             15:21:35.130600 line       710             start = source.tell() - 1
IE_TRACE:                                 Starting var:.. self = <re._parser.Tokenizer object at 0x72cf9fef7da0>
IE_TRACE:                                 15:21:35.130652 call       293     def tell(self):
IE_TRACE:                                 15:21:35.130683 line       294         return self.index - len(self.next or '')
IE_TRACE:                                 15:21:35.130711 return     294         return self.index - len(self.next or '')
IE_TRACE:                                 Return value:.. 1
IE_TRACE:                             New var:....... start = 0
IE_TRACE:                             15:21:35.130743 line       711             capture = True
IE_TRACE:                             New var:....... capture = True
IE_TRACE:                             15:21:35.130801 line       712             atomic = False
IE_TRACE:                             New var:....... atomic = False
IE_TRACE:                             15:21:35.130860 line       713             name = None
IE_TRACE:                             New var:....... name = None
IE_TRACE:                             15:21:35.130921 line       714             add_flags = 0
IE_TRACE:                             New var:....... add_flags = 0
IE_TRACE:                             15:21:35.130984 line       715             del_flags = 0
IE_TRACE:                             New var:....... del_flags = 0
IE_TRACE:                             15:21:35.131048 line       716             if sourcematch("?"):
IE_TRACE:                                 Starting var:.. self = <re._parser.Tokenizer object at 0x72cf9fef7da0>
IE_TRACE:                                 Starting var:.. char = '?'
IE_TRACE:                                 15:21:35.131115 call       256     def match(self, char):
IE_TRACE:                                 15:21:35.131153 line       257         if char == self.next:
IE_TRACE:                                 15:21:35.131182 line       258             self.__next()
IE_TRACE:                                     Starting var:.. self = <re._parser.Tokenizer object at 0x72cf9fef7da0>
IE_TRACE:                                     15:21:35.131212 call       240     def __next(self):
IE_TRACE:                                     15:21:35.131244 line       241         index = self.index
IE_TRACE:                                     New var:....... index = 2
IE_TRACE:                                     15:21:35.131272 line       242         try:
IE_TRACE:                                     15:21:35.131305 line       243             char = self.decoded_string[index]
IE_TRACE:                                     New var:....... char = 's'
IE_TRACE:                                     15:21:35.131335 line       247         if char == "\\":
IE_TRACE:                                     15:21:35.131369 line       254         self.index = index + 1
IE_TRACE:                                     15:21:35.131398 line       255         self.next = char
IE_TRACE:                                     15:21:35.131428 return     255         self.next = char
IE_TRACE:                                     Return value:.. None
IE_TRACE:                                 15:21:35.131463 line       259             return True
IE_TRACE:                                 15:21:35.131492 return     259             return True
IE_TRACE:                                 Return value:.. True
IE_TRACE:                             15:21:35.131526 line       718                 char = sourceget()
IE_TRACE:                                 Starting var:.. self = <re._parser.Tokenizer object at 0x72cf9fef7da0>
IE_TRACE:                                 15:21:35.131591 call       261     def get(self):
IE_TRACE:                                 15:21:35.131623 line       262         this = self.next
IE_TRACE:                                 New var:....... this = 's'
IE_TRACE:                                 15:21:35.131650 line       263         self.__next()
IE_TRACE:                                     Starting var:.. self = <re._parser.Tokenizer object at 0x72cf9fef7da0>
IE_TRACE:                                     15:21:35.131683 call       240     def __next(self):
IE_TRACE:                                     15:21:35.131715 line       241         index = self.index
IE_TRACE:                                     New var:....... index = 3
IE_TRACE:                                     15:21:35.131742 line       242         try:
IE_TRACE:                                     15:21:35.131775 line       243             char = self.decoded_string[index]
IE_TRACE:                                     New var:....... char = ')'
IE_TRACE:                                     15:21:35.131804 line       247         if char == "\\":
IE_TRACE:                                     15:21:35.131838 line       254         self.index = index + 1
IE_TRACE:                                     15:21:35.131867 line       255         self.next = char
IE_TRACE:                                     15:21:35.131897 return     255         self.next = char
IE_TRACE:                                     Return value:.. None
IE_TRACE:                                 15:21:35.131932 line       264         return this
IE_TRACE:                                 15:21:35.131960 return     264         return this
IE_TRACE:                                 Return value:.. 's'
IE_TRACE:                             New var:....... char = 's'
IE_TRACE:                             15:21:35.131993 line       719                 if char is None:
IE_TRACE:                             15:21:35.132059 line       721                 if char == "P":
IE_TRACE:                             15:21:35.132120 line       748                 elif char == ":":
IE_TRACE:                             15:21:35.132180 line       751                 elif char == "#":
IE_TRACE:                             15:21:35.132240 line       761                 elif char in "=!<":
IE_TRACE:                             15:21:35.132309 line       788                 elif char == "(":
IE_TRACE:                             15:21:35.132378 line       831                 elif char == ">":
IE_TRACE:                             15:21:35.132444 line       835                 elif char in FLAGS or char == "-":
IE_TRACE:                             15:21:35.132512 line       837                     flags = _parse_flags(source, state, char)
IE_TRACE:                                 Starting var:.. source = <re._parser.Tokenizer object at 0x72cf9fef7da0>
IE_TRACE:                                 Starting var:.. state = <re._parser.State object at 0x72cfa0937740>
IE_TRACE:                                 Starting var:.. char = 's'
IE_TRACE:                                 15:21:35.132593 call       893 def _parse_flags(source, state, char):
IE_TRACE:                                 15:21:35.132644 line       894     sourceget = source.get
IE_TRACE:                                 New var:....... sourceget = <bound method Tokenizer.get of <re._parser.Tokenizer object at 0x72cf9fef7da0>>
IE_TRACE:                                 15:21:35.132677 line       895     add_flags = 0
IE_TRACE:                                 New var:....... add_flags = 0
IE_TRACE:                                 15:21:35.132716 line       896     del_flags = 0
IE_TRACE:                                 New var:....... del_flags = 0
IE_TRACE:                                 15:21:35.132756 line       897     if char != "-":
IE_TRACE:                                 15:21:35.132797 line       898         while True:
IE_TRACE:                                 15:21:35.132833 line       899             flag = FLAGS[char]
IE_TRACE:                                 New var:....... flag = 16
IE_TRACE:                                 15:21:35.132869 line       900             if source.istext:
IE_TRACE:                                 15:21:35.132911 line       901                 if char == 'L':
IE_TRACE:                                 15:21:35.132948 line       908             add_flags |= flag
IE_TRACE:                                 Modified var:.. add_flags = 16
IE_TRACE:                                 15:21:35.132985 line       909             if (flag & TYPE_FLAGS) and (add_flags & TYPE_FLAGS) != flag:
IE_TRACE:                                 15:21:35.133026 line       912             char = sourceget()
IE_TRACE:                                     Starting var:.. self = <re._parser.Tokenizer object at 0x72cf9fef7da0>
IE_TRACE:                                     15:21:35.133064 call       261     def get(self):
IE_TRACE:                                     15:21:35.133097 line       262         this = self.next
IE_TRACE:                                     New var:....... this = ')'
IE_TRACE:                                     15:21:35.133125 line       263         self.__next()
IE_TRACE:                                     15:21:35.133178 line       264         return this
IE_TRACE:                                     15:21:35.133208 return     264         return this
IE_TRACE:                                     Return value:.. ')'
IE_TRACE:                                 Modified var:.. char = ')'
IE_TRACE:                                 15:21:35.133243 line       913             if char is None:
IE_TRACE:                                 15:21:35.133284 line       915             if char in ")-:":
IE_TRACE:                                 15:21:35.133321 line       916                 break
IE_TRACE:                                 15:21:35.133358 line       920     if char == ")":
IE_TRACE:                                 15:21:35.133395 line       921         state.flags |= add_flags
IE_TRACE:                                 15:21:35.133433 line       922         return None
IE_TRACE:                                 15:21:35.133470 return     922         return None
IE_TRACE:                                 Return value:.. None
IE_TRACE:                             New var:....... flags = None
IE_TRACE:                             15:21:35.133519 line       838                     if flags is None:  # global flags
IE_TRACE:                             15:21:35.133596 line       839                         if not first or subpattern:
IE_TRACE:                                 Starting var:.. self = []
IE_TRACE:                                 15:21:35.133660 call       164     def __len__(self):
IE_TRACE:                                 15:21:35.133692 line       165         return len(self.data)
IE_TRACE:                                 15:21:35.133719 return     165         return len(self.data)
IE_TRACE:                                 Return value:.. 0
IE_TRACE:                             15:21:35.133757 line       843                         verbose = state.flags & SRE_FLAG_VERBOSE
IE_TRACE:                             15:21:35.133825 line       844                         continue
IE_TRACE:                             15:21:35.133894 line       523     while True:
IE_TRACE:                             15:21:35.133957 line       525         this = source.next
IE_TRACE:                             Modified var:.. this = '^'
IE_TRACE:                             15:21:35.134018 line       526         if this is None:
IE_TRACE:                             15:21:35.134085 line       528         if this in "|)":
IE_TRACE:                             15:21:35.134147 line       530         sourceget()
IE_TRACE:                                 Starting var:.. self = <re._parser.Tokenizer object at 0x72cf9fef7da0>
IE_TRACE:                                 15:21:35.134209 call       261     def get(self):
IE_TRACE:                                 15:21:35.134241 line       262         this = self.next
IE_TRACE:                                 New var:....... this = '^'
IE_TRACE:                                 15:21:35.134268 line       263         self.__next()
IE_TRACE:                                     Starting var:.. self = <re._parser.Tokenizer object at 0x72cf9fef7da0>
IE_TRACE:                                     15:21:35.134301 call       240     def __next(self):
IE_TRACE:                                     15:21:35.134334 line       241         index = self.index
IE_TRACE:                                     New var:....... index = 5
IE_TRACE:                                     15:21:35.134362 line       242         try:
IE_TRACE:                                     15:21:35.134395 line       243             char = self.decoded_string[index]
IE_TRACE:                                     New var:....... char = '['
IE_TRACE:                                     15:21:35.134424 line       247         if char == "\\":
IE_TRACE:                                     15:21:35.134458 line       254         self.index = index + 1
IE_TRACE:                                     15:21:35.134487 line       255         self.next = char
IE_TRACE:                                     15:21:35.134517 return     255         self.next = char
IE_TRACE:                                     Return value:.. None
IE_TRACE:                                 15:21:35.134552 line       264         return this
IE_TRACE:                                 15:21:35.134583 return     264         return this
IE_TRACE:                                 Return value:.. '^'
IE_TRACE:                             15:21:35.134616 line       532         if verbose:
IE_TRACE:                             15:21:35.134679 line       543         if this[0] == "\\":
IE_TRACE:                             15:21:35.134742 line       547         elif this not in SPECIAL_CHARS:
IE_TRACE:                             15:21:35.134803 line       550         elif this == "[":
IE_TRACE:                             15:21:35.134865 line       639         elif this in REPEAT_CHARS:
IE_TRACE:                             15:21:35.134928 line       706         elif this == ".":
IE_TRACE:                             15:21:35.134991 line       709         elif this == "(":
IE_TRACE:                             15:21:35.135057 line       874         elif this == "^":
IE_TRACE:                             15:21:35.135125 line       875             subpatternappend((AT, AT_BEGINNING))
IE_TRACE:                                 Starting var:.. self = []
IE_TRACE:                                 Starting var:.. code = (AT, AT_BEGINNING)
IE_TRACE:                                 15:21:35.135188 call       176     def append(self, code):
IE_TRACE:                                 15:21:35.135229 line       177         self.data.append(code)
IE_TRACE:                                 Modified var:.. self = [(AT, AT_BEGINNING)]
IE_TRACE:                                 15:21:35.135258 return     177         self.data.append(code)
IE_TRACE:                                 Return value:.. None
IE_TRACE:                             Modified var:.. subpattern = [(AT, AT_BEGINNING)]
IE_TRACE:                             Modified var:.. subpatternappend = <bound method SubPattern.append of [(AT, AT_BEGINNING)]>
IE_TRACE:                             15:21:35.135321 line       523     while True:
IE_TRACE:                             15:21:35.135400 line       525         this = source.next
IE_TRACE:                             Modified var:.. this = '['
IE_TRACE:                             15:21:35.135462 line       526         if this is None:
IE_TRACE:                             15:21:35.135529 line       528         if this in "|)":
IE_TRACE:                             15:21:35.135604 line       530         sourceget()
IE_TRACE:                                 Starting var:.. self = <re._parser.Tokenizer object at 0x72cf9fef7da0>
IE_TRACE:                                 15:21:35.135667 call       261     def get(self):
IE_TRACE:                                 15:21:35.135698 line       262         this = self.next
IE_TRACE:                                 New var:....... this = '['
IE_TRACE:                                 15:21:35.135726 line       263         self.__next()
IE_TRACE:                                     Starting var:.. self = <re._parser.Tokenizer object at 0x72cf9fef7da0>
IE_TRACE:                                     15:21:35.135759 call       240     def __next(self):
IE_TRACE:                                     15:21:35.135791 line       241         index = self.index
IE_TRACE:                                     New var:....... index = 6
IE_TRACE:                                     15:21:35.135818 line       242         try:
IE_TRACE:                                     15:21:35.135851 line       243             char = self.decoded_string[index]
IE_TRACE:                                     New var:....... char = 'a'
IE_TRACE:                                     15:21:35.135880 line       247         if char == "\\":
IE_TRACE:                                     15:21:35.135914 line       254         self.index = index + 1
IE_TRACE:                                     15:21:35.135943 line       255         self.next = char
IE_TRACE:                                     15:21:35.135973 return     255         self.next = char
IE_TRACE:                                     Return value:.. None
IE_TRACE:                                 15:21:35.136009 line       264         return this
IE_TRACE:                                 15:21:35.136037 return     264         return this
IE_TRACE:                                 Return value:.. '['
IE_TRACE:                             15:21:35.136070 line       532         if verbose:
IE_TRACE:                             15:21:35.136134 line       543         if this[0] == "\\":
IE_TRACE:                             15:21:35.136197 line       547         elif this not in SPECIAL_CHARS:
IE_TRACE:                             15:21:35.136260 line       550         elif this == "[":
IE_TRACE:                             15:21:35.136322 line       551             here = source.tell() - 1
IE_TRACE:                                 Starting var:.. self = <re._parser.Tokenizer object at 0x72cf9fef7da0>
IE_TRACE:                                 15:21:35.136385 call       293     def tell(self):
IE_TRACE:                                 15:21:35.136417 line       294         return self.index - len(self.next or '')
IE_TRACE:                                 15:21:35.136445 return     294         return self.index - len(self.next or '')
IE_TRACE:                                 Return value:.. 6
IE_TRACE:                             New var:....... here = 5
IE_TRACE:                             15:21:35.136478 line       553             set = []
IE_TRACE:                             New var:....... set = []
IE_TRACE:                             15:21:35.136548 line       554             setappend = set.append
IE_TRACE:                             New var:....... setappend = <built-in method append of list object at 0x72cf9fcda0c0>
IE_TRACE:                             15:21:35.136625 line       557             if source.next == '[':
IE_TRACE:                             15:21:35.136698 line       563             negate = sourcematch("^")
IE_TRACE:                                 Starting var:.. self = <re._parser.Tokenizer object at 0x72cf9fef7da0>
IE_TRACE:                                 Starting var:.. char = '^'
IE_TRACE:                                 15:21:35.136766 call       256     def match(self, char):
IE_TRACE:                                 15:21:35.136803 line       257         if char == self.next:
IE_TRACE:                                 15:21:35.136832 line       260         return False
IE_TRACE:                                 15:21:35.136860 return     260         return False
IE_TRACE:                                 Return value:.. False
IE_TRACE:                             New var:....... negate = False
IE_TRACE:                             15:21:35.136893 line       565             while True:
IE_TRACE:                             15:21:35.136966 line       566                 this = sourceget()
IE_TRACE:                                 Starting var:.. self = <re._parser.Tokenizer object at 0x72cf9fef7da0>
IE_TRACE:                                 15:21:35.137035 call       261     def get(self):
IE_TRACE:                                 15:21:35.137066 line       262         this = self.next
IE_TRACE:                                 New var:....... this = 'a'
IE_TRACE:                                 15:21:35.137092 line       263         self.__next()
IE_TRACE:                                     Starting var:.. self = <re._parser.Tokenizer object at 0x72cf9fef7da0>
IE_TRACE:                                     15:21:35.137125 call       240     def __next(self):
IE_TRACE:                                     15:21:35.137157 line       241         index = self.index
IE_TRACE:                                     New var:....... index = 7
IE_TRACE:                                     15:21:35.137185 line       242         try:
IE_TRACE:                                     15:21:35.137218 line       243             char = self.decoded_string[index]
IE_TRACE:                                     New var:....... char = '-'
IE_TRACE:                                     15:21:35.137259 line       247         if char == "\\":
IE_TRACE:                                     15:21:35.137296 line       254         self.index = index + 1
IE_TRACE:                                     15:21:35.137326 line       255         self.next = char
IE_TRACE:                                     15:21:35.137355 return     255         self.next = char
IE_TRACE:                                     Return value:.. None
IE_TRACE:                                 15:21:35.137391 line       264         return this
IE_TRACE:                                 15:21:35.137419 return     264         return this
IE_TRACE:                                 Return value:.. 'a'
IE_TRACE:                             Modified var:.. this = 'a'
IE_TRACE:                             15:21:35.137452 line       567                 if this is None:
IE_TRACE:                             15:21:35.137526 line       570                 if this == "]" and set:
IE_TRACE:                             15:21:35.137598 line       572                 elif this[0] == "\\":
IE_TRACE:                             15:21:35.137665 line       575                     if set and this in '-&~|' and source.next == this:
IE_TRACE:                             15:21:35.137733 line       586                     code1 = LITERAL, _ord(this)
IE_TRACE:                             New var:....... code1 = (LITERAL, 97)
IE_TRACE:                             15:21:35.137800 line       587                 if sourcematch("-"):
IE_TRACE:                                 Starting var:.. self = <re._parser.Tokenizer object at 0x72cf9fef7da0>
IE_TRACE:                                 Starting var:.. char = '-'
IE_TRACE:                                 15:21:35.137876 call       256     def match(self, char):
IE_TRACE:                                 15:21:35.137912 line       257         if char == self.next:
IE_TRACE:                                 15:21:35.137940 line       258             self.__next()
IE_TRACE:                                     Starting var:.. self = <re._parser.Tokenizer object at 0x72cf9fef7da0>
IE_TRACE:                                     15:21:35.137969 call       240     def __next(self):
IE_TRACE:                                     15:21:35.138000 line       241         index = self.index
IE_TRACE:                                     New var:....... index = 8
IE_TRACE:                                     15:21:35.138028 line       242         try:
IE_TRACE:                                     15:21:35.138061 line       243             char = self.decoded_string[index]
IE_TRACE:                                     New var:....... char = 'z'
IE_TRACE:                                     15:21:35.138090 line       247         if char == "\\":
IE_TRACE:                                     15:21:35.138124 line       254         self.index = index + 1
IE_TRACE:                                     15:21:35.138153 line       255         self.next = char
IE_TRACE:                                     15:21:35.138182 return     255         self.next = char
IE_TRACE:                                     Return value:.. None
IE_TRACE:                                 15:21:35.138217 line       259             return True
IE_TRACE:                                 15:21:35.138245 return     259             return True
IE_TRACE:                                 Return value:.. True
IE_TRACE:                             15:21:35.138278 line       589                     that = sourceget()
IE_TRACE:                                 Starting var:.. self = <re._parser.Tokenizer object at 0x72cf9fef7da0>
IE_TRACE:                                 15:21:35.138349 call       261     def get(self):
IE_TRACE:                                 15:21:35.138432 line       262         this = self.next
IE_TRACE:                                 New var:....... this = 'z'
IE_TRACE:                                 15:21:35.138469 line       263         self.__next()
IE_TRACE:                                     Starting var:.. self = <re._parser.Tokenizer object at 0x72cf9fef7da0>
IE_TRACE:                                     15:21:35.138504 call       240     def __next(self):
IE_TRACE:                                     15:21:35.138537 line       241         index = self.index
IE_TRACE:                                     New var:....... index = 9
IE_TRACE:                                     15:21:35.138568 line       242         try:
IE_TRACE:                                     15:21:35.138601 line       243             char = self.decoded_string[index]
IE_TRACE:                                     New var:....... char = 'A'
IE_TRACE:                                     15:21:35.138630 line       247         if char == "\\":
IE_TRACE:                                     15:21:35.138666 line       254         self.index = index + 1
IE_TRACE:                                     15:21:35.138695 line       255         self.next = char
IE_TRACE:                                     15:21:35.138725 return     255         self.next = char
IE_TRACE:                                     Return value:.. None
IE_TRACE:                                 15:21:35.138761 line       264         return this
IE_TRACE:                                 15:21:35.138789 return     264         return this
IE_TRACE:                                 Return value:.. 'z'
IE_TRACE:                             New var:....... that = 'z'
IE_TRACE:                             15:21:35.138822 line       590                     if that is None:
IE_TRACE:                             15:21:35.138902 line       593                     if that == "]":
IE_TRACE:                             15:21:35.138973 line       599                     if that[0] == "\\":
IE_TRACE:                             15:21:35.139044 line       602                         if that == '-':
IE_TRACE:                             15:21:35.139114 line       609                         code2 = LITERAL, _ord(that)
IE_TRACE:                             New var:....... code2 = (LITERAL, 122)
IE_TRACE:                             15:21:35.139185 line       610                     if code1[0] != LITERAL or code2[0] != LITERAL:
IE_TRACE:                             15:21:35.139262 line       613                     lo = code1[1]
IE_TRACE:                             New var:....... lo = 97
IE_TRACE:                             15:21:35.139335 line       614                     hi = code2[1]
IE_TRACE:                             New var:....... hi = 122
IE_TRACE:                             15:21:35.139413 line       615                     if hi < lo:
IE_TRACE:                             15:21:35.139491 line       618                     setappend((RANGE, (lo, hi)))
IE_TRACE:                             Modified var:.. set = [(RANGE, (97, 122))]
IE_TRACE:                             15:21:35.139569 line       565             while True:
IE_TRACE:                             15:21:35.139651 line       566                 this = sourceget()
IE_TRACE:                                 Starting var:.. self = <re._parser.Tokenizer object at 0x72cf9fef7da0>
IE_TRACE:                                 15:21:35.139727 call       261     def get(self):
IE_TRACE:                                 15:21:35.139759 line       262         this = self.next
IE_TRACE:                                 New var:....... this = 'A'
IE_TRACE:                                 15:21:35.139786 line       263         self.__next()
IE_TRACE:                                     Starting var:.. self = <re._parser.Tokenizer object at 0x72cf9fef7da0>
IE_TRACE:                                     15:21:35.139820 call       240     def __next(self):
IE_TRACE:                                     15:21:35.139852 line       241         index = self.index
IE_TRACE:                                     New var:....... index = 10
IE_TRACE:                                     15:21:35.139880 line       242         try:
IE_TRACE:                                     15:21:35.139914 line       243             char = self.decoded_string[index]
IE_TRACE:                                     New var:....... char = '-'
IE_TRACE:                                     15:21:35.139942 line       247         if char == "\\":
IE_TRACE:                                     15:21:35.139976 line       254         self.index = index + 1
IE_TRACE:                                     15:21:35.140006 line       255         self.next = char
IE_TRACE:                                     15:21:35.140035 return     255         self.next = char
IE_TRACE:                                     Return value:.. None
IE_TRACE:                                 15:21:35.140070 line       264         return this
IE_TRACE:                                 15:21:35.140099 return     264         return this
IE_TRACE:                                 Return value:.. 'A'
IE_TRACE:                             Modified var:.. this = 'A'
IE_TRACE:                             15:21:35.140132 line       567                 if this is None:
IE_TRACE:                             15:21:35.140213 line       570                 if this == "]" and set:
IE_TRACE:                             15:21:35.140288 line       572                 elif this[0] == "\\":
IE_TRACE:                             15:21:35.140363 line       575                     if set and this in '-&~|' and source.next == this:
IE_TRACE:                             15:21:35.140439 line       586                     code1 = LITERAL, _ord(this)
IE_TRACE:                             Modified var:.. code1 = (LITERAL, 65)
IE_TRACE:                             15:21:35.140515 line       587                 if sourcematch("-"):
IE_TRACE:                                 Starting var:.. self = <re._parser.Tokenizer object at 0x72cf9fef7da0>
IE_TRACE:                                 Starting var:.. char = '-'
IE_TRACE:                                 15:21:35.140599 call       256     def match(self, char):
IE_TRACE:                                 15:21:35.140636 line       257         if char == self.next:
IE_TRACE:                                 15:21:35.140664 line       258             self.__next()
IE_TRACE:                                     Starting var:.. self = <re._parser.Tokenizer object at 0x72cf9fef7da0>
IE_TRACE:                                     15:21:35.140693 call       240     def __next(self):
IE_TRACE:                                     15:21:35.140725 line       241         index = self.index
IE_TRACE:                                     New var:....... index = 11
IE_TRACE:                                     15:21:35.140753 line       242         try:
IE_TRACE:                                     15:21:35.140786 line       243             char = self.decoded_string[index]
IE_TRACE:                                     New var:....... char = 'Z'
IE_TRACE:                                     15:21:35.140815 line       247         if char == "\\":
IE_TRACE:                                     15:21:35.140849 line       254         self.index = index + 1
IE_TRACE:                                     15:21:35.140878 line       255         self.next = char
IE_TRACE:                                     15:21:35.140908 return     255         self.next = char
IE_TRACE:                                     Return value:.. None
IE_TRACE:                                 15:21:35.140942 line       259             return True
IE_TRACE:                                 15:21:35.140970 return     259             return True
IE_TRACE:                                 Return value:.. True
IE_TRACE:                             15:21:35.141003 line       589                     that = sourceget()
IE_TRACE:                                 Starting var:.. self = <re._parser.Tokenizer object at 0x72cf9fef7da0>
IE_TRACE:                                 15:21:35.141080 call       261     def get(self):
IE_TRACE:                                 15:21:35.141111 line       262         this = self.next
IE_TRACE:                                 New var:....... this = 'Z'
IE_TRACE:                                 15:21:35.141137 line       263         self.__next()
IE_TRACE:                                     Starting var:.. self = <re._parser.Tokenizer object at 0x72cf9fef7da0>
IE_TRACE:                                     15:21:35.141170 call       240     def __next(self):
IE_TRACE:                                     15:21:35.141216 line       241         index = self.index
IE_TRACE:                                     New var:....... index = 12
IE_TRACE:                                     15:21:35.141246 line       242         try:
IE_TRACE:                                     15:21:35.141279 line       243             char = self.decoded_string[index]
IE_TRACE:                                     New var:....... char = '0'
IE_TRACE:                                     15:21:35.141307 line       247         if char == "\\":
IE_TRACE:                                     15:21:35.141341 line       254         self.index = index + 1
IE_TRACE:                                     15:21:35.141371 line       255         self.next = char
IE_TRACE:                                     15:21:35.141400 return     255         self.next = char
IE_TRACE:                                     Return value:.. None
IE_TRACE:                                 15:21:35.141434 line       264         return this
IE_TRACE:                                 15:21:35.141462 return     264         return this
IE_TRACE:                                 Return value:.. 'Z'
IE_TRACE:                             Modified var:.. that = 'Z'
IE_TRACE:                             15:21:35.141495 line       590                     if that is None:
IE_TRACE:                             15:21:35.141579 line       593                     if that == "]":
IE_TRACE:                             15:21:35.141655 line       599                     if that[0] == "\\":
IE_TRACE:                             15:21:35.141730 line       602                         if that == '-':
IE_TRACE:                             15:21:35.141805 line       609                         code2 = LITERAL, _ord(that)
IE_TRACE:                             Modified var:.. code2 = (LITERAL, 90)
IE_TRACE:                             15:21:35.141880 line       610                     if code1[0] != LITERAL or code2[0] != LITERAL:
IE_TRACE:                             15:21:35.141960 line       613                     lo = code1[1]
IE_TRACE:                             Modified var:.. lo = 65
IE_TRACE:                             15:21:35.142035 line       614                     hi = code2[1]
IE_TRACE:                             Modified var:.. hi = 90
IE_TRACE:                             15:21:35.142114 line       615                     if hi < lo:
IE_TRACE:                             15:21:35.142194 line       618                     setappend((RANGE, (lo, hi)))
IE_TRACE:                             Modified var:.. set = [(RANGE, (97, 122)), (RANGE, (65, 90))]
IE_TRACE:                             15:21:35.142269 line       565             while True:
IE_TRACE:                             15:21:35.142349 line       566                 this = sourceget()
IE_TRACE:                                 Starting var:.. self = <re._parser.Tokenizer object at 0x72cf9fef7da0>
IE_TRACE:                                 15:21:35.142425 call       261     def get(self):
IE_TRACE:                                 15:21:35.142457 line       262         this = self.next
IE_TRACE:                                 New var:....... this = '0'
IE_TRACE:                                 15:21:35.142484 line       263         self.__next()
IE_TRACE:                                     Starting var:.. self = <re._parser.Tokenizer object at 0x72cf9fef7da0>
IE_TRACE:                                     15:21:35.142517 call       240     def __next(self):
IE_TRACE:                                     15:21:35.142549 line       241         index = self.index
IE_TRACE:                                     New var:....... index = 13
IE_TRACE:                                     15:21:35.142580 line       242         try:
IE_TRACE:                                     15:21:35.142612 line       243             char = self.decoded_string[index]
IE_TRACE:                                     New var:....... char = '-'
IE_TRACE:                                     15:21:35.142641 line       247         if char == "\\":
IE_TRACE:                                     15:21:35.142674 line       254         self.index = index + 1
IE_TRACE:                                     15:21:35.142704 line       255         self.next = char
IE_TRACE:                                     15:21:35.142733 return     255         self.next = char
IE_TRACE:                                     Return value:.. None
IE_TRACE:                                 15:21:35.142768 line       264         return this
IE_TRACE:                                 15:21:35.142796 return     264         return this
IE_TRACE:                                 Return value:.. '0'
IE_TRACE:                             Modified var:.. this = '0'
IE_TRACE:                             15:21:35.142829 line       567                 if this is None:
IE_TRACE:                             15:21:35.142909 line       570                 if this == "]" and set:
IE_TRACE:                             15:21:35.142984 line       572                 elif this[0] == "\\":
IE_TRACE:                             15:21:35.143059 line       575                     if set and this in '-&~|' and source.next == this:
IE_TRACE:                             15:21:35.143134 line       586                     code1 = LITERAL, _ord(this)
IE_TRACE:                             Modified var:.. code1 = (LITERAL, 48)
IE_TRACE:                             15:21:35.143210 line       587                 if sourcematch("-"):
IE_TRACE:                                 Starting var:.. self = <re._parser.Tokenizer object at 0x72cf9fef7da0>
IE_TRACE:                                 Starting var:.. char = '-'
IE_TRACE:                                 15:21:35.143290 call       256     def match(self, char):
IE_TRACE:                                 15:21:35.143327 line       257         if char == self.next:
IE_TRACE:                                 15:21:35.143356 line       258             self.__next()
IE_TRACE:                                     Starting var:.. self = <re._parser.Tokenizer object at 0x72cf9fef7da0>
IE_TRACE:                                     15:21:35.143385 call       240     def __next(self):
IE_TRACE:                                     15:21:35.143417 line       241         index = self.index
IE_TRACE:                                     New var:....... index = 14
IE_TRACE:                                     15:21:35.143444 line       242         try:
IE_TRACE:                                     15:21:35.143478 line       243             char = self.decoded_string[index]
IE_TRACE:                                     New var:....... char = '9'
IE_TRACE:                                     15:21:35.143506 line       247         if char == "\\":
IE_TRACE:                                     15:21:35.143540 line       254         self.index = index + 1
IE_TRACE:                                     15:21:35.143573 line       255         self.next = char
IE_TRACE:                                     15:21:35.143602 return     255         self.next = char
IE_TRACE:                                     Return value:.. None
IE_TRACE:                                 15:21:35.143637 line       259             return True
IE_TRACE:                                 15:21:35.143665 return     259             return True
IE_TRACE:                                 Return value:.. True
IE_TRACE:                             15:21:35.143698 line       589                     that = sourceget()
IE_TRACE:                                 Starting var:.. self = <re._parser.Tokenizer object at 0x72cf9fef7da0>
IE_TRACE:                                 15:21:35.143775 call       261     def get(self):
IE_TRACE:                                 15:21:35.143806 line       262         this = self.next
IE_TRACE:                                 New var:....... this = '9'
IE_TRACE:                                 15:21:35.143833 line       263         self.__next()
IE_TRACE:                                     Starting var:.. self = <re._parser.Tokenizer object at 0x72cf9fef7da0>
IE_TRACE:                                     15:21:35.143865 call       240     def __next(self):
IE_TRACE:                                     15:21:35.143897 line       241         index = self.index
IE_TRACE:                                     New var:....... index = 15
IE_TRACE:                                     15:21:35.143925 line       242         try:
IE_TRACE:                                     15:21:35.143958 line       243             char = self.decoded_string[index]
IE_TRACE:                                     New var:....... char = '_'
IE_TRACE:                                     15:21:35.143987 line       247         if char == "\\":
IE_TRACE:                                     15:21:35.144020 line       254         self.index = index + 1
IE_TRACE:                                     15:21:35.144049 line       255         self.next = char
IE_TRACE:                                     15:21:35.144078 return     255         self.next = char
IE_TRACE:                                     Return value:.. None
IE_TRACE:                                 15:21:35.144113 line       264         return this
IE_TRACE:                                 15:21:35.144140 return     264         return this
IE_TRACE:                                 Return value:.. '9'
IE_TRACE:                             Modified var:.. that = '9'
IE_TRACE:                             15:21:35.144174 line       590                     if that is None:
IE_TRACE:                             15:21:35.144255 line       593                     if that == "]":
IE_TRACE:                             15:21:35.144331 line       599                     if that[0] == "\\":
IE_TRACE:                             15:21:35.144406 line       602                         if that == '-':
IE_TRACE:                             15:21:35.144482 line       609                         code2 = LITERAL, _ord(that)
IE_TRACE:                             Modified var:.. code2 = (LITERAL, 57)
IE_TRACE:                             15:21:35.144558 line       610                     if code1[0] != LITERAL or code2[0] != LITERAL:
IE_TRACE:                             15:21:35.144642 line       613                     lo = code1[1]
IE_TRACE:                             Modified var:.. lo = 48
IE_TRACE:                             15:21:35.144717 line       614                     hi = code2[1]
IE_TRACE:                             Modified var:.. hi = 57
IE_TRACE:                             15:21:35.144797 line       615                     if hi < lo:
IE_TRACE:                             15:21:35.144877 line       618                     setappend((RANGE, (lo, hi)))
IE_TRACE:                             Modified var:.. set = [(RANGE, (97, 122)), (RANGE, (65, 90)), (RANGE, (48, 57))]
IE_TRACE:                             15:21:35.144953 line       565             while True:
IE_TRACE:                             15:21:35.145033 line       566                 this = sourceget()
IE_TRACE:                                 Starting var:.. self = <re._parser.Tokenizer object at 0x72cf9fef7da0>
IE_TRACE:                                 15:21:35.145109 call       261     def get(self):
IE_TRACE:                                 15:21:35.145141 line       262         this = self.next
IE_TRACE:                                 New var:....... this = '_'
IE_TRACE:                                 15:21:35.145168 line       263         self.__next()
IE_TRACE:                                     Starting var:.. self = <re._parser.Tokenizer object at 0x72cf9fef7da0>
IE_TRACE:                                     15:21:35.145200 call       240     def __next(self):
IE_TRACE:                                     15:21:35.145233 line       241         index = self.index
IE_TRACE:                                     New var:....... index = 16
IE_TRACE:                                     15:21:35.145269 line       242         try:
IE_TRACE:                                     15:21:35.145305 line       243             char = self.decoded_string[index]
IE_TRACE:                                     New var:....... char = ']'
IE_TRACE:                                     15:21:35.145334 line       247         if char == "\\":
IE_TRACE:                                     15:21:35.145367 line       254         self.index = index + 1
IE_TRACE:                                     15:21:35.145397 line       255         self.next = char
IE_TRACE:                                     15:21:35.145426 return     255         self.next = char
IE_TRACE:                                     Return value:.. None
IE_TRACE:                                 15:21:35.145462 line       264         return this
IE_TRACE:                                 15:21:35.145490 return     264         return this
IE_TRACE:                                 Return value:.. '_'
IE_TRACE:                             Modified var:.. this = '_'
IE_TRACE:                             15:21:35.145523 line       567                 if this is None:
IE_TRACE:                             15:21:35.145645 line       570                 if this == "]" and set:
IE_TRACE:                             15:21:35.145721 line       572                 elif this[0] == "\\":
IE_TRACE:                             15:21:35.145797 line       575                     if set and this in '-&~|' and source.next == this:
IE_TRACE:                             15:21:35.145873 line       586                     code1 = LITERAL, _ord(this)
IE_TRACE:                             Modified var:.. code1 = (LITERAL, 95)
IE_TRACE:                             15:21:35.145949 line       587                 if sourcematch("-"):
IE_TRACE:                                 Starting var:.. self = <re._parser.Tokenizer object at 0x72cf9fef7da0>
IE_TRACE:                                 Starting var:.. char = '-'
IE_TRACE:                                 15:21:35.146029 call       256     def match(self, char):
IE_TRACE:                                 15:21:35.146065 line       257         if char == self.next:
IE_TRACE:                                 15:21:35.146093 line       260         return False
IE_TRACE:                                 15:21:35.146121 return     260         return False
IE_TRACE:                                 Return value:.. False
IE_TRACE:                             15:21:35.146155 line       620                     if code1[0] is IN:
IE_TRACE:                             15:21:35.146232 line       622                     setappend(code1)
IE_TRACE:                             Modified var:.. set = [(RANGE, (97, 122)), (RANGE, (65, 90)), (RANGE, (48, 57)), (LITERAL, 95)]
IE_TRACE:                             15:21:35.146308 line       565             while True:
IE_TRACE:                             15:21:35.146389 line       566                 this = sourceget()
IE_TRACE:                                 Starting var:.. self = <re._parser.Tokenizer object at 0x72cf9fef7da0>
IE_TRACE:                                 15:21:35.146467 call       261     def get(self):
IE_TRACE:                                 15:21:35.146498 line       262         this = self.next
IE_TRACE:                                 New var:....... this = ']'
IE_TRACE:                                 15:21:35.146524 line       263         self.__next()
IE_TRACE:                                     Starting var:.. self = <re._parser.Tokenizer object at 0x72cf9fef7da0>
IE_TRACE:                                     15:21:35.146559 call       240     def __next(self):
IE_TRACE:                                     15:21:35.146594 line       241         index = self.index
IE_TRACE:                                     New var:....... index = 17
IE_TRACE:                                     15:21:35.146622 line       242         try:
IE_TRACE:                                     15:21:35.146656 line       243             char = self.decoded_string[index]
IE_TRACE:                                     New var:....... char = '+'
IE_TRACE:                                     15:21:35.146685 line       247         if char == "\\":
IE_TRACE:                                     15:21:35.146718 line       254         self.index = index + 1
IE_TRACE:                                     15:21:35.146748 line       255         self.next = char
IE_TRACE:                                     15:21:35.146778 return     255         self.next = char
IE_TRACE:                                     Return value:.. None
IE_TRACE:                                 15:21:35.146813 line       264         return this
IE_TRACE:                                 15:21:35.146843 return     264         return this
IE_TRACE:                                 Return value:.. ']'
IE_TRACE:                             Modified var:.. this = ']'
IE_TRACE:                             15:21:35.146876 line       567                 if this is None:
IE_TRACE:                             15:21:35.146958 line       570                 if this == "]" and set:
IE_TRACE:                             15:21:35.147034 line       571                     break
IE_TRACE:                             15:21:35.147110 line       624             set = _uniq(set)
IE_TRACE:                                 Starting var:.. items = [(RANGE, (97, 122)), (RANGE, (65, 90)), (RANGE, (48, 57)), (LITERAL, 95)]
IE_TRACE:                                 15:21:35.147191 call       449 def _uniq(items):
IE_TRACE:                                 15:21:35.147225 line       450     return list(dict.fromkeys(items))
IE_TRACE:                                 15:21:35.147257 return     450     return list(dict.fromkeys(items))
IE_TRACE:                                 Return value:.. [(RANGE, (97, 122)), (RANGE, (65, 90)), (RANGE, (48, 57)), (LITERAL, 95)]
IE_TRACE:                             15:21:35.147295 line       626             if _len(set) == 1 and set[0][0] is LITERAL:
IE_TRACE:                             15:21:35.147372 line       633                 if negate:
IE_TRACE:                             15:21:35.147449 line       637                 subpatternappend((IN, set))
IE_TRACE:                                 Starting var:.. self = [(AT, AT_BEGINNING)]
IE_TRACE:                                 Starting var:.. code = (IN, [(RANGE, (97, 122)), (RANGE, (65, 90)), (RANGE, (48, 57)), (LITERAL, 95)])
IE_TRACE:                                 15:21:35.147526 call       176     def append(self, code):
IE_TRACE:                                 15:21:35.147570 line       177         self.data.append(code)
IE_TRACE:                                 Modified var:.. self = [(AT, AT_BEGINNING), (IN, [(RANGE, (97, 122)), (RANGE, (65, 90)), (RANGE, (48, 57)), (LITERAL, 95)])]
IE_TRACE:                                 15:21:35.147601 return     177         self.data.append(code)
IE_TRACE:                                 Return value:.. None
IE_TRACE:                             Modified var:.. subpattern = [(AT, AT_BEGINNING), (IN, [(RANGE, (97, 122)), (RANGE, (65, 90)), (RANGE, (48, 57)), (LITERAL, 95)])]
IE_TRACE:                             Modified var:.. subpatternappend = <bound method SubPattern.append of [(AT, AT_BEGINNING), (IN, [(RANGE, (97, 122)), (RANGE, (65, 90)), (RANGE, (48, 57)), (LITERAL, 95)])]>
IE_TRACE:                             15:21:35.147652 line       523     while True:
IE_TRACE:                             15:21:35.147748 line       525         this = source.next
IE_TRACE:                             Modified var:.. this = '+'
IE_TRACE:                             15:21:35.147830 line       526         if this is None:
IE_TRACE:                             15:21:35.147915 line       528         if this in "|)":
IE_TRACE:                             15:21:35.147996 line       530         sourceget()
IE_TRACE:                                 Starting var:.. self = <re._parser.Tokenizer object at 0x72cf9fef7da0>
IE_TRACE:                                 15:21:35.148076 call       261     def get(self):
IE_TRACE:                                 15:21:35.148109 line       262         this = self.next
IE_TRACE:                                 New var:....... this = '+'
IE_TRACE:                                 15:21:35.148136 line       263         self.__next()
IE_TRACE:                                     Starting var:.. self = <re._parser.Tokenizer object at 0x72cf9fef7da0>
IE_TRACE:                                     15:21:35.148169 call       240     def __next(self):
IE_TRACE:                                     15:21:35.148201 line       241         index = self.index
IE_TRACE:                                     New var:....... index = 18
IE_TRACE:                                     15:21:35.148229 line       242         try:
IE_TRACE:                                     15:21:35.148267 line       243             char = self.decoded_string[index]
IE_TRACE:                                     New var:....... char = '\\'
IE_TRACE:                                     15:21:35.148296 line       247         if char == "\\":
IE_TRACE:                                     15:21:35.148330 line       248             index += 1
IE_TRACE:                                     Modified var:.. index = 19
IE_TRACE:                                     15:21:35.148360 line       249             try:
IE_TRACE:                                     15:21:35.148394 line       250                 char += self.decoded_string[index]
IE_TRACE:                                     Modified var:.. char = '\\s'
IE_TRACE:                                     15:21:35.148424 line       254         self.index = index + 1
IE_TRACE:                                     15:21:35.148458 line       255         self.next = char
IE_TRACE:                                     15:21:35.148487 return     255         self.next = char
IE_TRACE:                                     Return value:.. None
IE_TRACE:                                 15:21:35.148523 line       264         return this
IE_TRACE:                                 15:21:35.148552 return     264         return this
IE_TRACE:                                 Return value:.. '+'
IE_TRACE:                             15:21:35.148588 line       532         if verbose:
IE_TRACE:                             15:21:35.148671 line       543         if this[0] == "\\":
IE_TRACE:                             15:21:35.148752 line       547         elif this not in SPECIAL_CHARS:
IE_TRACE:                             15:21:35.148833 line       550         elif this == "[":
IE_TRACE:                             15:21:35.148915 line       639         elif this in REPEAT_CHARS:
IE_TRACE:                             15:21:35.148997 line       641             here = source.tell()
IE_TRACE:                                 Starting var:.. self = <re._parser.Tokenizer object at 0x72cf9fef7da0>
IE_TRACE:                                 15:21:35.149079 call       293     def tell(self):
IE_TRACE:                                 15:21:35.149112 line       294         return self.index - len(self.next or '')
IE_TRACE:                                 15:21:35.149149 return     294         return self.index - len(self.next or '')
IE_TRACE:                                 Return value:.. 18
IE_TRACE:                             Modified var:.. here = 18
IE_TRACE:                             15:21:35.149243 line       642             if this == "?":
IE_TRACE:                             15:21:35.149367 line       644             elif this == "*":
IE_TRACE:                             15:21:35.149505 line       647             elif this == "+":
IE_TRACE:                             15:21:35.149628 line       648                 min, max = 1, MAXREPEAT
IE_TRACE:                             New var:....... min = 1
IE_TRACE:                             New var:....... max = MAXREPEAT
IE_TRACE:                             15:21:35.149712 line       682             if subpattern:
IE_TRACE:                                 Starting var:.. self = [(AT, AT_BEGINNING), (IN, [(RANGE, (97, 122)), (RANGE, (65, 90)), (RANGE, (48, 57)), (LITERAL, 95)])]
IE_TRACE:                                 15:21:35.149814 call       164     def __len__(self):
IE_TRACE:                                 15:21:35.149852 line       165         return len(self.data)
IE_TRACE:                                 15:21:35.149883 return     165         return len(self.data)
IE_TRACE:                                 Return value:.. 2
IE_TRACE:                             15:21:35.149920 line       683                 item = subpattern[-1:]
IE_TRACE:                                 Starting var:.. self = [(AT, AT_BEGINNING), (IN, [(RANGE, (97, 122)), (RANGE, (65, 90)), (RANGE, (48, 57)), (LITERAL, 95)])]
IE_TRACE:                                 Starting var:.. index = slice(-1, None, None)
IE_TRACE:                                 15:21:35.150011 call       168     def __getitem__(self, index):
IE_TRACE:                                 15:21:35.150057 line       169         if isinstance(index, slice):
IE_TRACE:                                 15:21:35.150089 line       170             return SubPattern(self.state, self.data[index])
IE_TRACE:                                     Starting var:.. self = REPR FAILED
IE_TRACE:                                     Starting var:.. state = <re._parser.State object at 0x72cfa0937740>
IE_TRACE:                                     Starting var:.. data = [(IN, [(RANGE, (97, 122)), (RANGE, (65, 90)), (RANGE, (48, 57)), (LITERAL, 95)])]
IE_TRACE:                                     15:21:35.150124 call       113     def __init__(self, state, data=None):
IE_TRACE:                                     15:21:35.150178 line       114         self.state = state
IE_TRACE:                                     15:21:35.150213 line       115         if data is None:
IE_TRACE:                                     15:21:35.150246 line       117         self.data = data
IE_TRACE:                                     Modified var:.. self = [(IN, [(RANGE, (97, 122)), (RANGE, (65, 90)), (RANGE, (48, 57)), (LITERAL, 95)])]
IE_TRACE:                                     15:21:35.150279 line       118         self.width = None
IE_TRACE:                                     15:21:35.150317 return     118         self.width = None
IE_TRACE:                                     Return value:.. None
IE_TRACE:                                 15:21:35.150358 return     170             return SubPattern(self.state, self.data[index])
IE_TRACE:                                 Return value:.. [(IN, [(RANGE, (97, 122)), (RANGE, (65, 90)), (RANGE, (48, 57)), (LITERAL, 95)])]
IE_TRACE:                             New var:....... item = [(IN, [(RANGE, (97, 122)), (RANGE, (65, 90)), (RANGE, (48, 57)), (LITERAL, 95)])]
IE_TRACE:                             15:21:35.150399 line       686             if not item or item[0][0] is AT:
IE_TRACE:                                 Starting var:.. self = [(IN, [(RANGE, (97, 122)), (RANGE, (65, 90)), (RANGE, (48, 57)), (LITERAL, 95)])]
IE_TRACE:                                 15:21:35.150496 call       164     def __len__(self):
IE_TRACE:                                 15:21:35.150530 line       165         return len(self.data)
IE_TRACE:                                 15:21:35.150558 return     165         return len(self.data)
IE_TRACE:                                 Return value:.. 1
IE_TRACE:                                 Starting var:.. self = [(IN, [(RANGE, (97, 122)), (RANGE, (65, 90)), (RANGE, (48, 57)), (LITERAL, 95)])]
IE_TRACE:                                 Starting var:.. index = 0
IE_TRACE:                                 15:21:35.150601 call       168     def __getitem__(self, index):
IE_TRACE:                                 15:21:35.150641 line       169         if isinstance(index, slice):
IE_TRACE:                                 15:21:35.150671 line       171         return self.data[index]
IE_TRACE:                                 15:21:35.150701 return     171         return self.data[index]
IE_TRACE:                                 Return value:.. (IN, [(RANGE, (97, 122)), (RANGE, (65, 90)), (RANGE, (48, 57)), (LITERAL, 95)])
IE_TRACE:                             15:21:35.150740 line       689             if item[0][0] in _REPEATCODES:
IE_TRACE:                                 Starting var:.. self = [(IN, [(RANGE, (97, 122)), (RANGE, (65, 90)), (RANGE, (48, 57)), (LITERAL, 95)])]
IE_TRACE:                                 Starting var:.. index = 0
IE_TRACE:                                 15:21:35.150830 call       168     def __getitem__(self, index):
IE_TRACE:                                 15:21:35.150869 line       169         if isinstance(index, slice):
IE_TRACE:                                 15:21:35.150899 line       171         return self.data[index]
IE_TRACE:                                 15:21:35.150929 return     171         return self.data[index]
IE_TRACE:                                 Return value:.. (IN, [(RANGE, (97, 122)), (RANGE, (65, 90)), (RANGE, (48, 57)), (LITERAL, 95)])
IE_TRACE:                             15:21:35.150968 line       692             if item[0][0] is SUBPATTERN:
IE_TRACE:                                 Starting var:.. self = [(IN, [(RANGE, (97, 122)), (RANGE, (65, 90)), (RANGE, (48, 57)), (LITERAL, 95)])]
IE_TRACE:                                 Starting var:.. index = 0
IE_TRACE:                                 15:21:35.151059 call       168     def __getitem__(self, index):
IE_TRACE:                                 15:21:35.151097 line       169         if isinstance(index, slice):
IE_TRACE:                                 15:21:35.151126 line       171         return self.data[index]
IE_TRACE:                                 15:21:35.151156 return     171         return self.data[index]
IE_TRACE:                                 Return value:.. (IN, [(RANGE, (97, 122)), (RANGE, (65, 90)), (RANGE, (48, 57)), (LITERAL, 95)])
IE_TRACE:                             15:21:35.151193 line       696             if sourcematch("?"):
IE_TRACE:                                 Starting var:.. self = <re._parser.Tokenizer object at 0x72cf9fef7da0>
IE_TRACE:                                 Starting var:.. char = '?'
IE_TRACE:                                 15:21:35.151282 call       256     def match(self, char):
IE_TRACE:                                 15:21:35.151345 line       257         if char == self.next:
IE_TRACE:                                 15:21:35.151376 line       260         return False
IE_TRACE:                                 15:21:35.151404 return     260         return False
IE_TRACE:                                 Return value:.. False
IE_TRACE:                             15:21:35.151438 line       699             elif sourcematch("+"):
IE_TRACE:                                 Starting var:.. self = <re._parser.Tokenizer object at 0x72cf9fef7da0>
IE_TRACE:                                 Starting var:.. char = '+'
IE_TRACE:                                 15:21:35.151528 call       256     def match(self, char):
IE_TRACE:                                 15:21:35.151568 line       257         if char == self.next:
IE_TRACE:                                 15:21:35.151597 line       260         return False
IE_TRACE:                                 15:21:35.151625 return     260         return False
IE_TRACE:                                 Return value:.. False
IE_TRACE:                             15:21:35.151658 line       704                 subpattern[-1] = (MAX_REPEAT, (min, max, item))
IE_TRACE:                                 Starting var:.. self = [(AT, AT_BEGINNING), (IN, [(RANGE, (97, 122)), (RANGE, (65, 90)), (RANGE, (48, 57)), (LITERAL, 95)])]
IE_TRACE:                                 Starting var:.. index = -1
IE_TRACE:                                 Starting var:.. code = (MAX_REPEAT, (1, MAXREPEAT, [(IN, [(RANGE, (97, 122)), (RANGE, (65, 90)), (RANGE, (48, 57)), (LITERAL, 95)])]))
IE_TRACE:                                 15:21:35.151750 call       172     def __setitem__(self, index, code):
IE_TRACE:                                 15:21:35.151803 line       173         self.data[index] = code
IE_TRACE:                                 Modified var:.. self = [(AT, AT_BEGINNING), (MAX_REPEAT, (1, MAXREPEAT, [(IN, [(RANGE, (97, 122)), (RANGE, (65, 90)), (RANGE, (48, 57)), (LITERAL, 95)])]))]
IE_TRACE:                                 15:21:35.151839 return     173         self.data[index] = code
IE_TRACE:                                 Return value:.. None
IE_TRACE:                             Modified var:.. subpattern = [(AT, AT_BEGINNING), (MAX_REPEAT, (1, MAXREPEAT, [(IN, [(RANGE, (97, 122)), (RANGE, (65, 90)), (RANGE, (48, 57)), (LITERAL, 95)])]))]
IE_TRACE:                             Modified var:.. subpatternappend = <bound method SubPattern.append of [(AT, AT_BEGINNING), (MAX_REPEAT, (1, MAXREPEAT, [(IN, [(RANGE, (97, 122)), (RANGE, (65, 90)), (RANGE, (48, 57)), (LITERAL, 95)])]))]>
IE_TRACE:                             15:21:35.151899 line       523     while True:
IE_TRACE:                             15:21:35.152009 line       525         this = source.next
IE_TRACE:                             Modified var:.. this = '\\s'
IE_TRACE:                             15:21:35.152099 line       526         if this is None:
IE_TRACE:                             15:21:35.152193 line       528         if this in "|)":
IE_TRACE:                             15:21:35.152281 line       530         sourceget()
IE_TRACE:                                 Starting var:.. self = <re._parser.Tokenizer object at 0x72cf9fef7da0>
IE_TRACE:                                 15:21:35.152371 call       261     def get(self):
IE_TRACE:                                 15:21:35.152406 line       262         this = self.next
IE_TRACE:                                 New var:....... this = '\\s'
IE_TRACE:                                 15:21:35.152434 line       263         self.__next()
IE_TRACE:                                     Starting var:.. self = <re._parser.Tokenizer object at 0x72cf9fef7da0>
IE_TRACE:                                     15:21:35.152468 call       240     def __next(self):
IE_TRACE:                                     15:21:35.152501 line       241         index = self.index
IE_TRACE:                                     New var:....... index = 20
IE_TRACE:                                     15:21:35.152529 line       242         try:
IE_TRACE:                                     15:21:35.152563 line       243             char = self.decoded_string[index]
IE_TRACE:                                     New var:....... char = '*'
IE_TRACE:                                     15:21:35.152597 line       247         if char == "\\":
IE_TRACE:                                     15:21:35.152632 line       254         self.index = index + 1
IE_TRACE:                                     15:21:35.152661 line       255         self.next = char
IE_TRACE:                                     15:21:35.152691 return     255         self.next = char
IE_TRACE:                                     Return value:.. None
IE_TRACE:                                 15:21:35.152728 line       264         return this
IE_TRACE:                                 15:21:35.152756 return     264         return this
IE_TRACE:                                 Return value:.. '\\s'
IE_TRACE:                             15:21:35.152791 line       532         if verbose:
IE_TRACE:                             15:21:35.152893 line       543         if this[0] == "\\":
IE_TRACE:                             15:21:35.152990 line       544             code = _escape(source, this, state)
IE_TRACE:                                 Starting var:.. source = <re._parser.Tokenizer object at 0x72cf9fef7da0>
IE_TRACE:                                 Starting var:.. escape = '\\s'
IE_TRACE:                                 Starting var:.. state = <re._parser.State object at 0x72cfa0937740>
IE_TRACE:                                 15:21:35.153159 call       372 def _escape(source, escape, state):
IE_TRACE:                                 15:21:35.153216 line       374     code = CATEGORIES.get(escape)
IE_TRACE:                                 New var:....... code = (IN, [(CATEGORY, CATEGORY_SPACE)])
IE_TRACE:                                 15:21:35.153253 line       375     if code:
IE_TRACE:                                 15:21:35.153298 line       376         return code
IE_TRACE:                                 15:21:35.153342 return     376         return code
IE_TRACE:                                 Return value:.. (IN, [(CATEGORY, CATEGORY_SPACE)])
IE_TRACE:                             New var:....... code = (IN, [(CATEGORY, CATEGORY_SPACE)])
IE_TRACE:                             15:21:35.153388 line       545             subpatternappend(code)
IE_TRACE:                                 Starting var:.. self = [(AT, AT_BEGINNING), (MAX_REPEAT, (1, MAXREPEAT, [(IN, [(RANGE, (97, 122)), (RANGE, (65, 90)), (RANGE, (48, 57)), (LITERAL, 95)])]))]
IE_TRACE:                                 Starting var:.. code = (IN, [(CATEGORY, CATEGORY_SPACE)])
IE_TRACE:                                 15:21:35.153487 call       176     def append(self, code):
IE_TRACE:                                 15:21:35.153528 line       177         self.data.append(code)
IE_TRACE:                                 Modified var:.. self = [(AT, AT_BEGINNING), (MAX_REPEAT, (1, MAXREPEAT, [(IN, [(RANGE, (97, 122)), (RANGE, (65, 90)), (RANGE, (48, 57)), (LITERAL, 95)])])), (IN, [(CATEGORY, CATEGORY_SPACE)])]
IE_TRACE:                                 15:21:35.153560 return     177         self.data.append(code)
IE_TRACE:                                 Return value:.. None
IE_TRACE:                             Modified var:.. subpattern = [(AT, AT_BEGINNING), (MAX_REPEAT, (1, MAXREPEAT, [(IN, [(RANGE, (97, 122)), (RANGE, (65, 90)), (RANGE, (48, 57)), (LITERAL, 95)])])), (IN, [(CATEGORY, CATEGORY_SPACE)])]
IE_TRACE:                             Modified var:.. subpatternappend = <bound method SubPattern.append of [(AT, AT_BEGINNING), (MAX_REPEAT, (1, MAXREPEAT, [(IN, [(RANGE, (97, 122)), (RANGE, (65, 90)), (RANGE, (48, 57)), (LITERAL, 95)])])), (IN, [(CATEGORY, CATEGORY_SPACE)])]>
IE_TRACE:                             15:21:35.153620 line       523     while True:
IE_TRACE:                             15:21:35.153730 line       525         this = source.next
IE_TRACE:                             Modified var:.. this = '*'
IE_TRACE:                             15:21:35.153822 line       526         if this is None:
IE_TRACE:                             15:21:35.153919 line       528         if this in "|)":
IE_TRACE:                             15:21:35.154009 line       530         sourceget()
IE_TRACE:                                 Starting var:.. self = <re._parser.Tokenizer object at 0x72cf9fef7da0>
IE_TRACE:                                 15:21:35.154100 call       261     def get(self):
IE_TRACE:                                 15:21:35.154132 line       262         this = self.next
IE_TRACE:                                 New var:....... this = '*'
IE_TRACE:                                 15:21:35.154159 line       263         self.__next()
IE_TRACE:                                     Starting var:.. self = <re._parser.Tokenizer object at 0x72cf9fef7da0>
IE_TRACE:                                     15:21:35.154192 call       240     def __next(self):
IE_TRACE:                                     15:21:35.154224 line       241         index = self.index
IE_TRACE:                                     New var:....... index = 21
IE_TRACE:                                     15:21:35.154252 line       242         try:
IE_TRACE:                                     15:21:35.154285 line       243             char = self.decoded_string[index]
IE_TRACE:                                     New var:....... char = '\\'
IE_TRACE:                                     15:21:35.154314 line       247         if char == "\\":
IE_TRACE:                                     15:21:35.154348 line       248             index += 1
IE_TRACE:                                     Modified var:.. index = 22
IE_TRACE:                                     15:21:35.154377 line       249             try:
IE_TRACE:                                     15:21:35.154410 line       250                 char += self.decoded_string[index]
IE_TRACE:                                     Modified var:.. char = '\\('
IE_TRACE:                                     15:21:35.154441 line       254         self.index = index + 1
IE_TRACE:                                     15:21:35.154474 line       255         self.next = char
IE_TRACE:                                     15:21:35.154504 return     255         self.next = char
IE_TRACE:                                     Return value:.. None
IE_TRACE:                                 15:21:35.154540 line       264         return this
IE_TRACE:                                 15:21:35.154572 return     264         return this
IE_TRACE:                                 Return value:.. '*'
IE_TRACE:                             15:21:35.154606 line       532         if verbose:
IE_TRACE:                             15:21:35.154700 line       543         if this[0] == "\\":
IE_TRACE:                             15:21:35.154791 line       547         elif this not in SPECIAL_CHARS:
IE_TRACE:                             15:21:35.154882 line       550         elif this == "[":
IE_TRACE:                             15:21:35.154974 line       639         elif this in REPEAT_CHARS:
IE_TRACE:                             15:21:35.155173 line       641             here = source.tell()
IE_TRACE:                                 Starting var:.. self = <re._parser.Tokenizer object at 0x72cf9fef7da0>
IE_TRACE:                                 15:21:35.155279 call       293     def tell(self):
IE_TRACE:                                 15:21:35.155312 line       294         return self.index - len(self.next or '')
IE_TRACE:                                 15:21:35.155340 return     294         return self.index - len(self.next or '')
IE_TRACE:                                 Return value:.. 21
IE_TRACE:                             Modified var:.. here = 21
IE_TRACE:                             15:21:35.155374 line       642             if this == "?":
IE_TRACE:                             15:21:35.155471 line       644             elif this == "*":
IE_TRACE:                             15:21:35.155561 line       645                 min, max = 0, MAXREPEAT
IE_TRACE:                             Modified var:.. min = 0
IE_TRACE:                             15:21:35.155657 line       682             if subpattern:
IE_TRACE:                                 Starting var:.. self = [(AT, AT_BEGINNING), (MAX_REPEAT, (1, MAXREPEAT, [(IN, [(RANGE, (97, 122)), (RANGE, (65, 90)), (RANGE, (48, 57)), (LITERAL, 95)])])), (IN, [(CATEGORY, CATEGORY_SPACE)])]
IE_TRACE:                                 15:21:35.155754 call       164     def __len__(self):
IE_TRACE:                                 15:21:35.155789 line       165         return len(self.data)
IE_TRACE:                                 15:21:35.155820 return     165         return len(self.data)
IE_TRACE:                                 Return value:.. 3
IE_TRACE:                             15:21:35.155855 line       683                 item = subpattern[-1:]
IE_TRACE:                                 Starting var:.. self = [(AT, AT_BEGINNING), (MAX_REPEAT, (1, MAXREPEAT, [(IN, [(RANGE, (97, 122)), (RANGE, (65, 90)), (RANGE, (48, 57)), (LITERAL, 95)])])), (IN, [(CATEGORY, CATEGORY_SPACE)])]
IE_TRACE:                                 Starting var:.. index = slice(-1, None, None)
IE_TRACE:                                 15:21:35.155948 call       168     def __getitem__(self, index):
IE_TRACE:                                 15:21:35.155989 line       169         if isinstance(index, slice):
IE_TRACE:                                 15:21:35.156022 line       170             return SubPattern(self.state, self.data[index])
IE_TRACE:                                     Starting var:.. self = REPR FAILED
IE_TRACE:                                     Starting var:.. state = <re._parser.State object at 0x72cfa0937740>
IE_TRACE:                                     Starting var:.. data = [(IN, [(CATEGORY, CATEGORY_SPACE)])]
IE_TRACE:                                     15:21:35.156057 call       113     def __init__(self, state, data=None):
IE_TRACE:                                     15:21:35.156106 line       114         self.state = state
IE_TRACE:                                     15:21:35.156138 line       115         if data is None:
IE_TRACE:                                     15:21:35.156169 line       117         self.data = data
IE_TRACE:                                     Modified var:.. self = [(IN, [(CATEGORY, CATEGORY_SPACE)])]
IE_TRACE:                                     15:21:35.156200 line       118         self.width = None
IE_TRACE:                                     15:21:35.156235 return     118         self.width = None
IE_TRACE:                                     Return value:.. None
IE_TRACE:                                 15:21:35.156273 return     170             return SubPattern(self.state, self.data[index])
IE_TRACE:                                 Return value:.. [(IN, [(CATEGORY, CATEGORY_SPACE)])]
IE_TRACE:                             Modified var:.. item = [(IN, [(CATEGORY, CATEGORY_SPACE)])]
IE_TRACE:                             15:21:35.156314 line       686             if not item or item[0][0] is AT:
IE_TRACE:                                 Starting var:.. self = [(IN, [(CATEGORY, CATEGORY_SPACE)])]
IE_TRACE:                                 15:21:35.156412 call       164     def __len__(self):
IE_TRACE:                                 15:21:35.156444 line       165         return len(self.data)
IE_TRACE:                                 15:21:35.156470 return     165         return len(self.data)
IE_TRACE:                                 Return value:.. 1
IE_TRACE:                                 Starting var:.. self = [(IN, [(CATEGORY, CATEGORY_SPACE)])]
IE_TRACE:                                 Starting var:.. index = 0
IE_TRACE:                                 15:21:35.156503 call       168     def __getitem__(self, index):
IE_TRACE:                                 15:21:35.156540 line       169         if isinstance(index, slice):
IE_TRACE:                                 15:21:35.156572 line       171         return self.data[index]
IE_TRACE:                                 15:21:35.156600 return     171         return self.data[index]
IE_TRACE:                                 Return value:.. (IN, [(CATEGORY, CATEGORY_SPACE)])
IE_TRACE:                             15:21:35.156635 line       689             if item[0][0] in _REPEATCODES:
IE_TRACE:                                 Starting var:.. self = [(IN, [(CATEGORY, CATEGORY_SPACE)])]
IE_TRACE:                                 Starting var:.. index = 0
IE_TRACE:                                 15:21:35.156726 call       168     def __getitem__(self, index):
IE_TRACE:                                 15:21:35.156764 line       169         if isinstance(index, slice):
IE_TRACE:                                 15:21:35.156793 line       171         return self.data[index]
IE_TRACE:                                 15:21:35.156821 return     171         return self.data[index]
IE_TRACE:                                 Return value:.. (IN, [(CATEGORY, CATEGORY_SPACE)])
IE_TRACE:                             15:21:35.156856 line       692             if item[0][0] is SUBPATTERN:
IE_TRACE:                                 Starting var:.. self = [(IN, [(CATEGORY, CATEGORY_SPACE)])]
IE_TRACE:                                 Starting var:.. index = 0
IE_TRACE:                                 15:21:35.156946 call       168     def __getitem__(self, index):
IE_TRACE:                                 15:21:35.156982 line       169         if isinstance(index, slice):
IE_TRACE:                                 15:21:35.157010 line       171         return self.data[index]
IE_TRACE:                                 15:21:35.157038 return     171         return self.data[index]
IE_TRACE:                                 Return value:.. (IN, [(CATEGORY, CATEGORY_SPACE)])
IE_TRACE:                             15:21:35.157071 line       696             if sourcematch("?"):
IE_TRACE:                                 Starting var:.. self = <re._parser.Tokenizer object at 0x72cf9fef7da0>
IE_TRACE:                                 Starting var:.. char = '?'
IE_TRACE:                                 15:21:35.157161 call       256     def match(self, char):
IE_TRACE:                                 15:21:35.157198 line       257         if char == self.next:
IE_TRACE:                                 15:21:35.157226 line       260         return False
IE_TRACE:                                 15:21:35.157255 return     260         return False
IE_TRACE:                                 Return value:.. False
IE_TRACE:                             15:21:35.157288 line       699             elif sourcematch("+"):
IE_TRACE:                                 Starting var:.. self = <re._parser.Tokenizer object at 0x72cf9fef7da0>
IE_TRACE:                                 Starting var:.. char = '+'
IE_TRACE:                                 15:21:35.157378 call       256     def match(self, char):
IE_TRACE:                                 15:21:35.157415 line       257         if char == self.next:
IE_TRACE:                                 15:21:35.157442 line       260         return False
IE_TRACE:                                 15:21:35.157469 return     260         return False
IE_TRACE:                                 Return value:.. False
IE_TRACE:                             15:21:35.157502 line       704                 subpattern[-1] = (MAX_REPEAT, (min, max, item))
IE_TRACE:                                 Starting var:.. self = [(AT, AT_BEGINNING), (MAX_REPEAT, (1, MAXREPEAT, [(IN, [(RANGE, (97, 122)), (RANGE, (65, 90)), (RANGE, (48, 57)), (LITERAL, 95)])])), (IN, [(CATEGORY, CATEGORY_SPACE)])]
IE_TRACE:                                 Starting var:.. index = -1
IE_TRACE:                                 Starting var:.. code = (MAX_REPEAT, (0, MAXREPEAT, [(IN, [(CATEGORY, CATEGORY_SPACE)])]))
IE_TRACE:                                 15:21:35.157597 call       172     def __setitem__(self, index, code):
IE_TRACE:                                 15:21:35.157645 line       173         self.data[index] = code
IE_TRACE:                                 Modified var:.. self = [(AT, AT_BEGINNING), (MAX_REPEAT, (1, MAXREPEAT, [(IN, [(RANGE, (97, 122)), (RANGE, (65, 90)), (RANGE, (48, 57)), (LITERAL, 95)])])), (MAX_REPEAT, (0, MAXREPEAT, [(IN, [(CATEGORY, CATEGORY_SPACE)])]))]
IE_TRACE:                                 15:21:35.157680 return     173         self.data[index] = code
IE_TRACE:                                 Return value:.. None
IE_TRACE:                             Modified var:.. subpattern = [(AT, AT_BEGINNING), (MAX_REPEAT, (1, MAXREPEAT, [(IN, [(RANGE, (97, 122)), (RANGE, (65, 90)), (RANGE, (48, 57)), (LITERAL, 95)])])), (MAX_REPEAT, (0, MAXREPEAT, [(IN, [(CATEGORY, CATEGORY_SPACE)])]))]
IE_TRACE:                             Modified var:.. subpatternappend = <bound method SubPattern.append of [(AT, AT_BEGINNING), (MAX_REPEAT, (1, MAXREPEAT, [(IN, [(RANGE, (97, 122)), (RANGE, (65, 90)), (RANGE, (48, 57)), (LITERAL, 95)])])), (MAX_REPEAT, (0, MAXREPEAT, [(IN, [(CATEGORY, CATEGORY_SPACE)])]))]>
IE_TRACE:                             15:21:35.157738 line       523     while True:
IE_TRACE:                             15:21:35.157847 line       525         this = source.next
IE_TRACE:                             Modified var:.. this = '\\('
IE_TRACE:                             15:21:35.157968 line       526         if this is None:
IE_TRACE:                             15:21:35.158065 line       528         if this in "|)":
IE_TRACE:                             15:21:35.158164 line       530         sourceget()
IE_TRACE:                                 Starting var:.. self = <re._parser.Tokenizer object at 0x72cf9fef7da0>
IE_TRACE:                                 15:21:35.158255 call       261     def get(self):
IE_TRACE:                                 15:21:35.158287 line       262         this = self.next
IE_TRACE:                                 New var:....... this = '\\('
IE_TRACE:                                 15:21:35.158314 line       263         self.__next()
IE_TRACE:                                     Starting var:.. self = <re._parser.Tokenizer object at 0x72cf9fef7da0>
IE_TRACE:                                     15:21:35.158348 call       240     def __next(self):
IE_TRACE:                                     15:21:35.158382 line       241         index = self.index
IE_TRACE:                                     New var:....... index = 23
IE_TRACE:                                     15:21:35.158410 line       242         try:
IE_TRACE:                                     15:21:35.158443 line       243             char = self.decoded_string[index]
IE_TRACE:                                     New var:....... char = '\\'
IE_TRACE:                                     15:21:35.158472 line       247         if char == "\\":
IE_TRACE:                                     15:21:35.158506 line       248             index += 1
IE_TRACE:                                     Modified var:.. index = 24
IE_TRACE:                                     15:21:35.158535 line       249             try:
IE_TRACE:                                     15:21:35.158573 line       250                 char += self.decoded_string[index]
IE_TRACE:                                     Modified var:.. char = '\\s'
IE_TRACE:                                     15:21:35.158603 line       254         self.index = index + 1
IE_TRACE:                                     15:21:35.158638 line       255         self.next = char
IE_TRACE:                                     15:21:35.158669 return     255         self.next = char
IE_TRACE:                                     Return value:.. None
IE_TRACE:                                 15:21:35.158705 line       264         return this
IE_TRACE:                                 15:21:35.158734 return     264         return this
IE_TRACE:                                 Return value:.. '\\('
IE_TRACE:                             15:21:35.158769 line       532         if verbose:
IE_TRACE:                             15:21:35.158863 line       543         if this[0] == "\\":
IE_TRACE:                             15:21:35.158955 line       544             code = _escape(source, this, state)
IE_TRACE:                                 Starting var:.. source = <re._parser.Tokenizer object at 0x72cf9fef7da0>
IE_TRACE:                                 Starting var:.. escape = '\\('
IE_TRACE:                                 Starting var:.. state = <re._parser.State object at 0x72cfa0937740>
IE_TRACE:                                 15:21:35.159052 call       372 def _escape(source, escape, state):
IE_TRACE:                                 15:21:35.159099 line       374     code = CATEGORIES.get(escape)
IE_TRACE:                                 New var:....... code = None
IE_TRACE:                                 15:21:35.159134 line       375     if code:
IE_TRACE:                                 15:21:35.159174 line       377     code = ESCAPES.get(escape)
IE_TRACE:                                 15:21:35.159209 line       378     if code:
IE_TRACE:                                 15:21:35.159244 line       380     try:
IE_TRACE:                                 15:21:35.159278 line       381         c = escape[1:2]
IE_TRACE:                                 New var:....... c = '('
IE_TRACE:                                 15:21:35.159313 line       382         if c == "x":
IE_TRACE:                                 15:21:35.159354 line       388         elif c == "u" and source.istext:
IE_TRACE:                                 15:21:35.159391 line       394         elif c == "U" and source.istext:
IE_TRACE:                                 15:21:35.159427 line       402         elif c == "N" and source.istext:
IE_TRACE:                                 15:21:35.159462 line       414         elif c == "0":
IE_TRACE:                                 15:21:35.159497 line       418         elif c in DIGITS:
IE_TRACE:                                 15:21:35.159534 line       441         if len(escape) == 2:
IE_TRACE:                                 15:21:35.159573 line       442             if c in ASCIILETTERS:
IE_TRACE:                                 15:21:35.159609 line       444             return LITERAL, ord(escape[1])
IE_TRACE:                                 15:21:35.159644 return     444             return LITERAL, ord(escape[1])
IE_TRACE:                                 Return value:.. (LITERAL, 40)
IE_TRACE:                             Modified var:.. code = (LITERAL, 40)
IE_TRACE:                             15:21:35.159687 line       545             subpatternappend(code)
IE_TRACE:                                 Starting var:.. self = [(AT, AT_BEGINNING), (MAX_REPEAT, (1, MAXREPEAT, [(IN, [(RANGE, (97, 122)), (RANGE, (65, 90)), (RANGE, (48, 57)), (LITERAL, 95)])])), (MAX_REPEAT, (0, MAXREPEAT, [(IN, [(CATEGORY, CATEGORY_SPACE)])]))]
IE_TRACE:                                 Starting var:.. code = (LITERAL, 40)
IE_TRACE:                                 15:21:35.159787 call       176     def append(self, code):
IE_TRACE:                                 15:21:35.159833 line       177         self.data.append(code)
IE_TRACE:                                 Modified var:.. self = [(AT, AT_BEGINNING), (MAX_REPEAT, (1, MAXREPEAT, [(IN, [(RANGE, (97, 122)), (RANGE, (65, 90)), (RANGE, (48, 57)), (LITERAL, 95)])])), (MAX_REPEAT, (0, MAXREPEAT, [(IN, [(CATEGORY, CATEGORY_SPACE)])])), (LITERAL, 40)]
IE_TRACE:                                 15:21:35.159866 return     177         self.data.append(code)
IE_TRACE:                                 Return value:.. None
IE_TRACE:                             Modified var:.. subpattern = [(AT, AT_BEGINNING), (MAX_REPEAT, (1, MAXREPEAT, [(IN, [(RANGE, (97, 122)), (RANGE, (65, 90)), (RANGE, (48, 57)), (LITERAL, 95)])])), (MAX_REPEAT, (0, MAXREPEAT, [(IN, [(CATEGORY, CATEGORY_SPACE)])])), (LITERAL, 40)]
IE_TRACE:                             Modified var:.. subpatternappend = <bound method SubPattern.append of [(AT, AT_BEGINNING), (MAX_REPEAT, (1, MAXREPEAT, [(IN, [(RANGE, (97, 122)), (RANGE, (65, 90)), (RANGE, (48, 57)), (LITERAL, 95)])])), (MAX_REPEAT, (0, MAXREPEAT, [(IN, [(CATEGORY, CATEGORY_SPACE)])])), (LITERAL, 40)]>
IE_TRACE:                             15:21:35.159913 line       523     while True:
IE_TRACE:                             15:21:35.160020 line       525         this = source.next
IE_TRACE:                             Modified var:.. this = '\\s'
IE_TRACE:                             15:21:35.160110 line       526         if this is None:
IE_TRACE:                             15:21:35.160206 line       528         if this in "|)":
IE_TRACE:                             15:21:35.160296 line       530         sourceget()
IE_TRACE:                                 Starting var:.. self = <re._parser.Tokenizer object at 0x72cf9fef7da0>
IE_TRACE:                                 15:21:35.160388 call       261     def get(self):
IE_TRACE:                                 15:21:35.160420 line       262         this = self.next
IE_TRACE:                                 New var:....... this = '\\s'
IE_TRACE:                                 15:21:35.160448 line       263         self.__next()
IE_TRACE:                                     Starting var:.. self = <re._parser.Tokenizer object at 0x72cf9fef7da0>
IE_TRACE:                                     15:21:35.160482 call       240     def __next(self):
IE_TRACE:                                     15:21:35.160515 line       241         index = self.index
IE_TRACE:                                     New var:....... index = 25
IE_TRACE:                                     15:21:35.160543 line       242         try:
IE_TRACE:                                     15:21:35.160579 line       243             char = self.decoded_string[index]
IE_TRACE:                                     New var:....... char = '*'
IE_TRACE:                                     15:21:35.160608 line       247         if char == "\\":
IE_TRACE:                                     15:21:35.160642 line       254         self.index = index + 1
IE_TRACE:                                     15:21:35.160672 line       255         self.next = char
IE_TRACE:                                     15:21:35.160701 return     255         self.next = char
IE_TRACE:                                     Return value:.. None
IE_TRACE:                                 15:21:35.160736 line       264         return this
IE_TRACE:                                 15:21:35.160764 return     264         return this
IE_TRACE:                                 Return value:.. '\\s'
IE_TRACE:                             15:21:35.160797 line       532         if verbose:
IE_TRACE:                             15:21:35.160889 line       543         if this[0] == "\\":
IE_TRACE:                             15:21:35.160980 line       544             code = _escape(source, this, state)
IE_TRACE:                                 Starting var:.. source = <re._parser.Tokenizer object at 0x72cf9fef7da0>
IE_TRACE:                                 Starting var:.. escape = '\\s'
IE_TRACE:                                 Starting var:.. state = <re._parser.State object at 0x72cfa0937740>
IE_TRACE:                                 15:21:35.161082 call       372 def _escape(source, escape, state):
IE_TRACE:                                 15:21:35.161130 line       374     code = CATEGORIES.get(escape)
IE_TRACE:                                 New var:....... code = (IN, [(CATEGORY, CATEGORY_SPACE)])
IE_TRACE:                                 15:21:35.161165 line       375     if code:
IE_TRACE:                                 15:21:35.161205 line       376         return code
IE_TRACE:                                 15:21:35.161241 return     376         return code
IE_TRACE:                                 Return value:.. (IN, [(CATEGORY, CATEGORY_SPACE)])
IE_TRACE:                             Modified var:.. code = (IN, [(CATEGORY, CATEGORY_SPACE)])
IE_TRACE:                             15:21:35.161294 line       545             subpatternappend(code)
IE_TRACE:                                 Starting var:.. self = [(AT, AT_BEGINNING), (MAX_REPEAT, (1, MAXREPEAT, [(IN, [(RANGE, (97, 122)), (RANGE, (65, 90)), (RANGE, (48, 57)), (LITERAL, 95)])])), (MAX_REPEAT, (0, MAXREPEAT, [(IN, [(CATEGORY, CATEGORY_SPACE)])])), (LITERAL, 40)]
IE_TRACE:                                 Starting var:.. code = (IN, [(CATEGORY, CATEGORY_SPACE)])
IE_TRACE:                                 15:21:35.161450 call       176     def append(self, code):
IE_TRACE:                                 15:21:35.161514 line       177         self.data.append(code)
IE_TRACE:                                 Modified var:.. self = [(AT, AT_BEGINNING), (MAX_REPEAT, (1, MAXREPEAT, [(IN, [(RANGE, (97, 122)), (RANGE, (65, 90)), (RANGE, (48, 57)), (LITERAL, 95)])])), (MAX_REPEAT, (0, MAXREPEAT, [(IN, [(CATEGORY, CATEGORY_SPACE)])])), (LITERAL, 40), (IN, [(CATEGORY, CATEGORY_SPACE)])]
IE_TRACE:                                 15:21:35.161560 return     177         self.data.append(code)
IE_TRACE:                                 Return value:.. None
IE_TRACE:                             Modified var:.. subpattern = [(AT, AT_BEGINNING), (MAX_REPEAT, (1, MAXREPEAT, [(IN, [(RANGE, (97, 122)), (RANGE, (65, 90)), (RANGE, (48, 57)), (LITERAL, 95)])])), (MAX_REPEAT, (0, MAXREPEAT, [(IN, [(CATEGORY, CATEGORY_SPACE)])])), (LITERAL, 40), (IN, [(CATEGORY, CATEGORY_SPACE)])]
IE_TRACE:                             Modified var:.. subpatternappend = <bound method SubPattern.append of [(AT, AT_BEGINNING), (MAX_REPEAT, (1, MAXREPEAT, [(IN, [(RANGE, (97, 122)), (RANGE, (65, 90)), (RANGE, (48, 57)), (LITERAL, 95)])])), (MAX_REPEAT, (0, MAXREPEAT, [(IN, [(CATEGORY, CATEGORY_SPACE)])])), (LITERAL, 40), (IN, [(CATEGORY, CATEGORY_SPACE)])]>
IE_TRACE:                             15:21:35.161631 line       523     while True:
IE_TRACE:                             15:21:35.161757 line       525         this = source.next
IE_TRACE:                             Modified var:.. this = '*'
IE_TRACE:                             15:21:35.161851 line       526         if this is None:
IE_TRACE:                             15:21:35.161950 line       528         if this in "|)":
IE_TRACE:                             15:21:35.162044 line       530         sourceget()
IE_TRACE:                                 Starting var:.. self = <re._parser.Tokenizer object at 0x72cf9fef7da0>
IE_TRACE:                                 15:21:35.162137 call       261     def get(self):
IE_TRACE:                                 15:21:35.162169 line       262         this = self.next
IE_TRACE:                                 New var:....... this = '*'
IE_TRACE:                                 15:21:35.162196 line       263         self.__next()
IE_TRACE:                                     Starting var:.. self = <re._parser.Tokenizer object at 0x72cf9fef7da0>
IE_TRACE:                                     15:21:35.162229 call       240     def __next(self):
IE_TRACE:                                     15:21:35.162260 line       241         index = self.index
IE_TRACE:                                     New var:....... index = 26
IE_TRACE:                                     15:21:35.162288 line       242         try:
IE_TRACE:                                     15:21:35.162321 line       243             char = self.decoded_string[index]
IE_TRACE:                                     New var:....... char = '('
IE_TRACE:                                     15:21:35.162350 line       247         if char == "\\":
IE_TRACE:                                     15:21:35.162384 line       254         self.index = index + 1
IE_TRACE:                                     15:21:35.162413 line       255         self.next = char
IE_TRACE:                                     15:21:35.162443 return     255         self.next = char
IE_TRACE:                                     Return value:.. None
IE_TRACE:                                 15:21:35.162478 line       264         return this
IE_TRACE:                                 15:21:35.162506 return     264         return this
IE_TRACE:                                 Return value:.. '*'
IE_TRACE:                             15:21:35.162539 line       532         if verbose:
IE_TRACE:                             15:21:35.162639 line       543         if this[0] == "\\":
IE_TRACE:                             15:21:35.162731 line       547         elif this not in SPECIAL_CHARS:
IE_TRACE:                             15:21:35.162824 line       550         elif this == "[":
IE_TRACE:                             15:21:35.162916 line       639         elif this in REPEAT_CHARS:
IE_TRACE:                             15:21:35.163009 line       641             here = source.tell()
IE_TRACE:                                 Starting var:.. self = <re._parser.Tokenizer object at 0x72cf9fef7da0>
IE_TRACE:                                 15:21:35.163102 call       293     def tell(self):
IE_TRACE:                                 15:21:35.163134 line       294         return self.index - len(self.next or '')
IE_TRACE:                                 15:21:35.163161 return     294         return self.index - len(self.next or '')
IE_TRACE:                                 Return value:.. 26
IE_TRACE:                             Modified var:.. here = 26
IE_TRACE:                             15:21:35.163193 line       642             if this == "?":
IE_TRACE:                             15:21:35.163291 line       644             elif this == "*":
IE_TRACE:                             15:21:35.163383 line       645                 min, max = 0, MAXREPEAT
IE_TRACE:                             15:21:35.163476 line       682             if subpattern:
IE_TRACE:                                 Starting var:.. self = [(AT, AT_BEGINNING), (MAX_REPEAT, (1, MAXREPEAT, [(IN, [(RANGE, (97, 122)), (RANGE, (65, 90)), (RANGE, (48, 57)), (LITERAL, 95)])])), (MAX_REPEAT, (0, MAXREPEAT, [(IN, [(CATEGORY, CATEGORY_SPACE)])])), (LITERAL, 40), (IN, [(CATEGORY, CATEGORY_SPACE)])]
IE_TRACE:                                 15:21:35.163572 call       164     def __len__(self):
IE_TRACE:                                 15:21:35.163609 line       165         return len(self.data)
IE_TRACE:                                 15:21:35.163640 return     165         return len(self.data)
IE_TRACE:                                 Return value:.. 5
IE_TRACE:                             15:21:35.163678 line       683                 item = subpattern[-1:]
IE_TRACE:                                 Starting var:.. self = [(AT, AT_BEGINNING), (MAX_REPEAT, (1, MAXREPEAT, [(IN, [(RANGE, (97, 122)), (RANGE, (65, 90)), (RANGE, (48, 57)), (LITERAL, 95)])])), (MAX_REPEAT, (0, MAXREPEAT, [(IN, [(CATEGORY, CATEGORY_SPACE)])])), (LITERAL, 40), (IN, [(CATEGORY, CATEGORY_SPACE)])]
IE_TRACE:                                 Starting var:.. index = slice(-1, None, None)
IE_TRACE:                                 15:21:35.163771 call       168     def __getitem__(self, index):
IE_TRACE:                                 15:21:35.163815 line       169         if isinstance(index, slice):
IE_TRACE:                                 15:21:35.163849 line       170             return SubPattern(self.state, self.data[index])
IE_TRACE:                                     Starting var:.. self = REPR FAILED
IE_TRACE:                                     Starting var:.. state = <re._parser.State object at 0x72cfa0937740>
IE_TRACE:                                     Starting var:.. data = [(IN, [(CATEGORY, CATEGORY_SPACE)])]
IE_TRACE:                                     15:21:35.163884 call       113     def __init__(self, state, data=None):
IE_TRACE:                                     15:21:35.163931 line       114         self.state = state
IE_TRACE:                                     15:21:35.163963 line       115         if data is None:
IE_TRACE:                                     15:21:35.163995 line       117         self.data = data
IE_TRACE:                                     Modified var:.. self = [(IN, [(CATEGORY, CATEGORY_SPACE)])]
IE_TRACE:                                     15:21:35.164026 line       118         self.width = None
IE_TRACE:                                     15:21:35.164061 return     118         self.width = None
IE_TRACE:                                     Return value:.. None
IE_TRACE:                                 15:21:35.164098 return     170             return SubPattern(self.state, self.data[index])
IE_TRACE:                                 Return value:.. [(IN, [(CATEGORY, CATEGORY_SPACE)])]
IE_TRACE:                             15:21:35.164141 line       686             if not item or item[0][0] is AT:
IE_TRACE:                                 Starting var:.. self = [(IN, [(CATEGORY, CATEGORY_SPACE)])]
IE_TRACE:                                 15:21:35.164237 call       164     def __len__(self):
IE_TRACE:                                 15:21:35.164269 line       165         return len(self.data)
IE_TRACE:                                 15:21:35.164296 return     165         return len(self.data)
IE_TRACE:                                 Return value:.. 1
IE_TRACE:                                 Starting var:.. self = [(IN, [(CATEGORY, CATEGORY_SPACE)])]
IE_TRACE:                                 Starting var:.. index = 0
IE_TRACE:                                 15:21:35.164329 call       168     def __getitem__(self, index):
IE_TRACE:                                 15:21:35.164366 line       169         if isinstance(index, slice):
IE_TRACE:                                 15:21:35.164395 line       171         return self.data[index]
IE_TRACE:                                 15:21:35.164424 return     171         return self.data[index]
IE_TRACE:                                 Return value:.. (IN, [(CATEGORY, CATEGORY_SPACE)])
IE_TRACE:                             15:21:35.164458 line       689             if item[0][0] in _REPEATCODES:
IE_TRACE:                                 Starting var:.. self = [(IN, [(CATEGORY, CATEGORY_SPACE)])]
IE_TRACE:                                 Starting var:.. index = 0
IE_TRACE:                                 15:21:35.164551 call       168     def __getitem__(self, index):
IE_TRACE:                                 15:21:35.164591 line       169         if isinstance(index, slice):
IE_TRACE:                                 15:21:35.164620 line       171         return self.data[index]
IE_TRACE:                                 15:21:35.164647 return     171         return self.data[index]
IE_TRACE:                                 Return value:.. (IN, [(CATEGORY, CATEGORY_SPACE)])
IE_TRACE:                             15:21:35.164682 line       692             if item[0][0] is SUBPATTERN:
IE_TRACE:                                 Starting var:.. self = [(IN, [(CATEGORY, CATEGORY_SPACE)])]
IE_TRACE:                                 Starting var:.. index = 0
IE_TRACE:                                 15:21:35.164775 call       168     def __getitem__(self, index):
IE_TRACE:                                 15:21:35.164811 line       169         if isinstance(index, slice):
IE_TRACE:                                 15:21:35.164839 line       171         return self.data[index]
IE_TRACE:                                 15:21:35.164866 return     171         return self.data[index]
IE_TRACE:                                 Return value:.. (IN, [(CATEGORY, CATEGORY_SPACE)])
IE_TRACE:                             15:21:35.164900 line       696             if sourcematch("?"):
IE_TRACE:                                 Starting var:.. self = <re._parser.Tokenizer object at 0x72cf9fef7da0>
IE_TRACE:                                 Starting var:.. char = '?'
IE_TRACE:                                 15:21:35.164993 call       256     def match(self, char):
IE_TRACE:                                 15:21:35.165029 line       257         if char == self.next:
IE_TRACE:                                 15:21:35.165057 line       260         return False
IE_TRACE:                                 15:21:35.165085 return     260         return False
IE_TRACE:                                 Return value:.. False
IE_TRACE:                             15:21:35.165118 line       699             elif sourcematch("+"):
IE_TRACE:                                 Starting var:.. self = <re._parser.Tokenizer object at 0x72cf9fef7da0>
IE_TRACE:                                 Starting var:.. char = '+'
IE_TRACE:                                 15:21:35.165211 call       256     def match(self, char):
IE_TRACE:                                 15:21:35.165247 line       257         if char == self.next:
IE_TRACE:                                 15:21:35.165275 line       260         return False
IE_TRACE:                                 15:21:35.165302 return     260         return False
IE_TRACE:                                 Return value:.. False
IE_TRACE:                             15:21:35.165335 line       704                 subpattern[-1] = (MAX_REPEAT, (min, max, item))
IE_TRACE:                                 Starting var:.. self = [(AT, AT_BEGINNING), (MAX_REPEAT, (1, MAXREPEAT, [(IN, [(RANGE, (97, 122)), (RANGE, (65, 90)), (RANGE, (48, 57)), (LITERAL, 95)])])), (MAX_REPEAT, (0, MAXREPEAT, [(IN, [(CATEGORY, CATEGORY_SPACE)])])), (LITERAL, 40), (IN, [(CATEGORY, CATEGORY_SPACE)])]
IE_TRACE:                                 Starting var:.. index = -1
IE_TRACE:                                 Starting var:.. code = (MAX_REPEAT, (0, MAXREPEAT, [(IN, [(CATEGORY, CATEGORY_SPACE)])]))
IE_TRACE:                                 15:21:35.165431 call       172     def __setitem__(self, index, code):
IE_TRACE:                                 15:21:35.165479 line       173         self.data[index] = code
IE_TRACE:                                 Modified var:.. self = [(AT, AT_BEGINNING), (MAX_REPEAT, (1, MAXREPEAT, [(IN, [(RANGE, (97, 122)), (RANGE, (65, 90)), (RANGE, (48, 57)), (LITERAL, 95)])])), (MAX_REPEAT, (0, MAXREPEAT, [(IN, [(CATEGORY, CATEGORY_SPACE)])])), (LITERAL, 40), (MAX_REPEAT, (0, MAXREPEAT, [(IN, [(CATEGORY, CATEGORY_SPACE)])]))]
IE_TRACE:                                 15:21:35.165517 return     173         self.data[index] = code
IE_TRACE:                                 Return value:.. None
IE_TRACE:                             Modified var:.. subpattern = [(AT, AT_BEGINNING), (MAX_REPEAT, (1, MAXREPEAT, [(IN, [(RANGE, (97, 122)), (RANGE, (65, 90)), (RANGE, (48, 57)), (LITERAL, 95)])])), (MAX_REPEAT, (0, MAXREPEAT, [(IN, [(CATEGORY, CATEGORY_SPACE)])])), (LITERAL, 40), (MAX_REPEAT, (0, MAXREPEAT, [(IN, [(CATEGORY, CATEGORY_SPACE)])]))]
IE_TRACE:                             Modified var:.. subpatternappend = <bound method SubPattern.append of [(AT, AT_BEGINNING), (MAX_REPEAT, (1, MAXREPEAT, [(IN, [(RANGE, (97, 122)), (RANGE, (65, 90)), (RANGE, (48, 57)), (LITERAL, 95)])])), (MAX_REPEAT, (0, MAXREPEAT, [(IN, [(CATEGORY, CATEGORY_SPACE)])])), (LITERAL, 40), (MAX_REPEAT, (0, MAXREPEAT, [(IN, [(CATEGORY, CATEGORY_SPACE)])]))]>
IE_TRACE:                             15:21:35.165574 line       523     while True:
IE_TRACE:                             15:21:35.165689 line       525         this = source.next
IE_TRACE:                             Modified var:.. this = '('
IE_TRACE:                             15:21:35.165785 line       526         if this is None:
IE_TRACE:                             15:21:35.165885 line       528         if this in "|)":
IE_TRACE:                             15:21:35.165979 line       530         sourceget()
IE_TRACE:                                 Starting var:.. self = <re._parser.Tokenizer object at 0x72cf9fef7da0>
IE_TRACE:                                 15:21:35.166087 call       261     def get(self):
IE_TRACE:                                 15:21:35.166130 line       262         this = self.next
IE_TRACE:                                 New var:....... this = '('
IE_TRACE:                                 15:21:35.166166 line       263         self.__next()
IE_TRACE:                                     Starting var:.. self = <re._parser.Tokenizer object at 0x72cf9fef7da0>
IE_TRACE:                                     15:21:35.166211 call       240     def __next(self):
IE_TRACE:                                     15:21:35.166254 line       241         index = self.index
IE_TRACE:                                     New var:....... index = 27
IE_TRACE:                                     15:21:35.166291 line       242         try:
IE_TRACE:                                     15:21:35.166337 line       243             char = self.decoded_string[index]
IE_TRACE:                                     New var:....... char = '.'
IE_TRACE:                                     15:21:35.166375 line       247         if char == "\\":
IE_TRACE:                                     15:21:35.166416 line       254         self.index = index + 1
IE_TRACE:                                     15:21:35.166456 line       255         self.next = char
IE_TRACE:                                     15:21:35.166494 return     255         self.next = char
IE_TRACE:                                     Return value:.. None
IE_TRACE:                                 15:21:35.166542 line       264         return this
IE_TRACE:                                 15:21:35.166585 return     264         return this
IE_TRACE:                                 Return value:.. '('
IE_TRACE:                             15:21:35.166620 line       532         if verbose:
IE_TRACE:                             15:21:35.166724 line       543         if this[0] == "\\":
IE_TRACE:                             15:21:35.166818 line       547         elif this not in SPECIAL_CHARS:
IE_TRACE:                             15:21:35.166913 line       550         elif this == "[":
IE_TRACE:                             15:21:35.167008 line       639         elif this in REPEAT_CHARS:
IE_TRACE:                             15:21:35.167102 line       706         elif this == ".":
IE_TRACE:                             15:21:35.167197 line       709         elif this == "(":
IE_TRACE:                             15:21:35.167376 line       710             start = source.tell() - 1
IE_TRACE:                                 Starting var:.. self = <re._parser.Tokenizer object at 0x72cf9fef7da0>
IE_TRACE:                                 15:21:35.167527 call       293     def tell(self):
IE_TRACE:                                 15:21:35.167575 line       294         return self.index - len(self.next or '')
IE_TRACE:                                 15:21:35.167613 return     294         return self.index - len(self.next or '')
IE_TRACE:                                 Return value:.. 27
IE_TRACE:                             Modified var:.. start = 26
IE_TRACE:                             15:21:35.167659 line       711             capture = True
IE_TRACE:                             15:21:35.167818 line       712             atomic = False
IE_TRACE:                             15:21:35.167968 line       713             name = None
IE_TRACE:                             15:21:35.168122 line       714             add_flags = 0
IE_TRACE:                             15:21:35.168275 line       715             del_flags = 0
IE_TRACE:                             15:21:35.168431 line       716             if sourcematch("?"):
IE_TRACE:                                 Starting var:.. self = <re._parser.Tokenizer object at 0x72cf9fef7da0>
IE_TRACE:                                 Starting var:.. char = '?'
IE_TRACE:                                 15:21:35.168598 call       256     def match(self, char):
IE_TRACE:                                 15:21:35.168650 line       257         if char == self.next:
IE_TRACE:                                 15:21:35.168681 line       260         return False
IE_TRACE:                                 15:21:35.168710 return     260         return False
IE_TRACE:                                 Return value:.. False
IE_TRACE:                             15:21:35.168757 line       853             if capture:
IE_TRACE:                             15:21:35.168875 line       854                 try:
IE_TRACE:                             15:21:35.168979 line       855                     group = state.opengroup(name)
IE_TRACE:                                 Starting var:.. self = <re._parser.State object at 0x72cfa0937740>
IE_TRACE:                                 Starting var:.. name = None
IE_TRACE:                                 15:21:35.169092 call        86     def opengroup(self, name=None):
IE_TRACE:                                 15:21:35.169132 line        87         gid = self.groups
IE_TRACE:                                     Starting var:.. self = <re._parser.State object at 0x72cfa0937740>
IE_TRACE:                                     15:21:35.169165 call        84     def groups(self):
IE_TRACE:                                     15:21:35.169205 line        85         return len(self.groupwidths)
IE_TRACE:                                     15:21:35.169233 return      85         return len(self.groupwidths)
IE_TRACE:                                     Return value:.. 1
IE_TRACE:                                 New var:....... gid = 1
IE_TRACE:                                 15:21:35.169268 line        88         self.groupwidths.append(None)
IE_TRACE:                                 15:21:35.169305 line        89         if self.groups > MAXGROUPS:
IE_TRACE:                                     Starting var:.. self = <re._parser.State object at 0x72cfa0937740>
IE_TRACE:                                     15:21:35.169336 call        84     def groups(self):
IE_TRACE:                                     15:21:35.169369 line        85         return len(self.groupwidths)
IE_TRACE:                                     15:21:35.169396 return      85         return len(self.groupwidths)
IE_TRACE:                                     Return value:.. 2
IE_TRACE:                                 15:21:35.169429 line        91         if name is not None:
IE_TRACE:                                 15:21:35.169459 line        97         return gid
IE_TRACE:                                 15:21:35.169489 return      97         return gid
IE_TRACE:                                 Return value:.. 1
IE_TRACE:                             New var:....... group = 1
IE_TRACE:                             15:21:35.169539 line       860             sub_verbose = ((verbose or (add_flags & SRE_FLAG_VERBOSE)) and
IE_TRACE:                             New var:....... sub_verbose = 0
IE_TRACE:                             15:21:35.169671 line       862             p = _parse_sub(source, state, sub_verbose, nested + 1)
IE_TRACE:                                 Starting var:.. source = <re._parser.Tokenizer object at 0x72cf9fef7da0>
IE_TRACE:                                 Starting var:.. state = <re._parser.State object at 0x72cfa0937740>
IE_TRACE:                                 Starting var:.. verbose = 0
IE_TRACE:                                 Starting var:.. nested = 2
IE_TRACE:                                 15:21:35.169777 call       452 def _parse_sub(source, state, verbose, nested):
IE_TRACE:                                 15:21:35.169832 line       455     items = []
IE_TRACE:                                 New var:....... items = []
IE_TRACE:                                 15:21:35.169869 line       456     itemsappend = items.append
IE_TRACE:                                 New var:....... itemsappend = <built-in method append of list object at 0x72cf9fcd6680>
IE_TRACE:                                 15:21:35.169911 line       457     sourcematch = source.match
IE_TRACE:                                 New var:....... sourcematch = <bound method Tokenizer.match of <re._parser.Tokenizer object at 0x72cf9fef7da0>>
IE_TRACE:                                 15:21:35.169953 line       458     start = source.tell()
IE_TRACE:                                     Starting var:.. self = <re._parser.Tokenizer object at 0x72cf9fef7da0>
IE_TRACE:                                     15:21:35.169998 call       293     def tell(self):
IE_TRACE:                                     15:21:35.170030 line       294         return self.index - len(self.next or '')
IE_TRACE:                                     15:21:35.170059 return     294         return self.index - len(self.next or '')
IE_TRACE:                                     Return value:.. 27
IE_TRACE:                                 New var:....... start = 27
IE_TRACE:                                 15:21:35.170093 line       459     while True:
IE_TRACE:                                 15:21:35.170138 line       460         itemsappend(_parse(source, state, verbose, nested + 1,
IE_TRACE:                                 15:21:35.170178 line       461                            not nested and not items))
IE_TRACE:                                 15:21:35.170217 line       460         itemsappend(_parse(source, state, verbose, nested + 1,
IE_TRACE:                                     Starting var:.. source = <re._parser.Tokenizer object at 0x72cf9fef7da0>
IE_TRACE:                                     Starting var:.. state = <re._parser.State object at 0x72cfa0937740>
IE_TRACE:                                     Starting var:.. verbose = 0
IE_TRACE:                                     Starting var:.. nested = 3
IE_TRACE:                                     Starting var:.. first = False
IE_TRACE:                                     15:21:35.170267 call       512 def _parse(source, state, verbose, nested, first=False):
IE_TRACE:                                     15:21:35.170344 line       514     subpattern = SubPattern(state)
IE_TRACE:                                     New var:....... subpattern = []
IE_TRACE:                                     15:21:35.170427 line       517     subpatternappend = subpattern.append
IE_TRACE:                                     New var:....... subpatternappend = <bound method SubPattern.append of []>
IE_TRACE:                                     15:21:35.170488 line       518     sourceget = source.get
IE_TRACE:                                     New var:....... sourceget = <bound method Tokenizer.get of <re._parser.Tokenizer object at 0x72cf9fef7da0>>
IE_TRACE:                                     15:21:35.170549 line       519     sourcematch = source.match
IE_TRACE:                                     New var:....... sourcematch = <bound method Tokenizer.match of <re._parser.Tokenizer object at 0x72cf9fef7da0>>
IE_TRACE:                                     15:21:35.170617 line       520     _len = len
IE_TRACE:                                     New var:....... _len = <built-in function len>
IE_TRACE:                                     15:21:35.170683 line       521     _ord = ord
IE_TRACE:                                     New var:....... _ord = <built-in function ord>
IE_TRACE:                                     15:21:35.170749 line       523     while True:
IE_TRACE:                                     15:21:35.170816 line       525         this = source.next
IE_TRACE:                                     New var:....... this = '.'
IE_TRACE:                                     15:21:35.170877 line       526         if this is None:
IE_TRACE:                                     15:21:35.170945 line       528         if this in "|)":
IE_TRACE:                                     15:21:35.171006 line       530         sourceget()
IE_TRACE:                                     15:21:35.171122 line       532         if verbose:
IE_TRACE:                                     15:21:35.171183 line       543         if this[0] == "\\":
IE_TRACE:                                     15:21:35.171245 line       547         elif this not in SPECIAL_CHARS:
IE_TRACE:                                     15:21:35.171305 line       550         elif this == "[":
IE_TRACE:                                     15:21:35.171366 line       639         elif this in REPEAT_CHARS:
IE_TRACE:                                     15:21:35.171427 line       706         elif this == ".":
IE_TRACE:                                     15:21:35.171488 line       707             subpatternappend((ANY, None))
IE_TRACE:                                     Modified var:.. subpattern = [(ANY, None)]
IE_TRACE:                                     Modified var:.. subpatternappend = <bound method SubPattern.append of [(ANY, None)]>
IE_TRACE:                                     15:21:35.171584 line       523     while True:
IE_TRACE:                                     15:21:35.171658 line       525         this = source.next
IE_TRACE:                                     Modified var:.. this = '*'
IE_TRACE:                                     15:21:35.171720 line       526         if this is None:
IE_TRACE:                                     15:21:35.171786 line       528         if this in "|)":
IE_TRACE:                                     15:21:35.171848 line       530         sourceget()
IE_TRACE:                                     15:21:35.171963 line       532         if verbose:
IE_TRACE:                                     15:21:35.172025 line       543         if this[0] == "\\":
IE_TRACE:                                     15:21:35.172087 line       547         elif this not in SPECIAL_CHARS:
IE_TRACE:                                     15:21:35.172149 line       550         elif this == "[":
IE_TRACE:                                     15:21:35.172211 line       639         elif this in REPEAT_CHARS:
IE_TRACE:                                     15:21:35.172272 line       641             here = source.tell()
IE_TRACE:                                     New var:....... here = 29
IE_TRACE:                                     15:21:35.172361 line       642             if this == "?":
IE_TRACE:                                     15:21:35.172429 line       644             elif this == "*":
IE_TRACE:                                     15:21:35.172492 line       645                 min, max = 0, MAXREPEAT
IE_TRACE:                                     New var:....... min = 0
IE_TRACE:                                     New var:....... max = MAXREPEAT
IE_TRACE:                                     15:21:35.172555 line       682             if subpattern:
IE_TRACE:                                     15:21:35.172660 line       683                 item = subpattern[-1:]
IE_TRACE:                                     New var:....... item = [(ANY, None)]
IE_TRACE:                                     15:21:35.172783 line       686             if not item or item[0][0] is AT:
IE_TRACE:                                     15:21:35.172911 line       689             if item[0][0] in _REPEATCODES:
IE_TRACE:                                     15:21:35.173008 line       692             if item[0][0] is SUBPATTERN:
IE_TRACE:                                     15:21:35.173103 line       696             if sourcematch("?"):
IE_TRACE:                                     15:21:35.173198 line       699             elif sourcematch("+"):
IE_TRACE:                                     15:21:35.173293 line       704                 subpattern[-1] = (MAX_REPEAT, (min, max, item))
IE_TRACE:                                     Modified var:.. subpattern = [(MAX_REPEAT, (0, MAXREPEAT, [(ANY, None)]))]
IE_TRACE:                                     Modified var:.. subpatternappend = <bound method SubPattern.append of [(MAX_REPEAT, (0, MAXREPEAT, [(ANY, None)]))]>
IE_TRACE:                                     15:21:35.173392 line       523     while True:
IE_TRACE:                                     15:21:35.173482 line       525         this = source.next
IE_TRACE:                                     Modified var:.. this = ')'
IE_TRACE:                                     15:21:35.173551 line       526         if this is None:
IE_TRACE:                                     15:21:35.173628 line       528         if this in "|)":
IE_TRACE:                                     15:21:35.173699 line       529             break # end of subpattern
IE_TRACE:                                     15:21:35.173771 line       884     for i in range(len(subpattern))[::-1]:
IE_TRACE:                                     New var:....... i = 0
IE_TRACE:                                     15:21:35.173882 line       885         op, av = subpattern[i]
IE_TRACE:                                     New var:....... op = MAX_REPEAT
IE_TRACE:                                     New var:....... av = (0, MAXREPEAT, [(ANY, None)])
IE_TRACE:                                     15:21:35.173991 line       886         if op is SUBPATTERN:
IE_TRACE:                                     15:21:35.174094 line       884     for i in range(len(subpattern))[::-1]:
IE_TRACE:                                     15:21:35.174177 line       891     return subpattern
IE_TRACE:                                     15:21:35.174252 return     891     return subpattern
IE_TRACE:                                     Return value:.. [(MAX_REPEAT, (0, MAXREPEAT, [(ANY, None)]))]
IE_TRACE:                                 Modified var:.. items = [[(MAX_REPEAT, (0, MAXREPEAT, [(ANY, None)]))]]
IE_TRACE:                                 15:21:35.174331 line       462         if not sourcematch("|"):
IE_TRACE:                                     Starting var:.. self = <re._parser.Tokenizer object at 0x72cf9fef7da0>
IE_TRACE:                                     Starting var:.. char = '|'
IE_TRACE:                                     15:21:35.174380 call       256     def match(self, char):
IE_TRACE:                                     15:21:35.174421 line       257         if char == self.next:
IE_TRACE:                                     15:21:35.174451 line       260         return False
IE_TRACE:                                     15:21:35.174481 return     260         return False
IE_TRACE:                                     Return value:.. False
IE_TRACE:                                 15:21:35.174517 line       463             break
IE_TRACE:                                 15:21:35.174559 line       467     if len(items) == 1:
IE_TRACE:                                 15:21:35.174604 line       468         return items[0]
IE_TRACE:                                 15:21:35.174646 return     468         return items[0]
IE_TRACE:                                 Return value:.. [(MAX_REPEAT, (0, MAXREPEAT, [(ANY, None)]))]
IE_TRACE:                             New var:....... p = [(MAX_REPEAT, (0, MAXREPEAT, [(ANY, None)]))]
IE_TRACE:                             15:21:35.174702 line       863             if not source.match(")"):
IE_TRACE:                                 Starting var:.. self = <re._parser.Tokenizer object at 0x72cf9fef7da0>
IE_TRACE:                                 Starting var:.. char = ')'
IE_TRACE:                                 15:21:35.174816 call       256     def match(self, char):
IE_TRACE:                                 15:21:35.174852 line       257         if char == self.next:
IE_TRACE:                                 15:21:35.174882 line       258             self.__next()
IE_TRACE:                                     Starting var:.. self = <re._parser.Tokenizer object at 0x72cf9fef7da0>
IE_TRACE:                                     15:21:35.174911 call       240     def __next(self):
IE_TRACE:                                     15:21:35.174944 line       241         index = self.index
IE_TRACE:                                     New var:....... index = 30
IE_TRACE:                                     15:21:35.174972 line       242         try:
IE_TRACE:                                     15:21:35.175005 line       243             char = self.decoded_string[index]
IE_TRACE:                                     New var:....... char = '\\'
IE_TRACE:                                     15:21:35.175034 line       247         if char == "\\":
IE_TRACE:                                     15:21:35.175069 line       248             index += 1
IE_TRACE:                                     Modified var:.. index = 31
IE_TRACE:                                     15:21:35.175099 line       249             try:
IE_TRACE:                                     15:21:35.175133 line       250                 char += self.decoded_string[index]
IE_TRACE:                                     Modified var:.. char = '\\)'
IE_TRACE:                                     15:21:35.175163 line       254         self.index = index + 1
IE_TRACE:                                     15:21:35.175197 line       255         self.next = char
IE_TRACE:                                     15:21:35.175227 return     255         self.next = char
IE_TRACE:                                     Return value:.. None
IE_TRACE:                                 15:21:35.175263 line       259             return True
IE_TRACE:                                 15:21:35.175291 return     259             return True
IE_TRACE:                                 Return value:.. True
IE_TRACE:                             15:21:35.175334 line       866             if group is not None:
IE_TRACE:                             15:21:35.175507 line       867                 state.closegroup(group, p)
IE_TRACE:                                 Starting var:.. self = <re._parser.State object at 0x72cfa0937740>
IE_TRACE:                                 Starting var:.. gid = 1
IE_TRACE:                                 Starting var:.. p = [(MAX_REPEAT, (0, MAXREPEAT, [(ANY, None)]))]
IE_TRACE:                                 15:21:35.175614 call        98     def closegroup(self, gid, p):
IE_TRACE:                                 15:21:35.175659 line        99         self.groupwidths[gid] = p.getwidth()
IE_TRACE:                                     Starting var:.. self = [(MAX_REPEAT, (0, MAXREPEAT, [(ANY, None)]))]
IE_TRACE:                                     15:21:35.175800 call       178     def getwidth(self):
IE_TRACE:                                     15:21:35.175847 line       180         if self.width is not None:
IE_TRACE:                                     15:21:35.175880 line       182         lo = hi = 0
IE_TRACE:                                     New var:....... lo = 0
IE_TRACE:                                     New var:....... hi = 0
IE_TRACE:                                     15:21:35.175914 line       183         for op, av in self.data:
IE_TRACE:                                     New var:....... op = MAX_REPEAT
IE_TRACE:                                     New var:....... av = (0, MAXREPEAT, [(ANY, None)])
IE_TRACE:                                     15:21:35.175957 line       184             if op is BRANCH:
IE_TRACE:                                     15:21:35.176003 line       193             elif op is ATOMIC_GROUP:
IE_TRACE:                                     15:21:35.176041 line       197             elif op is SUBPATTERN:
IE_TRACE:                                     15:21:35.176077 line       201             elif op in _REPEATCODES:
IE_TRACE:                                     15:21:35.176113 line       202                 i, j = av[2].getwidth()
IE_TRACE:                                     New var:....... i = 1
IE_TRACE:                                     New var:....... j = 1
IE_TRACE:                                     15:21:35.176172 line       203                 lo = lo + i * av[0]
IE_TRACE:                                     15:21:35.176221 line       204                 if av[1] == MAXREPEAT and j:
IE_TRACE:                                     15:21:35.176261 line       205                     hi = MAXWIDTH
IE_TRACE:                                     Modified var:.. hi = 18446744073709551616
IE_TRACE:                                     15:21:35.176300 line       183         for op, av in self.data:
IE_TRACE:                                     15:21:35.176344 line       227         self.width = min(lo, MAXWIDTH), min(hi, MAXWIDTH)
IE_TRACE:                                     15:21:35.176385 line       228         return self.width
IE_TRACE:                                     15:21:35.176423 return     228         return self.width
IE_TRACE:                                     Return value:.. (0, 18446744073709551616)
IE_TRACE:                                 15:21:35.176470 return      99         self.groupwidths[gid] = p.getwidth()
IE_TRACE:                                 Return value:.. None
IE_TRACE:                             15:21:35.176519 line       868             if atomic:
IE_TRACE:                             15:21:35.176636 line       872                 subpatternappend((SUBPATTERN, (group, add_flags, del_flags, p)))
IE_TRACE:                                 Starting var:.. self = [(AT, AT_BEGINNING), (MAX_REPEAT, (1, MAXREPEAT, [(IN, [(RANGE, (97, 122)), (RANGE, (65, 90)), (RANGE, (48, 57)), (LITERAL, 95)])])), (MAX_REPEAT, (0, MAXREPEAT, [(IN, [(CATEGORY, CATEGORY_SPACE)])])), (LITERAL, 40), (MAX_REPEAT, (0, MAXREPEAT, [(IN, [(CATEGORY, CATEGORY_SPACE)])]))]
IE_TRACE:                                 Starting var:.. code = (SUBPATTERN, (1, 0, 0, [(MAX_REPEAT, (0, MAXREPEAT, [(ANY, None)]))]))
IE_TRACE:                                 15:21:35.176738 call       176     def append(self, code):
IE_TRACE:                                 15:21:35.176787 line       177         self.data.append(code)
IE_TRACE:                                 Modified var:.. self = [(AT, AT_BEGINNING), (MAX_REPEAT, (1, MAXREPEAT, [(IN, [(RANGE, (97, 122)), (RANGE, (65, 90)), (RANGE, (48, 57)), (LITERAL, 95)])])), (MAX_REPEAT, (0, MAXREPEAT, [(IN, [(CATEGORY, CATEGORY_SPACE)])])), (LITERAL, 40), (MAX_REPEAT, (0, MAXREPEAT, [(IN, [(CATEGORY, CATEGORY_SPACE)])])), (SUBPATTERN, (1, 0, 0, [(MAX_REPEAT, (0, MAXREPEAT, [(ANY, None)]))]))]
IE_TRACE:                                 15:21:35.176823 return     177         self.data.append(code)
IE_TRACE:                                 Return value:.. None
IE_TRACE:                             Modified var:.. subpattern = [(AT, AT_BEGINNING), (MAX_REPEAT, (1, MAXREPEAT, [(IN, [(RANGE, (97, 122)), (RANGE, (65, 90)), (RANGE, (48, 57)), (LITERAL, 95)])])), (MAX_REPEAT, (0, MAXREPEAT, [(IN, [(CATEGORY, CATEGORY_SPACE)])])), (LITERAL, 40), (MAX_REPEAT, (0, MAXREPEAT, [(IN, [(CATEGORY, CATEGORY_SPACE)])])), (SUBPATTERN, (1, 0, 0, [(MAX_REPEAT, (0, MAXREPEAT, [(ANY, None)]))]))]
IE_TRACE:                             Modified var:.. subpatternappend = <bound method SubPattern.append of [(AT, AT_BEGINNING), (MAX_REPEAT, (1, MAXREPEAT, [(IN, [(RANGE, (97, 122)), (RANGE, (65, 90)), (RANGE, (48, 57)), (LITERAL, 95)])])), (MAX_REPEAT, (0, MAXREPEAT, [(IN, [(CATEGORY, CATEGORY_SPACE)])])), (LITERAL, 40), (MAX_REPEAT, (0, MAXREPEAT, [(IN, [(CATEGORY, CATEGORY_SPACE)])])), (SUBPATTERN, (1, 0, 0, [(MAX_REPEAT, (0, MAXREPEAT, [(ANY, None)]))]))]>
IE_TRACE:                             15:21:35.176880 line       523     while True:
IE_TRACE:                             15:21:35.177000 line       525         this = source.next
IE_TRACE:                             Modified var:.. this = '\\)'
IE_TRACE:                             15:21:35.177104 line       526         if this is None:
IE_TRACE:                             15:21:35.177213 line       528         if this in "|)":
IE_TRACE:                             15:21:35.177316 line       530         sourceget()
IE_TRACE:                                 Starting var:.. self = <re._parser.Tokenizer object at 0x72cf9fef7da0>
IE_TRACE:                                 15:21:35.177419 call       261     def get(self):
IE_TRACE:                                 15:21:35.177453 line       262         this = self.next
IE_TRACE:                                 New var:....... this = '\\)'
IE_TRACE:                                 15:21:35.177480 line       263         self.__next()
IE_TRACE:                                     Starting var:.. self = <re._parser.Tokenizer object at 0x72cf9fef7da0>
IE_TRACE:                                     15:21:35.177514 call       240     def __next(self):
IE_TRACE:                                     15:21:35.177547 line       241         index = self.index
IE_TRACE:                                     New var:....... index = 32
IE_TRACE:                                     15:21:35.177611 line       242         try:
IE_TRACE:                                     15:21:35.177645 line       243             char = self.decoded_string[index]
IE_TRACE:                                     New var:....... char = ';'
IE_TRACE:                                     15:21:35.177674 line       247         if char == "\\":
IE_TRACE:                                     15:21:35.177709 line       254         self.index = index + 1
IE_TRACE:                                     15:21:35.177739 line       255         self.next = char
IE_TRACE:                                     15:21:35.177768 return     255         self.next = char
IE_TRACE:                                     Return value:.. None
IE_TRACE:                                 15:21:35.177804 line       264         return this
IE_TRACE:                                 15:21:35.177833 return     264         return this
IE_TRACE:                                 Return value:.. '\\)'
IE_TRACE:                             15:21:35.177867 line       532         if verbose:
IE_TRACE:                             15:21:35.177972 line       543         if this[0] == "\\":
IE_TRACE:                             15:21:35.178076 line       544             code = _escape(source, this, state)
IE_TRACE:                                 Starting var:.. source = <re._parser.Tokenizer object at 0x72cf9fef7da0>
IE_TRACE:                                 Starting var:.. escape = '\\)'
IE_TRACE:                                 Starting var:.. state = <re._parser.State object at 0x72cfa0937740>
IE_TRACE:                                 15:21:35.178188 call       372 def _escape(source, escape, state):
IE_TRACE:                                 15:21:35.178237 line       374     code = CATEGORIES.get(escape)
IE_TRACE:                                 New var:....... code = None
IE_TRACE:                                 15:21:35.178273 line       375     if code:
IE_TRACE:                                 15:21:35.178313 line       377     code = ESCAPES.get(escape)
IE_TRACE:                                 15:21:35.178349 line       378     if code:
IE_TRACE:                                 15:21:35.178384 line       380     try:
IE_TRACE:                                 15:21:35.178418 line       381         c = escape[1:2]
IE_TRACE:                                 New var:....... c = ')'
IE_TRACE:                                 15:21:35.178454 line       382         if c == "x":
IE_TRACE:                                 15:21:35.178494 line       388         elif c == "u" and source.istext:
IE_TRACE:                                 15:21:35.178530 line       394         elif c == "U" and source.istext:
IE_TRACE:                                 15:21:35.178569 line       402         elif c == "N" and source.istext:
IE_TRACE:                                 15:21:35.178605 line       414         elif c == "0":
IE_TRACE:                                 15:21:35.178641 line       418         elif c in DIGITS:
IE_TRACE:                                 15:21:35.178676 line       441         if len(escape) == 2:
IE_TRACE:                                 15:21:35.178712 line       442             if c in ASCIILETTERS:
IE_TRACE:                                 15:21:35.178748 line       444             return LITERAL, ord(escape[1])
IE_TRACE:                                 15:21:35.178784 return     444             return LITERAL, ord(escape[1])
IE_TRACE:                                 Return value:.. (LITERAL, 41)
IE_TRACE:                             Modified var:.. code = (LITERAL, 41)
IE_TRACE:                             15:21:35.178826 line       545             subpatternappend(code)
IE_TRACE:                                 Starting var:.. self = [(AT, AT_BEGINNING), (MAX_REPEAT, (1, MAXREPEAT, [(IN, [(RANGE, (97, 122)), (RANGE, (65, 90)), (RANGE, (48, 57)), (LITERAL, 95)])])), (MAX_REPEAT, (0, MAXREPEAT, [(IN, [(CATEGORY, CATEGORY_SPACE)])])), (LITERAL, 40), (MAX_REPEAT, (0, MAXREPEAT, [(IN, [(CATEGORY, CATEGORY_SPACE)])])), (SUBPATTERN, (1, 0, 0, [(MAX_REPEAT, (0, MAXREPEAT, [(ANY, None)]))]))]
IE_TRACE:                                 Starting var:.. code = (LITERAL, 41)
IE_TRACE:                                 15:21:35.178937 call       176     def append(self, code):
IE_TRACE:                                 15:21:35.178986 line       177         self.data.append(code)
IE_TRACE:                                 Modified var:.. self = [(AT, AT_BEGINNING), (MAX_REPEAT, (1, MAXREPEAT, [(IN, [(RANGE, (97, 122)), (RANGE, (65, 90)), (RANGE, (48, 57)), (LITERAL, 95)])])), (MAX_REPEAT, (0, MAXREPEAT, [(IN, [(CATEGORY, CATEGORY_SPACE)])])), (LITERAL, 40), (MAX_REPEAT, (0, MAXREPEAT, [(IN, [(CATEGORY, CATEGORY_SPACE)])])), (SUBPATTERN, (1, 0, 0, [(MAX_REPEAT, (0, MAXREPEAT, [(ANY, None)]))])), (LITERAL, 41)]
IE_TRACE:                                 15:21:35.179022 return     177         self.data.append(code)
IE_TRACE:                                 Return value:.. None
IE_TRACE:                             Modified var:.. subpattern = [(AT, AT_BEGINNING), (MAX_REPEAT, (1, MAXREPEAT, [(IN, [(RANGE, (97, 122)), (RANGE, (65, 90)), (RANGE, (48, 57)), (LITERAL, 95)])])), (MAX_REPEAT, (0, MAXREPEAT, [(IN, [(CATEGORY, CATEGORY_SPACE)])])), (LITERAL, 40), (MAX_REPEAT, (0, MAXREPEAT, [(IN, [(CATEGORY, CATEGORY_SPACE)])])), (SUBPATTERN, (1, 0, 0, [(MAX_REPEAT, (0, MAXREPEAT, [(ANY, None)]))])), (LITERAL, 41)]
IE_TRACE:                             Modified var:.. subpatternappend = <bound method SubPattern.append of [(AT, AT_BEGINNING), (MAX_REPEAT, (1, MAXREPEAT, [(IN, [(RANGE, (97, 122)), (RANGE, (65, 90)), (RANGE, (48, 57)), (LITERAL, 95)])])), (MAX_REPEAT, (0, MAXREPEAT, [(IN, [(CATEGORY, CATEGORY_SPACE)])])), (LITERAL, 40), (MAX_REPEAT, (0, MAXREPEAT, [(IN, [(CATEGORY, CATEGORY_SPACE)])])), (SUBPATTERN, (1, 0, 0, [(MAX_REPEAT, (0, MAXREPEAT, [(ANY, None)]))])), (LITERAL, 41)]>
IE_TRACE:                             15:21:35.179105 line       523     while True:
IE_TRACE:                             15:21:35.179226 line       525         this = source.next
IE_TRACE:                             Modified var:.. this = ';'
IE_TRACE:                             15:21:35.179331 line       526         if this is None:
IE_TRACE:                             15:21:35.179441 line       528         if this in "|)":
IE_TRACE:                             15:21:35.179544 line       530         sourceget()
IE_TRACE:                                 Starting var:.. self = <re._parser.Tokenizer object at 0x72cf9fef7da0>
IE_TRACE:                                 15:21:35.179651 call       261     def get(self):
IE_TRACE:                                 15:21:35.179683 line       262         this = self.next
IE_TRACE:                                 New var:....... this = ';'
IE_TRACE:                                 15:21:35.179710 line       263         self.__next()
IE_TRACE:                                     Starting var:.. self = <re._parser.Tokenizer object at 0x72cf9fef7da0>
IE_TRACE:                                     15:21:35.179743 call       240     def __next(self):
IE_TRACE:                                     15:21:35.179775 line       241         index = self.index
IE_TRACE:                                     New var:....... index = 33
IE_TRACE:                                     15:21:35.179803 line       242         try:
IE_TRACE:                                     15:21:35.179835 line       243             char = self.decoded_string[index]
IE_TRACE:                                     New var:....... char = '?'
IE_TRACE:                                     15:21:35.179864 line       247         if char == "\\":
IE_TRACE:                                     15:21:35.179897 line       254         self.index = index + 1
IE_TRACE:                                     15:21:35.179927 line       255         self.next = char
IE_TRACE:                                     15:21:35.179956 return     255         self.next = char
IE_TRACE:                                     Return value:.. None
IE_TRACE:                                 15:21:35.179991 line       264         return this
IE_TRACE:                                 15:21:35.180019 return     264         return this
IE_TRACE:                                 Return value:.. ';'
IE_TRACE:                             15:21:35.180053 line       532         if verbose:
IE_TRACE:                             15:21:35.180157 line       543         if this[0] == "\\":
IE_TRACE:                             15:21:35.180261 line       547         elif this not in SPECIAL_CHARS:
IE_TRACE:                             15:21:35.180363 line       548             subpatternappend((LITERAL, _ord(this)))
IE_TRACE:                                 Starting var:.. self = [(AT, AT_BEGINNING), (MAX_REPEAT, (1, MAXREPEAT, [(IN, [(RANGE, (97, 122)), (RANGE, (65, 90)), (RANGE, (48, 57)), (LITERAL, 95)])])), (MAX_REPEAT, (0, MAXREPEAT, [(IN, [(CATEGORY, CATEGORY_SPACE)])])), (LITERAL, 40), (MAX_REPEAT, (0, MAXREPEAT, [(IN, [(CATEGORY, CATEGORY_SPACE)])])), (SUBPATTERN, (1, 0, 0, [(MAX_REPEAT, (0, MAXREPEAT, [(ANY, None)]))])), (LITERAL, 41)]
IE_TRACE:                                 Starting var:.. code = (LITERAL, 59)
IE_TRACE:                                 15:21:35.180467 call       176     def append(self, code):
IE_TRACE:                                 15:21:35.180513 line       177         self.data.append(code)
IE_TRACE:                                 Modified var:.. self = [(AT, AT_BEGINNING), (MAX_REPEAT, (1, MAXREPEAT, [(IN, [(RANGE, (97, 122)), (RANGE, (65, 90)), (RANGE, (48, 57)), (LITERAL, 95)])])), (MAX_REPEAT, (0, MAXREPEAT, [(IN, [(CATEGORY, CATEGORY_SPACE)])])), (LITERAL, 40), (MAX_REPEAT, (0, MAXREPEAT, [(IN, [(CATEGORY, CATEGORY_SPACE)])])), (SUBPATTERN, (1, 0, 0, [(MAX_REPEAT, (0, MAXREPEAT, [(ANY, None)]))])), (LITERAL, 41), (LITERAL, 59)]
IE_TRACE:                                 15:21:35.180549 return     177         self.data.append(code)
IE_TRACE:                                 Return value:.. None
IE_TRACE:                             Modified var:.. subpattern = [(AT, AT_BEGINNING), (MAX_REPEAT, (1, MAXREPEAT, [(IN, [(RANGE, (97, 122)), (RANGE, (65, 90)), (RANGE, (48, 57)), (LITERAL, 95)])])), (MAX_REPEAT, (0, MAXREPEAT, [(IN, [(CATEGORY, CATEGORY_SPACE)])])), (LITERAL, 40), (MAX_REPEAT, (0, MAXREPEAT, [(IN, [(CATEGORY, CATEGORY_SPACE)])])), (SUBPATTERN, (1, 0, 0, [(MAX_REPEAT, (0, MAXREPEAT, [(ANY, None)]))])), (LITERAL, 41), (LITERAL, 59)]
IE_TRACE:                             Modified var:.. subpatternappend = <bound method SubPattern.append of [(AT, AT_BEGINNING), (MAX_REPEAT, (1, MAXREPEAT, [(IN, [(RANGE, (97, 122)), (RANGE, (65, 90)), (RANGE, (48, 57)), (LITERAL, 95)])])), (MAX_REPEAT, (0, MAXREPEAT, [(IN, [(CATEGORY, CATEGORY_SPACE)])])), (LITERAL, 40), (MAX_REPEAT, (0, MAXREPEAT, [(IN, [(CATEGORY, CATEGORY_SPACE)])])), (SUBPATTERN, (1, 0, 0, [(MAX_REPEAT, (0, MAXREPEAT, [(ANY, None)]))])), (LITERAL, 41), (LITERAL, 59)]>
IE_TRACE:                             15:21:35.180606 line       523     while True:
IE_TRACE:                             15:21:35.180724 line       525         this = source.next
IE_TRACE:                             Modified var:.. this = '?'
IE_TRACE:                             15:21:35.180829 line       526         if this is None:
IE_TRACE:                             15:21:35.180937 line       528         if this in "|)":
IE_TRACE:                             15:21:35.181041 line       530         sourceget()
IE_TRACE:                                 Starting var:.. self = <re._parser.Tokenizer object at 0x72cf9fef7da0>
IE_TRACE:                                 15:21:35.181144 call       261     def get(self):
IE_TRACE:                                 15:21:35.181175 line       262         this = self.next
IE_TRACE:                                 New var:....... this = '?'
IE_TRACE:                                 15:21:35.181202 line       263         self.__next()
IE_TRACE:                                     Starting var:.. self = <re._parser.Tokenizer object at 0x72cf9fef7da0>
IE_TRACE:                                     15:21:35.181235 call       240     def __next(self):
IE_TRACE:                                     15:21:35.181267 line       241         index = self.index
IE_TRACE:                                     New var:....... index = 34
IE_TRACE:                                     15:21:35.181294 line       242         try:
IE_TRACE:                                     15:21:35.181327 line       243             char = self.decoded_string[index]
IE_TRACE:                                     New var:....... char = '\\'
IE_TRACE:                                     15:21:35.181355 line       247         if char == "\\":
IE_TRACE:                                     15:21:35.181389 line       248             index += 1
IE_TRACE:                                     Modified var:.. index = 35
IE_TRACE:                                     15:21:35.181418 line       249             try:
IE_TRACE:                                     15:21:35.181452 line       250                 char += self.decoded_string[index]
IE_TRACE:                                     Modified var:.. char = '\\s'
IE_TRACE:                                     15:21:35.181481 line       254         self.index = index + 1
IE_TRACE:                                     15:21:35.181516 line       255         self.next = char
IE_TRACE:                                     15:21:35.181545 return     255         self.next = char
IE_TRACE:                                     Return value:.. None
IE_TRACE:                                 15:21:35.181585 line       264         return this
IE_TRACE:                                 15:21:35.181612 return     264         return this
IE_TRACE:                                 Return value:.. '?'
IE_TRACE:                             15:21:35.181646 line       532         if verbose:
IE_TRACE:                             15:21:35.181752 line       543         if this[0] == "\\":
IE_TRACE:                             15:21:35.181855 line       547         elif this not in SPECIAL_CHARS:
IE_TRACE:                             15:21:35.181958 line       550         elif this == "[":
IE_TRACE:                             15:21:35.182061 line       639         elif this in REPEAT_CHARS:
IE_TRACE:                             15:21:35.182165 line       641             here = source.tell()
IE_TRACE:                                 Starting var:.. self = <re._parser.Tokenizer object at 0x72cf9fef7da0>
IE_TRACE:                                 15:21:35.182268 call       293     def tell(self):
IE_TRACE:                                 15:21:35.182301 line       294         return self.index - len(self.next or '')
IE_TRACE:                                 15:21:35.182328 return     294         return self.index - len(self.next or '')
IE_TRACE:                                 Return value:.. 34
IE_TRACE:                             Modified var:.. here = 34
IE_TRACE:                             15:21:35.182362 line       642             if this == "?":
IE_TRACE:                             15:21:35.182471 line       643                 min, max = 0, 1
IE_TRACE:                             Modified var:.. max = 1
IE_TRACE:                             15:21:35.182577 line       682             if subpattern:
IE_TRACE:                                 Starting var:.. self = [(AT, AT_BEGINNING), (MAX_REPEAT, (1, MAXREPEAT, [(IN, [(RANGE, (97, 122)), (RANGE, (65, 90)), (RANGE, (48, 57)), (LITERAL, 95)])])), (MAX_REPEAT, (0, MAXREPEAT, [(IN, [(CATEGORY, CATEGORY_SPACE)])])), (LITERAL, 40), (MAX_REPEAT, (0, MAXREPEAT, [(IN, [(CATEGORY, CATEGORY_SPACE)])])), (SUBPATTERN, (1, 0, 0, [(MAX_REPEAT, (0, MAXREPEAT, [(ANY, None)]))])), (LITERAL, 41), (LITERAL, 59)]
IE_TRACE:                                 15:21:35.182686 call       164     def __len__(self):
IE_TRACE:                                 15:21:35.182726 line       165         return len(self.data)
IE_TRACE:                                 15:21:35.182762 return     165         return len(self.data)
IE_TRACE:                                 Return value:.. 8
IE_TRACE:                             15:21:35.182803 line       683                 item = subpattern[-1:]
IE_TRACE:                                 Starting var:.. self = [(AT, AT_BEGINNING), (MAX_REPEAT, (1, MAXREPEAT, [(IN, [(RANGE, (97, 122)), (RANGE, (65, 90)), (RANGE, (48, 57)), (LITERAL, 95)])])), (MAX_REPEAT, (0, MAXREPEAT, [(IN, [(CATEGORY, CATEGORY_SPACE)])])), (LITERAL, 40), (MAX_REPEAT, (0, MAXREPEAT, [(IN, [(CATEGORY, CATEGORY_SPACE)])])), (SUBPATTERN, (1, 0, 0, [(MAX_REPEAT, (0, MAXREPEAT, [(ANY, None)]))])), (LITERAL, 41), (LITERAL, 59)]
IE_TRACE:                                 Starting var:.. index = slice(-1, None, None)
IE_TRACE:                                 15:21:35.182907 call       168     def __getitem__(self, index):
IE_TRACE:                                 15:21:35.182954 line       169         if isinstance(index, slice):
IE_TRACE:                                 15:21:35.182991 line       170             return SubPattern(self.state, self.data[index])
IE_TRACE:                                     Starting var:.. self = REPR FAILED
IE_TRACE:                                     Starting var:.. state = <re._parser.State object at 0x72cfa0937740>
IE_TRACE:                                     Starting var:.. data = [(LITERAL, 59)]
IE_TRACE:                                     15:21:35.183030 call       113     def __init__(self, state, data=None):
IE_TRACE:                                     15:21:35.183081 line       114         self.state = state
IE_TRACE:                                     15:21:35.183114 line       115         if data is None:
IE_TRACE:                                     15:21:35.183145 line       117         self.data = data
IE_TRACE:                                     Modified var:.. self = [(LITERAL, 59)]
IE_TRACE:                                     15:21:35.183176 line       118         self.width = None
IE_TRACE:                                     15:21:35.183211 return     118         self.width = None
IE_TRACE:                                     Return value:.. None
IE_TRACE:                                 15:21:35.183248 return     170             return SubPattern(self.state, self.data[index])
IE_TRACE:                                 Return value:.. [(LITERAL, 59)]
IE_TRACE:                             Modified var:.. item = [(LITERAL, 59)]
IE_TRACE:                             15:21:35.183312 line       686             if not item or item[0][0] is AT:
IE_TRACE:                                 Starting var:.. self = [(LITERAL, 59)]
IE_TRACE:                                 15:21:35.183424 call       164     def __len__(self):
IE_TRACE:                                 15:21:35.183455 line       165         return len(self.data)
IE_TRACE:                                 15:21:35.183482 return     165         return len(self.data)
IE_TRACE:                                 Return value:.. 1
IE_TRACE:                                 Starting var:.. self = [(LITERAL, 59)]
IE_TRACE:                                 Starting var:.. index = 0
IE_TRACE:                                 15:21:35.183516 call       168     def __getitem__(self, index):
IE_TRACE:                                 15:21:35.183553 line       169         if isinstance(index, slice):
IE_TRACE:                                 15:21:35.183586 line       171         return self.data[index]
IE_TRACE:                                 15:21:35.183614 return     171         return self.data[index]
IE_TRACE:                                 Return value:.. (LITERAL, 59)
IE_TRACE:                             15:21:35.183649 line       689             if item[0][0] in _REPEATCODES:
IE_TRACE:                                 Starting var:.. self = [(LITERAL, 59)]
IE_TRACE:                                 Starting var:.. index = 0
IE_TRACE:                                 15:21:35.183754 call       168     def __getitem__(self, index):
IE_TRACE:                                 15:21:35.183793 line       169         if isinstance(index, slice):
IE_TRACE:                                 15:21:35.183821 line       171         return self.data[index]
IE_TRACE:                                 15:21:35.183849 return     171         return self.data[index]
IE_TRACE:                                 Return value:.. (LITERAL, 59)
IE_TRACE:                             15:21:35.183883 line       692             if item[0][0] is SUBPATTERN:
IE_TRACE:                                 Starting var:.. self = [(LITERAL, 59)]
IE_TRACE:                                 Starting var:.. index = 0
IE_TRACE:                                 15:21:35.183987 call       168     def __getitem__(self, index):
IE_TRACE:                                 15:21:35.184025 line       169         if isinstance(index, slice):
IE_TRACE:                                 15:21:35.184053 line       171         return self.data[index]
IE_TRACE:                                 15:21:35.184081 return     171         return self.data[index]
IE_TRACE:                                 Return value:.. (LITERAL, 59)
IE_TRACE:                             15:21:35.184114 line       696             if sourcematch("?"):
IE_TRACE:                                 Starting var:.. self = <re._parser.Tokenizer object at 0x72cf9fef7da0>
IE_TRACE:                                 Starting var:.. char = '?'
IE_TRACE:                                 15:21:35.184218 call       256     def match(self, char):
IE_TRACE:                                 15:21:35.184255 line       257         if char == self.next:
IE_TRACE:                                 15:21:35.184284 line       260         return False
IE_TRACE:                                 15:21:35.184312 return     260         return False
IE_TRACE:                                 Return value:.. False
IE_TRACE:                             15:21:35.184345 line       699             elif sourcematch("+"):
IE_TRACE:                                 Starting var:.. self = <re._parser.Tokenizer object at 0x72cf9fef7da0>
IE_TRACE:                                 Starting var:.. char = '+'
IE_TRACE:                                 15:21:35.184450 call       256     def match(self, char):
IE_TRACE:                                 15:21:35.184488 line       257         if char == self.next:
IE_TRACE:                                 15:21:35.184516 line       260         return False
IE_TRACE:                                 15:21:35.184543 return     260         return False
IE_TRACE:                                 Return value:.. False
IE_TRACE:                             15:21:35.184580 line       704                 subpattern[-1] = (MAX_REPEAT, (min, max, item))
IE_TRACE:                                 Starting var:.. self = [(AT, AT_BEGINNING), (MAX_REPEAT, (1, MAXREPEAT, [(IN, [(RANGE, (97, 122)), (RANGE, (65, 90)), (RANGE, (48, 57)), (LITERAL, 95)])])), (MAX_REPEAT, (0, MAXREPEAT, [(IN, [(CATEGORY, CATEGORY_SPACE)])])), (LITERAL, 40), (MAX_REPEAT, (0, MAXREPEAT, [(IN, [(CATEGORY, CATEGORY_SPACE)])])), (SUBPATTERN, (1, 0, 0, [(MAX_REPEAT, (0, MAXREPEAT, [(ANY, None)]))])), (LITERAL, 41), (LITERAL, 59)]
IE_TRACE:                                 Starting var:.. index = -1
IE_TRACE:                                 Starting var:.. code = (MAX_REPEAT, (0, 1, [(LITERAL, 59)]))
IE_TRACE:                                 15:21:35.184685 call       172     def __setitem__(self, index, code):
IE_TRACE:                                 15:21:35.184738 line       173         self.data[index] = code
IE_TRACE:                                 Modified var:.. self = [(AT, AT_BEGINNING), (MAX_REPEAT, (1, MAXREPEAT, [(IN, [(RANGE, (97, 122)), (RANGE, (65, 90)), (RANGE, (48, 57)), (LITERAL, 95)])])), (MAX_REPEAT, (0, MAXREPEAT, [(IN, [(CATEGORY, CATEGORY_SPACE)])])), (LITERAL, 40), (MAX_REPEAT, (0, MAXREPEAT, [(IN, [(CATEGORY, CATEGORY_SPACE)])])), (SUBPATTERN, (1, 0, 0, [(MAX_REPEAT, (0, MAXREPEAT, [(ANY, None)]))])), (LITERAL, 41), (MAX_REPEAT, (0, 1, [(LITERAL, 59)]))]
IE_TRACE:                                 15:21:35.184777 return     173         self.data[index] = code
IE_TRACE:                                 Return value:.. None
IE_TRACE:                             Modified var:.. subpattern = [(AT, AT_BEGINNING), (MAX_REPEAT, (1, MAXREPEAT, [(IN, [(RANGE, (97, 122)), (RANGE, (65, 90)), (RANGE, (48, 57)), (LITERAL, 95)])])), (MAX_REPEAT, (0, MAXREPEAT, [(IN, [(CATEGORY, CATEGORY_SPACE)])])), (LITERAL, 40), (MAX_REPEAT, (0, MAXREPEAT, [(IN, [(CATEGORY, CATEGORY_SPACE)])])), (SUBPATTERN, (1, 0, 0, [(MAX_REPEAT, (0, MAXREPEAT, [(ANY, None)]))])), (LITERAL, 41), (MAX_REPEAT, (0, 1, [(LITERAL, 59)]))]
IE_TRACE:                             Modified var:.. subpatternappend = <bound method SubPattern.append of [(AT, AT_BEGINNING), (MAX_REPEAT, (1, MAXREPEAT, [(IN, [(RANGE, (97, 122)), (RANGE, (65, 90)), (RANGE, (48, 57)), (LITERAL, 95)])])), (MAX_REPEAT, (0, MAXREPEAT, [(IN, [(CATEGORY, CATEGORY_SPACE)])])), (LITERAL, 40), (MAX_REPEAT, (0, MAXREPEAT, [(IN, [(CATEGORY, CATEGORY_SPACE)])])), (SUBPATTERN, (1, 0, 0, [(MAX_REPEAT, (0, MAXREPEAT, [(ANY, None)]))])), (LITERAL, 41), (MAX_REPEAT, (0, 1, [(LITERAL, 59)]))]>
IE_TRACE:                             15:21:35.184833 line       523     while True:
IE_TRACE:                             15:21:35.184953 line       525         this = source.next
IE_TRACE:                             Modified var:.. this = '\\s'
IE_TRACE:                             15:21:35.185058 line       526         if this is None:
IE_TRACE:                             15:21:35.185167 line       528         if this in "|)":
IE_TRACE:                             15:21:35.185272 line       530         sourceget()
IE_TRACE:                                 Starting var:.. self = <re._parser.Tokenizer object at 0x72cf9fef7da0>
IE_TRACE:                                 15:21:35.185377 call       261     def get(self):
IE_TRACE:                                 15:21:35.185409 line       262         this = self.next
IE_TRACE:                                 New var:....... this = '\\s'
IE_TRACE:                                 15:21:35.185436 line       263         self.__next()
IE_TRACE:                                     Starting var:.. self = <re._parser.Tokenizer object at 0x72cf9fef7da0>
IE_TRACE:                                     15:21:35.185469 call       240     def __next(self):
IE_TRACE:                                     15:21:35.185500 line       241         index = self.index
IE_TRACE:                                     New var:....... index = 36
IE_TRACE:                                     15:21:35.185528 line       242         try:
IE_TRACE:                                     15:21:35.185561 line       243             char = self.decoded_string[index]
IE_TRACE:                                     New var:....... char = '*'
IE_TRACE:                                     15:21:35.185596 line       247         if char == "\\":
IE_TRACE:                                     15:21:35.185629 line       254         self.index = index + 1
IE_TRACE:                                     15:21:35.185659 line       255         self.next = char
IE_TRACE:                                     15:21:35.185688 return     255         self.next = char
IE_TRACE:                                     Return value:.. None
IE_TRACE:                                 15:21:35.185723 line       264         return this
IE_TRACE:                                 15:21:35.185751 return     264         return this
IE_TRACE:                                 Return value:.. '\\s'
IE_TRACE:                             15:21:35.185785 line       532         if verbose:
IE_TRACE:                             15:21:35.185891 line       543         if this[0] == "\\":
IE_TRACE:                             15:21:35.185996 line       544             code = _escape(source, this, state)
IE_TRACE:                                 Starting var:.. source = <re._parser.Tokenizer object at 0x72cf9fef7da0>
IE_TRACE:                                 Starting var:.. escape = '\\s'
IE_TRACE:                                 Starting var:.. state = <re._parser.State object at 0x72cfa0937740>
IE_TRACE:                                 15:21:35.186106 call       372 def _escape(source, escape, state):
IE_TRACE:                                 15:21:35.186201 line       374     code = CATEGORIES.get(escape)
IE_TRACE:                                 New var:....... code = (IN, [(CATEGORY, CATEGORY_SPACE)])
IE_TRACE:                                 15:21:35.186271 line       375     if code:
IE_TRACE:                                 15:21:35.186331 line       376         return code
IE_TRACE:                                 15:21:35.186371 return     376         return code
IE_TRACE:                                 Return value:.. (IN, [(CATEGORY, CATEGORY_SPACE)])
IE_TRACE:                             Modified var:.. code = (IN, [(CATEGORY, CATEGORY_SPACE)])
IE_TRACE:                             15:21:35.186420 line       545             subpatternappend(code)
IE_TRACE:                                 Starting var:.. self = [(AT, AT_BEGINNING), (MAX_REPEAT, (1, MAXREPEAT, [(IN, [(RANGE, (97, 122)), (RANGE, (65, 90)), (RANGE, (48, 57)), (LITERAL, 95)])])), (MAX_REPEAT, (0, MAXREPEAT, [(IN, [(CATEGORY, CATEGORY_SPACE)])])), (LITERAL, 40), (MAX_REPEAT, (0, MAXREPEAT, [(IN, [(CATEGORY, CATEGORY_SPACE)])])), (SUBPATTERN, (1, 0, 0, [(MAX_REPEAT, (0, MAXREPEAT, [(ANY, None)]))])), (LITERAL, 41), (MAX_REPEAT, (0, 1, [(LITERAL, 59)]))]
IE_TRACE:                                 Starting var:.. code = (IN, [(CATEGORY, CATEGORY_SPACE)])
IE_TRACE:                                 15:21:35.186555 call       176     def append(self, code):
IE_TRACE:                                 15:21:35.186621 line       177         self.data.append(code)
IE_TRACE:                                 Modified var:.. self = [(AT, AT_BEGINNING), (MAX_REPEAT, (1, MAXREPEAT, [(IN, [(RANGE, (97, 122)), (RANGE, (65, 90)), (RANGE, (48, 57)), (LITERAL, 95)])])), (MAX_REPEAT, (0, MAXREPEAT, [(IN, [(CATEGORY, CATEGORY_SPACE)])])), (LITERAL, 40), (MAX_REPEAT, (0, MAXREPEAT, [(IN, [(CATEGORY, CATEGORY_SPACE)])])), (SUBPATTERN, (1, 0, 0, [(MAX_REPEAT, (0, MAXREPEAT, [(ANY, None)]))])), (LITERAL, 41), (MAX_REPEAT, (0, 1, [(LITERAL, 59)])), (IN, [(CATEGORY, CATEGORY_SPACE)])]
IE_TRACE:                                 15:21:35.186667 return     177         self.data.append(code)
IE_TRACE:                                 Return value:.. None
IE_TRACE:                             Modified var:.. subpattern = [(AT, AT_BEGINNING), (MAX_REPEAT, (1, MAXREPEAT, [(IN, [(RANGE, (97, 122)), (RANGE, (65, 90)), (RANGE, (48, 57)), (LITERAL, 95)])])), (MAX_REPEAT, (0, MAXREPEAT, [(IN, [(CATEGORY, CATEGORY_SPACE)])])), (LITERAL, 40), (MAX_REPEAT, (0, MAXREPEAT, [(IN, [(CATEGORY, CATEGORY_SPACE)])])), (SUBPATTERN, (1, 0, 0, [(MAX_REPEAT, (0, MAXREPEAT, [(ANY, None)]))])), (LITERAL, 41), (MAX_REPEAT, (0, 1, [(LITERAL, 59)])), (IN, [(CATEGORY, CATEGORY_SPACE)])]
IE_TRACE:                             Modified var:.. subpatternappend = <bound method SubPattern.append of [(AT, AT_BEGINNING), (MAX_REPEAT, (1, MAXREPEAT, [(IN, [(RANGE, (97, 122)), (RANGE, (65, 90)), (RANGE, (48, 57)), (LITERAL, 95)])])), (MAX_REPEAT, (0, MAXREPEAT, [(IN, [(CATEGORY, CATEGORY_SPACE)])])), (LITERAL, 40), (MAX_REPEAT, (0, MAXREPEAT, [(IN, [(CATEGORY, CATEGORY_SPACE)])])), (SUBPATTERN, (1, 0, 0, [(MAX_REPEAT, (0, MAXREPEAT, [(ANY, None)]))])), (LITERAL, 41), (MAX_REPEAT, (0, 1, [(LITERAL, 59)])), (IN, [(CATEGORY, CATEGORY_SPACE)])]>
IE_TRACE:                             15:21:35.186735 line       523     while True:
IE_TRACE:                             15:21:35.186873 line       525         this = source.next
IE_TRACE:                             Modified var:.. this = '*'
IE_TRACE:                             15:21:35.186994 line       526         if this is None:
IE_TRACE:                             15:21:35.187109 line       528         if this in "|)":
IE_TRACE:                             15:21:35.187217 line       530         sourceget()
IE_TRACE:                                 Starting var:.. self = <re._parser.Tokenizer object at 0x72cf9fef7da0>
IE_TRACE:                                 15:21:35.187324 call       261     def get(self):
IE_TRACE:                                 15:21:35.187356 line       262         this = self.next
IE_TRACE:                                 New var:....... this = '*'
IE_TRACE:                                 15:21:35.187389 line       263         self.__next()
IE_TRACE:                                     Starting var:.. self = <re._parser.Tokenizer object at 0x72cf9fef7da0>
IE_TRACE:                                     15:21:35.187423 call       240     def __next(self):
IE_TRACE:                                     15:21:35.187457 line       241         index = self.index
IE_TRACE:                                     New var:....... index = 37
IE_TRACE:                                     15:21:35.187485 line       242         try:
IE_TRACE:                                     15:21:35.187523 line       243             char = self.decoded_string[index]
IE_TRACE:                                     New var:....... char = '?'
IE_TRACE:                                     15:21:35.187552 line       247         if char == "\\":
IE_TRACE:                                     15:21:35.187593 line       254         self.index = index + 1
IE_TRACE:                                     15:21:35.187623 line       255         self.next = char
IE_TRACE:                                     15:21:35.187653 return     255         self.next = char
IE_TRACE:                                     Return value:.. None
IE_TRACE:                                 15:21:35.187689 line       264         return this
IE_TRACE:                                 15:21:35.187718 return     264         return this
IE_TRACE:                                 Return value:.. '*'
IE_TRACE:                             15:21:35.187753 line       532         if verbose:
IE_TRACE:                             15:21:35.187868 line       543         if this[0] == "\\":
IE_TRACE:                             15:21:35.187989 line       547         elif this not in SPECIAL_CHARS:
IE_TRACE:                             15:21:35.188105 line       550         elif this == "[":
IE_TRACE:                             15:21:35.188215 line       639         elif this in REPEAT_CHARS:
IE_TRACE:                             15:21:35.188325 line       641             here = source.tell()
IE_TRACE:                                 Starting var:.. self = <re._parser.Tokenizer object at 0x72cf9fef7da0>
IE_TRACE:                                 15:21:35.188437 call       293     def tell(self):
IE_TRACE:                                 15:21:35.188470 line       294         return self.index - len(self.next or '')
IE_TRACE:                                 15:21:35.188498 return     294         return self.index - len(self.next or '')
IE_TRACE:                                 Return value:.. 37
IE_TRACE:                             Modified var:.. here = 37
IE_TRACE:                             15:21:35.188532 line       642             if this == "?":
IE_TRACE:                             15:21:35.188661 line       644             elif this == "*":
IE_TRACE:                             15:21:35.188768 line       645                 min, max = 0, MAXREPEAT
IE_TRACE:                             Modified var:.. max = MAXREPEAT
IE_TRACE:                             15:21:35.188891 line       682             if subpattern:
IE_TRACE:                                 Starting var:.. self = [(AT, AT_BEGINNING), (MAX_REPEAT, (1, MAXREPEAT, [(IN, [(RANGE, (97, 122)), (RANGE, (65, 90)), (RANGE, (48, 57)), (LITERAL, 95)])])), (MAX_REPEAT, (0, MAXREPEAT, [(IN, [(CATEGORY, CATEGORY_SPACE)])])), (LITERAL, 40), (MAX_REPEAT, (0, MAXREPEAT, [(IN, [(CATEGORY, CATEGORY_SPACE)])])), (SUBPATTERN, (1, 0, 0, [(MAX_REPEAT, (0, MAXREPEAT, [(ANY, None)]))])), (LITERAL, 41), (MAX_REPEAT, (0, 1, [(LITERAL, 59)])), (IN, [(CATEGORY, CATEGORY_SPACE)])]
IE_TRACE:                                 15:21:35.189009 call       164     def __len__(self):
IE_TRACE:                                 15:21:35.189053 line       165         return len(self.data)
IE_TRACE:                                 15:21:35.189091 return     165         return len(self.data)
IE_TRACE:                                 Return value:.. 9
IE_TRACE:                             15:21:35.189141 line       683                 item = subpattern[-1:]
IE_TRACE:                                 Starting var:.. self = [(AT, AT_BEGINNING), (MAX_REPEAT, (1, MAXREPEAT, [(IN, [(RANGE, (97, 122)), (RANGE, (65, 90)), (RANGE, (48, 57)), (LITERAL, 95)])])), (MAX_REPEAT, (0, MAXREPEAT, [(IN, [(CATEGORY, CATEGORY_SPACE)])])), (LITERAL, 40), (MAX_REPEAT, (0, MAXREPEAT, [(IN, [(CATEGORY, CATEGORY_SPACE)])])), (SUBPATTERN, (1, 0, 0, [(MAX_REPEAT, (0, MAXREPEAT, [(ANY, None)]))])), (LITERAL, 41), (MAX_REPEAT, (0, 1, [(LITERAL, 59)])), (IN, [(CATEGORY, CATEGORY_SPACE)])]
IE_TRACE:                                 Starting var:.. index = slice(-1, None, None)
IE_TRACE:                                 15:21:35.189258 call       168     def __getitem__(self, index):
IE_TRACE:                                 15:21:35.189313 line       169         if isinstance(index, slice):
IE_TRACE:                                 15:21:35.189366 line       170             return SubPattern(self.state, self.data[index])
IE_TRACE:                                     Starting var:.. self = REPR FAILED
IE_TRACE:                                     Starting var:.. state = <re._parser.State object at 0x72cfa0937740>
IE_TRACE:                                     Starting var:.. data = [(IN, [(CATEGORY, CATEGORY_SPACE)])]
IE_TRACE:                                     15:21:35.189424 call       113     def __init__(self, state, data=None):
IE_TRACE:                                     15:21:35.189485 line       114         self.state = state
IE_TRACE:                                     15:21:35.189520 line       115         if data is None:
IE_TRACE:                                     15:21:35.189554 line       117         self.data = data
IE_TRACE:                                     Modified var:.. self = [(IN, [(CATEGORY, CATEGORY_SPACE)])]
IE_TRACE:                                     15:21:35.189594 line       118         self.width = None
IE_TRACE:                                     15:21:35.189630 return     118         self.width = None
IE_TRACE:                                     Return value:.. None
IE_TRACE:                                 15:21:35.189669 return     170             return SubPattern(self.state, self.data[index])
IE_TRACE:                                 Return value:.. [(IN, [(CATEGORY, CATEGORY_SPACE)])]
IE_TRACE:                             Modified var:.. item = [(IN, [(CATEGORY, CATEGORY_SPACE)])]
IE_TRACE:                             15:21:35.189716 line       686             if not item or item[0][0] is AT:
IE_TRACE:                                 Starting var:.. self = [(IN, [(CATEGORY, CATEGORY_SPACE)])]
IE_TRACE:                                 15:21:35.189838 call       164     def __len__(self):
IE_TRACE:                                 15:21:35.189872 line       165         return len(self.data)
IE_TRACE:                                 15:21:35.189900 return     165         return len(self.data)
IE_TRACE:                                 Return value:.. 1
IE_TRACE:                                 Starting var:.. self = [(IN, [(CATEGORY, CATEGORY_SPACE)])]
IE_TRACE:                                 Starting var:.. index = 0
IE_TRACE:                                 15:21:35.189934 call       168     def __getitem__(self, index):
IE_TRACE:                                 15:21:35.189971 line       169         if isinstance(index, slice):
IE_TRACE:                                 15:21:35.190000 line       171         return self.data[index]
IE_TRACE:                                 15:21:35.190029 return     171         return self.data[index]
IE_TRACE:                                 Return value:.. (IN, [(CATEGORY, CATEGORY_SPACE)])
IE_TRACE:                             15:21:35.190066 line       689             if item[0][0] in _REPEATCODES:
IE_TRACE:                                 Starting var:.. self = [(IN, [(CATEGORY, CATEGORY_SPACE)])]
IE_TRACE:                                 Starting var:.. index = 0
IE_TRACE:                                 15:21:35.190176 call       168     def __getitem__(self, index):
IE_TRACE:                                 15:21:35.190217 line       169         if isinstance(index, slice):
IE_TRACE:                                 15:21:35.190245 line       171         return self.data[index]
IE_TRACE:                                 15:21:35.190273 return     171         return self.data[index]
IE_TRACE:                                 Return value:.. (IN, [(CATEGORY, CATEGORY_SPACE)])
IE_TRACE:                             15:21:35.190307 line       692             if item[0][0] is SUBPATTERN:
IE_TRACE:                                 Starting var:.. self = [(IN, [(CATEGORY, CATEGORY_SPACE)])]
IE_TRACE:                                 Starting var:.. index = 0
IE_TRACE:                                 15:21:35.190421 call       168     def __getitem__(self, index):
IE_TRACE:                                 15:21:35.190458 line       169         if isinstance(index, slice):
IE_TRACE:                                 15:21:35.190486 line       171         return self.data[index]
IE_TRACE:                                 15:21:35.190514 return     171         return self.data[index]
IE_TRACE:                                 Return value:.. (IN, [(CATEGORY, CATEGORY_SPACE)])
IE_TRACE:                             15:21:35.190549 line       696             if sourcematch("?"):
IE_TRACE:                                 Starting var:.. self = <re._parser.Tokenizer object at 0x72cf9fef7da0>
IE_TRACE:                                 Starting var:.. char = '?'
IE_TRACE:                                 15:21:35.190671 call       256     def match(self, char):
IE_TRACE:                                 15:21:35.190710 line       257         if char == self.next:
IE_TRACE:                                 15:21:35.190740 line       258             self.__next()
IE_TRACE:                                     Starting var:.. self = <re._parser.Tokenizer object at 0x72cf9fef7da0>
IE_TRACE:                                     15:21:35.190771 call       240     def __next(self):
IE_TRACE:                                     15:21:35.190804 line       241         index = self.index
IE_TRACE:                                     New var:....... index = 38
IE_TRACE:                                     15:21:35.190831 line       242         try:
IE_TRACE:                                     15:21:35.190864 line       243             char = self.decoded_string[index]
IE_TRACE:                                     New var:....... char = '\\'
IE_TRACE:                                     15:21:35.190894 line       247         if char == "\\":
IE_TRACE:                                     15:21:35.190931 line       248             index += 1
IE_TRACE:                                     Modified var:.. index = 39
IE_TRACE:                                     15:21:35.190962 line       249             try:
IE_TRACE:                                     15:21:35.190998 line       250                 char += self.decoded_string[index]
IE_TRACE:                                     Modified var:.. char = '\\s'
IE_TRACE:                                     15:21:35.191030 line       254         self.index = index + 1
IE_TRACE:                                     15:21:35.191065 line       255         self.next = char
IE_TRACE:                                     15:21:35.191095 return     255         self.next = char
IE_TRACE:                                     Return value:.. None
IE_TRACE:                                 15:21:35.191132 line       259             return True
IE_TRACE:                                 15:21:35.191161 return     259             return True
IE_TRACE:                                 Return value:.. True
IE_TRACE:                             15:21:35.191245 line       698                 subpattern[-1] = (MIN_REPEAT, (min, max, item))
IE_TRACE:                                 Starting var:.. self = [(AT, AT_BEGINNING), (MAX_REPEAT, (1, MAXREPEAT, [(IN, [(RANGE, (97, 122)), (RANGE, (65, 90)), (RANGE, (48, 57)), (LITERAL, 95)])])), (MAX_REPEAT, (0, MAXREPEAT, [(IN, [(CATEGORY, CATEGORY_SPACE)])])), (LITERAL, 40), (MAX_REPEAT, (0, MAXREPEAT, [(IN, [(CATEGORY, CATEGORY_SPACE)])])), (SUBPATTERN, (1, 0, 0, [(MAX_REPEAT, (0, MAXREPEAT, [(ANY, None)]))])), (LITERAL, 41), (MAX_REPEAT, (0, 1, [(LITERAL, 59)])), (IN, [(CATEGORY, CATEGORY_SPACE)])]
IE_TRACE:                                 Starting var:.. index = -1
IE_TRACE:                                 Starting var:.. code = (MIN_REPEAT, (0, MAXREPEAT, [(IN, [(CATEGORY, CATEGORY_SPACE)])]))
IE_TRACE:                                 15:21:35.191501 call       172     def __setitem__(self, index, code):
IE_TRACE:                                 15:21:35.191561 line       173         self.data[index] = code
IE_TRACE:                                 Modified var:.. self = [(AT, AT_BEGINNING), (MAX_REPEAT, (1, MAXREPEAT, [(IN, [(RANGE, (97, 122)), (RANGE, (65, 90)), (RANGE, (48, 57)), (LITERAL, 95)])])), (MAX_REPEAT, (0, MAXREPEAT, [(IN, [(CATEGORY, CATEGORY_SPACE)])])), (LITERAL, 40), (MAX_REPEAT, (0, MAXREPEAT, [(IN, [(CATEGORY, CATEGORY_SPACE)])])), (SUBPATTERN, (1, 0, 0, [(MAX_REPEAT, (0, MAXREPEAT, [(ANY, None)]))])), (LITERAL, 41), (MAX_REPEAT, (0, 1, [(LITERAL, 59)])), (MIN_REPEAT, (0, MAXREPEAT, [(IN, [(CATEGORY, CATEGORY_SPACE)])]))]
IE_TRACE:                                 15:21:35.191610 return     173         self.data[index] = code
IE_TRACE:                                 Return value:.. None
IE_TRACE:                             Modified var:.. subpattern = [(AT, AT_BEGINNING), (MAX_REPEAT, (1, MAXREPEAT, [(IN, [(RANGE, (97, 122)), (RANGE, (65, 90)), (RANGE, (48, 57)), (LITERAL, 95)])])), (MAX_REPEAT, (0, MAXREPEAT, [(IN, [(CATEGORY, CATEGORY_SPACE)])])), (LITERAL, 40), (MAX_REPEAT, (0, MAXREPEAT, [(IN, [(CATEGORY, CATEGORY_SPACE)])])), (SUBPATTERN, (1, 0, 0, [(MAX_REPEAT, (0, MAXREPEAT, [(ANY, None)]))])), (LITERAL, 41), (MAX_REPEAT, (0, 1, [(LITERAL, 59)])), (MIN_REPEAT, (0, MAXREPEAT, [(IN, [(CATEGORY, CATEGORY_SPACE)])]))]
IE_TRACE:                             Modified var:.. subpatternappend = <bound method SubPattern.append of [(AT, AT_BEGINNING), (MAX_REPEAT, (1, MAXREPEAT, [(IN, [(RANGE, (97, 122)), (RANGE, (65, 90)), (RANGE, (48, 57)), (LITERAL, 95)])])), (MAX_REPEAT, (0, MAXREPEAT, [(IN, [(CATEGORY, CATEGORY_SPACE)])])), (LITERAL, 4...(0, MAXREPEAT, [(IN, [(CATEGORY, CATEGORY_SPACE)])])), (SUBPATTERN, (1, 0, 0, [(MAX_REPEAT, (0, MAXREPEAT, [(ANY, None)]))])), (LITERAL, 41), (MAX_REPEAT, (0, 1, [(LITERAL, 59)])), (MIN_REPEAT, (0, MAXREPEAT, [(IN, [(CATEGORY, CATEGORY_SPACE)])]))]>
IE_TRACE:                             15:21:35.191685 line       523     while True:
IE_TRACE:                             15:21:35.191823 line       525         this = source.next
IE_TRACE:                             Modified var:.. this = '\\s'
IE_TRACE:                             15:21:35.191943 line       526         if this is None:
IE_TRACE:                             15:21:35.192059 line       528         if this in "|)":
IE_TRACE:                             15:21:35.192170 line       530         sourceget()
IE_TRACE:                                 Starting var:.. self = <re._parser.Tokenizer object at 0x72cf9fef7da0>
IE_TRACE:                                 15:21:35.192285 call       261     def get(self):
IE_TRACE:                                 15:21:35.192320 line       262         this = self.next
IE_TRACE:                                 New var:....... this = '\\s'
IE_TRACE:                                 15:21:35.192347 line       263         self.__next()
IE_TRACE:                                     Starting var:.. self = <re._parser.Tokenizer object at 0x72cf9fef7da0>
IE_TRACE:                                     15:21:35.192383 call       240     def __next(self):
IE_TRACE:                                     15:21:35.192417 line       241         index = self.index
IE_TRACE:                                     New var:....... index = 40
IE_TRACE:                                     15:21:35.192444 line       242         try:
IE_TRACE:                                     15:21:35.192477 line       243             char = self.decoded_string[index]
IE_TRACE:                                     New var:....... char = '*'
IE_TRACE:                                     15:21:35.192505 line       247         if char == "\\":
IE_TRACE:                                     15:21:35.192539 line       254         self.index = index + 1
IE_TRACE:                                     15:21:35.192574 line       255         self.next = char
IE_TRACE:                                     15:21:35.192603 return     255         self.next = char
IE_TRACE:                                     Return value:.. None
IE_TRACE:                                 15:21:35.192639 line       264         return this
IE_TRACE:                                 15:21:35.192667 return     264         return this
IE_TRACE:                                 Return value:.. '\\s'
IE_TRACE:                             15:21:35.192701 line       532         if verbose:
IE_TRACE:                             15:21:35.192814 line       543         if this[0] == "\\":
IE_TRACE:                             15:21:35.192926 line       544             code = _escape(source, this, state)
IE_TRACE:                                 Starting var:.. source = <re._parser.Tokenizer object at 0x72cf9fef7da0>
IE_TRACE:                                 Starting var:.. escape = '\\s'
IE_TRACE:                                 Starting var:.. state = <re._parser.State object at 0x72cfa0937740>
IE_TRACE:                                 15:21:35.193041 call       372 def _escape(source, escape, state):
IE_TRACE:                                 15:21:35.193090 line       374     code = CATEGORIES.get(escape)
IE_TRACE:                                 New var:....... code = (IN, [(CATEGORY, CATEGORY_SPACE)])
IE_TRACE:                                 15:21:35.193125 line       375     if code:
IE_TRACE:                                 15:21:35.193166 line       376         return code
IE_TRACE:                                 15:21:35.193201 return     376         return code
IE_TRACE:                                 Return value:.. (IN, [(CATEGORY, CATEGORY_SPACE)])
IE_TRACE:                             15:21:35.193240 line       545             subpatternappend(code)
IE_TRACE:                                 Starting var:.. self = [(AT, AT_BEGINNING), (MAX_REPEAT, (1, MAXREPEAT, [(IN, [(RANGE, (97, 122)), (RANGE, (65, 90)), (RANGE, (48, 57)), (LITERAL, 95)])])), (MAX_REPEAT, (0, MAXREPEAT, [(IN, [(CATEGORY, CATEGORY_SPACE)])])), (LITERAL, 40), (MAX_REPEAT, (0, MAXREPEAT, [(IN, [(CATEGORY, CATEGORY_SPACE)])])), (SUBPATTERN, (1, 0, 0, [(MAX_REPEAT, (0, MAXREPEAT, [(ANY, None)]))])), (LITERAL, 41), (MAX_REPEAT, (0, 1, [(LITERAL, 59)])), (MIN_REPEAT, (0, MAXREPEAT, [(IN, [(CATEGORY, CATEGORY_SPACE)])]))]
IE_TRACE:                                 Starting var:.. code = (IN, [(CATEGORY, CATEGORY_SPACE)])
IE_TRACE:                                 15:21:35.193413 call       176     def append(self, code):
IE_TRACE:                                 15:21:35.193528 line       177         self.data.append(code)
IE_TRACE:                                 Modified var:.. self = [(AT, AT_BEGINNING), (MAX_REPEAT, (1, MAXREPEAT, [(IN, [(RANGE, (97, 122)), (RANGE, (65, 90)), (RANGE, (48, 57)), (LITERAL, 95)])])), (MAX_REPEAT, (0, MAXREPEAT, [(IN, [(CATEGORY, CATEGORY_SPACE)])])), (LITERAL, 40), (MAX_REPEAT, (0, MAXREPEAT, [(I...TEGORY_SPACE)])])), (SUBPATTERN, (1, 0, 0, [(MAX_REPEAT, (0, MAXREPEAT, [(ANY, None)]))])), (LITERAL, 41), (MAX_REPEAT, (0, 1, [(LITERAL, 59)])), (MIN_REPEAT, (0, MAXREPEAT, [(IN, [(CATEGORY, CATEGORY_SPACE)])])), (IN, [(CATEGORY, CATEGORY_SPACE)])]
IE_TRACE:                                 15:21:35.193604 return     177         self.data.append(code)
IE_TRACE:                                 Return value:.. None
IE_TRACE:                             Modified var:.. subpattern = [(AT, AT_BEGINNING), (MAX_REPEAT, (1, MAXREPEAT, [(IN, [(RANGE, (97, 122)), (RANGE, (65, 90)), (RANGE, (48, 57)), (LITERAL, 95)])])), (MAX_REPEAT, (0, MAXREPEAT, [(IN, [(CATEGORY, CATEGORY_SPACE)])])), (LITERAL, 40), (MAX_REPEAT, (0, MAXREPEAT, [(I...TEGORY_SPACE)])])), (SUBPATTERN, (1, 0, 0, [(MAX_REPEAT, (0, MAXREPEAT, [(ANY, None)]))])), (LITERAL, 41), (MAX_REPEAT, (0, 1, [(LITERAL, 59)])), (MIN_REPEAT, (0, MAXREPEAT, [(IN, [(CATEGORY, CATEGORY_SPACE)])])), (IN, [(CATEGORY, CATEGORY_SPACE)])]
IE_TRACE:                             Modified var:.. subpatternappend = <bound method SubPattern.append of [(AT, AT_BEGINNING), (MAX_REPEAT, (1, MAXREPEAT, [(IN, [(RANGE, (97, 122)), (RANGE, (65, 90)), (RANGE, (48, 57)), (LITERAL, 95)])])), (MAX_REPEAT, (0, MAXREPEAT, [(IN, [(CATEGORY, CATEGORY_SPACE)])])), (LITERAL, 4...EGORY_SPACE)])])), (SUBPATTERN, (1, 0, 0, [(MAX_REPEAT, (0, MAXREPEAT, [(ANY, None)]))])), (LITERAL, 41), (MAX_REPEAT, (0, 1, [(LITERAL, 59)])), (MIN_REPEAT, (0, MAXREPEAT, [(IN, [(CATEGORY, CATEGORY_SPACE)])])), (IN, [(CATEGORY, CATEGORY_SPACE)])]>
IE_TRACE:                             15:21:35.193706 line       523     while True:
IE_TRACE:                             15:21:35.193927 line       525         this = source.next
IE_TRACE:                             Modified var:.. this = '*'
IE_TRACE:                             15:21:35.194114 line       526         if this is None:
IE_TRACE:                             15:21:35.194300 line       528         if this in "|)":
IE_TRACE:                             15:21:35.194479 line       530         sourceget()
IE_TRACE:                                 Starting var:.. self = <re._parser.Tokenizer object at 0x72cf9fef7da0>
IE_TRACE:                                 15:21:35.194665 call       261     def get(self):
IE_TRACE:                                 15:21:35.194711 line       262         this = self.next
IE_TRACE:                                 New var:....... this = '*'
IE_TRACE:                                 15:21:35.194747 line       263         self.__next()
IE_TRACE:                                     Starting var:.. self = <re._parser.Tokenizer object at 0x72cf9fef7da0>
IE_TRACE:                                     15:21:35.194794 call       240     def __next(self):
IE_TRACE:                                     15:21:35.194838 line       241         index = self.index
IE_TRACE:                                     New var:....... index = 41
IE_TRACE:                                     15:21:35.194874 line       242         try:
IE_TRACE:                                     15:21:35.194918 line       243             char = self.decoded_string[index]
IE_TRACE:                                     New var:....... char = '$'
IE_TRACE:                                     15:21:35.194956 line       247         if char == "\\":
IE_TRACE:                                     15:21:35.195003 line       254         self.index = index + 1
IE_TRACE:                                     15:21:35.195043 line       255         self.next = char
IE_TRACE:                                     15:21:35.195082 return     255         self.next = char
IE_TRACE:                                     Return value:.. None
IE_TRACE:                                 15:21:35.195132 line       264         return this
IE_TRACE:                                 15:21:35.195170 return     264         return this
IE_TRACE:                                 Return value:.. '*'
IE_TRACE:                             15:21:35.195217 line       532         if verbose:
IE_TRACE:                             15:21:35.195401 line       543         if this[0] == "\\":
IE_TRACE:                             15:21:35.195584 line       547         elif this not in SPECIAL_CHARS:
IE_TRACE:                             15:21:35.195765 line       550         elif this == "[":
IE_TRACE:                             15:21:35.195945 line       639         elif this in REPEAT_CHARS:
IE_TRACE:                             15:21:35.196125 line       641             here = source.tell()
IE_TRACE:                                 Starting var:.. self = <re._parser.Tokenizer object at 0x72cf9fef7da0>
IE_TRACE:                                 15:21:35.196305 call       293     def tell(self):
IE_TRACE:                                 15:21:35.196351 line       294         return self.index - len(self.next or '')
IE_TRACE:                                 15:21:35.196389 return     294         return self.index - len(self.next or '')
IE_TRACE:                                 Return value:.. 41
IE_TRACE:                             Modified var:.. here = 41
IE_TRACE:                             15:21:35.196434 line       642             if this == "?":
IE_TRACE:                             15:21:35.196625 line       644             elif this == "*":
IE_TRACE:                             15:21:35.196799 line       645                 min, max = 0, MAXREPEAT
IE_TRACE:                             15:21:35.196976 line       682             if subpattern:
IE_TRACE:                                 Starting var:.. self = [(AT, AT_BEGINNING), (MAX_REPEAT, (1, MAXREPEAT, [(IN, [(RANGE, (97, 122)), (RANGE, (65, 90)), (RANGE, (48, 57)), (LITERAL, 95)])])), (MAX_REPEAT, (0, MAXREPEAT, [(IN, [(CATEGORY, CATEGORY_SPACE)])])), (LITERAL, 40), (MAX_REPEAT, (0, MAXREPEAT, [(I...TEGORY_SPACE)])])), (SUBPATTERN, (1, 0, 0, [(MAX_REPEAT, (0, MAXREPEAT, [(ANY, None)]))])), (LITERAL, 41), (MAX_REPEAT, (0, 1, [(LITERAL, 59)])), (MIN_REPEAT, (0, MAXREPEAT, [(IN, [(CATEGORY, CATEGORY_SPACE)])])), (IN, [(CATEGORY, CATEGORY_SPACE)])]
IE_TRACE:                                 15:21:35.197155 call       164     def __len__(self):
IE_TRACE:                                 15:21:35.197222 line       165         return len(self.data)
IE_TRACE:                                 15:21:35.197278 return     165         return len(self.data)
IE_TRACE:                                 Return value:.. 10
IE_TRACE:                             15:21:35.197342 line       683                 item = subpattern[-1:]
IE_TRACE:                                 Starting var:.. self = [(AT, AT_BEGINNING), (MAX_REPEAT, (1, MAXREPEAT, [(IN, [(RANGE, (97, 122)), (RANGE, (65, 90)), (RANGE, (48, 57)), (LITERAL, 95)])])), (MAX_REPEAT, (0, MAXREPEAT, [(IN, [(CATEGORY, CATEGORY_SPACE)])])), (LITERAL, 40), (MAX_REPEAT, (0, MAXREPEAT, [(I...TEGORY_SPACE)])])), (SUBPATTERN, (1, 0, 0, [(MAX_REPEAT, (0, MAXREPEAT, [(ANY, None)]))])), (LITERAL, 41), (MAX_REPEAT, (0, 1, [(LITERAL, 59)])), (MIN_REPEAT, (0, MAXREPEAT, [(IN, [(CATEGORY, CATEGORY_SPACE)])])), (IN, [(CATEGORY, CATEGORY_SPACE)])]
IE_TRACE:                                 Starting var:.. index = slice(-1, None, None)
IE_TRACE:                                 15:21:35.197523 call       168     def __getitem__(self, index):
IE_TRACE:                                 15:21:35.197606 line       169         if isinstance(index, slice):
IE_TRACE:                                 15:21:35.197665 line       170             return SubPattern(self.state, self.data[index])
IE_TRACE:                                     Starting var:.. self = REPR FAILED
IE_TRACE:                                     Starting var:.. state = <re._parser.State object at 0x72cfa0937740>
IE_TRACE:                                     Starting var:.. data = [(IN, [(CATEGORY, CATEGORY_SPACE)])]
IE_TRACE:                                     15:21:35.197728 call       113     def __init__(self, state, data=None):
IE_TRACE:                                     15:21:35.197803 line       114         self.state = state
IE_TRACE:                                     15:21:35.197848 line       115         if data is None:
IE_TRACE:                                     15:21:35.197891 line       117         self.data = data
IE_TRACE:                                     Modified var:.. self = [(IN, [(CATEGORY, CATEGORY_SPACE)])]
IE_TRACE:                                     15:21:35.197933 line       118         self.width = None
IE_TRACE:                                     15:21:35.197982 return     118         self.width = None
IE_TRACE:                                     Return value:.. None
IE_TRACE:                                 15:21:35.198035 return     170             return SubPattern(self.state, self.data[index])
IE_TRACE:                                 Return value:.. [(IN, [(CATEGORY, CATEGORY_SPACE)])]
IE_TRACE:                             15:21:35.198104 line       686             if not item or item[0][0] is AT:
IE_TRACE:                                 Starting var:.. self = [(IN, [(CATEGORY, CATEGORY_SPACE)])]
IE_TRACE:                                 15:21:35.198286 call       164     def __len__(self):
IE_TRACE:                                 15:21:35.198330 line       165         return len(self.data)
IE_TRACE:                                 15:21:35.198365 return     165         return len(self.data)
IE_TRACE:                                 Return value:.. 1
IE_TRACE:                                 Starting var:.. self = [(IN, [(CATEGORY, CATEGORY_SPACE)])]
IE_TRACE:                                 Starting var:.. index = 0
IE_TRACE:                                 15:21:35.198411 call       168     def __getitem__(self, index):
IE_TRACE:                                 15:21:35.198462 line       169         if isinstance(index, slice):
IE_TRACE:                                 15:21:35.198501 line       171         return self.data[index]
IE_TRACE:                                 15:21:35.198539 return     171         return self.data[index]
IE_TRACE:                                 Return value:.. (IN, [(CATEGORY, CATEGORY_SPACE)])
IE_TRACE:                             15:21:35.198616 line       689             if item[0][0] in _REPEATCODES:
IE_TRACE:                                 Starting var:.. self = [(IN, [(CATEGORY, CATEGORY_SPACE)])]
IE_TRACE:                                 Starting var:.. index = 0
IE_TRACE:                                 15:21:35.198800 call       168     def __getitem__(self, index):
IE_TRACE:                                 15:21:35.198853 line       169         if isinstance(index, slice):
IE_TRACE:                                 15:21:35.198892 line       171         return self.data[index]
IE_TRACE:                                 15:21:35.198930 return     171         return self.data[index]
IE_TRACE:                                 Return value:.. (IN, [(CATEGORY, CATEGORY_SPACE)])
IE_TRACE:                             15:21:35.198978 line       692             if item[0][0] is SUBPATTERN:
IE_TRACE:                                 Starting var:.. self = [(IN, [(CATEGORY, CATEGORY_SPACE)])]
IE_TRACE:                                 Starting var:.. index = 0
IE_TRACE:                                 15:21:35.199155 call       168     def __getitem__(self, index):
IE_TRACE:                                 15:21:35.199212 line       169         if isinstance(index, slice):
IE_TRACE:                                 15:21:35.199251 line       171         return self.data[index]
IE_TRACE:                                 15:21:35.199314 return     171         return self.data[index]
IE_TRACE:                                 Return value:.. (IN, [(CATEGORY, CATEGORY_SPACE)])
IE_TRACE:                             15:21:35.199417 line       696             if sourcematch("?"):
IE_TRACE:                                 Starting var:.. self = <re._parser.Tokenizer object at 0x72cf9fef7da0>
IE_TRACE:                                 Starting var:.. char = '?'
IE_TRACE:                                 15:21:35.199620 call       256     def match(self, char):
IE_TRACE:                                 15:21:35.199674 line       257         if char == self.next:
IE_TRACE:                                 15:21:35.199713 line       260         return False
IE_TRACE:                                 15:21:35.199751 return     260         return False
IE_TRACE:                                 Return value:.. False
IE_TRACE:                             15:21:35.199799 line       699             elif sourcematch("+"):
IE_TRACE:                                 Starting var:.. self = <re._parser.Tokenizer object at 0x72cf9fef7da0>
IE_TRACE:                                 Starting var:.. char = '+'
IE_TRACE:                                 15:21:35.199979 call       256     def match(self, char):
IE_TRACE:                                 15:21:35.200030 line       257         if char == self.next:
IE_TRACE:                                 15:21:35.200067 line       260         return False
IE_TRACE:                                 15:21:35.200103 return     260         return False
IE_TRACE:                                 Return value:.. False
IE_TRACE:                             15:21:35.200149 line       704                 subpattern[-1] = (MAX_REPEAT, (min, max, item))
IE_TRACE:                                 Starting var:.. self = [(AT, AT_BEGINNING), (MAX_REPEAT, (1, MAXREPEAT, [(IN, [(RANGE, (97, 122)), (RANGE, (65, 90)), (RANGE, (48, 57)), (LITERAL, 95)])])), (MAX_REPEAT, (0, MAXREPEAT, [(IN, [(CATEGORY, CATEGORY_SPACE)])])), (LITERAL, 40), (MAX_REPEAT, (0, MAXREPEAT, [(I...TEGORY_SPACE)])])), (SUBPATTERN, (1, 0, 0, [(MAX_REPEAT, (0, MAXREPEAT, [(ANY, None)]))])), (LITERAL, 41), (MAX_REPEAT, (0, 1, [(LITERAL, 59)])), (MIN_REPEAT, (0, MAXREPEAT, [(IN, [(CATEGORY, CATEGORY_SPACE)])])), (IN, [(CATEGORY, CATEGORY_SPACE)])]
IE_TRACE:                                 Starting var:.. index = -1
IE_TRACE:                                 Starting var:.. code = (MAX_REPEAT, (0, MAXREPEAT, [(IN, [(CATEGORY, CATEGORY_SPACE)])]))
IE_TRACE:                                 15:21:35.200329 call       172     def __setitem__(self, index, code):
IE_TRACE:                                 15:21:35.200415 line       173         self.data[index] = code
IE_TRACE:                                 Modified var:.. self = [(AT, AT_BEGINNING), (MAX_REPEAT, (1, MAXREPEAT, [(IN, [(RANGE, (97, 122)), (RANGE, (65, 90)), (RANGE, (48, 57)), (LITERAL, 95)])])), (MAX_REPEAT, (0, MAXREPEAT, [(IN, [(CATEGORY, CATEGORY_SPACE)])])), (LITERAL, 40), (MAX_REPEAT, (0, MAXREPEAT, [(I... (1, 0, 0, [(MAX_REPEAT, (0, MAXREPEAT, [(ANY, None)]))])), (LITERAL, 41), (MAX_REPEAT, (0, 1, [(LITERAL, 59)])), (MIN_REPEAT, (0, MAXREPEAT, [(IN, [(CATEGORY, CATEGORY_SPACE)])])), (MAX_REPEAT, (0, MAXREPEAT, [(IN, [(CATEGORY, CATEGORY_SPACE)])]))]
IE_TRACE:                                 15:21:35.200479 return     173         self.data[index] = code
IE_TRACE:                                 Return value:.. None
IE_TRACE:                             Modified var:.. subpattern = [(AT, AT_BEGINNING), (MAX_REPEAT, (1, MAXREPEAT, [(IN, [(RANGE, (97, 122)), (RANGE, (65, 90)), (RANGE, (48, 57)), (LITERAL, 95)])])), (MAX_REPEAT, (0, MAXREPEAT, [(IN, [(CATEGORY, CATEGORY_SPACE)])])), (LITERAL, 40), (MAX_REPEAT, (0, MAXREPEAT, [(I... (1, 0, 0, [(MAX_REPEAT, (0, MAXREPEAT, [(ANY, None)]))])), (LITERAL, 41), (MAX_REPEAT, (0, 1, [(LITERAL, 59)])), (MIN_REPEAT, (0, MAXREPEAT, [(IN, [(CATEGORY, CATEGORY_SPACE)])])), (MAX_REPEAT, (0, MAXREPEAT, [(IN, [(CATEGORY, CATEGORY_SPACE)])]))]
IE_TRACE:                             Modified var:.. subpatternappend = <bound method SubPattern.append of [(AT, AT_BEGINNING), (MAX_REPEAT, (1, MAXREPEAT, [(IN, [(RANGE, (97, 122)), (RANGE, (65, 90)), (RANGE, (48, 57)), (LITERAL, 95)])])), (MAX_REPEAT, (0, MAXREPEAT, [(IN, [(CATEGORY, CATEGORY_SPACE)])])), (LITERAL, 4...(1, 0, 0, [(MAX_REPEAT, (0, MAXREPEAT, [(ANY, None)]))])), (LITERAL, 41), (MAX_REPEAT, (0, 1, [(LITERAL, 59)])), (MIN_REPEAT, (0, MAXREPEAT, [(IN, [(CATEGORY, CATEGORY_SPACE)])])), (MAX_REPEAT, (0, MAXREPEAT, [(IN, [(CATEGORY, CATEGORY_SPACE)])]))]>
IE_TRACE:                             15:21:35.200580 line       523     while True:
IE_TRACE:                             15:21:35.200786 line       525         this = source.next
IE_TRACE:                             Modified var:.. this = '$'
IE_TRACE:                             15:21:35.200966 line       526         if this is None:
IE_TRACE:                             15:21:35.201151 line       528         if this in "|)":
IE_TRACE:                             15:21:35.201330 line       530         sourceget()
IE_TRACE:                                 Starting var:.. self = <re._parser.Tokenizer object at 0x72cf9fef7da0>
IE_TRACE:                                 15:21:35.201508 call       261     def get(self):
IE_TRACE:                                 15:21:35.201552 line       262         this = self.next
IE_TRACE:                                 New var:....... this = '$'
IE_TRACE:                                 15:21:35.201592 line       263         self.__next()
IE_TRACE:                                     Starting var:.. self = <re._parser.Tokenizer object at 0x72cf9fef7da0>
IE_TRACE:                                     15:21:35.201640 call       240     def __next(self):
IE_TRACE:                                     15:21:35.201684 line       241         index = self.index
IE_TRACE:                                     New var:....... index = 42
IE_TRACE:                                     15:21:35.201720 line       242         try:
IE_TRACE:                                     15:21:35.201765 line       243             char = self.decoded_string[index]
IE_TRACE:                                     15:21:35.201806 exception  243             char = self.decoded_string[index]
IE_TRACE:                                     Exception:..... IndexError: string index out of range
IE_TRACE:                                     15:21:35.201928 line       244         except IndexError:
IE_TRACE:                                     15:21:35.201975 line       245             self.next = None
IE_TRACE:                                     15:21:35.202015 line       246             return
IE_TRACE:                                     15:21:35.202055 return     246             return
IE_TRACE:                                     Return value:.. None
IE_TRACE:                                 15:21:35.202124 line       264         return this
IE_TRACE:                                 15:21:35.202163 return     264         return this
IE_TRACE:                                 Return value:.. '$'
IE_TRACE:                             15:21:35.202210 line       532         if verbose:
IE_TRACE:                             15:21:35.202399 line       543         if this[0] == "\\":
IE_TRACE:                             15:21:35.202592 line       547         elif this not in SPECIAL_CHARS:
IE_TRACE:                             15:21:35.202776 line       550         elif this == "[":
IE_TRACE:                             15:21:35.202957 line       639         elif this in REPEAT_CHARS:
IE_TRACE:                             15:21:35.203139 line       706         elif this == ".":
IE_TRACE:                             15:21:35.203322 line       709         elif this == "(":
IE_TRACE:                             15:21:35.203517 line       874         elif this == "^":
IE_TRACE:                             15:21:35.203716 line       877         elif this == "$":
IE_TRACE:                             15:21:35.203907 line       878             subpatternappend((AT, AT_END))
IE_TRACE:                                 Starting var:.. self = [(AT, AT_BEGINNING), (MAX_REPEAT, (1, MAXREPEAT, [(IN, [(RANGE, (97, 122)), (RANGE, (65, 90)), (RANGE, (48, 57)), (LITERAL, 95)])])), (MAX_REPEAT, (0, MAXREPEAT, [(IN, [(CATEGORY, CATEGORY_SPACE)])])), (LITERAL, 40), (MAX_REPEAT, (0, MAXREPEAT, [(I... (1, 0, 0, [(MAX_REPEAT, (0, MAXREPEAT, [(ANY, None)]))])), (LITERAL, 41), (MAX_REPEAT, (0, 1, [(LITERAL, 59)])), (MIN_REPEAT, (0, MAXREPEAT, [(IN, [(CATEGORY, CATEGORY_SPACE)])])), (MAX_REPEAT, (0, MAXREPEAT, [(IN, [(CATEGORY, CATEGORY_SPACE)])]))]
IE_TRACE:                                 Starting var:.. code = (AT, AT_END)
IE_TRACE:                                 15:21:35.204089 call       176     def append(self, code):
IE_TRACE:                                 15:21:35.204172 line       177         self.data.append(code)
IE_TRACE:                                 Modified var:.. self = [(AT, AT_BEGINNING), (MAX_REPEAT, (1, MAXREPEAT, [(IN, [(RANGE, (97, 122)), (RANGE, (65, 90)), (RANGE, (48, 57)), (LITERAL, 95)])])), (MAX_REPEAT, (0, MAXREPEAT, [(IN, [(CATEGORY, CATEGORY_SPACE)])])), (LITERAL, 40), (MAX_REPEAT, (0, MAXREPEAT, [(I...AX_REPEAT, (0, MAXREPEAT, [(ANY, None)]))])), (LITERAL, 41), (MAX_REPEAT, (0, 1, [(LITERAL, 59)])), (MIN_REPEAT, (0, MAXREPEAT, [(IN, [(CATEGORY, CATEGORY_SPACE)])])), (MAX_REPEAT, (0, MAXREPEAT, [(IN, [(CATEGORY, CATEGORY_SPACE)])])), (AT, AT_END)]
IE_TRACE:                                 15:21:35.204233 return     177         self.data.append(code)
IE_TRACE:                                 Return value:.. None
IE_TRACE:                             Modified var:.. subpattern = [(AT, AT_BEGINNING), (MAX_REPEAT, (1, MAXREPEAT, [(IN, [(RANGE, (97, 122)), (RANGE, (65, 90)), (RANGE, (48, 57)), (LITERAL, 95)])])), (MAX_REPEAT, (0, MAXREPEAT, [(IN, [(CATEGORY, CATEGORY_SPACE)])])), (LITERAL, 40), (MAX_REPEAT, (0, MAXREPEAT, [(I...AX_REPEAT, (0, MAXREPEAT, [(ANY, None)]))])), (LITERAL, 41), (MAX_REPEAT, (0, 1, [(LITERAL, 59)])), (MIN_REPEAT, (0, MAXREPEAT, [(IN, [(CATEGORY, CATEGORY_SPACE)])])), (MAX_REPEAT, (0, MAXREPEAT, [(IN, [(CATEGORY, CATEGORY_SPACE)])])), (AT, AT_END)]
IE_TRACE:                             Modified var:.. subpatternappend = <bound method SubPattern.append of [(AT, AT_BEGINNING), (MAX_REPEAT, (1, MAXREPEAT, [(IN, [(RANGE, (97, 122)), (RANGE, (65, 90)), (RANGE, (48, 57)), (LITERAL, 95)])])), (MAX_REPEAT, (0, MAXREPEAT, [(IN, [(CATEGORY, CATEGORY_SPACE)])])), (LITERAL, 4...X_REPEAT, (0, MAXREPEAT, [(ANY, None)]))])), (LITERAL, 41), (MAX_REPEAT, (0, 1, [(LITERAL, 59)])), (MIN_REPEAT, (0, MAXREPEAT, [(IN, [(CATEGORY, CATEGORY_SPACE)])])), (MAX_REPEAT, (0, MAXREPEAT, [(IN, [(CATEGORY, CATEGORY_SPACE)])])), (AT, AT_END)]>
IE_TRACE:                             15:21:35.204331 line       523     while True:
IE_TRACE:                             15:21:35.204538 line       525         this = source.next
IE_TRACE:                             Modified var:.. this = None
IE_TRACE:                             15:21:35.204724 line       526         if this is None:
IE_TRACE:                             15:21:35.204913 line       527             break # end of pattern
IE_TRACE:                             15:21:35.205107 line       884     for i in range(len(subpattern))[::-1]:
IE_TRACE:                                 Starting var:.. self = [(AT, AT_BEGINNING), (MAX_REPEAT, (1, MAXREPEAT, [(IN, [(RANGE, (97, 122)), (RANGE, (65, 90)), (RANGE, (48, 57)), (LITERAL, 95)])])), (MAX_REPEAT, (0, MAXREPEAT, [(IN, [(CATEGORY, CATEGORY_SPACE)])])), (LITERAL, 40), (MAX_REPEAT, (0, MAXREPEAT, [(I...AX_REPEAT, (0, MAXREPEAT, [(ANY, None)]))])), (LITERAL, 41), (MAX_REPEAT, (0, 1, [(LITERAL, 59)])), (MIN_REPEAT, (0, MAXREPEAT, [(IN, [(CATEGORY, CATEGORY_SPACE)])])), (MAX_REPEAT, (0, MAXREPEAT, [(IN, [(CATEGORY, CATEGORY_SPACE)])])), (AT, AT_END)]
IE_TRACE:                                 15:21:35.205291 call       164     def __len__(self):
IE_TRACE:                                 15:21:35.205362 line       165         return len(self.data)
IE_TRACE:                                 15:21:35.205420 return     165         return len(self.data)
IE_TRACE:                                 Return value:.. 11
IE_TRACE:                             New var:....... i = 10
IE_TRACE:                             15:21:35.205514 line       885         op, av = subpattern[i]
IE_TRACE:                                 Starting var:.. self = [(AT, AT_BEGINNING), (MAX_REPEAT, (1, MAXREPEAT, [(IN, [(RANGE, (97, 122)), (RANGE, (65, 90)), (RANGE, (48, 57)), (LITERAL, 95)])])), (MAX_REPEAT, (0, MAXREPEAT, [(IN, [(CATEGORY, CATEGORY_SPACE)])])), (LITERAL, 40), (MAX_REPEAT, (0, MAXREPEAT, [(I...AX_REPEAT, (0, MAXREPEAT, [(ANY, None)]))])), (LITERAL, 41), (MAX_REPEAT, (0, 1, [(LITERAL, 59)])), (MIN_REPEAT, (0, MAXREPEAT, [(IN, [(CATEGORY, CATEGORY_SPACE)])])), (MAX_REPEAT, (0, MAXREPEAT, [(IN, [(CATEGORY, CATEGORY_SPACE)])])), (AT, AT_END)]
IE_TRACE:                                 Starting var:.. index = 10
IE_TRACE:                                 15:21:35.205716 call       168     def __getitem__(self, index):
IE_TRACE:                                 15:21:35.205793 line       169         if isinstance(index, slice):
IE_TRACE:                                 15:21:35.205855 line       171         return self.data[index]
IE_TRACE:                                 15:21:35.205914 return     171         return self.data[index]
IE_TRACE:                                 Return value:.. (AT, AT_END)
IE_TRACE:                             New var:....... op = AT
IE_TRACE:                             New var:....... av = AT_END
IE_TRACE:                             15:21:35.205995 line       886         if op is SUBPATTERN:
IE_TRACE:                             15:21:35.206212 line       884     for i in range(len(subpattern))[::-1]:
IE_TRACE:                             Modified var:.. i = 9
IE_TRACE:                             15:21:35.206413 line       885         op, av = subpattern[i]
IE_TRACE:                                 Starting var:.. self = [(AT, AT_BEGINNING), (MAX_REPEAT, (1, MAXREPEAT, [(IN, [(RANGE, (97, 122)), (RANGE, (65, 90)), (RANGE, (48, 57)), (LITERAL, 95)])])), (MAX_REPEAT, (0, MAXREPEAT, [(IN, [(CATEGORY, CATEGORY_SPACE)])])), (LITERAL, 40), (MAX_REPEAT, (0, MAXREPEAT, [(I...AX_REPEAT, (0, MAXREPEAT, [(ANY, None)]))])), (LITERAL, 41), (MAX_REPEAT, (0, 1, [(LITERAL, 59)])), (MIN_REPEAT, (0, MAXREPEAT, [(IN, [(CATEGORY, CATEGORY_SPACE)])])), (MAX_REPEAT, (0, MAXREPEAT, [(IN, [(CATEGORY, CATEGORY_SPACE)])])), (AT, AT_END)]
IE_TRACE:                                 Starting var:.. index = 9
IE_TRACE:                                 15:21:35.206618 call       168     def __getitem__(self, index):
IE_TRACE:                                 15:21:35.206694 line       169         if isinstance(index, slice):
IE_TRACE:                                 15:21:35.206754 line       171         return self.data[index]
IE_TRACE:                                 15:21:35.206814 return     171         return self.data[index]
IE_TRACE:                                 Return value:.. (MAX_REPEAT, (0, MAXREPEAT, [(IN, [(CATEGORY, CATEGORY_SPACE)])]))
IE_TRACE:                             Modified var:.. op = MAX_REPEAT
IE_TRACE:                             Modified var:.. av = (0, MAXREPEAT, [(IN, [(CATEGORY, CATEGORY_SPACE)])])
IE_TRACE:                             15:21:35.206896 line       886         if op is SUBPATTERN:
IE_TRACE:                             15:21:35.207101 line       884     for i in range(len(subpattern))[::-1]:
IE_TRACE:                             Modified var:.. i = 8
IE_TRACE:                             15:21:35.207304 line       885         op, av = subpattern[i]
IE_TRACE:                                 Starting var:.. self = [(AT, AT_BEGINNING), (MAX_REPEAT, (1, MAXREPEAT, [(IN, [(RANGE, (97, 122)), (RANGE, (65, 90)), (RANGE, (48, 57)), (LITERAL, 95)])])), (MAX_REPEAT, (0, MAXREPEAT, [(IN, [(CATEGORY, CATEGORY_SPACE)])])), (LITERAL, 40), (MAX_REPEAT, (0, MAXREPEAT, [(I...AX_REPEAT, (0, MAXREPEAT, [(ANY, None)]))])), (LITERAL, 41), (MAX_REPEAT, (0, 1, [(LITERAL, 59)])), (MIN_REPEAT, (0, MAXREPEAT, [(IN, [(CATEGORY, CATEGORY_SPACE)])])), (MAX_REPEAT, (0, MAXREPEAT, [(IN, [(CATEGORY, CATEGORY_SPACE)])])), (AT, AT_END)]
IE_TRACE:                                 Starting var:.. index = 8
IE_TRACE:                                 15:21:35.207549 call       168     def __getitem__(self, index):
IE_TRACE:                                 15:21:35.207632 line       169         if isinstance(index, slice):
IE_TRACE:                                 15:21:35.207691 line       171         return self.data[index]
IE_TRACE:                                 15:21:35.207750 return     171         return self.data[index]
IE_TRACE:                                 Return value:.. (MIN_REPEAT, (0, MAXREPEAT, [(IN, [(CATEGORY, CATEGORY_SPACE)])]))
IE_TRACE:                             Modified var:.. op = MIN_REPEAT
IE_TRACE:                             15:21:35.207832 line       886         if op is SUBPATTERN:
IE_TRACE:                             15:21:35.208087 line       884     for i in range(len(subpattern))[::-1]:
IE_TRACE:                             Modified var:.. i = 7
IE_TRACE:                             15:21:35.208215 line       885         op, av = subpattern[i]
IE_TRACE:                                 Starting var:.. self = [(AT, AT_BEGINNING), (MAX_REPEAT, (1, MAXREPEAT, [(IN, [(RANGE, (97, 122)), (RANGE, (65, 90)), (RANGE, (48, 57)), (LITERAL, 95)])])), (MAX_REPEAT, (0, MAXREPEAT, [(IN, [(CATEGORY, CATEGORY_SPACE)])])), (LITERAL, 40), (MAX_REPEAT, (0, MAXREPEAT, [(I...AX_REPEAT, (0, MAXREPEAT, [(ANY, None)]))])), (LITERAL, 41), (MAX_REPEAT, (0, 1, [(LITERAL, 59)])), (MIN_REPEAT, (0, MAXREPEAT, [(IN, [(CATEGORY, CATEGORY_SPACE)])])), (MAX_REPEAT, (0, MAXREPEAT, [(IN, [(CATEGORY, CATEGORY_SPACE)])])), (AT, AT_END)]
IE_TRACE:                                 Starting var:.. index = 7
IE_TRACE:                                 15:21:35.208338 call       168     def __getitem__(self, index):
IE_TRACE:                                 15:21:35.208391 line       169         if isinstance(index, slice):
IE_TRACE:                                 15:21:35.208432 line       171         return self.data[index]
IE_TRACE:                                 15:21:35.208473 return     171         return self.data[index]
IE_TRACE:                                 Return value:.. (MAX_REPEAT, (0, 1, [(LITERAL, 59)]))
IE_TRACE:                             Modified var:.. op = MAX_REPEAT
IE_TRACE:                             Modified var:.. av = (0, 1, [(LITERAL, 59)])
IE_TRACE:                             15:21:35.208529 line       886         if op is SUBPATTERN:
IE_TRACE:                             15:21:35.208669 line       884     for i in range(len(subpattern))[::-1]:
IE_TRACE:                             Modified var:.. i = 6
IE_TRACE:                             15:21:35.208795 line       885         op, av = subpattern[i]
IE_TRACE:                                 Starting var:.. self = [(AT, AT_BEGINNING), (MAX_REPEAT, (1, MAXREPEAT, [(IN, [(RANGE, (97, 122)), (RANGE, (65, 90)), (RANGE, (48, 57)), (LITERAL, 95)])])), (MAX_REPEAT, (0, MAXREPEAT, [(IN, [(CATEGORY, CATEGORY_SPACE)])])), (LITERAL, 40), (MAX_REPEAT, (0, MAXREPEAT, [(I...AX_REPEAT, (0, MAXREPEAT, [(ANY, None)]))])), (LITERAL, 41), (MAX_REPEAT, (0, 1, [(LITERAL, 59)])), (MIN_REPEAT, (0, MAXREPEAT, [(IN, [(CATEGORY, CATEGORY_SPACE)])])), (MAX_REPEAT, (0, MAXREPEAT, [(IN, [(CATEGORY, CATEGORY_SPACE)])])), (AT, AT_END)]
IE_TRACE:                                 Starting var:.. index = 6
IE_TRACE:                                 15:21:35.208917 call       168     def __getitem__(self, index):
IE_TRACE:                                 15:21:35.208968 line       169         if isinstance(index, slice):
IE_TRACE:                                 15:21:35.209008 line       171         return self.data[index]
IE_TRACE:                                 15:21:35.209048 return     171         return self.data[index]
IE_TRACE:                                 Return value:.. (LITERAL, 41)
IE_TRACE:                             Modified var:.. op = LITERAL
IE_TRACE:                             Modified var:.. av = 41
IE_TRACE:                             15:21:35.209102 line       886         if op is SUBPATTERN:
IE_TRACE:                             15:21:35.209235 line       884     for i in range(len(subpattern))[::-1]:
IE_TRACE:                             Modified var:.. i = 5
IE_TRACE:                             15:21:35.209359 line       885         op, av = subpattern[i]
IE_TRACE:                                 Starting var:.. self = [(AT, AT_BEGINNING), (MAX_REPEAT, (1, MAXREPEAT, [(IN, [(RANGE, (97, 122)), (RANGE, (65, 90)), (RANGE, (48, 57)), (LITERAL, 95)])])), (MAX_REPEAT, (0, MAXREPEAT, [(IN, [(CATEGORY, CATEGORY_SPACE)])])), (LITERAL, 40), (MAX_REPEAT, (0, MAXREPEAT, [(I...AX_REPEAT, (0, MAXREPEAT, [(ANY, None)]))])), (LITERAL, 41), (MAX_REPEAT, (0, 1, [(LITERAL, 59)])), (MIN_REPEAT, (0, MAXREPEAT, [(IN, [(CATEGORY, CATEGORY_SPACE)])])), (MAX_REPEAT, (0, MAXREPEAT, [(IN, [(CATEGORY, CATEGORY_SPACE)])])), (AT, AT_END)]
IE_TRACE:                                 Starting var:.. index = 5
IE_TRACE:                                 15:21:35.209482 call       168     def __getitem__(self, index):
IE_TRACE:                                 15:21:35.209533 line       169         if isinstance(index, slice):
IE_TRACE:                                 15:21:35.209610 line       171         return self.data[index]
IE_TRACE:                                 15:21:35.209651 return     171         return self.data[index]
IE_TRACE:                                 Return value:.. (SUBPATTERN, (1, 0, 0, [(MAX_REPEAT, (0, MAXREPEAT, [(ANY, None)]))]))
IE_TRACE:                             Modified var:.. op = SUBPATTERN
IE_TRACE:                             Modified var:.. av = (1, 0, 0, [(MAX_REPEAT, (0, MAXREPEAT, [(ANY, None)]))])
IE_TRACE:                             15:21:35.209706 line       886         if op is SUBPATTERN:
IE_TRACE:                             15:21:35.209842 line       887             group, add_flags, del_flags, p = av
IE_TRACE:                             15:21:35.209968 line       888             if group is None and not add_flags and not del_flags:
IE_TRACE:                             15:21:35.210113 line       884     for i in range(len(subpattern))[::-1]:
IE_TRACE:                             Modified var:.. i = 4
IE_TRACE:                             15:21:35.210237 line       885         op, av = subpattern[i]
IE_TRACE:                                 Starting var:.. self = [(AT, AT_BEGINNING), (MAX_REPEAT, (1, MAXREPEAT, [(IN, [(RANGE, (97, 122)), (RANGE, (65, 90)), (RANGE, (48, 57)), (LITERAL, 95)])])), (MAX_REPEAT, (0, MAXREPEAT, [(IN, [(CATEGORY, CATEGORY_SPACE)])])), (LITERAL, 40), (MAX_REPEAT, (0, MAXREPEAT, [(I...AX_REPEAT, (0, MAXREPEAT, [(ANY, None)]))])), (LITERAL, 41), (MAX_REPEAT, (0, 1, [(LITERAL, 59)])), (MIN_REPEAT, (0, MAXREPEAT, [(IN, [(CATEGORY, CATEGORY_SPACE)])])), (MAX_REPEAT, (0, MAXREPEAT, [(IN, [(CATEGORY, CATEGORY_SPACE)])])), (AT, AT_END)]
IE_TRACE:                                 Starting var:.. index = 4
IE_TRACE:                                 15:21:35.210360 call       168     def __getitem__(self, index):
IE_TRACE:                                 15:21:35.210409 line       169         if isinstance(index, slice):
IE_TRACE:                                 15:21:35.210449 line       171         return self.data[index]
IE_TRACE:                                 15:21:35.210489 return     171         return self.data[index]
IE_TRACE:                                 Return value:.. (MAX_REPEAT, (0, MAXREPEAT, [(IN, [(CATEGORY, CATEGORY_SPACE)])]))
IE_TRACE:                             Modified var:.. op = MAX_REPEAT
IE_TRACE:                             Modified var:.. av = (0, MAXREPEAT, [(IN, [(CATEGORY, CATEGORY_SPACE)])])
IE_TRACE:                             15:21:35.210542 line       886         if op is SUBPATTERN:
IE_TRACE:                             15:21:35.210678 line       884     for i in range(len(subpattern))[::-1]:
IE_TRACE:                             Modified var:.. i = 3
IE_TRACE:                             15:21:35.210802 line       885         op, av = subpattern[i]
IE_TRACE:                                 Starting var:.. self = [(AT, AT_BEGINNING), (MAX_REPEAT, (1, MAXREPEAT, [(IN, [(RANGE, (97, 122)), (RANGE, (65, 90)), (RANGE, (48, 57)), (LITERAL, 95)])])), (MAX_REPEAT, (0, MAXREPEAT, [(IN, [(CATEGORY, CATEGORY_SPACE)])])), (LITERAL, 40), (MAX_REPEAT, (0, MAXREPEAT, [(I...AX_REPEAT, (0, MAXREPEAT, [(ANY, None)]))])), (LITERAL, 41), (MAX_REPEAT, (0, 1, [(LITERAL, 59)])), (MIN_REPEAT, (0, MAXREPEAT, [(IN, [(CATEGORY, CATEGORY_SPACE)])])), (MAX_REPEAT, (0, MAXREPEAT, [(IN, [(CATEGORY, CATEGORY_SPACE)])])), (AT, AT_END)]
IE_TRACE:                                 Starting var:.. index = 3
IE_TRACE:                                 15:21:35.210924 call       168     def __getitem__(self, index):
IE_TRACE:                                 15:21:35.210974 line       169         if isinstance(index, slice):
IE_TRACE:                                 15:21:35.211014 line       171         return self.data[index]
IE_TRACE:                                 15:21:35.211055 return     171         return self.data[index]
IE_TRACE:                                 Return value:.. (LITERAL, 40)
IE_TRACE:                             Modified var:.. op = LITERAL
IE_TRACE:                             Modified var:.. av = 40
IE_TRACE:                             15:21:35.211109 line       886         if op is SUBPATTERN:
IE_TRACE:                             15:21:35.211242 line       884     for i in range(len(subpattern))[::-1]:
IE_TRACE:                             Modified var:.. i = 2
IE_TRACE:                             15:21:35.211365 line       885         op, av = subpattern[i]
IE_TRACE:                                 Starting var:.. self = [(AT, AT_BEGINNING), (MAX_REPEAT, (1, MAXREPEAT, [(IN, [(RANGE, (97, 122)), (RANGE, (65, 90)), (RANGE, (48, 57)), (LITERAL, 95)])])), (MAX_REPEAT, (0, MAXREPEAT, [(IN, [(CATEGORY, CATEGORY_SPACE)])])), (LITERAL, 40), (MAX_REPEAT, (0, MAXREPEAT, [(I...AX_REPEAT, (0, MAXREPEAT, [(ANY, None)]))])), (LITERAL, 41), (MAX_REPEAT, (0, 1, [(LITERAL, 59)])), (MIN_REPEAT, (0, MAXREPEAT, [(IN, [(CATEGORY, CATEGORY_SPACE)])])), (MAX_REPEAT, (0, MAXREPEAT, [(IN, [(CATEGORY, CATEGORY_SPACE)])])), (AT, AT_END)]
IE_TRACE:                                 Starting var:.. index = 2
IE_TRACE:                                 15:21:35.211488 call       168     def __getitem__(self, index):
IE_TRACE:                                 15:21:35.211537 line       169         if isinstance(index, slice):
IE_TRACE:                                 15:21:35.211581 line       171         return self.data[index]
IE_TRACE:                                 15:21:35.211634 return     171         return self.data[index]
IE_TRACE:                                 Return value:.. (MAX_REPEAT, (0, MAXREPEAT, [(IN, [(CATEGORY, CATEGORY_SPACE)])]))
IE_TRACE:                             Modified var:.. op = MAX_REPEAT
IE_TRACE:                             Modified var:.. av = (0, MAXREPEAT, [(IN, [(CATEGORY, CATEGORY_SPACE)])])
IE_TRACE:                             15:21:35.211697 line       886         if op is SUBPATTERN:
IE_TRACE:                             15:21:35.211833 line       884     for i in range(len(subpattern))[::-1]:
IE_TRACE:                             Modified var:.. i = 1
IE_TRACE:                             15:21:35.211960 line       885         op, av = subpattern[i]
IE_TRACE:                                 Starting var:.. self = [(AT, AT_BEGINNING), (MAX_REPEAT, (1, MAXREPEAT, [(IN, [(RANGE, (97, 122)), (RANGE, (65, 90)), (RANGE, (48, 57)), (LITERAL, 95)])])), (MAX_REPEAT, (0, MAXREPEAT, [(IN, [(CATEGORY, CATEGORY_SPACE)])])), (LITERAL, 40), (MAX_REPEAT, (0, MAXREPEAT, [(I...AX_REPEAT, (0, MAXREPEAT, [(ANY, None)]))])), (LITERAL, 41), (MAX_REPEAT, (0, 1, [(LITERAL, 59)])), (MIN_REPEAT, (0, MAXREPEAT, [(IN, [(CATEGORY, CATEGORY_SPACE)])])), (MAX_REPEAT, (0, MAXREPEAT, [(IN, [(CATEGORY, CATEGORY_SPACE)])])), (AT, AT_END)]
IE_TRACE:                                 Starting var:.. index = 1
IE_TRACE:                                 15:21:35.212083 call       168     def __getitem__(self, index):
IE_TRACE:                                 15:21:35.212135 line       169         if isinstance(index, slice):
IE_TRACE:                                 15:21:35.212176 line       171         return self.data[index]
IE_TRACE:                                 15:21:35.212216 return     171         return self.data[index]
IE_TRACE:                                 Return value:.. (MAX_REPEAT, (1, MAXREPEAT, [(IN, [(RANGE, (97, 122)), (RANGE, (65, 90)), (RANGE, (48, 57)), (LITERAL, 95)])]))
IE_TRACE:                             Modified var:.. av = (1, MAXREPEAT, [(IN, [(RANGE, (97, 122)), (RANGE, (65, 90)), (RANGE, (48, 57)), (LITERAL, 95)])])
IE_TRACE:                             15:21:35.212273 line       886         if op is SUBPATTERN:
IE_TRACE:                             15:21:35.212417 line       884     for i in range(len(subpattern))[::-1]:
IE_TRACE:                             Modified var:.. i = 0
IE_TRACE:                             15:21:35.212551 line       885         op, av = subpattern[i]
IE_TRACE:                                 Starting var:.. self = [(AT, AT_BEGINNING), (MAX_REPEAT, (1, MAXREPEAT, [(IN, [(RANGE, (97, 122)), (RANGE, (65, 90)), (RANGE, (48, 57)), (LITERAL, 95)])])), (MAX_REPEAT, (0, MAXREPEAT, [(IN, [(CATEGORY, CATEGORY_SPACE)])])), (LITERAL, 40), (MAX_REPEAT, (0, MAXREPEAT, [(I...AX_REPEAT, (0, MAXREPEAT, [(ANY, None)]))])), (LITERAL, 41), (MAX_REPEAT, (0, 1, [(LITERAL, 59)])), (MIN_REPEAT, (0, MAXREPEAT, [(IN, [(CATEGORY, CATEGORY_SPACE)])])), (MAX_REPEAT, (0, MAXREPEAT, [(IN, [(CATEGORY, CATEGORY_SPACE)])])), (AT, AT_END)]
IE_TRACE:                                 Starting var:.. index = 0
IE_TRACE:                                 15:21:35.212682 call       168     def __getitem__(self, index):
IE_TRACE:                                 15:21:35.212736 line       169         if isinstance(index, slice):
IE_TRACE:                                 15:21:35.212777 line       171         return self.data[index]
IE_TRACE:                                 15:21:35.212818 return     171         return self.data[index]
IE_TRACE:                                 Return value:.. (AT, AT_BEGINNING)
IE_TRACE:                             Modified var:.. op = AT
IE_TRACE:                             Modified var:.. av = AT_BEGINNING
IE_TRACE:                             15:21:35.212873 line       886         if op is SUBPATTERN:
IE_TRACE:                             15:21:35.213011 line       884     for i in range(len(subpattern))[::-1]:
IE_TRACE:                             15:21:35.213136 line       891     return subpattern
IE_TRACE:                             15:21:35.213254 return     891     return subpattern
IE_TRACE:                             Return value:.. [(AT, AT_BEGINNING), (MAX_REPEAT, (1, MAXREPEAT, [(IN, [(RANGE, (97, 122)), (RANGE, (65, 90)), (RANGE, (48, 57)), (LITERAL, 95)])])), (MAX_REPEAT, (0, MAXREPEAT, [(IN, [(CATEGORY, CATEGORY_SPACE)])])), (LITERAL, 40), (MAX_REPEAT, (0, MAXREPEAT, [(I...AX_REPEAT, (0, MAXREPEAT, [(ANY, None)]))])), (LITERAL, 41), (MAX_REPEAT, (0, 1, [(LITERAL, 59)])), (MIN_REPEAT, (0, MAXREPEAT, [(IN, [(CATEGORY, CATEGORY_SPACE)])])), (MAX_REPEAT, (0, MAXREPEAT, [(IN, [(CATEGORY, CATEGORY_SPACE)])])), (AT, AT_END)]
IE_TRACE:                         Modified var:.. items = [[(AT, AT_BEGINNING), (MAX_REPEAT, (1, MAXREPEAT, [(IN, [(RANGE, (97, 122)), (RANGE, (65, 90)), (RANGE, (48, 57)), (LITERAL, 95)])])), (MAX_REPEAT, (0, MAXREPEAT, [(IN, [(CATEGORY, CATEGORY_SPACE)])])), (LITERAL, 40), (MAX_REPEAT, (0, MAXREPEAT, [(...X_REPEAT, (0, MAXREPEAT, [(ANY, None)]))])), (LITERAL, 41), (MAX_REPEAT, (0, 1, [(LITERAL, 59)])), (MIN_REPEAT, (0, MAXREPEAT, [(IN, [(CATEGORY, CATEGORY_SPACE)])])), (MAX_REPEAT, (0, MAXREPEAT, [(IN, [(CATEGORY, CATEGORY_SPACE)])])), (AT, AT_END)]]
IE_TRACE:                         15:21:35.213387 line       462         if not sourcematch("|"):
IE_TRACE:                             Starting var:.. self = <re._parser.Tokenizer object at 0x72cf9fef7da0>
IE_TRACE:                             Starting var:.. char = '|'
IE_TRACE:                             15:21:35.213445 call       256     def match(self, char):
IE_TRACE:                             15:21:35.213475 line       257         if char == self.next:
IE_TRACE:                             15:21:35.213494 line       260         return False
IE_TRACE:                             15:21:35.213512 return     260         return False
IE_TRACE:                             Return value:.. False
IE_TRACE:                         15:21:35.213536 line       463             break
IE_TRACE:                         15:21:35.213584 line       467     if len(items) == 1:
IE_TRACE:                         15:21:35.213627 line       468         return items[0]
IE_TRACE:                         15:21:35.213669 return     468         return items[0]
IE_TRACE:                         Return value:.. [(AT, AT_BEGINNING), (MAX_REPEAT, (1, MAXREPEAT, [(IN, [(RANGE, (97, 122)), (RANGE, (65, 90)), (RANGE, (48, 57)), (LITERAL, 95)])])), (MAX_REPEAT, (0, MAXREPEAT, [(IN, [(CATEGORY, CATEGORY_SPACE)])])), (LITERAL, 40), (MAX_REPEAT, (0, MAXREPEAT, [(I...AX_REPEAT, (0, MAXREPEAT, [(ANY, None)]))])), (LITERAL, 41), (MAX_REPEAT, (0, 1, [(LITERAL, 59)])), (MIN_REPEAT, (0, MAXREPEAT, [(IN, [(CATEGORY, CATEGORY_SPACE)])])), (MAX_REPEAT, (0, MAXREPEAT, [(IN, [(CATEGORY, CATEGORY_SPACE)])])), (AT, AT_END)]
IE_TRACE:                     New var:....... p = [(AT, AT_BEGINNING), (MAX_REPEAT, (1, MAXREPEAT, [(IN, [(RANGE, (97, 122)), (RANGE, (65, 90)), (RANGE, (48, 57)), (LITERAL, 95)])])), (MAX_REPEAT, (0, MAXREPEAT, [(IN, [(CATEGORY, CATEGORY_SPACE)])])), (LITERAL, 40), (MAX_REPEAT, (0, MAXREPEAT, [(I...AX_REPEAT, (0, MAXREPEAT, [(ANY, None)]))])), (LITERAL, 41), (MAX_REPEAT, (0, 1, [(LITERAL, 59)])), (MIN_REPEAT, (0, MAXREPEAT, [(IN, [(CATEGORY, CATEGORY_SPACE)])])), (MAX_REPEAT, (0, MAXREPEAT, [(IN, [(CATEGORY, CATEGORY_SPACE)])])), (AT, AT_END)]
IE_TRACE:                     15:21:35.213732 line       980     p.state.flags = fix_flags(str, p.state.flags)
IE_TRACE:                         Starting var:.. src = '(?s)^[a-zA-Z0-9_]+\\s*\\(\\s*(.*)\\);?\\s*?\\s*$'
IE_TRACE:                         Starting var:.. flags = 16
IE_TRACE:                         15:21:35.213784 call       953 def fix_flags(src, flags):
IE_TRACE:                         15:21:35.213814 line       955     if isinstance(src, str):
IE_TRACE:                         15:21:35.213832 line       956         if flags & SRE_FLAG_LOCALE:
IE_TRACE:                         15:21:35.213850 line       958         if not flags & SRE_FLAG_ASCII:
IE_TRACE:                         15:21:35.213868 line       959             flags |= SRE_FLAG_UNICODE
IE_TRACE:                         Modified var:.. flags = 48
IE_TRACE:                         15:21:35.213885 line       967     return flags
IE_TRACE:                         15:21:35.213906 return     967     return flags
IE_TRACE:                         Return value:.. 48
IE_TRACE:                     15:21:35.213928 line       982     if source.next is not None:
IE_TRACE:                     15:21:35.213966 line       986     for g in p.state.grouprefpos:
IE_TRACE:                     15:21:35.214002 line       991     if flags & SRE_FLAG_DEBUG:
IE_TRACE:                     15:21:35.214038 line       994     return p
IE_TRACE:                     15:21:35.214073 return     994     return p
IE_TRACE:                     Return value:.. [(AT, AT_BEGINNING), (MAX_REPEAT, (1, MAXREPEAT, [(IN, [(RANGE, (97, 122)), (RANGE, (65, 90)), (RANGE, (48, 57)), (LITERAL, 95)])])), (MAX_REPEAT, (0, MAXREPEAT, [(IN, [(CATEGORY, CATEGORY_SPACE)])])), (LITERAL, 40), (MAX_REPEAT, (0, MAXREPEAT, [(I...AX_REPEAT, (0, MAXREPEAT, [(ANY, None)]))])), (LITERAL, 41), (MAX_REPEAT, (0, 1, [(LITERAL, 59)])), (MIN_REPEAT, (0, MAXREPEAT, [(IN, [(CATEGORY, CATEGORY_SPACE)])])), (MAX_REPEAT, (0, MAXREPEAT, [(IN, [(CATEGORY, CATEGORY_SPACE)])])), (AT, AT_END)]
IE_TRACE:                 Source path:... /usr/lib/python3.12/re/_compiler.py
IE_TRACE:                 Modified var:.. p = [(AT, AT_BEGINNING), (MAX_REPEAT, (1, MAXREPEAT, [(IN, [(RANGE, (97, 122)), (RANGE, (65, 90)), (RANGE, (48, 57)), (LITERAL, 95)])])), (MAX_REPEAT, (0, MAXREPEAT, [(IN, [(CATEGORY, CATEGORY_SPACE)])])), (LITERAL, 40), (MAX_REPEAT, (0, MAXREPEAT, [(I...AX_REPEAT, (0, MAXREPEAT, [(ANY, None)]))])), (LITERAL, 41), (MAX_REPEAT, (0, 1, [(LITERAL, 59)])), (MIN_REPEAT, (0, MAXREPEAT, [(IN, [(CATEGORY, CATEGORY_SPACE)])])), (MAX_REPEAT, (0, MAXREPEAT, [(IN, [(CATEGORY, CATEGORY_SPACE)])])), (AT, AT_END)]
IE_TRACE:                 15:21:35.214129 line       749     code = _code(p, flags)
IE_TRACE:                     Starting var:.. p = [(AT, AT_BEGINNING), (MAX_REPEAT, (1, MAXREPEAT, [(IN, [(RANGE, (97, 122)), (RANGE, (65, 90)), (RANGE, (48, 57)), (LITERAL, 95)])])), (MAX_REPEAT, (0, MAXREPEAT, [(IN, [(CATEGORY, CATEGORY_SPACE)])])), (LITERAL, 40), (MAX_REPEAT, (0, MAXREPEAT, [(I...AX_REPEAT, (0, MAXREPEAT, [(ANY, None)]))])), (LITERAL, 41), (MAX_REPEAT, (0, 1, [(LITERAL, 59)])), (MIN_REPEAT, (0, MAXREPEAT, [(IN, [(CATEGORY, CATEGORY_SPACE)])])), (MAX_REPEAT, (0, MAXREPEAT, [(IN, [(CATEGORY, CATEGORY_SPACE)])])), (AT, AT_END)]
IE_TRACE:                     Starting var:.. flags = 0
IE_TRACE:                     15:21:35.214182 call       573 def _code(p, flags):
IE_TRACE:                     15:21:35.214224 line       575     flags = p.state.flags | flags
IE_TRACE:                     Modified var:.. flags = 48
IE_TRACE:                     15:21:35.214254 line       576     code = []
IE_TRACE:                     New var:....... code = []
IE_TRACE:                     15:21:35.214288 line       579     _compile_info(code, p, flags)
IE_TRACE:                         Starting var:.. code = []
IE_TRACE:                         Starting var:.. pattern = [(AT, AT_BEGINNING), (MAX_REPEAT, (1, MAXREPEAT, [(IN, [(RANGE, (97, 122)), (RANGE, (65, 90)), (RANGE, (48, 57)), (LITERAL, 95)])])), (MAX_REPEAT, (0, MAXREPEAT, [(IN, [(CATEGORY, CATEGORY_SPACE)])])), (LITERAL, 40), (MAX_REPEAT, (0, MAXREPEAT, [(I...AX_REPEAT, (0, MAXREPEAT, [(ANY, None)]))])), (LITERAL, 41), (MAX_REPEAT, (0, 1, [(LITERAL, 59)])), (MIN_REPEAT, (0, MAXREPEAT, [(IN, [(CATEGORY, CATEGORY_SPACE)])])), (MAX_REPEAT, (0, MAXREPEAT, [(IN, [(CATEGORY, CATEGORY_SPACE)])])), (AT, AT_END)]
IE_TRACE:                         Starting var:.. flags = 48
IE_TRACE:                         15:21:35.214337 call       511 def _compile_info(code, pattern, flags):
IE_TRACE:                         15:21:35.214389 line       515     lo, hi = pattern.getwidth()
IE_TRACE:                             Source path:... /usr/lib/python3.12/re/_parser.py
IE_TRACE:                             Starting var:.. self = [(AT, AT_BEGINNING), (MAX_REPEAT, (1, MAXREPEAT, [(IN, [(RANGE, (97, 122)), (RANGE, (65, 90)), (RANGE, (48, 57)), (LITERAL, 95)])])), (MAX_REPEAT, (0, MAXREPEAT, [(IN, [(CATEGORY, CATEGORY_SPACE)])])), (LITERAL, 40), (MAX_REPEAT, (0, MAXREPEAT, [(I...AX_REPEAT, (0, MAXREPEAT, [(ANY, None)]))])), (LITERAL, 41), (MAX_REPEAT, (0, 1, [(LITERAL, 59)])), (MIN_REPEAT, (0, MAXREPEAT, [(IN, [(CATEGORY, CATEGORY_SPACE)])])), (MAX_REPEAT, (0, MAXREPEAT, [(IN, [(CATEGORY, CATEGORY_SPACE)])])), (AT, AT_END)]
IE_TRACE:                             15:21:35.214428 call       178     def getwidth(self):
IE_TRACE:                             15:21:35.214472 line       180         if self.width is not None:
IE_TRACE:                             15:21:35.214506 line       182         lo = hi = 0
IE_TRACE:                             New var:....... lo = 0
IE_TRACE:                             New var:....... hi = 0
IE_TRACE:                             15:21:35.214538 line       183         for op, av in self.data:
IE_TRACE:                             New var:....... op = AT
IE_TRACE:                             New var:....... av = AT_BEGINNING
IE_TRACE:                             15:21:35.214605 line       184             if op is BRANCH:
IE_TRACE:                             15:21:35.214656 line       193             elif op is ATOMIC_GROUP:
IE_TRACE:                             15:21:35.214695 line       197             elif op is SUBPATTERN:
IE_TRACE:                             15:21:35.214732 line       201             elif op in _REPEATCODES:
IE_TRACE:                             15:21:35.214769 line       208             elif op in _UNITCODES:
IE_TRACE:                             15:21:35.214806 line       211             elif op is GROUPREF:
IE_TRACE:                             15:21:35.214843 line       215             elif op is GROUPREF_EXISTS:
IE_TRACE:                             15:21:35.214879 line       225             elif op is SUCCESS:
IE_TRACE:                             15:21:35.214916 line       183         for op, av in self.data:
IE_TRACE:                             Modified var:.. op = MAX_REPEAT
IE_TRACE:                             Modified var:.. av = (1, MAXREPEAT, [(IN, [(RANGE, (97, 122)), (RANGE, (65, 90)), (RANGE, (48, 57)), (LITERAL, 95)])])
IE_TRACE:                             15:21:35.214952 line       184             if op is BRANCH:
IE_TRACE:                             15:21:35.215000 line       193             elif op is ATOMIC_GROUP:
IE_TRACE:                             15:21:35.215040 line       197             elif op is SUBPATTERN:
IE_TRACE:                             15:21:35.215079 line       201             elif op in _REPEATCODES:
IE_TRACE:                             15:21:35.215118 line       202                 i, j = av[2].getwidth()
IE_TRACE:                                 Starting var:.. self = [(IN, [(RANGE, (97, 122)), (RANGE, (65, 90)), (RANGE, (48, 57)), (LITERAL, 95)])]
IE_TRACE:                                 15:21:35.215159 call       178     def getwidth(self):
IE_TRACE:                                 15:21:35.215188 line       180         if self.width is not None:
IE_TRACE:                                 15:21:35.215211 line       182         lo = hi = 0
IE_TRACE:                                 New var:....... lo = 0
IE_TRACE:                                 New var:....... hi = 0
IE_TRACE:                                 15:21:35.215234 line       183         for op, av in self.data:
IE_TRACE:                                 New var:....... op = IN
IE_TRACE:                                 New var:....... av = [(RANGE, (97, 122)), (RANGE, (65, 90)), (RANGE, (48, 57)), (LITERAL, 95)]
IE_TRACE:                                 15:21:35.215268 line       184             if op is BRANCH:
IE_TRACE:                                 15:21:35.215306 line       193             elif op is ATOMIC_GROUP:
IE_TRACE:                                 15:21:35.215336 line       197             elif op is SUBPATTERN:
IE_TRACE:                                 15:21:35.215365 line       201             elif op in _REPEATCODES:
IE_TRACE:                                 15:21:35.215395 line       208             elif op in _UNITCODES:
IE_TRACE:                                 15:21:35.215424 line       209                 lo = lo + 1
IE_TRACE:                                 Modified var:.. lo = 1
IE_TRACE:                                 15:21:35.215454 line       210                 hi = hi + 1
IE_TRACE:                                 Modified var:.. hi = 1
IE_TRACE:                                 15:21:35.215488 line       183         for op, av in self.data:
IE_TRACE:                                 15:21:35.215523 line       227         self.width = min(lo, MAXWIDTH), min(hi, MAXWIDTH)
IE_TRACE:                                 15:21:35.215554 line       228         return self.width
IE_TRACE:                                 15:21:35.215587 return     228         return self.width
IE_TRACE:                                 Return value:.. (1, 1)
IE_TRACE:                             New var:....... i = 1
IE_TRACE:                             New var:....... j = 1
IE_TRACE:                             15:21:35.215626 line       203                 lo = lo + i * av[0]
IE_TRACE:                             Modified var:.. lo = 1
IE_TRACE:                             15:21:35.215681 line       204                 if av[1] == MAXREPEAT and j:
IE_TRACE:                             15:21:35.215729 line       205                     hi = MAXWIDTH
IE_TRACE:                             Modified var:.. hi = 18446744073709551616
IE_TRACE:                             15:21:35.215771 line       183         for op, av in self.data:
IE_TRACE:                             Modified var:.. av = (0, MAXREPEAT, [(IN, [(CATEGORY, CATEGORY_SPACE)])])
IE_TRACE:                             15:21:35.215818 line       184             if op is BRANCH:
IE_TRACE:                             15:21:35.215862 line       193             elif op is ATOMIC_GROUP:
IE_TRACE:                             15:21:35.215902 line       197             elif op is SUBPATTERN:
IE_TRACE:                             15:21:35.215942 line       201             elif op in _REPEATCODES:
IE_TRACE:                             15:21:35.215981 line       202                 i, j = av[2].getwidth()
IE_TRACE:                                 Starting var:.. self = [(IN, [(CATEGORY, CATEGORY_SPACE)])]
IE_TRACE:                                 15:21:35.216022 call       178     def getwidth(self):
IE_TRACE:                                 15:21:35.216049 line       180         if self.width is not None:
IE_TRACE:                                 15:21:35.216071 line       182         lo = hi = 0
IE_TRACE:                                 New var:....... lo = 0
IE_TRACE:                                 New var:....... hi = 0
IE_TRACE:                                 15:21:35.216093 line       183         for op, av in self.data:
IE_TRACE:                                 New var:....... op = IN
IE_TRACE:                                 New var:....... av = [(CATEGORY, CATEGORY_SPACE)]
IE_TRACE:                                 15:21:35.216125 line       184             if op is BRANCH:
IE_TRACE:                                 15:21:35.216160 line       193             elif op is ATOMIC_GROUP:
IE_TRACE:                                 15:21:35.216187 line       197             elif op is SUBPATTERN:
IE_TRACE:                                 15:21:35.216214 line       201             elif op in _REPEATCODES:
IE_TRACE:                                 15:21:35.216241 line       208             elif op in _UNITCODES:
IE_TRACE:                                 15:21:35.216267 line       209                 lo = lo + 1
IE_TRACE:                                 Modified var:.. lo = 1
IE_TRACE:                                 15:21:35.216293 line       210                 hi = hi + 1
IE_TRACE:                                 Modified var:.. hi = 1
IE_TRACE:                                 15:21:35.216323 line       183         for op, av in self.data:
IE_TRACE:                                 15:21:35.216354 line       227         self.width = min(lo, MAXWIDTH), min(hi, MAXWIDTH)
IE_TRACE:                                 15:21:35.216381 line       228         return self.width
IE_TRACE:                                 15:21:35.216407 return     228         return self.width
IE_TRACE:                                 Return value:.. (1, 1)
IE_TRACE:                             15:21:35.216439 line       203                 lo = lo + i * av[0]
IE_TRACE:                             15:21:35.216480 line       204                 if av[1] == MAXREPEAT and j:
IE_TRACE:                             15:21:35.216520 line       205                     hi = MAXWIDTH
IE_TRACE:                             15:21:35.216560 line       183         for op, av in self.data:
IE_TRACE:                             Modified var:.. op = LITERAL
IE_TRACE:                             Modified var:.. av = 40
IE_TRACE:                             15:21:35.216603 line       184             if op is BRANCH:
IE_TRACE:                             15:21:35.216650 line       193             elif op is ATOMIC_GROUP:
IE_TRACE:                             15:21:35.216689 line       197             elif op is SUBPATTERN:
IE_TRACE:                             15:21:35.216727 line       201             elif op in _REPEATCODES:
IE_TRACE:                             15:21:35.216765 line       208             elif op in _UNITCODES:
IE_TRACE:                             15:21:35.216803 line       209                 lo = lo + 1
IE_TRACE:                             Modified var:.. lo = 2
IE_TRACE:                             15:21:35.216841 line       210                 hi = hi + 1
IE_TRACE:                             Modified var:.. hi = 18446744073709551617
IE_TRACE:                             15:21:35.216883 line       183         for op, av in self.data:
IE_TRACE:                             Modified var:.. op = MAX_REPEAT
IE_TRACE:                             Modified var:.. av = (0, MAXREPEAT, [(IN, [(CATEGORY, CATEGORY_SPACE)])])
IE_TRACE:                             15:21:35.216925 line       184             if op is BRANCH:
IE_TRACE:                             15:21:35.216972 line       193             elif op is ATOMIC_GROUP:
IE_TRACE:                             15:21:35.217012 line       197             elif op is SUBPATTERN:
IE_TRACE:                             15:21:35.217051 line       201             elif op in _REPEATCODES:
IE_TRACE:                             15:21:35.217090 line       202                 i, j = av[2].getwidth()
IE_TRACE:                                 Starting var:.. self = [(IN, [(CATEGORY, CATEGORY_SPACE)])]
IE_TRACE:                                 15:21:35.217131 call       178     def getwidth(self):
IE_TRACE:                                 15:21:35.217157 line       180         if self.width is not None:
IE_TRACE:                                 15:21:35.217178 line       182         lo = hi = 0
IE_TRACE:                                 New var:....... lo = 0
IE_TRACE:                                 New var:....... hi = 0
IE_TRACE:                                 15:21:35.217200 line       183         for op, av in self.data:
IE_TRACE:                                 New var:....... op = IN
IE_TRACE:                                 New var:....... av = [(CATEGORY, CATEGORY_SPACE)]
IE_TRACE:                                 15:21:35.217232 line       184             if op is BRANCH:
IE_TRACE:                                 15:21:35.217267 line       193             elif op is ATOMIC_GROUP:
IE_TRACE:                                 15:21:35.217294 line       197             elif op is SUBPATTERN:
IE_TRACE:                                 15:21:35.217320 line       201             elif op in _REPEATCODES:
IE_TRACE:                                 15:21:35.217346 line       208             elif op in _UNITCODES:
IE_TRACE:                                 15:21:35.217372 line       209                 lo = lo + 1
IE_TRACE:                                 Modified var:.. lo = 1
IE_TRACE:                                 15:21:35.217398 line       210                 hi = hi + 1
IE_TRACE:                                 Modified var:.. hi = 1
IE_TRACE:                                 15:21:35.217429 line       183         for op, av in self.data:
IE_TRACE:                                 15:21:35.217459 line       227         self.width = min(lo, MAXWIDTH), min(hi, MAXWIDTH)
IE_TRACE:                                 15:21:35.217486 line       228         return self.width
IE_TRACE:                                 15:21:35.217512 return     228         return self.width
IE_TRACE:                                 Return value:.. (1, 1)
IE_TRACE:                             15:21:35.217544 line       203                 lo = lo + i * av[0]
IE_TRACE:                             15:21:35.217587 line       204                 if av[1] == MAXREPEAT and j:
IE_TRACE:                             15:21:35.217626 line       205                     hi = MAXWIDTH
IE_TRACE:                             Modified var:.. hi = 18446744073709551616
IE_TRACE:                             15:21:35.217666 line       183         for op, av in self.data:
IE_TRACE:                             Modified var:.. op = SUBPATTERN
IE_TRACE:                             Modified var:.. av = (1, 0, 0, [(MAX_REPEAT, (0, MAXREPEAT, [(ANY, None)]))])
IE_TRACE:                             15:21:35.217713 line       184             if op is BRANCH:
IE_TRACE:                             15:21:35.217762 line       193             elif op is ATOMIC_GROUP:
IE_TRACE:                             15:21:35.217803 line       197             elif op is SUBPATTERN:
IE_TRACE:                             15:21:35.217844 line       198                 i, j = av[-1].getwidth()
IE_TRACE:                                 Starting var:.. self = [(MAX_REPEAT, (0, MAXREPEAT, [(ANY, None)]))]
IE_TRACE:                                 15:21:35.217887 call       178     def getwidth(self):
IE_TRACE:                                 15:21:35.217913 line       180         if self.width is not None:
IE_TRACE:                                 15:21:35.217936 line       181             return self.width
IE_TRACE:                                 15:21:35.217958 return     181             return self.width
IE_TRACE:                                 Return value:.. (0, 18446744073709551616)
IE_TRACE:                             Modified var:.. i = 0
IE_TRACE:                             Modified var:.. j = 18446744073709551616
IE_TRACE:                             15:21:35.217985 line       199                 lo = lo + i
IE_TRACE:                             15:21:35.218034 line       200                 hi = hi + j
IE_TRACE:                             Modified var:.. hi = 36893488147419103232
IE_TRACE:                             15:21:35.218075 line       183         for op, av in self.data:
IE_TRACE:                             Modified var:.. op = LITERAL
IE_TRACE:                             Modified var:.. av = 41
IE_TRACE:                             15:21:35.218120 line       184             if op is BRANCH:
IE_TRACE:                             15:21:35.218166 line       193             elif op is ATOMIC_GROUP:
IE_TRACE:                             15:21:35.218205 line       197             elif op is SUBPATTERN:
IE_TRACE:                             15:21:35.218243 line       201             elif op in _REPEATCODES:
IE_TRACE:                             15:21:35.218280 line       208             elif op in _UNITCODES:
IE_TRACE:                             15:21:35.218319 line       209                 lo = lo + 1
IE_TRACE:                             Modified var:.. lo = 3
IE_TRACE:                             15:21:35.218357 line       210                 hi = hi + 1
IE_TRACE:                             Modified var:.. hi = 36893488147419103233
IE_TRACE:                             15:21:35.218399 line       183         for op, av in self.data:
IE_TRACE:                             Modified var:.. op = MAX_REPEAT
IE_TRACE:                             Modified var:.. av = (0, 1, [(LITERAL, 59)])
IE_TRACE:                             15:21:35.218441 line       184             if op is BRANCH:
IE_TRACE:                             15:21:35.218488 line       193             elif op is ATOMIC_GROUP:
IE_TRACE:                             15:21:35.218527 line       197             elif op is SUBPATTERN:
IE_TRACE:                             15:21:35.218569 line       201             elif op in _REPEATCODES:
IE_TRACE:                             15:21:35.218608 line       202                 i, j = av[2].getwidth()
IE_TRACE:                                 Starting var:.. self = [(LITERAL, 59)]
IE_TRACE:                                 15:21:35.218648 call       178     def getwidth(self):
IE_TRACE:                                 15:21:35.218674 line       180         if self.width is not None:
IE_TRACE:                                 15:21:35.218696 line       182         lo = hi = 0
IE_TRACE:                                 New var:....... lo = 0
IE_TRACE:                                 New var:....... hi = 0
IE_TRACE:                                 15:21:35.218717 line       183         for op, av in self.data:
IE_TRACE:                                 New var:....... op = LITERAL
IE_TRACE:                                 New var:....... av = 59
IE_TRACE:                                 15:21:35.218748 line       184             if op is BRANCH:
IE_TRACE:                                 15:21:35.218782 line       193             elif op is ATOMIC_GROUP:
IE_TRACE:                                 15:21:35.218808 line       197             elif op is SUBPATTERN:
IE_TRACE:                                 15:21:35.218835 line       201             elif op in _REPEATCODES:
IE_TRACE:                                 15:21:35.218861 line       208             elif op in _UNITCODES:
IE_TRACE:                                 15:21:35.218886 line       209                 lo = lo + 1
IE_TRACE:                                 Modified var:.. lo = 1
IE_TRACE:                                 15:21:35.218912 line       210                 hi = hi + 1
IE_TRACE:                                 Modified var:.. hi = 1
IE_TRACE:                                 15:21:35.218942 line       183         for op, av in self.data:
IE_TRACE:                                 15:21:35.218971 line       227         self.width = min(lo, MAXWIDTH), min(hi, MAXWIDTH)
IE_TRACE:                                 15:21:35.218997 line       228         return self.width
IE_TRACE:                                 15:21:35.219023 return     228         return self.width
IE_TRACE:                                 Return value:.. (1, 1)
IE_TRACE:                             Modified var:.. i = 1
IE_TRACE:                             Modified var:.. j = 1
IE_TRACE:                             15:21:35.219054 line       203                 lo = lo + i * av[0]
IE_TRACE:                             15:21:35.219103 line       204                 if av[1] == MAXREPEAT and j:
IE_TRACE:                             15:21:35.219143 line       207                     hi = hi + j * av[1]
IE_TRACE:                             Modified var:.. hi = 36893488147419103234
IE_TRACE:                             15:21:35.219183 line       183         for op, av in self.data:
IE_TRACE:                             Modified var:.. op = MIN_REPEAT
IE_TRACE:                             Modified var:.. av = (0, MAXREPEAT, [(IN, [(CATEGORY, CATEGORY_SPACE)])])
IE_TRACE:                             15:21:35.219226 line       184             if op is BRANCH:
IE_TRACE:                             15:21:35.219274 line       193             elif op is ATOMIC_GROUP:
IE_TRACE:                             15:21:35.219313 line       197             elif op is SUBPATTERN:
IE_TRACE:                             15:21:35.219353 line       201             elif op in _REPEATCODES:
IE_TRACE:                             15:21:35.219392 line       202                 i, j = av[2].getwidth()
IE_TRACE:                                 Starting var:.. self = [(IN, [(CATEGORY, CATEGORY_SPACE)])]
IE_TRACE:                                 15:21:35.219433 call       178     def getwidth(self):
IE_TRACE:                                 15:21:35.219459 line       180         if self.width is not None:
IE_TRACE:                                 15:21:35.219480 line       182         lo = hi = 0
IE_TRACE:                                 New var:....... lo = 0
IE_TRACE:                                 New var:....... hi = 0
IE_TRACE:                                 15:21:35.219502 line       183         for op, av in self.data:
IE_TRACE:                                 New var:....... op = IN
IE_TRACE:                                 New var:....... av = [(CATEGORY, CATEGORY_SPACE)]
IE_TRACE:                                 15:21:35.219534 line       184             if op is BRANCH:
IE_TRACE:                                 15:21:35.219569 line       193             elif op is ATOMIC_GROUP:
IE_TRACE:                                 15:21:35.219600 line       197             elif op is SUBPATTERN:
IE_TRACE:                                 15:21:35.219627 line       201             elif op in _REPEATCODES:
IE_TRACE:                                 15:21:35.219653 line       208             elif op in _UNITCODES:
IE_TRACE:                                 15:21:35.219679 line       209                 lo = lo + 1
IE_TRACE:                                 Modified var:.. lo = 1
IE_TRACE:                                 15:21:35.219705 line       210                 hi = hi + 1
IE_TRACE:                                 Modified var:.. hi = 1
IE_TRACE:                                 15:21:35.219736 line       183         for op, av in self.data:
IE_TRACE:                                 15:21:35.219766 line       227         self.width = min(lo, MAXWIDTH), min(hi, MAXWIDTH)
IE_TRACE:                                 15:21:35.219793 line       228         return self.width
IE_TRACE:                                 15:21:35.219819 return     228         return self.width
IE_TRACE:                                 Return value:.. (1, 1)
IE_TRACE:                             15:21:35.219851 line       203                 lo = lo + i * av[0]
IE_TRACE:                             15:21:35.219892 line       204                 if av[1] == MAXREPEAT and j:
IE_TRACE:                             15:21:35.219932 line       205                     hi = MAXWIDTH
IE_TRACE:                             Modified var:.. hi = 18446744073709551616
IE_TRACE:                             15:21:35.219971 line       183         for op, av in self.data:
IE_TRACE:                             Modified var:.. op = MAX_REPEAT
IE_TRACE:                             15:21:35.220014 line       184             if op is BRANCH:
IE_TRACE:                             15:21:35.220057 line       193             elif op is ATOMIC_GROUP:
IE_TRACE:                             15:21:35.220096 line       197             elif op is SUBPATTERN:
IE_TRACE:                             15:21:35.220135 line       201             elif op in _REPEATCODES:
IE_TRACE:                             15:21:35.220174 line       202                 i, j = av[2].getwidth()
IE_TRACE:                                 Starting var:.. self = [(IN, [(CATEGORY, CATEGORY_SPACE)])]
IE_TRACE:                                 15:21:35.220215 call       178     def getwidth(self):
IE_TRACE:                                 15:21:35.220241 line       180         if self.width is not None:
IE_TRACE:                                 15:21:35.220262 line       182         lo = hi = 0
IE_TRACE:                                 New var:....... lo = 0
IE_TRACE:                                 New var:....... hi = 0
IE_TRACE:                                 15:21:35.220284 line       183         for op, av in self.data:
IE_TRACE:                                 New var:....... op = IN
IE_TRACE:                                 New var:....... av = [(CATEGORY, CATEGORY_SPACE)]
IE_TRACE:                                 15:21:35.220315 line       184             if op is BRANCH:
IE_TRACE:                                 15:21:35.220349 line       193             elif op is ATOMIC_GROUP:
IE_TRACE:                                 15:21:35.220376 line       197             elif op is SUBPATTERN:
IE_TRACE:                                 15:21:35.220402 line       201             elif op in _REPEATCODES:
IE_TRACE:                                 15:21:35.220429 line       208             elif op in _UNITCODES:
IE_TRACE:                                 15:21:35.220455 line       209                 lo = lo + 1
IE_TRACE:                                 Modified var:.. lo = 1
IE_TRACE:                                 15:21:35.220481 line       210                 hi = hi + 1
IE_TRACE:                                 Modified var:.. hi = 1
IE_TRACE:                                 15:21:35.220511 line       183         for op, av in self.data:
IE_TRACE:                                 15:21:35.220541 line       227         self.width = min(lo, MAXWIDTH), min(hi, MAXWIDTH)
IE_TRACE:                                 15:21:35.220569 line       228         return self.width
IE_TRACE:                                 15:21:35.220597 return     228         return self.width
IE_TRACE:                                 Return value:.. (1, 1)
IE_TRACE:                             15:21:35.220628 line       203                 lo = lo + i * av[0]
IE_TRACE:                             15:21:35.220669 line       204                 if av[1] == MAXREPEAT and j:
IE_TRACE:                             15:21:35.220708 line       205                     hi = MAXWIDTH
IE_TRACE:                             15:21:35.220747 line       183         for op, av in self.data:
IE_TRACE:                             Modified var:.. op = AT
IE_TRACE:                             Modified var:.. av = AT_END
IE_TRACE:                             15:21:35.220787 line       184             if op is BRANCH:
IE_TRACE:                             15:21:35.220833 line       193             elif op is ATOMIC_GROUP:
IE_TRACE:                             15:21:35.220872 line       197             elif op is SUBPATTERN:
IE_TRACE:                             15:21:35.220910 line       201             elif op in _REPEATCODES:
IE_TRACE:                             15:21:35.220948 line       208             elif op in _UNITCODES:
IE_TRACE:                             15:21:35.220986 line       211             elif op is GROUPREF:
IE_TRACE:                             15:21:35.221024 line       215             elif op is GROUPREF_EXISTS:
IE_TRACE:                             15:21:35.221062 line       225             elif op is SUCCESS:
IE_TRACE:                             15:21:35.221100 line       183         for op, av in self.data:
IE_TRACE:                             15:21:35.221138 line       227         self.width = min(lo, MAXWIDTH), min(hi, MAXWIDTH)
IE_TRACE:                             15:21:35.221177 line       228         return self.width
IE_TRACE:                             15:21:35.221216 return     228         return self.width
IE_TRACE:                             Return value:.. (3, 18446744073709551616)
IE_TRACE:                         Source path:... /usr/lib/python3.12/re/_compiler.py
IE_TRACE:                         New var:....... lo = 3
IE_TRACE:                         New var:....... hi = 18446744073709551616
IE_TRACE:                         15:21:35.221261 line       516     if hi > MAXCODE:
IE_TRACE:                         15:21:35.221315 line       517         hi = MAXCODE
IE_TRACE:                         Modified var:.. hi = 4294967295
IE_TRACE:                         15:21:35.221352 line       518     if lo == 0:
IE_TRACE:                         15:21:35.221393 line       522     prefix = []
IE_TRACE:                         New var:....... prefix = []
IE_TRACE:                         15:21:35.221428 line       523     prefix_skip = 0
IE_TRACE:                         New var:....... prefix_skip = 0
IE_TRACE:                         15:21:35.221470 line       524     charset = [] # not used
IE_TRACE:                         New var:....... charset = []
IE_TRACE:                         15:21:35.221513 line       525     if not (flags & SRE_FLAG_IGNORECASE and flags & SRE_FLAG_LOCALE):
IE_TRACE:                         15:21:35.221557 line       527         prefix, prefix_skip, got_all = _get_literal_prefix(pattern, flags)
IE_TRACE:                             Starting var:.. pattern = [(AT, AT_BEGINNING), (MAX_REPEAT, (1, MAXREPEAT, [(IN, [(RANGE, (97, 122)), (RANGE, (65, 90)), (RANGE, (48, 57)), (LITERAL, 95)])])), (MAX_REPEAT, (0, MAXREPEAT, [(IN, [(CATEGORY, CATEGORY_SPACE)])])), (LITERAL, 40), (MAX_REPEAT, (0, MAXREPEAT, [(I...AX_REPEAT, (0, MAXREPEAT, [(ANY, None)]))])), (LITERAL, 41), (MAX_REPEAT, (0, 1, [(LITERAL, 59)])), (MIN_REPEAT, (0, MAXREPEAT, [(IN, [(CATEGORY, CATEGORY_SPACE)])])), (MAX_REPEAT, (0, MAXREPEAT, [(IN, [(CATEGORY, CATEGORY_SPACE)])])), (AT, AT_END)]
IE_TRACE:                             Starting var:.. flags = 48
IE_TRACE:                             15:21:35.221610 call       436 def _get_literal_prefix(pattern, flags):
IE_TRACE:                             15:21:35.221657 line       438     prefix = []
IE_TRACE:                             New var:....... prefix = []
IE_TRACE:                             15:21:35.221691 line       439     prefixappend = prefix.append
IE_TRACE:                             New var:....... prefixappend = <built-in method append of list object at 0x72cf9fa63ac0>
IE_TRACE:                             15:21:35.221731 line       440     prefix_skip = None
IE_TRACE:                             New var:....... prefix_skip = None
IE_TRACE:                             15:21:35.221773 line       441     iscased = _get_iscased(flags)
IE_TRACE:                                 Starting var:.. flags = 48
IE_TRACE:                                 15:21:35.221818 call       428 def _get_iscased(flags):
IE_TRACE:                                 15:21:35.221841 line       429     if not flags & SRE_FLAG_IGNORECASE:
IE_TRACE:                                 15:21:35.221858 line       430         return None
IE_TRACE:                                 15:21:35.221875 return     430         return None
IE_TRACE:                                 Return value:.. None
IE_TRACE:                             New var:....... iscased = None
IE_TRACE:                             15:21:35.221899 line       442     for op, av in pattern.data:
IE_TRACE:                             New var:....... op = AT
IE_TRACE:                             New var:....... av = AT_BEGINNING
IE_TRACE:                             15:21:35.221945 line       443         if op is LITERAL:
IE_TRACE:                             15:21:35.221996 line       447         elif op is SUBPATTERN:
IE_TRACE:                             15:21:35.222040 line       462             break
IE_TRACE:                             15:21:35.222082 line       465     return prefix, prefix_skip, False
IE_TRACE:                             15:21:35.222126 return     465     return prefix, prefix_skip, False
IE_TRACE:                             Return value:.. ([], None, False)
IE_TRACE:                         Modified var:.. prefix_skip = None
IE_TRACE:                         New var:....... got_all = False
IE_TRACE:                         15:21:35.222176 line       529         if not prefix:
IE_TRACE:                         15:21:35.222228 line       530             charset = _get_charset_prefix(pattern, flags)
IE_TRACE:                             Starting var:.. pattern = [(AT, AT_BEGINNING), (MAX_REPEAT, (1, MAXREPEAT, [(IN, [(RANGE, (97, 122)), (RANGE, (65, 90)), (RANGE, (48, 57)), (LITERAL, 95)])])), (MAX_REPEAT, (0, MAXREPEAT, [(IN, [(CATEGORY, CATEGORY_SPACE)])])), (LITERAL, 40), (MAX_REPEAT, (0, MAXREPEAT, [(I...AX_REPEAT, (0, MAXREPEAT, [(ANY, None)]))])), (LITERAL, 41), (MAX_REPEAT, (0, 1, [(LITERAL, 59)])), (MIN_REPEAT, (0, MAXREPEAT, [(IN, [(CATEGORY, CATEGORY_SPACE)])])), (MAX_REPEAT, (0, MAXREPEAT, [(IN, [(CATEGORY, CATEGORY_SPACE)])])), (AT, AT_END)]
IE_TRACE:                             Starting var:.. flags = 48
IE_TRACE:                             15:21:35.222283 call       467 def _get_charset_prefix(pattern, flags):
IE_TRACE:                             15:21:35.222331 line       468     while True:
IE_TRACE:                             15:21:35.222365 line       469         if not pattern.data:
IE_TRACE:                             15:21:35.222399 line       471         op, av = pattern.data[0]
IE_TRACE:                             New var:....... op = AT
IE_TRACE:                             New var:....... av = AT_BEGINNING
IE_TRACE:                             15:21:35.222432 line       472         if op is not SUBPATTERN:
IE_TRACE:                             15:21:35.222476 line       473             break
IE_TRACE:                             15:21:35.222512 line       479     iscased = _get_iscased(flags)
IE_TRACE:                                 Starting var:.. flags = 48
IE_TRACE:                                 15:21:35.222548 call       428 def _get_iscased(flags):
IE_TRACE:                                 15:21:35.222573 line       429     if not flags & SRE_FLAG_IGNORECASE:
IE_TRACE:                                 15:21:35.222596 line       430         return None
IE_TRACE:                                 15:21:35.222637 return     430         return None
IE_TRACE:                                 Return value:.. None
IE_TRACE:                             New var:....... iscased = None
IE_TRACE:                             15:21:35.222713 line       480     if op is LITERAL:
IE_TRACE:                             15:21:35.222794 line       484     elif op is BRANCH:
IE_TRACE:                             15:21:35.222846 line       496     elif op is IN:
IE_TRACE:                             15:21:35.223041 line       509     return None
IE_TRACE:                             15:21:35.223105 return     509     return None
IE_TRACE:                             Return value:.. None
IE_TRACE:                         Modified var:.. charset = None
IE_TRACE:                         15:21:35.223173 line       536     emit = code.append
IE_TRACE:                         New var:....... emit = <built-in method append of list object at 0x72cf9fcda140>
IE_TRACE:                         15:21:35.223248 line       537     emit(INFO)
IE_TRACE:                         Modified var:.. code = [INFO]
IE_TRACE:                         15:21:35.223321 line       538     skip = len(code); emit(0)
IE_TRACE:                         Modified var:.. code = [INFO, 0]
IE_TRACE:                         New var:....... skip = 1
IE_TRACE:                         15:21:35.223395 line       540     mask = 0
IE_TRACE:                         New var:....... mask = 0
IE_TRACE:                         15:21:35.223477 line       541     if prefix:
IE_TRACE:                         15:21:35.223551 line       545     elif charset:
IE_TRACE:                         15:21:35.223630 line       547     emit(mask)
IE_TRACE:                         Modified var:.. code = [INFO, 0, 0]
IE_TRACE:                         15:21:35.223704 line       549     if lo < MAXCODE:
IE_TRACE:                         15:21:35.223782 line       550         emit(lo)
IE_TRACE:                         Modified var:.. code = [INFO, 0, 0, 3]
IE_TRACE:                         15:21:35.223855 line       554     emit(hi)
IE_TRACE:                         Modified var:.. code = [INFO, 0, 0, 3, 4294967295]
IE_TRACE:                         15:21:35.223933 line       556     if prefix:
IE_TRACE:                         15:21:35.223995 line       564     elif charset:
IE_TRACE:                         15:21:35.224041 line       568     code[skip] = len(code) - skip
IE_TRACE:                         Modified var:.. code = [INFO, 4, 0, 3, 4294967295]
IE_TRACE:                         15:21:35.224088 return     568     code[skip] = len(code) - skip
IE_TRACE:                         Return value:.. None
IE_TRACE:                     Modified var:.. code = [INFO, 4, 0, 3, 4294967295]
IE_TRACE:                     15:21:35.224154 line       582     _compile(code, p.data, flags)
IE_TRACE:                         Starting var:.. code = [INFO, 4, 0, 3, 4294967295]
IE_TRACE:                         Starting var:.. pattern = [(AT, AT_BEGINNING), (MAX_REPEAT, (1, MAXREPEAT, [(IN, [(RANGE, (97, 122)), (RANGE, (65, 90)), (RANGE, (48, 57)), (LITERAL, 95)])])), (MAX_REPEAT, (0, MAXREPEAT, [(IN, [(CATEGORY, CATEGORY_SPACE)])])), (LITERAL, 40), (MAX_REPEAT, (0, MAXREPEAT, [(I...AX_REPEAT, (0, MAXREPEAT, [(ANY, None)]))])), (LITERAL, 41), (MAX_REPEAT, (0, 1, [(LITERAL, 59)])), (MIN_REPEAT, (0, MAXREPEAT, [(IN, [(CATEGORY, CATEGORY_SPACE)])])), (MAX_REPEAT, (0, MAXREPEAT, [(IN, [(CATEGORY, CATEGORY_SPACE)])])), (AT, AT_END)]
IE_TRACE:                         Starting var:.. flags = 48
IE_TRACE:                         15:21:35.224298 call        37 def _compile(code, pattern, flags):
IE_TRACE:                         15:21:35.224372 line        39     emit = code.append
IE_TRACE:                         New var:....... emit = <built-in method append of list object at 0x72cf9fcda140>
IE_TRACE:                         15:21:35.224417 line        40     _len = len
IE_TRACE:                         New var:....... _len = <built-in function len>
IE_TRACE:                         15:21:35.224466 line        41     LITERAL_CODES = _LITERAL_CODES
IE_TRACE:                         New var:....... LITERAL_CODES = {LITERAL, NOT_LITERAL}
IE_TRACE:                         15:21:35.224516 line        42     REPEATING_CODES = _REPEATING_CODES
IE_TRACE:                         New var:....... REPEATING_CODES = {MIN_REPEAT: (REPEAT, MIN_UNTIL, MIN_REPEAT_ONE), MAX_REPEAT: (REPEAT, MAX_UNTIL, REPEAT_ONE), POSSESSIVE_REPEAT: (POSSESSIVE_REPEAT, SUCCESS, POSSESSIVE_REPEAT_ONE)}
IE_TRACE:                         15:21:35.224581 line        43     SUCCESS_CODES = _SUCCESS_CODES
IE_TRACE:                         New var:....... SUCCESS_CODES = {FAILURE, SUCCESS}
IE_TRACE:                         15:21:35.224687 line        44     ASSERT_CODES = _ASSERT_CODES
IE_TRACE:                         New var:....... ASSERT_CODES = {ASSERT, ASSERT_NOT}
IE_TRACE:                         15:21:35.224745 line        45     iscased = None
IE_TRACE:                         New var:....... iscased = None
IE_TRACE:                         15:21:35.224805 line        46     tolower = None
IE_TRACE:                         New var:....... tolower = None
IE_TRACE:                         15:21:35.224865 line        47     fixes = None
IE_TRACE:                         New var:....... fixes = None
IE_TRACE:                         15:21:35.224927 line        48     if flags & SRE_FLAG_IGNORECASE and not flags & SRE_FLAG_LOCALE:
IE_TRACE:                         15:21:35.224990 line        56     for op, av in pattern:
IE_TRACE:                         New var:....... op = AT
IE_TRACE:                         New var:....... av = AT_BEGINNING
IE_TRACE:                         15:21:35.225047 line        57         if op in LITERAL_CODES:
IE_TRACE:                         15:21:35.225119 line        85         elif op is IN:
IE_TRACE:                         15:21:35.225180 line        98         elif op is ANY:
IE_TRACE:                         15:21:35.225240 line       103         elif op in REPEATING_CODES:
IE_TRACE:                         15:21:35.225299 line       122         elif op is SUBPATTERN:
IE_TRACE:                         15:21:35.225359 line       132         elif op is ATOMIC_GROUP:
IE_TRACE:                         15:21:35.225417 line       143         elif op in SUCCESS_CODES:
IE_TRACE:                         15:21:35.225476 line       145         elif op in ASSERT_CODES:
IE_TRACE:                         15:21:35.225535 line       160         elif op is AT:
IE_TRACE:                         15:21:35.225599 line       161             emit(op)
IE_TRACE:                         Modified var:.. code = [INFO, 4, 0, 3, 4294967295, AT]
IE_TRACE:                         15:21:35.225658 line       162             if flags & SRE_FLAG_MULTILINE:
IE_TRACE:                         15:21:35.225721 line       164             if flags & SRE_FLAG_LOCALE:
IE_TRACE:                         15:21:35.225780 line       166             elif flags & SRE_FLAG_UNICODE:
IE_TRACE:                         15:21:35.225839 line       167                 av = AT_UNICODE.get(av, av)
IE_TRACE:                         15:21:35.225898 line       168             emit(av)
IE_TRACE:                         Modified var:.. code = [INFO, 4, 0, 3, 4294967295, AT, AT_BEGINNING]
IE_TRACE:                         15:21:35.225958 line        56     for op, av in pattern:
IE_TRACE:                         Modified var:.. op = MAX_REPEAT
IE_TRACE:                         Modified var:.. av = (1, MAXREPEAT, [(IN, [(RANGE, (97, 122)), (RANGE, (65, 90)), (RANGE, (48, 57)), (LITERAL, 95)])])
IE_TRACE:                         15:21:35.226023 line        57         if op in LITERAL_CODES:
IE_TRACE:                         15:21:35.226097 line        85         elif op is IN:
IE_TRACE:                         15:21:35.226160 line        98         elif op is ANY:
IE_TRACE:                         15:21:35.226221 line       103         elif op in REPEATING_CODES:
IE_TRACE:                         15:21:35.226283 line       104             if flags & SRE_FLAG_TEMPLATE:
IE_TRACE:                         15:21:35.226344 line       106             if _simple(av[2]):
IE_TRACE:                             Starting var:.. p = [(IN, [(RANGE, (97, 122)), (RANGE, (65, 90)), (RANGE, (48, 57)), (LITERAL, 95)])]
IE_TRACE:                             15:21:35.226413 call       398 def _simple(p):
IE_TRACE:                             15:21:35.226447 line       400     if len(p) != 1:
IE_TRACE:                                 Source path:... /usr/lib/python3.12/re/_parser.py
IE_TRACE:                                 Starting var:.. self = [(IN, [(RANGE, (97, 122)), (RANGE, (65, 90)), (RANGE, (48, 57)), (LITERAL, 95)])]
IE_TRACE:                                 15:21:35.226474 call       164     def __len__(self):
IE_TRACE:                                 15:21:35.226512 line       165         return len(self.data)
IE_TRACE:                                 15:21:35.226537 return     165         return len(self.data)
IE_TRACE:                                 Return value:.. 1
IE_TRACE:                             Source path:... /usr/lib/python3.12/re/_compiler.py
IE_TRACE:                             15:21:35.226572 line       402     op, av = p[0]
IE_TRACE:                                 Source path:... /usr/lib/python3.12/re/_parser.py
IE_TRACE:                                 Starting var:.. self = [(IN, [(RANGE, (97, 122)), (RANGE, (65, 90)), (RANGE, (48, 57)), (LITERAL, 95)])]
IE_TRACE:                                 Starting var:.. index = 0
IE_TRACE:                                 15:21:35.226604 call       168     def __getitem__(self, index):
IE_TRACE:                                 15:21:35.226645 line       169         if isinstance(index, slice):
IE_TRACE:                                 15:21:35.226671 line       171         return self.data[index]
IE_TRACE:                                 15:21:35.226696 return     171         return self.data[index]
IE_TRACE:                                 Return value:.. (IN, [(RANGE, (97, 122)), (RANGE, (65, 90)), (RANGE, (48, 57)), (LITERAL, 95)])
IE_TRACE:                             Source path:... /usr/lib/python3.12/re/_compiler.py
IE_TRACE:                             New var:....... op = IN
IE_TRACE:                             New var:....... av = [(RANGE, (97, 122)), (RANGE, (65, 90)), (RANGE, (48, 57)), (LITERAL, 95)]
IE_TRACE:                             15:21:35.226730 line       403     if op is SUBPATTERN:
IE_TRACE:                             15:21:35.226775 line       405     return op in _UNIT_CODES
IE_TRACE:                             15:21:35.226804 return     405     return op in _UNIT_CODES
IE_TRACE:                             Return value:.. True
IE_TRACE:                         15:21:35.226839 line       107                 emit(REPEATING_CODES[op][2])
IE_TRACE:                         Modified var:.. code = [INFO, 4, 0, 3, 4294967295, AT, AT_BEGINNING, REPEAT_ONE]
IE_TRACE:                         15:21:35.226905 line       108                 skip = _len(code); emit(0)
IE_TRACE:                         Modified var:.. code = [INFO, 4, 0, 3, 4294967295, AT, AT_BEGINNING, REPEAT_ONE, 0]
IE_TRACE:                         New var:....... skip = 8
IE_TRACE:                         15:21:35.226974 line       109                 emit(av[0])
IE_TRACE:                         Modified var:.. code = [INFO, 4, 0, 3, 4294967295, AT, AT_BEGINNING, REPEAT_ONE, 0, 1]
IE_TRACE:                         15:21:35.227049 line       110                 emit(av[1])
IE_TRACE:                         Modified var:.. code = [INFO, 4, 0, 3, 4294967295, AT, AT_BEGINNING, REPEAT_ONE, 0, 1, MAXREPEAT]
IE_TRACE:                         15:21:35.227118 line       111                 _compile(code, av[2], flags)
IE_TRACE:                             Starting var:.. code = [INFO, 4, 0, 3, 4294967295, AT, AT_BEGINNING, REPEAT_ONE, 0, 1, MAXREPEAT]
IE_TRACE:                             Starting var:.. pattern = [(IN, [(RANGE, (97, 122)), (RANGE, (65, 90)), (RANGE, (48, 57)), (LITERAL, 95)])]
IE_TRACE:                             Starting var:.. flags = 48
IE_TRACE:                             15:21:35.227194 call        37 def _compile(code, pattern, flags):
IE_TRACE:                             15:21:35.227270 line        39     emit = code.append
IE_TRACE:                             New var:....... emit = <built-in method append of list object at 0x72cf9fcda140>
IE_TRACE:                             15:21:35.227309 line        40     _len = len
IE_TRACE:                             New var:....... _len = <built-in function len>
IE_TRACE:                             15:21:35.227355 line        41     LITERAL_CODES = _LITERAL_CODES
IE_TRACE:                             New var:....... LITERAL_CODES = {LITERAL, NOT_LITERAL}
IE_TRACE:                             15:21:35.227474 line        42     REPEATING_CODES = _REPEATING_CODES
IE_TRACE:                             New var:....... REPEATING_CODES = {MIN_REPEAT: (REPEAT, MIN_UNTIL, MIN_REPEAT_ONE), MAX_REPEAT: (REPEAT, MAX_UNTIL, REPEAT_ONE), POSSESSIVE_REPEAT: (POSSESSIVE_REPEAT, SUCCESS, POSSESSIVE_REPEAT_ONE)}
IE_TRACE:                             15:21:35.227551 line        43     SUCCESS_CODES = _SUCCESS_CODES
IE_TRACE:                             New var:....... SUCCESS_CODES = {FAILURE, SUCCESS}
IE_TRACE:                             15:21:35.227618 line        44     ASSERT_CODES = _ASSERT_CODES
IE_TRACE:                             New var:....... ASSERT_CODES = {ASSERT, ASSERT_NOT}
IE_TRACE:                             15:21:35.227674 line        45     iscased = None
IE_TRACE:                             New var:....... iscased = None
IE_TRACE:                             15:21:35.227729 line        46     tolower = None
IE_TRACE:                             New var:....... tolower = None
IE_TRACE:                             15:21:35.227785 line        47     fixes = None
IE_TRACE:                             New var:....... fixes = None
IE_TRACE:                             15:21:35.227843 line        48     if flags & SRE_FLAG_IGNORECASE and not flags & SRE_FLAG_LOCALE:
IE_TRACE:                             15:21:35.227901 line        56     for op, av in pattern:
IE_TRACE:                                 Source path:... /usr/lib/python3.12/re/_parser.py
IE_TRACE:                                 Starting var:.. self = [(IN, [(RANGE, (97, 122)), (RANGE, (65, 90)), (RANGE, (48, 57)), (LITERAL, 95)])]
IE_TRACE:                                 Starting var:.. index = 0
IE_TRACE:                                 15:21:35.227957 call       168     def __getitem__(self, index):
IE_TRACE:                                 15:21:35.228006 line       169         if isinstance(index, slice):
IE_TRACE:                                 15:21:35.228038 line       171         return self.data[index]
IE_TRACE:                                 15:21:35.228070 return     171         return self.data[index]
IE_TRACE:                                 Return value:.. (IN, [(RANGE, (97, 122)), (RANGE, (65, 90)), (RANGE, (48, 57)), (LITERAL, 95)])
IE_TRACE:                             Source path:... /usr/lib/python3.12/re/_compiler.py
IE_TRACE:                             New var:....... op = IN
IE_TRACE:                             New var:....... av = [(RANGE, (97, 122)), (RANGE, (65, 90)), (RANGE, (48, 57)), (LITERAL, 95)]
IE_TRACE:                             15:21:35.228112 line        57         if op in LITERAL_CODES:
IE_TRACE:                             15:21:35.228186 line        85         elif op is IN:
IE_TRACE:                             15:21:35.228244 line        86             charset, hascased = _optimize_charset(av, iscased, tolower, fixes)
IE_TRACE:                                 Starting var:.. charset = [(RANGE, (97, 122)), (RANGE, (65, 90)), (RANGE, (48, 57)), (LITERAL, 95)]
IE_TRACE:                                 Starting var:.. iscased = None
IE_TRACE:                                 Starting var:.. fixup = None
IE_TRACE:                                 Starting var:.. fixes = None
IE_TRACE:                                 15:21:35.228337 call       243 def _optimize_charset(charset, iscased=None, fixup=None, fixes=None):
IE_TRACE:                                 15:21:35.228402 line       245     out = []
IE_TRACE:                                 New var:....... out = []
IE_TRACE:                                 15:21:35.228441 line       246     tail = []
IE_TRACE:                                 New var:....... tail = []
IE_TRACE:                                 15:21:35.228487 line       247     charmap = bytearray(256)
IE_TRACE:                                 New var:....... charmap = bytearray(b'\x00\x00\x00\x00\x00\x00\x00\x00\x00\x00\x00\x00\x00\x00\x00\x00\x00\x00\x00\x00\x00\x00\x00\x00\x00\x00\x00\x00\x00\x00\x00\x00\x00\x00\x00\x00\x00\x00\x00\x00\x00\x00\x00\x00\x00\x00\x00\x00\x00\x00\x00\x00\x00\x00\x00\x00\x00\x00\x00...x00\x00\x00\x00\x00\x00\x00\x00\x00\x00\x00\x00\x00\x00\x00\x00\x00\x00\x00\x00\x00\x00\x00\x00\x00\x00\x00\x00\x00\x00\x00\x00\x00\x00\x00\x00\x00\x00\x00\x00\x00\x00\x00\x00\x00\x00\x00\x00\x00\x00\x00\x00\x00\x00\x00\x00\x00\x00\x00\x00\x00\x00')
IE_TRACE:                                 15:21:35.228535 line       248     hascased = False
IE_TRACE:                                 New var:....... hascased = False
IE_TRACE:                                 15:21:35.228598 line       249     for op, av in charset:
IE_TRACE:                                 New var:....... op = RANGE
IE_TRACE:                                 New var:....... av = (97, 122)
IE_TRACE:                                 15:21:35.228651 line       250         while True:
IE_TRACE:                                 15:21:35.228710 line       251             try:
IE_TRACE:                                 15:21:35.228759 line       252                 if op is LITERAL:
IE_TRACE:                                 15:21:35.228807 line       263                 elif op is RANGE:
IE_TRACE:                                 15:21:35.228855 line       264                     r = range(av[0], av[1]+1)
IE_TRACE:                                 New var:....... r = range(97, 123)
IE_TRACE:                                 15:21:35.228903 line       265                     if fixup:
IE_TRACE:                                 15:21:35.228959 line       278                         for i in r:
IE_TRACE:                                 New var:....... i = 97
IE_TRACE:                                 15:21:35.229009 line       279                             charmap[i] = 1
IE_TRACE:                                 15:21:35.229065 line       278                         for i in r:
IE_TRACE:                                 Modified var:.. i = 98
IE_TRACE:                                 15:21:35.229115 line       279                             charmap[i] = 1
IE_TRACE:                                 15:21:35.229170 line       278                         for i in r:
IE_TRACE:                                 Modified var:.. i = 99
IE_TRACE:                                 15:21:35.229220 line       279                             charmap[i] = 1
IE_TRACE:                                 15:21:35.229275 line       278                         for i in r:
IE_TRACE:                                 Modified var:.. i = 100
IE_TRACE:                                 15:21:35.229325 line       279                             charmap[i] = 1
IE_TRACE:                                 15:21:35.229379 line       278                         for i in r:
IE_TRACE:                                 Modified var:.. i = 101
IE_TRACE:                                 15:21:35.229428 line       279                             charmap[i] = 1
IE_TRACE:                                 15:21:35.229482 line       278                         for i in r:
IE_TRACE:                                 Modified var:.. i = 102
IE_TRACE:                                 15:21:35.229532 line       279                             charmap[i] = 1
IE_TRACE:                                 15:21:35.229590 line       278                         for i in r:
IE_TRACE:                                 Modified var:.. i = 103
IE_TRACE:                                 15:21:35.229640 line       279                             charmap[i] = 1
IE_TRACE:                                 15:21:35.229693 line       278                         for i in r:
IE_TRACE:                                 Modified var:.. i = 104
IE_TRACE:                                 15:21:35.229743 line       279                             charmap[i] = 1
IE_TRACE:                                 15:21:35.229796 line       278                         for i in r:
IE_TRACE:                                 Modified var:.. i = 105
IE_TRACE:                                 15:21:35.229845 line       279                             charmap[i] = 1
IE_TRACE:                                 15:21:35.229898 line       278                         for i in r:
IE_TRACE:                                 Modified var:.. i = 106
IE_TRACE:                                 15:21:35.229948 line       279                             charmap[i] = 1
IE_TRACE:                                 15:21:35.230001 line       278                         for i in r:
IE_TRACE:                                 Modified var:.. i = 107
IE_TRACE:                                 15:21:35.230050 line       279                             charmap[i] = 1
IE_TRACE:                                 15:21:35.230103 line       278                         for i in r:
IE_TRACE:                                 Modified var:.. i = 108
IE_TRACE:                                 15:21:35.230152 line       279                             charmap[i] = 1
IE_TRACE:                                 15:21:35.230207 line       278                         for i in r:
IE_TRACE:                                 Modified var:.. i = 109
IE_TRACE:                                 15:21:35.230256 line       279                             charmap[i] = 1
IE_TRACE:                                 15:21:35.230310 line       278                         for i in r:
IE_TRACE:                                 Modified var:.. i = 110
IE_TRACE:                                 15:21:35.230359 line       279                             charmap[i] = 1
IE_TRACE:                                 15:21:35.230412 line       278                         for i in r:
IE_TRACE:                                 Modified var:.. i = 111
IE_TRACE:                                 15:21:35.230461 line       279                             charmap[i] = 1
IE_TRACE:                                 15:21:35.230515 line       278                         for i in r:
IE_TRACE:                                 Modified var:.. i = 112
IE_TRACE:                                 15:21:35.230569 line       279                             charmap[i] = 1
IE_TRACE:                                 15:21:35.230623 line       278                         for i in r:
IE_TRACE:                                 Modified var:.. i = 113
IE_TRACE:                                 15:21:35.230672 line       279                             charmap[i] = 1
IE_TRACE:                                 15:21:35.230726 line       278                         for i in r:
IE_TRACE:                                 Modified var:.. i = 114
IE_TRACE:                                 15:21:35.230775 line       279                             charmap[i] = 1
IE_TRACE:                                 15:21:35.230829 line       278                         for i in r:
IE_TRACE:                                 Modified var:.. i = 115
IE_TRACE:                                 15:21:35.230878 line       279                             charmap[i] = 1
IE_TRACE:                                 15:21:35.230932 line       278                         for i in r:
IE_TRACE:                                 Modified var:.. i = 116
IE_TRACE:                                 15:21:35.230981 line       279                             charmap[i] = 1
IE_TRACE:                                 15:21:35.231034 line       278                         for i in r:
IE_TRACE:                                 Modified var:.. i = 117
IE_TRACE:                                 15:21:35.231083 line       279                             charmap[i] = 1
IE_TRACE:                                 15:21:35.231137 line       278                         for i in r:
IE_TRACE:                                 Modified var:.. i = 118
IE_TRACE:                                 15:21:35.231186 line       279                             charmap[i] = 1
IE_TRACE:                                 15:21:35.231240 line       278                         for i in r:
IE_TRACE:                                 Modified var:.. i = 119
IE_TRACE:                                 15:21:35.231289 line       279                             charmap[i] = 1
IE_TRACE:                                 15:21:35.231369 line       278                         for i in r:
IE_TRACE:                                 Modified var:.. i = 120
IE_TRACE:                                 15:21:35.231418 line       279                             charmap[i] = 1
IE_TRACE:                                 15:21:35.231471 line       278                         for i in r:
IE_TRACE:                                 Modified var:.. i = 121
IE_TRACE:                                 15:21:35.231520 line       279                             charmap[i] = 1
IE_TRACE:                                 15:21:35.231580 line       278                         for i in r:
IE_TRACE:                                 Modified var:.. i = 122
IE_TRACE:                                 15:21:35.231629 line       279                             charmap[i] = 1
IE_TRACE:                                 15:21:35.231683 line       278                         for i in r:
IE_TRACE:                                 15:21:35.231733 line       306             break
IE_TRACE:                                 15:21:35.231783 line       249     for op, av in charset:
IE_TRACE:                                 Modified var:.. av = (65, 90)
IE_TRACE:                                 15:21:35.231833 line       250         while True:
IE_TRACE:                                 15:21:35.231887 line       251             try:
IE_TRACE:                                 15:21:35.231937 line       252                 if op is LITERAL:
IE_TRACE:                                 15:21:35.231986 line       263                 elif op is RANGE:
IE_TRACE:                                 15:21:35.232036 line       264                     r = range(av[0], av[1]+1)
IE_TRACE:                                 Modified var:.. r = range(65, 91)
IE_TRACE:                                 15:21:35.232085 line       265                     if fixup:
IE_TRACE:                                 15:21:35.232141 line       278                         for i in r:
IE_TRACE:                                 Modified var:.. i = 65
IE_TRACE:                                 15:21:35.232192 line       279                             charmap[i] = 1
IE_TRACE:                                 15:21:35.232246 line       278                         for i in r:
IE_TRACE:                                 Modified var:.. i = 66
IE_TRACE:                                 15:21:35.232295 line       279                             charmap[i] = 1
IE_TRACE:                                 15:21:35.232349 line       278                         for i in r:
IE_TRACE:                                 Modified var:.. i = 67
IE_TRACE:                                 15:21:35.232398 line       279                             charmap[i] = 1
IE_TRACE:                                 15:21:35.232452 line       278                         for i in r:
IE_TRACE:                                 Modified var:.. i = 68
IE_TRACE:                                 15:21:35.232502 line       279                             charmap[i] = 1
IE_TRACE:                                 15:21:35.232555 line       278                         for i in r:
IE_TRACE:                                 Modified var:.. i = 69
IE_TRACE:                                 15:21:35.232618 line       279                             charmap[i] = 1
IE_TRACE:                                 15:21:35.232672 line       278                         for i in r:
IE_TRACE:                                 Modified var:.. i = 70
IE_TRACE:                                 15:21:35.232721 line       279                             charmap[i] = 1
IE_TRACE:                                 15:21:35.232774 line       278                         for i in r:
IE_TRACE:                                 Modified var:.. i = 71
IE_TRACE:                                 15:21:35.232823 line       279                             charmap[i] = 1
IE_TRACE:                                 15:21:35.232876 line       278                         for i in r:
IE_TRACE:                                 Modified var:.. i = 72
IE_TRACE:                                 15:21:35.232925 line       279                             charmap[i] = 1
IE_TRACE:                                 15:21:35.232978 line       278                         for i in r:
IE_TRACE:                                 Modified var:.. i = 73
IE_TRACE:                                 15:21:35.233028 line       279                             charmap[i] = 1
IE_TRACE:                                 15:21:35.233081 line       278                         for i in r:
IE_TRACE:                                 Modified var:.. i = 74
IE_TRACE:                                 15:21:35.233130 line       279                             charmap[i] = 1
IE_TRACE:                                 15:21:35.233183 line       278                         for i in r:
IE_TRACE:                                 Modified var:.. i = 75
IE_TRACE:                                 15:21:35.233232 line       279                             charmap[i] = 1
IE_TRACE:                                 15:21:35.233285 line       278                         for i in r:
IE_TRACE:                                 Modified var:.. i = 76
IE_TRACE:                                 15:21:35.233335 line       279                             charmap[i] = 1
IE_TRACE:                                 15:21:35.233388 line       278                         for i in r:
IE_TRACE:                                 Modified var:.. i = 77
IE_TRACE:                                 15:21:35.233437 line       279                             charmap[i] = 1
IE_TRACE:                                 15:21:35.233490 line       278                         for i in r:
IE_TRACE:                                 Modified var:.. i = 78
IE_TRACE:                                 15:21:35.233540 line       279                             charmap[i] = 1
IE_TRACE:                                 15:21:35.233596 line       278                         for i in r:
IE_TRACE:                                 Modified var:.. i = 79
IE_TRACE:                                 15:21:35.233646 line       279                             charmap[i] = 1
IE_TRACE:                                 15:21:35.233699 line       278                         for i in r:
IE_TRACE:                                 Modified var:.. i = 80
IE_TRACE:                                 15:21:35.233748 line       279                             charmap[i] = 1
IE_TRACE:                                 15:21:35.233801 line       278                         for i in r:
IE_TRACE:                                 Modified var:.. i = 81
IE_TRACE:                                 15:21:35.233850 line       279                             charmap[i] = 1
IE_TRACE:                                 15:21:35.233903 line       278                         for i in r:
IE_TRACE:                                 Modified var:.. i = 82
IE_TRACE:                                 15:21:35.233952 line       279                             charmap[i] = 1
IE_TRACE:                                 15:21:35.234006 line       278                         for i in r:
IE_TRACE:                                 Modified var:.. i = 83
IE_TRACE:                                 15:21:35.234055 line       279                             charmap[i] = 1
IE_TRACE:                                 15:21:35.234109 line       278                         for i in r:
IE_TRACE:                                 Modified var:.. i = 84
IE_TRACE:                                 15:21:35.234158 line       279                             charmap[i] = 1
IE_TRACE:                                 15:21:35.234211 line       278                         for i in r:
IE_TRACE:                                 Modified var:.. i = 85
IE_TRACE:                                 15:21:35.234260 line       279                             charmap[i] = 1
IE_TRACE:                                 15:21:35.234313 line       278                         for i in r:
IE_TRACE:                                 Modified var:.. i = 86
IE_TRACE:                                 15:21:35.234363 line       279                             charmap[i] = 1
IE_TRACE:                                 15:21:35.234416 line       278                         for i in r:
IE_TRACE:                                 Modified var:.. i = 87
IE_TRACE:                                 15:21:35.234465 line       279                             charmap[i] = 1
IE_TRACE:                                 15:21:35.234518 line       278                         for i in r:
IE_TRACE:                                 Modified var:.. i = 88
IE_TRACE:                                 15:21:35.234570 line       279                             charmap[i] = 1
IE_TRACE:                                 15:21:35.234623 line       278                         for i in r:
IE_TRACE:                                 Modified var:.. i = 89
IE_TRACE:                                 15:21:35.234672 line       279                             charmap[i] = 1
IE_TRACE:                                 15:21:35.234726 line       278                         for i in r:
IE_TRACE:                                 Modified var:.. i = 90
IE_TRACE:                                 15:21:35.234775 line       279                             charmap[i] = 1
IE_TRACE:                                 15:21:35.234829 line       278                         for i in r:
IE_TRACE:                                 15:21:35.234878 line       306             break
IE_TRACE:                                 15:21:35.234927 line       249     for op, av in charset:
IE_TRACE:                                 Modified var:.. av = (48, 57)
IE_TRACE:                                 15:21:35.234977 line       250         while True:
IE_TRACE:                                 15:21:35.235030 line       251             try:
IE_TRACE:                                 15:21:35.235080 line       252                 if op is LITERAL:
IE_TRACE:                                 15:21:35.235129 line       263                 elif op is RANGE:
IE_TRACE:                                 15:21:35.235178 line       264                     r = range(av[0], av[1]+1)
IE_TRACE:                                 Modified var:.. r = range(48, 58)
IE_TRACE:                                 15:21:35.235227 line       265                     if fixup:
IE_TRACE:                                 15:21:35.235281 line       278                         for i in r:
IE_TRACE:                                 Modified var:.. i = 48
IE_TRACE:                                 15:21:35.235330 line       279                             charmap[i] = 1
IE_TRACE:                                 Modified var:.. charmap = bytearray(b'\x00\x00\x00\x00\x00\x00\x00\x00\x00\x00\x00\x00\x00\x00\x00\x00\x00\x00\x00\x00\x00\x00\x00\x00\x00\x00\x00\x00\x00\x00\x00\x00\x00\x00\x00\x00\x00\x00\x00\x00\x00\x00\x00\x00\x00\x00\x00\x00\x01\x00\x00\x00\x00\x00\x00\x00\x00\x00\x00...x00\x00\x00\x00\x00\x00\x00\x00\x00\x00\x00\x00\x00\x00\x00\x00\x00\x00\x00\x00\x00\x00\x00\x00\x00\x00\x00\x00\x00\x00\x00\x00\x00\x00\x00\x00\x00\x00\x00\x00\x00\x00\x00\x00\x00\x00\x00\x00\x00\x00\x00\x00\x00\x00\x00\x00\x00\x00\x00\x00\x00\x00')
IE_TRACE:                                 15:21:35.235383 line       278                         for i in r:
IE_TRACE:                                 Modified var:.. i = 49
IE_TRACE:                                 15:21:35.235438 line       279                             charmap[i] = 1
IE_TRACE:                                 Modified var:.. charmap = bytearray(b'\x00\x00\x00\x00\x00\x00\x00\x00\x00\x00\x00\x00\x00\x00\x00\x00\x00\x00\x00\x00\x00\x00\x00\x00\x00\x00\x00\x00\x00\x00\x00\x00\x00\x00\x00\x00\x00\x00\x00\x00\x00\x00\x00\x00\x00\x00\x00\x00\x01\x01\x00\x00\x00\x00\x00\x00\x00\x00\x00...x00\x00\x00\x00\x00\x00\x00\x00\x00\x00\x00\x00\x00\x00\x00\x00\x00\x00\x00\x00\x00\x00\x00\x00\x00\x00\x00\x00\x00\x00\x00\x00\x00\x00\x00\x00\x00\x00\x00\x00\x00\x00\x00\x00\x00\x00\x00\x00\x00\x00\x00\x00\x00\x00\x00\x00\x00\x00\x00\x00\x00\x00')
IE_TRACE:                                 15:21:35.235492 line       278                         for i in r:
IE_TRACE:                                 Modified var:.. i = 50
IE_TRACE:                                 15:21:35.235546 line       279                             charmap[i] = 1
IE_TRACE:                                 Modified var:.. charmap = bytearray(b'\x00\x00\x00\x00\x00\x00\x00\x00\x00\x00\x00\x00\x00\x00\x00\x00\x00\x00\x00\x00\x00\x00\x00\x00\x00\x00\x00\x00\x00\x00\x00\x00\x00\x00\x00\x00\x00\x00\x00\x00\x00\x00\x00\x00\x00\x00\x00\x00\x01\x01\x01\x00\x00\x00\x00\x00\x00\x00\x00...x00\x00\x00\x00\x00\x00\x00\x00\x00\x00\x00\x00\x00\x00\x00\x00\x00\x00\x00\x00\x00\x00\x00\x00\x00\x00\x00\x00\x00\x00\x00\x00\x00\x00\x00\x00\x00\x00\x00\x00\x00\x00\x00\x00\x00\x00\x00\x00\x00\x00\x00\x00\x00\x00\x00\x00\x00\x00\x00\x00\x00\x00')
IE_TRACE:                                 15:21:35.235603 line       278                         for i in r:
IE_TRACE:                                 Modified var:.. i = 51
IE_TRACE:                                 15:21:35.235656 line       279                             charmap[i] = 1
IE_TRACE:                                 Modified var:.. charmap = bytearray(b'\x00\x00\x00\x00\x00\x00\x00\x00\x00\x00\x00\x00\x00\x00\x00\x00\x00\x00\x00\x00\x00\x00\x00\x00\x00\x00\x00\x00\x00\x00\x00\x00\x00\x00\x00\x00\x00\x00\x00\x00\x00\x00\x00\x00\x00\x00\x00\x00\x01\x01\x01\x01\x00\x00\x00\x00\x00\x00\x00...x00\x00\x00\x00\x00\x00\x00\x00\x00\x00\x00\x00\x00\x00\x00\x00\x00\x00\x00\x00\x00\x00\x00\x00\x00\x00\x00\x00\x00\x00\x00\x00\x00\x00\x00\x00\x00\x00\x00\x00\x00\x00\x00\x00\x00\x00\x00\x00\x00\x00\x00\x00\x00\x00\x00\x00\x00\x00\x00\x00\x00\x00')
IE_TRACE:                                 15:21:35.235710 line       278                         for i in r:
IE_TRACE:                                 Modified var:.. i = 52
IE_TRACE:                                 15:21:35.235764 line       279                             charmap[i] = 1
IE_TRACE:                                 Modified var:.. charmap = bytearray(b'\x00\x00\x00\x00\x00\x00\x00\x00\x00\x00\x00\x00\x00\x00\x00\x00\x00\x00\x00\x00\x00\x00\x00\x00\x00\x00\x00\x00\x00\x00\x00\x00\x00\x00\x00\x00\x00\x00\x00\x00\x00\x00\x00\x00\x00\x00\x00\x00\x01\x01\x01\x01\x01\x00\x00\x00\x00\x00\x00...x00\x00\x00\x00\x00\x00\x00\x00\x00\x00\x00\x00\x00\x00\x00\x00\x00\x00\x00\x00\x00\x00\x00\x00\x00\x00\x00\x00\x00\x00\x00\x00\x00\x00\x00\x00\x00\x00\x00\x00\x00\x00\x00\x00\x00\x00\x00\x00\x00\x00\x00\x00\x00\x00\x00\x00\x00\x00\x00\x00\x00\x00')
IE_TRACE:                                 15:21:35.235818 line       278                         for i in r:
IE_TRACE:                                 Modified var:.. i = 53
IE_TRACE:                                 15:21:35.235871 line       279                             charmap[i] = 1
IE_TRACE:                                 Modified var:.. charmap = bytearray(b'\x00\x00\x00\x00\x00\x00\x00\x00\x00\x00\x00\x00\x00\x00\x00\x00\x00\x00\x00\x00\x00\x00\x00\x00\x00\x00\x00\x00\x00\x00\x00\x00\x00\x00\x00\x00\x00\x00\x00\x00\x00\x00\x00\x00\x00\x00\x00\x00\x01\x01\x01\x01\x01\x01\x00\x00\x00\x00\x00...x00\x00\x00\x00\x00\x00\x00\x00\x00\x00\x00\x00\x00\x00\x00\x00\x00\x00\x00\x00\x00\x00\x00\x00\x00\x00\x00\x00\x00\x00\x00\x00\x00\x00\x00\x00\x00\x00\x00\x00\x00\x00\x00\x00\x00\x00\x00\x00\x00\x00\x00\x00\x00\x00\x00\x00\x00\x00\x00\x00\x00\x00')
IE_TRACE:                                 15:21:35.235925 line       278                         for i in r:
IE_TRACE:                                 Modified var:.. i = 54
IE_TRACE:                                 15:21:35.235980 line       279                             charmap[i] = 1
IE_TRACE:                                 Modified var:.. charmap = bytearray(b'\x00\x00\x00\x00\x00\x00\x00\x00\x00\x00\x00\x00\x00\x00\x00\x00\x00\x00\x00\x00\x00\x00\x00\x00\x00\x00\x00\x00\x00\x00\x00\x00\x00\x00\x00\x00\x00\x00\x00\x00\x00\x00\x00\x00\x00\x00\x00\x00\x01\x01\x01\x01\x01\x01\x01\x00\x00\x00\x00...x00\x00\x00\x00\x00\x00\x00\x00\x00\x00\x00\x00\x00\x00\x00\x00\x00\x00\x00\x00\x00\x00\x00\x00\x00\x00\x00\x00\x00\x00\x00\x00\x00\x00\x00\x00\x00\x00\x00\x00\x00\x00\x00\x00\x00\x00\x00\x00\x00\x00\x00\x00\x00\x00\x00\x00\x00\x00\x00\x00\x00\x00')
IE_TRACE:                                 15:21:35.236033 line       278                         for i in r:
IE_TRACE:                                 Modified var:.. i = 55
IE_TRACE:                                 15:21:35.236087 line       279                             charmap[i] = 1
IE_TRACE:                                 Modified var:.. charmap = bytearray(b'\x00\x00\x00\x00\x00\x00\x00\x00\x00\x00\x00\x00\x00\x00\x00\x00\x00\x00\x00\x00\x00\x00\x00\x00\x00\x00\x00\x00\x00\x00\x00\x00\x00\x00\x00\x00\x00\x00\x00\x00\x00\x00\x00\x00\x00\x00\x00\x00\x01\x01\x01\x01\x01\x01\x01\x01\x00\x00\x00...x00\x00\x00\x00\x00\x00\x00\x00\x00\x00\x00\x00\x00\x00\x00\x00\x00\x00\x00\x00\x00\x00\x00\x00\x00\x00\x00\x00\x00\x00\x00\x00\x00\x00\x00\x00\x00\x00\x00\x00\x00\x00\x00\x00\x00\x00\x00\x00\x00\x00\x00\x00\x00\x00\x00\x00\x00\x00\x00\x00\x00\x00')
IE_TRACE:                                 15:21:35.236140 line       278                         for i in r:
IE_TRACE:                                 Modified var:.. i = 56
IE_TRACE:                                 15:21:35.236194 line       279                             charmap[i] = 1
IE_TRACE:                                 Modified var:.. charmap = bytearray(b'\x00\x00\x00\x00\x00\x00\x00\x00\x00\x00\x00\x00\x00\x00\x00\x00\x00\x00\x00\x00\x00\x00\x00\x00\x00\x00\x00\x00\x00\x00\x00\x00\x00\x00\x00\x00\x00\x00\x00\x00\x00\x00\x00\x00\x00\x00\x00\x00\x01\x01\x01\x01\x01\x01\x01\x01\x01\x00\x00...x00\x00\x00\x00\x00\x00\x00\x00\x00\x00\x00\x00\x00\x00\x00\x00\x00\x00\x00\x00\x00\x00\x00\x00\x00\x00\x00\x00\x00\x00\x00\x00\x00\x00\x00\x00\x00\x00\x00\x00\x00\x00\x00\x00\x00\x00\x00\x00\x00\x00\x00\x00\x00\x00\x00\x00\x00\x00\x00\x00\x00\x00')
IE_TRACE:                                 15:21:35.236247 line       278                         for i in r:
IE_TRACE:                                 Modified var:.. i = 57
IE_TRACE:                                 15:21:35.236300 line       279                             charmap[i] = 1
IE_TRACE:                                 Modified var:.. charmap = bytearray(b'\x00\x00\x00\x00\x00\x00\x00\x00\x00\x00\x00\x00\x00\x00\x00\x00\x00\x00\x00\x00\x00\x00\x00\x00\x00\x00\x00\x00\x00\x00\x00\x00\x00\x00\x00\x00\x00\x00\x00\x00\x00\x00\x00\x00\x00\x00\x00\x00\x01\x01\x01\x01\x01\x01\x01\x01\x01\x01\x00...x00\x00\x00\x00\x00\x00\x00\x00\x00\x00\x00\x00\x00\x00\x00\x00\x00\x00\x00\x00\x00\x00\x00\x00\x00\x00\x00\x00\x00\x00\x00\x00\x00\x00\x00\x00\x00\x00\x00\x00\x00\x00\x00\x00\x00\x00\x00\x00\x00\x00\x00\x00\x00\x00\x00\x00\x00\x00\x00\x00\x00\x00')
IE_TRACE:                                 15:21:35.236356 line       278                         for i in r:
IE_TRACE:                                 15:21:35.236415 line       306             break
IE_TRACE:                                 15:21:35.236465 line       249     for op, av in charset:
IE_TRACE:                                 Modified var:.. op = LITERAL
IE_TRACE:                                 Modified var:.. av = 95
IE_TRACE:                                 15:21:35.236515 line       250         while True:
IE_TRACE:                                 15:21:35.236577 line       251             try:
IE_TRACE:                                 15:21:35.236627 line       252                 if op is LITERAL:
IE_TRACE:                                 15:21:35.236677 line       253                     if fixup:
IE_TRACE:                                 15:21:35.236727 line       262                         charmap[av] = 1
IE_TRACE:                                 15:21:35.236776 line       306             break
IE_TRACE:                                 15:21:35.236826 line       249     for op, av in charset:
IE_TRACE:                                 15:21:35.236878 line       309     runs = []
IE_TRACE:                                 New var:....... runs = []
IE_TRACE:                                 15:21:35.236928 line       310     q = 0
IE_TRACE:                                 New var:....... q = 0
IE_TRACE:                                 15:21:35.236985 line       311     while True:
IE_TRACE:                                 15:21:35.237042 line       312         p = charmap.find(1, q)
IE_TRACE:                                 New var:....... p = 48
IE_TRACE:                                 15:21:35.237096 line       313         if p < 0:
IE_TRACE:                                 15:21:35.237155 line       315         if len(runs) >= 2:
IE_TRACE:                                 15:21:35.237208 line       318         q = charmap.find(0, p)
IE_TRACE:                                 Modified var:.. q = 58
IE_TRACE:                                 15:21:35.237261 line       319         if q < 0:
IE_TRACE:                                 15:21:35.237317 line       322         runs.append((p, q))
IE_TRACE:                                 Modified var:.. runs = [(48, 58)]
IE_TRACE:                                 15:21:35.237370 line       311     while True:
IE_TRACE:                                 15:21:35.237428 line       312         p = charmap.find(1, q)
IE_TRACE:                                 Modified var:.. p = 65
IE_TRACE:                                 15:21:35.237481 line       313         if p < 0:
IE_TRACE:                                 15:21:35.237539 line       315         if len(runs) >= 2:
IE_TRACE:                                 15:21:35.237594 line       318         q = charmap.find(0, p)
IE_TRACE:                                 Modified var:.. q = 91
IE_TRACE:                                 15:21:35.237647 line       319         if q < 0:
IE_TRACE:                                 15:21:35.237704 line       322         runs.append((p, q))
IE_TRACE:                                 Modified var:.. runs = [(48, 58), (65, 91)]
IE_TRACE:                                 15:21:35.237757 line       311     while True:
IE_TRACE:                                 15:21:35.237814 line       312         p = charmap.find(1, q)
IE_TRACE:                                 Modified var:.. p = 95
IE_TRACE:                                 15:21:35.237867 line       313         if p < 0:
IE_TRACE:                                 15:21:35.237925 line       315         if len(runs) >= 2:
IE_TRACE:                                 15:21:35.237978 line       316             runs = None
IE_TRACE:                                 Modified var:.. runs = None
IE_TRACE:                                 15:21:35.238032 line       317             break
IE_TRACE:                                 15:21:35.238089 line       323     if runs is not None:
IE_TRACE:                                 15:21:35.238142 line       338     if len(charmap) == 256:
IE_TRACE:                                 15:21:35.238195 line       339         data = _mk_bitmap(charmap)
IE_TRACE:                                     Starting var:.. bits = bytearray(b'\x00\x00\x00\x00\x00\x00\x00\x00\x00\x00\x00\x00\x00\x00\x00\x00\x00\x00\x00\x00\x00\x00\x00\x00\x00\x00\x00\x00\x00\x00\x00\x00\x00\x00\x00\x00\x00\x00\x00\x00\x00\x00\x00\x00\x00\x00\x00\x00\x01\x01\x01\x01\x01\x01\x01\x01\x01\x01\x00...x00\x00\x00\x00\x00\x00\x00\x00\x00\x00\x00\x00\x00\x00\x00\x00\x00\x00\x00\x00\x00\x00\x00\x00\x00\x00\x00\x00\x00\x00\x00\x00\x00\x00\x00\x00\x00\x00\x00\x00\x00\x00\x00\x00\x00\x00\x00\x00\x00\x00\x00\x00\x00\x00\x00\x00\x00\x00\x00\x00\x00\x00')
IE_TRACE:                                     Starting var:.. _CODEBITS = 32
IE_TRACE:                                     Starting var:.. _int = <class 'int'>
IE_TRACE:                                     15:21:35.238256 call       386 def _mk_bitmap(bits, _CODEBITS=_CODEBITS, _int=int):
IE_TRACE:                                     15:21:35.238312 line       387     s = bits.translate(_BITS_TRANS)[::-1]
IE_TRACE:                                     New var:....... s = bytearray(b'0000000000000000000000000000000000000000000000000000000000000000000000000000000000000000000000000000000000000000000000000000000000000111111111111111111111111110100001111111111111111111111111100000001111111111000000000000000000000000000000000000000000000000')
IE_TRACE:                                     15:21:35.238351 line       389             for i in range(len(s), 0, -_CODEBITS)]
IE_TRACE:                                     15:21:35.238396 line       388     return [_int(s[i - _CODEBITS: i], 2)
IE_TRACE:                                     15:21:35.238435 line       389             for i in range(len(s), 0, -_CODEBITS)]
IE_TRACE:                                     New var:....... i = 256
IE_TRACE:                                     15:21:35.238472 line       388     return [_int(s[i - _CODEBITS: i], 2)
IE_TRACE:                                     15:21:35.238518 line       388     return [_int(s[i - _CODEBITS: i], 2)
IE_TRACE:                                     15:21:35.238557 line       389             for i in range(len(s), 0, -_CODEBITS)]
IE_TRACE:                                     Modified var:.. i = 224
IE_TRACE:                                     15:21:35.238598 line       388     return [_int(s[i - _CODEBITS: i], 2)
IE_TRACE:                                     15:21:35.238640 line       388     return [_int(s[i - _CODEBITS: i], 2)
IE_TRACE:                                     15:21:35.238677 line       389             for i in range(len(s), 0, -_CODEBITS)]
IE_TRACE:                                     Modified var:.. i = 192
IE_TRACE:                                     15:21:35.238715 line       388     return [_int(s[i - _CODEBITS: i], 2)
IE_TRACE:                                     15:21:35.238757 line       388     return [_int(s[i - _CODEBITS: i], 2)
IE_TRACE:                                     15:21:35.238794 line       389             for i in range(len(s), 0, -_CODEBITS)]
IE_TRACE:                                     Modified var:.. i = 160
IE_TRACE:                                     15:21:35.238831 line       388     return [_int(s[i - _CODEBITS: i], 2)
IE_TRACE:                                     15:21:35.238873 line       388     return [_int(s[i - _CODEBITS: i], 2)
IE_TRACE:                                     15:21:35.238910 line       389             for i in range(len(s), 0, -_CODEBITS)]
IE_TRACE:                                     Modified var:.. i = 128
IE_TRACE:                                     15:21:35.238948 line       388     return [_int(s[i - _CODEBITS: i], 2)
IE_TRACE:                                     15:21:35.238989 line       388     return [_int(s[i - _CODEBITS: i], 2)
IE_TRACE:                                     15:21:35.239027 line       389             for i in range(len(s), 0, -_CODEBITS)]
IE_TRACE:                                     Modified var:.. i = 96
IE_TRACE:                                     15:21:35.239064 line       388     return [_int(s[i - _CODEBITS: i], 2)
IE_TRACE:                                     15:21:35.239106 line       388     return [_int(s[i - _CODEBITS: i], 2)
IE_TRACE:                                     15:21:35.239143 line       389             for i in range(len(s), 0, -_CODEBITS)]
IE_TRACE:                                     Modified var:.. i = 64
IE_TRACE:                                     15:21:35.239181 line       388     return [_int(s[i - _CODEBITS: i], 2)
IE_TRACE:                                     15:21:35.239222 line       388     return [_int(s[i - _CODEBITS: i], 2)
IE_TRACE:                                     15:21:35.239267 line       389             for i in range(len(s), 0, -_CODEBITS)]
IE_TRACE:                                     Modified var:.. i = 32
IE_TRACE:                                     15:21:35.239375 line       388     return [_int(s[i - _CODEBITS: i], 2)
IE_TRACE:                                     15:21:35.239443 line       388     return [_int(s[i - _CODEBITS: i], 2)
IE_TRACE:                                     15:21:35.239488 return     388     return [_int(s[i - _CODEBITS: i], 2)
IE_TRACE:                                     Return value:.. [0, 67043328, 2281701374, 134217726, 0, 0, 0, 0]
IE_TRACE:                                 New var:....... data = [0, 67043328, 2281701374, 134217726, 0, 0, 0, 0]
IE_TRACE:                                 15:21:35.239710 line       340         out.append((CHARSET, data))
IE_TRACE:                                 Modified var:.. out = [(CHARSET, [0, 67043328, 2281701374, 134217726, 0, 0, 0, 0])]
IE_TRACE:                                 15:21:35.239811 line       341         out += tail
IE_TRACE:                                 15:21:35.239904 line       342         return out, hascased
IE_TRACE:                                 15:21:35.239985 return     342         return out, hascased
IE_TRACE:                                 Return value:.. ([(CHARSET, [0, 67043328, 2281701374, 134217726, 0, 0, 0, 0])], False)
IE_TRACE:                             New var:....... charset = [(CHARSET, [0, 67043328, 2281701374, 134217726, 0, 0, 0, 0])]
IE_TRACE:                             New var:....... hascased = False
IE_TRACE:                             15:21:35.240079 line        87             if flags & SRE_FLAG_IGNORECASE and flags & SRE_FLAG_LOCALE:
IE_TRACE:                             15:21:35.240213 line        89             elif not hascased:
IE_TRACE:                             15:21:35.240312 line        90                 emit(IN)
IE_TRACE:                             Modified var:.. code = [INFO, 4, 0, 3, 4294967295, AT, AT_BEGINNING, REPEAT_ONE, 0, 1, MAXREPEAT, IN]
IE_TRACE:                             15:21:35.240407 line        95             skip = _len(code); emit(0)
IE_TRACE:                             Modified var:.. code = [INFO, 4, 0, 3, 4294967295, AT, AT_BEGINNING, REPEAT_ONE, 0, 1, MAXREPEAT, IN, 0]
IE_TRACE:                             New var:....... skip = 12
IE_TRACE:                             15:21:35.240493 line        96             _compile_charset(charset, flags, code)
IE_TRACE:                                 Starting var:.. charset = [(CHARSET, [0, 67043328, 2281701374, 134217726, 0, 0, 0, 0])]
IE_TRACE:                                 Starting var:.. flags = 48
IE_TRACE:                                 Starting var:.. code = [INFO, 4, 0, 3, 4294967295, AT, AT_BEGINNING, REPEAT_ONE, 0, 1, MAXREPEAT, IN, 0]
IE_TRACE:                                 15:21:35.240590 call       216 def _compile_charset(charset, flags, code):
IE_TRACE:                                 15:21:35.240645 line       218     emit = code.append
IE_TRACE:                                 New var:....... emit = <built-in method append of list object at 0x72cf9fcda140>
IE_TRACE:                                 15:21:35.240681 line       219     for op, av in charset:
IE_TRACE:                                 New var:....... op = CHARSET
IE_TRACE:                                 New var:....... av = [0, 67043328, 2281701374, 134217726, 0, 0, 0, 0]
IE_TRACE:                                 15:21:35.240722 line       220         emit(op)
IE_TRACE:                                 Modified var:.. code = [INFO, 4, 0, 3, 4294967295, AT, AT_BEGINNING, REPEAT_ONE, 0, 1, MAXREPEAT, IN, 0, CHARSET]
IE_TRACE:                                 15:21:35.240770 line       221         if op is NEGATE:
IE_TRACE:                                 15:21:35.240813 line       223         elif op is LITERAL:
IE_TRACE:                                 15:21:35.240850 line       225         elif op is RANGE or op is RANGE_UNI_IGNORE:
IE_TRACE:                                 15:21:35.240888 line       228         elif op is CHARSET:
IE_TRACE:                                 15:21:35.240926 line       229             code.extend(av)
IE_TRACE:                                 Modified var:.. code = list(len=22)
IE_TRACE:                                 15:21:35.240963 line       219     for op, av in charset:
IE_TRACE:                                 15:21:35.241007 line       241     emit(FAILURE)
IE_TRACE:                                 Modified var:.. code = list(len=23)
IE_TRACE:                                 15:21:35.241046 return     241     emit(FAILURE)
IE_TRACE:                                 Return value:.. None
IE_TRACE:                             Modified var:.. code = list(len=23)
IE_TRACE:                             15:21:35.241097 line        97             code[skip] = _len(code) - skip
IE_TRACE:                             15:21:35.241168 line        56     for op, av in pattern:
IE_TRACE:                                 Source path:... /usr/lib/python3.12/re/_parser.py
IE_TRACE:                                 Starting var:.. self = [(IN, [(RANGE, (97, 122)), (RANGE, (65, 90)), (RANGE, (48, 57)), (LITERAL, 95)])]
IE_TRACE:                                 Starting var:.. index = 1
IE_TRACE:                                 15:21:35.241269 call       168     def __getitem__(self, index):
IE_TRACE:                                 15:21:35.241319 line       169         if isinstance(index, slice):
IE_TRACE:                                 15:21:35.241351 line       171         return self.data[index]
IE_TRACE:                                 15:21:35.241384 exception  171         return self.data[index]
IE_TRACE:                                 Exception:..... IndexError: list index out of range
IE_TRACE:                                 Call ended by exception
IE_TRACE:                             Source path:... /usr/lib/python3.12/re/_compiler.py
IE_TRACE:                             15:21:35.241512 return      56     for op, av in pattern:
IE_TRACE:                             Return value:.. None
IE_TRACE:                         Modified var:.. code = list(len=23)
IE_TRACE:                         15:21:35.241621 line       112                 emit(SUCCESS)
IE_TRACE:                         Modified var:.. code = list(len=24)
IE_TRACE:                         15:21:35.241709 line       113                 code[skip] = _len(code) - skip
IE_TRACE:                         15:21:35.241780 line        56     for op, av in pattern:
IE_TRACE:                         Modified var:.. av = (0, MAXREPEAT, [(IN, [(CATEGORY, CATEGORY_SPACE)])])
IE_TRACE:                         15:21:35.241845 line        57         if op in LITERAL_CODES:
IE_TRACE:                         15:21:35.241913 line        85         elif op is IN:
IE_TRACE:                         15:21:35.241974 line        98         elif op is ANY:
IE_TRACE:                         15:21:35.242036 line       103         elif op in REPEATING_CODES:
IE_TRACE:                         15:21:35.242098 line       104             if flags & SRE_FLAG_TEMPLATE:
IE_TRACE:                         15:21:35.242159 line       106             if _simple(av[2]):
IE_TRACE:                             Starting var:.. p = [(IN, [(CATEGORY, CATEGORY_SPACE)])]
IE_TRACE:                             15:21:35.242222 call       398 def _simple(p):
IE_TRACE:                             15:21:35.242253 line       400     if len(p) != 1:
IE_TRACE:                                 Source path:... /usr/lib/python3.12/re/_parser.py
IE_TRACE:                                 Starting var:.. self = [(IN, [(CATEGORY, CATEGORY_SPACE)])]
IE_TRACE:                                 15:21:35.242278 call       164     def __len__(self):
IE_TRACE:                                 15:21:35.242313 line       165         return len(self.data)
IE_TRACE:                                 15:21:35.242336 return     165         return len(self.data)
IE_TRACE:                                 Return value:.. 1
IE_TRACE:                             Source path:... /usr/lib/python3.12/re/_compiler.py
IE_TRACE:                             15:21:35.242366 line       402     op, av = p[0]
IE_TRACE:                                 Source path:... /usr/lib/python3.12/re/_parser.py
IE_TRACE:                                 Starting var:.. self = [(IN, [(CATEGORY, CATEGORY_SPACE)])]
IE_TRACE:                                 Starting var:.. index = 0
IE_TRACE:                                 15:21:35.242395 call       168     def __getitem__(self, index):
IE_TRACE:                                 15:21:35.242433 line       169         if isinstance(index, slice):
IE_TRACE:                                 15:21:35.242457 line       171         return self.data[index]
IE_TRACE:                                 15:21:35.242480 return     171         return self.data[index]
IE_TRACE:                                 Return value:.. (IN, [(CATEGORY, CATEGORY_SPACE)])
IE_TRACE:                             Source path:... /usr/lib/python3.12/re/_compiler.py
IE_TRACE:                             New var:....... op = IN
IE_TRACE:                             New var:....... av = [(CATEGORY, CATEGORY_SPACE)]
IE_TRACE:                             15:21:35.242511 line       403     if op is SUBPATTERN:
IE_TRACE:                             15:21:35.242551 line       405     return op in _UNIT_CODES
IE_TRACE:                             15:21:35.242582 return     405     return op in _UNIT_CODES
IE_TRACE:                             Return value:.. True
IE_TRACE:                         15:21:35.242614 line       107                 emit(REPEATING_CODES[op][2])
IE_TRACE:                         Modified var:.. code = list(len=25)
IE_TRACE:                         15:21:35.242681 line       108                 skip = _len(code); emit(0)
IE_TRACE:                         Modified var:.. code = list(len=26)
IE_TRACE:                         Modified var:.. skip = 25
IE_TRACE:                         15:21:35.242748 line       109                 emit(av[0])
IE_TRACE:                         Modified var:.. code = list(len=27)
IE_TRACE:                         15:21:35.242820 line       110                 emit(av[1])
IE_TRACE:                         Modified var:.. code = list(len=28)
IE_TRACE:                         15:21:35.242885 line       111                 _compile(code, av[2], flags)
IE_TRACE:                             Starting var:.. code = list(len=28)
IE_TRACE:                             Starting var:.. pattern = [(IN, [(CATEGORY, CATEGORY_SPACE)])]
IE_TRACE:                             Starting var:.. flags = 48
IE_TRACE:                             15:21:35.242957 call        37 def _compile(code, pattern, flags):
IE_TRACE:                             15:21:35.243006 line        39     emit = code.append
IE_TRACE:                             New var:....... emit = <built-in method append of list object at 0x72cf9fcda140>
IE_TRACE:                             15:21:35.243042 line        40     _len = len
IE_TRACE:                             New var:....... _len = <built-in function len>
IE_TRACE:                             15:21:35.243084 line        41     LITERAL_CODES = _LITERAL_CODES
IE_TRACE:                             New var:....... LITERAL_CODES = {LITERAL, NOT_LITERAL}
IE_TRACE:                             15:21:35.243129 line        42     REPEATING_CODES = _REPEATING_CODES
IE_TRACE:                             New var:....... REPEATING_CODES = {MIN_REPEAT: (REPEAT, MIN_UNTIL, MIN_REPEAT_ONE), MAX_REPEAT: (REPEAT, MAX_UNTIL, REPEAT_ONE), POSSESSIVE_REPEAT: (POSSESSIVE_REPEAT, SUCCESS, POSSESSIVE_REPEAT_ONE)}
IE_TRACE:                             15:21:35.243173 line        43     SUCCESS_CODES = _SUCCESS_CODES
IE_TRACE:                             New var:....... SUCCESS_CODES = {FAILURE, SUCCESS}
IE_TRACE:                             15:21:35.243223 line        44     ASSERT_CODES = _ASSERT_CODES
IE_TRACE:                             New var:....... ASSERT_CODES = {ASSERT, ASSERT_NOT}
IE_TRACE:                             15:21:35.243273 line        45     iscased = None
IE_TRACE:                             New var:....... iscased = None
IE_TRACE:                             15:21:35.243324 line        46     tolower = None
IE_TRACE:                             New var:....... tolower = None
IE_TRACE:                             15:21:35.243376 line        47     fixes = None
IE_TRACE:                             New var:....... fixes = None
IE_TRACE:                             15:21:35.243430 line        48     if flags & SRE_FLAG_IGNORECASE and not flags & SRE_FLAG_LOCALE:
IE_TRACE:                             15:21:35.243485 line        56     for op, av in pattern:
IE_TRACE:                                 Source path:... /usr/lib/python3.12/re/_parser.py
IE_TRACE:                                 Starting var:.. self = [(IN, [(CATEGORY, CATEGORY_SPACE)])]
IE_TRACE:                                 Starting var:.. index = 0
IE_TRACE:                                 15:21:35.243537 call       168     def __getitem__(self, index):
IE_TRACE:                                 15:21:35.243585 line       169         if isinstance(index, slice):
IE_TRACE:                                 15:21:35.243614 line       171         return self.data[index]
IE_TRACE:                                 15:21:35.243644 return     171         return self.data[index]
IE_TRACE:                                 Return value:.. (IN, [(CATEGORY, CATEGORY_SPACE)])
IE_TRACE:                             Source path:... /usr/lib/python3.12/re/_compiler.py
IE_TRACE:                             New var:....... op = IN
IE_TRACE:                             New var:....... av = [(CATEGORY, CATEGORY_SPACE)]
IE_TRACE:                             15:21:35.243681 line        57         if op in LITERAL_CODES:
IE_TRACE:                             15:21:35.243748 line        85         elif op is IN:
IE_TRACE:                             15:21:35.243801 line        86             charset, hascased = _optimize_charset(av, iscased, tolower, fixes)
IE_TRACE:                                 Starting var:.. charset = [(CATEGORY, CATEGORY_SPACE)]
IE_TRACE:                                 Starting var:.. iscased = None
IE_TRACE:                                 Starting var:.. fixup = None
IE_TRACE:                                 Starting var:.. fixes = None
IE_TRACE:                                 15:21:35.243860 call       243 def _optimize_charset(charset, iscased=None, fixup=None, fixes=None):
IE_TRACE:                                 15:21:35.243915 line       245     out = []
IE_TRACE:                                 New var:....... out = []
IE_TRACE:                                 15:21:35.243954 line       246     tail = []
IE_TRACE:                                 New var:....... tail = []
IE_TRACE:                                 15:21:35.243998 line       247     charmap = bytearray(256)
IE_TRACE:                                 New var:....... charmap = bytearray(b'\x00\x00\x00\x00\x00\x00\x00\x00\x00\x00\x00\x00\x00\x00\x00\x00\x00\x00\x00\x00\x00\x00\x00\x00\x00\x00\x00\x00\x00\x00\x00\x00\x00\x00\x00\x00\x00\x00\x00\x00\x00\x00\x00\x00\x00\x00\x00\x00\x00\x00\x00\x00\x00\x00\x00\x00\x00\x00\x00...x00\x00\x00\x00\x00\x00\x00\x00\x00\x00\x00\x00\x00\x00\x00\x00\x00\x00\x00\x00\x00\x00\x00\x00\x00\x00\x00\x00\x00\x00\x00\x00\x00\x00\x00\x00\x00\x00\x00\x00\x00\x00\x00\x00\x00\x00\x00\x00\x00\x00\x00\x00\x00\x00\x00\x00\x00\x00\x00\x00\x00\x00')
IE_TRACE:                                 15:21:35.244044 line       248     hascased = False
IE_TRACE:                                 New var:....... hascased = False
IE_TRACE:                                 15:21:35.244097 line       249     for op, av in charset:
IE_TRACE:                                 New var:....... op = CATEGORY
IE_TRACE:                                 New var:....... av = CATEGORY_SPACE
IE_TRACE:                                 15:21:35.244148 line       250         while True:
IE_TRACE:                                 15:21:35.244206 line       251             try:
IE_TRACE:                                 15:21:35.244253 line       252                 if op is LITERAL:
IE_TRACE:                                 15:21:35.244300 line       263                 elif op is RANGE:
IE_TRACE:                                 15:21:35.244346 line       280                 elif op is NEGATE:
IE_TRACE:                                 15:21:35.244393 line       283                     tail.append((op, av))
IE_TRACE:                                 Modified var:.. tail = [(CATEGORY, CATEGORY_SPACE)]
IE_TRACE:                                 15:21:35.244439 line       306             break
IE_TRACE:                                 15:21:35.244491 line       249     for op, av in charset:
IE_TRACE:                                 15:21:35.244538 line       309     runs = []
IE_TRACE:                                 New var:....... runs = []
IE_TRACE:                                 15:21:35.244596 line       310     q = 0
IE_TRACE:                                 New var:....... q = 0
IE_TRACE:                                 15:21:35.244650 line       311     while True:
IE_TRACE:                                 15:21:35.244705 line       312         p = charmap.find(1, q)
IE_TRACE:                                 New var:....... p = -1
IE_TRACE:                                 15:21:35.244758 line       313         if p < 0:
IE_TRACE:                                 15:21:35.244814 line       314             break
IE_TRACE:                                 15:21:35.244865 line       323     if runs is not None:
IE_TRACE:                                 15:21:35.244916 line       325         for p, q in runs:
IE_TRACE:                                 15:21:35.244966 line       330         out += tail
IE_TRACE:                                 Modified var:.. out = [(CATEGORY, CATEGORY_SPACE)]
IE_TRACE:                                 15:21:35.245017 line       332         if hascased or len(out) < len(charset):
IE_TRACE:                                 15:21:35.245073 line       335         return charset, hascased
IE_TRACE:                                 15:21:35.245123 return     335         return charset, hascased
IE_TRACE:                                 Return value:.. ([(CATEGORY, CATEGORY_SPACE)], False)
IE_TRACE:                             New var:....... charset = [(CATEGORY, CATEGORY_SPACE)]
IE_TRACE:                             New var:....... hascased = False
IE_TRACE:                             15:21:35.245183 line        87             if flags & SRE_FLAG_IGNORECASE and flags & SRE_FLAG_LOCALE:
IE_TRACE:                             15:21:35.245252 line        89             elif not hascased:
IE_TRACE:                             15:21:35.245309 line        90                 emit(IN)
IE_TRACE:                             Modified var:.. code = list(len=29)
IE_TRACE:                             15:21:35.245366 line        95             skip = _len(code); emit(0)
IE_TRACE:                             Modified var:.. code = list(len=30)
IE_TRACE:                             New var:....... skip = 29
IE_TRACE:                             15:21:35.245426 line        96             _compile_charset(charset, flags, code)
IE_TRACE:                                 Starting var:.. charset = [(CATEGORY, CATEGORY_SPACE)]
IE_TRACE:                                 Starting var:.. flags = 48
IE_TRACE:                                 Starting var:.. code = list(len=30)
IE_TRACE:                                 15:21:35.245495 call       216 def _compile_charset(charset, flags, code):
IE_TRACE:                                 15:21:35.245542 line       218     emit = code.append
IE_TRACE:                                 New var:....... emit = <built-in method append of list object at 0x72cf9fcda140>
IE_TRACE:                                 15:21:35.245580 line       219     for op, av in charset:
IE_TRACE:                                 New var:....... op = CATEGORY
IE_TRACE:                                 New var:....... av = CATEGORY_SPACE
IE_TRACE:                                 15:21:35.245617 line       220         emit(op)
IE_TRACE:                                 Modified var:.. code = list(len=31)
IE_TRACE:                                 15:21:35.245662 line       221         if op is NEGATE:
IE_TRACE:                                 15:21:35.245701 line       223         elif op is LITERAL:
IE_TRACE:                                 15:21:35.245736 line       225         elif op is RANGE or op is RANGE_UNI_IGNORE:
IE_TRACE:                                 15:21:35.245772 line       228         elif op is CHARSET:
IE_TRACE:                                 15:21:35.245806 line       230         elif op is BIGCHARSET:
IE_TRACE:                                 15:21:35.245841 line       232         elif op is CATEGORY:
IE_TRACE:                                 15:21:35.245876 line       233             if flags & SRE_FLAG_LOCALE:
IE_TRACE:                                 15:21:35.245910 line       235             elif flags & SRE_FLAG_UNICODE:
IE_TRACE:                                 15:21:35.245945 line       236                 emit(CH_UNICODE[av])
IE_TRACE:                                 Modified var:.. code = list(len=32)
IE_TRACE:                                 15:21:35.245980 line       219     for op, av in charset:
IE_TRACE:                                 15:21:35.246019 line       241     emit(FAILURE)
IE_TRACE:                                 Modified var:.. code = list(len=33)
IE_TRACE:                                 15:21:35.246053 return     241     emit(FAILURE)
IE_TRACE:                                 Return value:.. None
IE_TRACE:                             Modified var:.. code = list(len=33)
IE_TRACE:                             15:21:35.246099 line        97             code[skip] = _len(code) - skip
IE_TRACE:                             15:21:35.246161 line        56     for op, av in pattern:
IE_TRACE:                                 Source path:... /usr/lib/python3.12/re/_parser.py
IE_TRACE:                                 Starting var:.. self = [(IN, [(CATEGORY, CATEGORY_SPACE)])]
IE_TRACE:                                 Starting var:.. index = 1
IE_TRACE:                                 15:21:35.246218 call       168     def __getitem__(self, index):
IE_TRACE:                                 15:21:35.246260 line       169         if isinstance(index, slice):
IE_TRACE:                                 15:21:35.246290 line       171         return self.data[index]
IE_TRACE:                                 15:21:35.246319 exception  171         return self.data[index]
IE_TRACE:                                 Exception:..... IndexError: list index out of range
IE_TRACE:                                 Call ended by exception
IE_TRACE:                             Source path:... /usr/lib/python3.12/re/_compiler.py
IE_TRACE:                             15:21:35.246418 return      56     for op, av in pattern:
IE_TRACE:                             Return value:.. None
IE_TRACE:                         Modified var:.. code = list(len=33)
IE_TRACE:                         15:21:35.246488 line       112                 emit(SUCCESS)
IE_TRACE:                         Modified var:.. code = list(len=34)
IE_TRACE:                         15:21:35.246560 line       113                 code[skip] = _len(code) - skip
IE_TRACE:                         15:21:35.246635 line        56     for op, av in pattern:
IE_TRACE:                         Modified var:.. op = LITERAL
IE_TRACE:                         Modified var:.. av = 40
IE_TRACE:                         15:21:35.246697 line        57         if op in LITERAL_CODES:
IE_TRACE:                         15:21:35.246766 line        58             if not flags & SRE_FLAG_IGNORECASE:
IE_TRACE:                         15:21:35.246827 line        59                 emit(op)
IE_TRACE:                         Modified var:.. code = list(len=35)
IE_TRACE:                         15:21:35.246886 line        60                 emit(av)
IE_TRACE:                         Modified var:.. code = list(len=36)
IE_TRACE:                         15:21:35.246950 line        56     for op, av in pattern:
IE_TRACE:                         Modified var:.. op = MAX_REPEAT
IE_TRACE:                         Modified var:.. av = (0, MAXREPEAT, [(IN, [(CATEGORY, CATEGORY_SPACE)])])
IE_TRACE:                         15:21:35.247014 line        57         if op in LITERAL_CODES:
IE_TRACE:                         15:21:35.247083 line        85         elif op is IN:
IE_TRACE:                         15:21:35.247144 line        98         elif op is ANY:
IE_TRACE:                         15:21:35.247205 line       103         elif op in REPEATING_CODES:
IE_TRACE:                         15:21:35.247266 line       104             if flags & SRE_FLAG_TEMPLATE:
IE_TRACE:                         15:21:35.247326 line       106             if _simple(av[2]):
IE_TRACE:                             Starting var:.. p = [(IN, [(CATEGORY, CATEGORY_SPACE)])]
IE_TRACE:                             15:21:35.247389 call       398 def _simple(p):
IE_TRACE:                             15:21:35.247417 line       400     if len(p) != 1:
IE_TRACE:                                 Source path:... /usr/lib/python3.12/re/_parser.py
IE_TRACE:                                 Starting var:.. self = [(IN, [(CATEGORY, CATEGORY_SPACE)])]
IE_TRACE:                                 15:21:35.247441 call       164     def __len__(self):
IE_TRACE:                                 15:21:35.247473 line       165         return len(self.data)
IE_TRACE:                                 15:21:35.247496 return     165         return len(self.data)
IE_TRACE:                                 Return value:.. 1
IE_TRACE:                             Source path:... /usr/lib/python3.12/re/_compiler.py
IE_TRACE:                             15:21:35.247524 line       402     op, av = p[0]
IE_TRACE:                                 Source path:... /usr/lib/python3.12/re/_parser.py
IE_TRACE:                                 Starting var:.. self = [(IN, [(CATEGORY, CATEGORY_SPACE)])]
IE_TRACE:                                 Starting var:.. index = 0
IE_TRACE:                                 15:21:35.247552 call       168     def __getitem__(self, index):
IE_TRACE:                                 15:21:35.247592 line       169         if isinstance(index, slice):
IE_TRACE:                                 15:21:35.247616 line       171         return self.data[index]
IE_TRACE:                                 15:21:35.247639 return     171         return self.data[index]
IE_TRACE:                                 Return value:.. (IN, [(CATEGORY, CATEGORY_SPACE)])
IE_TRACE:                             Source path:... /usr/lib/python3.12/re/_compiler.py
IE_TRACE:                             New var:....... op = IN
IE_TRACE:                             New var:....... av = [(CATEGORY, CATEGORY_SPACE)]
IE_TRACE:                             15:21:35.247669 line       403     if op is SUBPATTERN:
IE_TRACE:                             15:21:35.247708 line       405     return op in _UNIT_CODES
IE_TRACE:                             15:21:35.247734 return     405     return op in _UNIT_CODES
IE_TRACE:                             Return value:.. True
IE_TRACE:                         15:21:35.247766 line       107                 emit(REPEATING_CODES[op][2])
IE_TRACE:                         Modified var:.. code = list(len=37)
IE_TRACE:                         15:21:35.247829 line       108                 skip = _len(code); emit(0)
IE_TRACE:                         Modified var:.. code = list(len=38)
IE_TRACE:                         Modified var:.. skip = 37
IE_TRACE:                         15:21:35.247895 line       109                 emit(av[0])
IE_TRACE:                         Modified var:.. code = list(len=39)
IE_TRACE:                         15:21:35.247965 line       110                 emit(av[1])
IE_TRACE:                         Modified var:.. code = list(len=40)
IE_TRACE:                         15:21:35.248029 line       111                 _compile(code, av[2], flags)
IE_TRACE:                             Starting var:.. code = list(len=40)
IE_TRACE:                             Starting var:.. pattern = [(IN, [(CATEGORY, CATEGORY_SPACE)])]
IE_TRACE:                             Starting var:.. flags = 48
IE_TRACE:                             15:21:35.248101 call        37 def _compile(code, pattern, flags):
IE_TRACE:                             15:21:35.248150 line        39     emit = code.append
IE_TRACE:                             New var:....... emit = <built-in method append of list object at 0x72cf9fcda140>
IE_TRACE:                             15:21:35.248185 line        40     _len = len
IE_TRACE:                             New var:....... _len = <built-in function len>
IE_TRACE:                             15:21:35.248227 line        41     LITERAL_CODES = _LITERAL_CODES
IE_TRACE:                             New var:....... LITERAL_CODES = {LITERAL, NOT_LITERAL}
IE_TRACE:                             15:21:35.248270 line        42     REPEATING_CODES = _REPEATING_CODES
IE_TRACE:                             New var:....... REPEATING_CODES = {MIN_REPEAT: (REPEAT, MIN_UNTIL, MIN_REPEAT_ONE), MAX_REPEAT: (REPEAT, MAX_UNTIL, REPEAT_ONE), POSSESSIVE_REPEAT: (POSSESSIVE_REPEAT, SUCCESS, POSSESSIVE_REPEAT_ONE)}
IE_TRACE:                             15:21:35.248314 line        43     SUCCESS_CODES = _SUCCESS_CODES
IE_TRACE:                             New var:....... SUCCESS_CODES = {FAILURE, SUCCESS}
IE_TRACE:                             15:21:35.248363 line        44     ASSERT_CODES = _ASSERT_CODES
IE_TRACE:                             New var:....... ASSERT_CODES = {ASSERT, ASSERT_NOT}
IE_TRACE:                             15:21:35.248413 line        45     iscased = None
IE_TRACE:                             New var:....... iscased = None
IE_TRACE:                             15:21:35.248464 line        46     tolower = None
IE_TRACE:                             New var:....... tolower = None
IE_TRACE:                             15:21:35.248515 line        47     fixes = None
IE_TRACE:                             New var:....... fixes = None
IE_TRACE:                             15:21:35.248573 line        48     if flags & SRE_FLAG_IGNORECASE and not flags & SRE_FLAG_LOCALE:
IE_TRACE:                             15:21:35.248634 line        56     for op, av in pattern:
IE_TRACE:                                 Source path:... /usr/lib/python3.12/re/_parser.py
IE_TRACE:                                 Starting var:.. self = [(IN, [(CATEGORY, CATEGORY_SPACE)])]
IE_TRACE:                                 Starting var:.. index = 0
IE_TRACE:                                 15:21:35.248684 call       168     def __getitem__(self, index):
IE_TRACE:                                 15:21:35.248728 line       169         if isinstance(index, slice):
IE_TRACE:                                 15:21:35.248757 line       171         return self.data[index]
IE_TRACE:                                 15:21:35.248786 return     171         return self.data[index]
IE_TRACE:                                 Return value:.. (IN, [(CATEGORY, CATEGORY_SPACE)])
IE_TRACE:                             Source path:... /usr/lib/python3.12/re/_compiler.py
IE_TRACE:                             New var:....... op = IN
IE_TRACE:                             New var:....... av = [(CATEGORY, CATEGORY_SPACE)]
IE_TRACE:                             15:21:35.248822 line        57         if op in LITERAL_CODES:
IE_TRACE:                             15:21:35.248888 line        85         elif op is IN:
IE_TRACE:                             15:21:35.248941 line        86             charset, hascased = _optimize_charset(av, iscased, tolower, fixes)
IE_TRACE:                                 Starting var:.. charset = [(CATEGORY, CATEGORY_SPACE)]
IE_TRACE:                                 Starting var:.. iscased = None
IE_TRACE:                                 Starting var:.. fixup = None
IE_TRACE:                                 Starting var:.. fixes = None
IE_TRACE:                                 15:21:35.248997 call       243 def _optimize_charset(charset, iscased=None, fixup=None, fixes=None):
IE_TRACE:                                 15:21:35.249052 line       245     out = []
IE_TRACE:                                 New var:....... out = []
IE_TRACE:                                 15:21:35.249090 line       246     tail = []
IE_TRACE:                                 New var:....... tail = []
IE_TRACE:                                 15:21:35.249134 line       247     charmap = bytearray(256)
IE_TRACE:                                 New var:....... charmap = bytearray(b'\x00\x00\x00\x00\x00\x00\x00\x00\x00\x00\x00\x00\x00\x00\x00\x00\x00\x00\x00\x00\x00\x00\x00\x00\x00\x00\x00\x00\x00\x00\x00\x00\x00\x00\x00\x00\x00\x00\x00\x00\x00\x00\x00\x00\x00\x00\x00\x00\x00\x00\x00\x00\x00\x00\x00\x00\x00\x00\x00...x00\x00\x00\x00\x00\x00\x00\x00\x00\x00\x00\x00\x00\x00\x00\x00\x00\x00\x00\x00\x00\x00\x00\x00\x00\x00\x00\x00\x00\x00\x00\x00\x00\x00\x00\x00\x00\x00\x00\x00\x00\x00\x00\x00\x00\x00\x00\x00\x00\x00\x00\x00\x00\x00\x00\x00\x00\x00\x00\x00\x00\x00')
IE_TRACE:                                 15:21:35.249178 line       248     hascased = False
IE_TRACE:                                 New var:....... hascased = False
IE_TRACE:                                 15:21:35.249227 line       249     for op, av in charset:
IE_TRACE:                                 New var:....... op = CATEGORY
IE_TRACE:                                 New var:....... av = CATEGORY_SPACE
IE_TRACE:                                 15:21:35.249276 line       250         while True:
IE_TRACE:                                 15:21:35.249332 line       251             try:
IE_TRACE:                                 15:21:35.249378 line       252                 if op is LITERAL:
IE_TRACE:                                 15:21:35.249425 line       263                 elif op is RANGE:
IE_TRACE:                                 15:21:35.249471 line       280                 elif op is NEGATE:
IE_TRACE:                                 15:21:35.249517 line       283                     tail.append((op, av))
IE_TRACE:                                 Modified var:.. tail = [(CATEGORY, CATEGORY_SPACE)]
IE_TRACE:                                 15:21:35.249563 line       306             break
IE_TRACE:                                 15:21:35.249625 line       249     for op, av in charset:
IE_TRACE:                                 15:21:35.249672 line       309     runs = []
IE_TRACE:                                 New var:....... runs = []
IE_TRACE:                                 15:21:35.249718 line       310     q = 0
IE_TRACE:                                 New var:....... q = 0
IE_TRACE:                                 15:21:35.249771 line       311     while True:
IE_TRACE:                                 15:21:35.249825 line       312         p = charmap.find(1, q)
IE_TRACE:                                 New var:....... p = -1
IE_TRACE:                                 15:21:35.249874 line       313         if p < 0:
IE_TRACE:                                 15:21:35.249929 line       314             break
IE_TRACE:                                 15:21:35.249979 line       323     if runs is not None:
IE_TRACE:                                 15:21:35.250029 line       325         for p, q in runs:
IE_TRACE:                                 15:21:35.250079 line       330         out += tail
IE_TRACE:                                 Modified var:.. out = [(CATEGORY, CATEGORY_SPACE)]
IE_TRACE:                                 15:21:35.250129 line       332         if hascased or len(out) < len(charset):
IE_TRACE:                                 15:21:35.250184 line       335         return charset, hascased
IE_TRACE:                                 15:21:35.250234 return     335         return charset, hascased
IE_TRACE:                                 Return value:.. ([(CATEGORY, CATEGORY_SPACE)], False)
IE_TRACE:                             New var:....... charset = [(CATEGORY, CATEGORY_SPACE)]
IE_TRACE:                             New var:....... hascased = False
IE_TRACE:                             15:21:35.250292 line        87             if flags & SRE_FLAG_IGNORECASE and flags & SRE_FLAG_LOCALE:
IE_TRACE:                             15:21:35.250359 line        89             elif not hascased:
IE_TRACE:                             15:21:35.250416 line        90                 emit(IN)
IE_TRACE:                             Modified var:.. code = list(len=41)
IE_TRACE:                             15:21:35.250472 line        95             skip = _len(code); emit(0)
IE_TRACE:                             Modified var:.. code = list(len=42)
IE_TRACE:                             New var:....... skip = 41
IE_TRACE:                             15:21:35.250532 line        96             _compile_charset(charset, flags, code)
IE_TRACE:                                 Starting var:.. charset = [(CATEGORY, CATEGORY_SPACE)]
IE_TRACE:                                 Starting var:.. flags = 48
IE_TRACE:                                 Starting var:.. code = list(len=42)
IE_TRACE:                                 15:21:35.250601 call       216 def _compile_charset(charset, flags, code):
IE_TRACE:                                 15:21:35.250645 line       218     emit = code.append
IE_TRACE:                                 New var:....... emit = <built-in method append of list object at 0x72cf9fcda140>
IE_TRACE:                                 15:21:35.250676 line       219     for op, av in charset:
IE_TRACE:                                 New var:....... op = CATEGORY
IE_TRACE:                                 New var:....... av = CATEGORY_SPACE
IE_TRACE:                                 15:21:35.250714 line       220         emit(op)
IE_TRACE:                                 Modified var:.. code = list(len=43)
IE_TRACE:                                 15:21:35.250758 line       221         if op is NEGATE:
IE_TRACE:                                 15:21:35.250799 line       223         elif op is LITERAL:
IE_TRACE:                                 15:21:35.250834 line       225         elif op is RANGE or op is RANGE_UNI_IGNORE:
IE_TRACE:                                 15:21:35.250869 line       228         elif op is CHARSET:
IE_TRACE:                                 15:21:35.250904 line       230         elif op is BIGCHARSET:
IE_TRACE:                                 15:21:35.250939 line       232         elif op is CATEGORY:
IE_TRACE:                                 15:21:35.250973 line       233             if flags & SRE_FLAG_LOCALE:
IE_TRACE:                                 15:21:35.251008 line       235             elif flags & SRE_FLAG_UNICODE:
IE_TRACE:                                 15:21:35.251042 line       236                 emit(CH_UNICODE[av])
IE_TRACE:                                 Modified var:.. code = list(len=44)
IE_TRACE:                                 15:21:35.251076 line       219     for op, av in charset:
IE_TRACE:                                 15:21:35.251115 line       241     emit(FAILURE)
IE_TRACE:                                 Modified var:.. code = list(len=45)
IE_TRACE:                                 15:21:35.251150 return     241     emit(FAILURE)
IE_TRACE:                                 Return value:.. None
IE_TRACE:                             Modified var:.. code = list(len=45)
IE_TRACE:                             15:21:35.251195 line        97             code[skip] = _len(code) - skip
IE_TRACE:                             15:21:35.251258 line        56     for op, av in pattern:
IE_TRACE:                                 Source path:... /usr/lib/python3.12/re/_parser.py
IE_TRACE:                                 Starting var:.. self = [(IN, [(CATEGORY, CATEGORY_SPACE)])]
IE_TRACE:                                 Starting var:.. index = 1
IE_TRACE:                                 15:21:35.251315 call       168     def __getitem__(self, index):
IE_TRACE:                                 15:21:35.251358 line       169         if isinstance(index, slice):
IE_TRACE:                                 15:21:35.251388 line       171         return self.data[index]
IE_TRACE:                                 15:21:35.251417 exception  171         return self.data[index]
IE_TRACE:                                 Exception:..... IndexError: list index out of range
IE_TRACE:                                 Call ended by exception
IE_TRACE:                             Source path:... /usr/lib/python3.12/re/_compiler.py
IE_TRACE:                             15:21:35.251496 return      56     for op, av in pattern:
IE_TRACE:                             Return value:.. None
IE_TRACE:                         Modified var:.. code = list(len=45)
IE_TRACE:                         15:21:35.251563 line       112                 emit(SUCCESS)
IE_TRACE:                         Modified var:.. code = list(len=46)
IE_TRACE:                         15:21:35.251635 line       113                 code[skip] = _len(code) - skip
IE_TRACE:                         15:21:35.251701 line        56     for op, av in pattern:
IE_TRACE:                         Modified var:.. op = SUBPATTERN
IE_TRACE:                         Modified var:.. av = (1, 0, 0, [(MAX_REPEAT, (0, MAXREPEAT, [(ANY, None)]))])
IE_TRACE:                         15:21:35.251761 line        57         if op in LITERAL_CODES:
IE_TRACE:                         15:21:35.251832 line        85         elif op is IN:
IE_TRACE:                         15:21:35.251893 line        98         elif op is ANY:
IE_TRACE:                         15:21:35.251953 line       103         elif op in REPEATING_CODES:
IE_TRACE:                         15:21:35.252013 line       122         elif op is SUBPATTERN:
IE_TRACE:                         15:21:35.252074 line       123             group, add_flags, del_flags, p = av
IE_TRACE:                         New var:....... group = 1
IE_TRACE:                         New var:....... add_flags = 0
IE_TRACE:                         New var:....... del_flags = 0
IE_TRACE:                         New var:....... p = [(MAX_REPEAT, (0, MAXREPEAT, [(ANY, None)]))]
IE_TRACE:                         15:21:35.252134 line       124             if group:
IE_TRACE:                         15:21:35.252219 line       125                 emit(MARK)
IE_TRACE:                         Modified var:.. code = list(len=47)
IE_TRACE:                         15:21:35.252286 line       126                 emit((group-1)*2)
IE_TRACE:                         Modified var:.. code = list(len=48)
IE_TRACE:                         15:21:35.252358 line       128             _compile(code, p, _combine_flags(flags, add_flags, del_flags))
IE_TRACE:                             Starting var:.. flags = 48
IE_TRACE:                             Starting var:.. add_flags = 0
IE_TRACE:                             Starting var:.. del_flags = 0
IE_TRACE:                             Starting var:.. TYPE_FLAGS = 292
IE_TRACE:                             15:21:35.252433 call        31 def _combine_flags(flags, add_flags, del_flags,
IE_TRACE:                             15:21:35.252477 line        33     if add_flags & TYPE_FLAGS:
IE_TRACE:                             15:21:35.252503 line        35     return (flags | add_flags) & ~del_flags
IE_TRACE:                             15:21:35.252529 return      35     return (flags | add_flags) & ~del_flags
IE_TRACE:                             Return value:.. 48
IE_TRACE:                             Starting var:.. code = list(len=48)
IE_TRACE:                             Starting var:.. pattern = [(MAX_REPEAT, (0, MAXREPEAT, [(ANY, None)]))]
IE_TRACE:                             Starting var:.. flags = 48
IE_TRACE:                             15:21:35.252570 call        37 def _compile(code, pattern, flags):
IE_TRACE:                             15:21:35.252619 line        39     emit = code.append
IE_TRACE:                             New var:....... emit = <built-in method append of list object at 0x72cf9fcda140>
IE_TRACE:                             15:21:35.252655 line        40     _len = len
IE_TRACE:                             New var:....... _len = <built-in function len>
IE_TRACE:                             15:21:35.252697 line        41     LITERAL_CODES = _LITERAL_CODES
IE_TRACE:                             New var:....... LITERAL_CODES = {LITERAL, NOT_LITERAL}
IE_TRACE:                             15:21:35.252740 line        42     REPEATING_CODES = _REPEATING_CODES
IE_TRACE:                             New var:....... REPEATING_CODES = {MIN_REPEAT: (REPEAT, MIN_UNTIL, MIN_REPEAT_ONE), MAX_REPEAT: (REPEAT, MAX_UNTIL, REPEAT_ONE), POSSESSIVE_REPEAT: (POSSESSIVE_REPEAT, SUCCESS, POSSESSIVE_REPEAT_ONE)}
IE_TRACE:                             15:21:35.252786 line        43     SUCCESS_CODES = _SUCCESS_CODES
IE_TRACE:                             New var:....... SUCCESS_CODES = {FAILURE, SUCCESS}
IE_TRACE:                             15:21:35.252834 line        44     ASSERT_CODES = _ASSERT_CODES
IE_TRACE:                             New var:....... ASSERT_CODES = {ASSERT, ASSERT_NOT}
IE_TRACE:                             15:21:35.252884 line        45     iscased = None
IE_TRACE:                             New var:....... iscased = None
IE_TRACE:                             15:21:35.252935 line        46     tolower = None
IE_TRACE:                             New var:....... tolower = None
IE_TRACE:                             15:21:35.252987 line        47     fixes = None
IE_TRACE:                             New var:....... fixes = None
IE_TRACE:                             15:21:35.253040 line        48     if flags & SRE_FLAG_IGNORECASE and not flags & SRE_FLAG_LOCALE:
IE_TRACE:                             15:21:35.253094 line        56     for op, av in pattern:
IE_TRACE:                                 Source path:... /usr/lib/python3.12/re/_parser.py
IE_TRACE:                                 Starting var:.. self = [(MAX_REPEAT, (0, MAXREPEAT, [(ANY, None)]))]
IE_TRACE:                                 Starting var:.. index = 0
IE_TRACE:                                 15:21:35.253145 call       168     def __getitem__(self, index):
IE_TRACE:                                 15:21:35.253188 line       169         if isinstance(index, slice):
IE_TRACE:                                 15:21:35.253217 line       171         return self.data[index]
IE_TRACE:                                 15:21:35.253246 return     171         return self.data[index]
IE_TRACE:                                 Return value:.. (MAX_REPEAT, (0, MAXREPEAT, [(ANY, None)]))
IE_TRACE:                             Source path:... /usr/lib/python3.12/re/_compiler.py
IE_TRACE:                             New var:....... op = MAX_REPEAT
IE_TRACE:                             New var:....... av = (0, MAXREPEAT, [(ANY, None)])
IE_TRACE:                             15:21:35.253283 line        57         if op in LITERAL_CODES:
IE_TRACE:                             15:21:35.253350 line        85         elif op is IN:
IE_TRACE:                             15:21:35.253403 line        98         elif op is ANY:
IE_TRACE:                             15:21:35.253456 line       103         elif op in REPEATING_CODES:
IE_TRACE:                             15:21:35.253509 line       104             if flags & SRE_FLAG_TEMPLATE:
IE_TRACE:                             15:21:35.253562 line       106             if _simple(av[2]):
IE_TRACE:                                 Starting var:.. p = [(ANY, None)]
IE_TRACE:                                 15:21:35.253619 call       398 def _simple(p):
IE_TRACE:                                 15:21:35.253653 line       400     if len(p) != 1:
IE_TRACE:                                     Source path:... /usr/lib/python3.12/re/_parser.py
IE_TRACE:                                     Starting var:.. self = [(ANY, None)]
IE_TRACE:                                     15:21:35.253681 call       164     def __len__(self):
IE_TRACE:                                     15:21:35.253718 line       165         return len(self.data)
IE_TRACE:                                     15:21:35.253746 return     165         return len(self.data)
IE_TRACE:                                     Return value:.. 1
IE_TRACE:                                 Source path:... /usr/lib/python3.12/re/_compiler.py
IE_TRACE:                                 15:21:35.253780 line       402     op, av = p[0]
IE_TRACE:                                     Source path:... /usr/lib/python3.12/re/_parser.py
IE_TRACE:                                     Starting var:.. self = [(ANY, None)]
IE_TRACE:                                     Starting var:.. index = 0
IE_TRACE:                                     15:21:35.253814 call       168     def __getitem__(self, index):
IE_TRACE:                                     15:21:35.253856 line       169         if isinstance(index, slice):
IE_TRACE:                                     15:21:35.253885 line       171         return self.data[index]
IE_TRACE:                                     15:21:35.253914 return     171         return self.data[index]
IE_TRACE:                                     Return value:.. (ANY, None)
IE_TRACE:                                 Source path:... /usr/lib/python3.12/re/_compiler.py
IE_TRACE:                                 New var:....... op = ANY
IE_TRACE:                                 New var:....... av = None
IE_TRACE:                                 15:21:35.253949 line       403     if op is SUBPATTERN:
IE_TRACE:                                 15:21:35.253992 line       405     return op in _UNIT_CODES
IE_TRACE:                                 15:21:35.254022 return     405     return op in _UNIT_CODES
IE_TRACE:                                 Return value:.. True
IE_TRACE:                             15:21:35.254058 line       107                 emit(REPEATING_CODES[op][2])
IE_TRACE:                             Modified var:.. code = list(len=49)
IE_TRACE:                             15:21:35.254112 line       108                 skip = _len(code); emit(0)
IE_TRACE:                             Modified var:.. code = list(len=50)
IE_TRACE:                             New var:....... skip = 49
IE_TRACE:                             15:21:35.254170 line       109                 emit(av[0])
IE_TRACE:                             Modified var:.. code = list(len=51)
IE_TRACE:                             15:21:35.254233 line       110                 emit(av[1])
IE_TRACE:                             Modified var:.. code = list(len=52)
IE_TRACE:                             15:21:35.254292 line       111                 _compile(code, av[2], flags)
IE_TRACE:                                 Starting var:.. code = list(len=52)
IE_TRACE:                                 Starting var:.. pattern = [(ANY, None)]
IE_TRACE:                                 Starting var:.. flags = 48
IE_TRACE:                                 15:21:35.254358 call        37 def _compile(code, pattern, flags):
IE_TRACE:                                 15:21:35.254411 line        39     emit = code.append
IE_TRACE:                                 New var:....... emit = <built-in method append of list object at 0x72cf9fcda140>
IE_TRACE:                                 15:21:35.254452 line        40     _len = len
IE_TRACE:                                 New var:....... _len = <built-in function len>
IE_TRACE:                                 15:21:35.254499 line        41     LITERAL_CODES = _LITERAL_CODES
IE_TRACE:                                 New var:....... LITERAL_CODES = {LITERAL, NOT_LITERAL}
IE_TRACE:                                 15:21:35.254547 line        42     REPEATING_CODES = _REPEATING_CODES
IE_TRACE:                                 New var:....... REPEATING_CODES = {MIN_REPEAT: (REPEAT, MIN_UNTIL, MIN_REPEAT_ONE), MAX_REPEAT: (REPEAT, MAX_UNTIL, REPEAT_ONE), POSSESSIVE_REPEAT: (POSSESSIVE_REPEAT, SUCCESS, POSSESSIVE_REPEAT_ONE)}
IE_TRACE:                                 15:21:35.254599 line        43     SUCCESS_CODES = _SUCCESS_CODES
IE_TRACE:                                 New var:....... SUCCESS_CODES = {FAILURE, SUCCESS}
IE_TRACE:                                 15:21:35.254652 line        44     ASSERT_CODES = _ASSERT_CODES
IE_TRACE:                                 New var:....... ASSERT_CODES = {ASSERT, ASSERT_NOT}
IE_TRACE:                                 15:21:35.254706 line        45     iscased = None
IE_TRACE:                                 New var:....... iscased = None
IE_TRACE:                                 15:21:35.254762 line        46     tolower = None
IE_TRACE:                                 New var:....... tolower = None
IE_TRACE:                                 15:21:35.254821 line        47     fixes = None
IE_TRACE:                                 New var:....... fixes = None
IE_TRACE:                                 15:21:35.254879 line        48     if flags & SRE_FLAG_IGNORECASE and not flags & SRE_FLAG_LOCALE:
IE_TRACE:                                 15:21:35.254938 line        56     for op, av in pattern:
IE_TRACE:                                     Source path:... /usr/lib/python3.12/re/_parser.py
IE_TRACE:                                     Starting var:.. self = [(ANY, None)]
IE_TRACE:                                     Starting var:.. index = 0
IE_TRACE:                                     15:21:35.254994 call       168     def __getitem__(self, index):
IE_TRACE:                                     15:21:35.255041 line       169         if isinstance(index, slice):
IE_TRACE:                                     15:21:35.255075 line       171         return self.data[index]
IE_TRACE:                                     15:21:35.255109 return     171         return self.data[index]
IE_TRACE:                                     Return value:.. (ANY, None)
IE_TRACE:                                 Source path:... /usr/lib/python3.12/re/_compiler.py
IE_TRACE:                                 New var:....... op = ANY
IE_TRACE:                                 New var:....... av = None
IE_TRACE:                                 15:21:35.255149 line        57         if op in LITERAL_CODES:
IE_TRACE:                                 15:21:35.255220 line        85         elif op is IN:
IE_TRACE:                                 15:21:35.255278 line        98         elif op is ANY:
IE_TRACE:                                 15:21:35.255334 line        99             if flags & SRE_FLAG_DOTALL:
IE_TRACE:                                 15:21:35.255392 line       100                 emit(ANY_ALL)
IE_TRACE:                                 Modified var:.. code = list(len=53)
IE_TRACE:                                 15:21:35.255449 line        56     for op, av in pattern:
IE_TRACE:                                     Source path:... /usr/lib/python3.12/re/_parser.py
IE_TRACE:                                     Starting var:.. self = [(ANY, None)]
IE_TRACE:                                     Starting var:.. index = 1
IE_TRACE:                                     15:21:35.255511 call       168     def __getitem__(self, index):
IE_TRACE:                                     15:21:35.255558 line       169         if isinstance(index, slice):
IE_TRACE:                                     15:21:35.255595 line       171         return self.data[index]
IE_TRACE:                                     15:21:35.255630 exception  171         return self.data[index]
IE_TRACE:                                     Exception:..... IndexError: list index out of range
IE_TRACE:                                     Call ended by exception
IE_TRACE:                                 Source path:... /usr/lib/python3.12/re/_compiler.py
IE_TRACE:                                 15:21:35.255716 return      56     for op, av in pattern:
IE_TRACE:                                 Return value:.. None
IE_TRACE:                             Modified var:.. code = list(len=53)
IE_TRACE:                             15:21:35.255782 line       112                 emit(SUCCESS)
IE_TRACE:                             Modified var:.. code = list(len=54)
IE_TRACE:                             15:21:35.255843 line       113                 code[skip] = _len(code) - skip
IE_TRACE:                             15:21:35.255903 line        56     for op, av in pattern:
IE_TRACE:                                 Source path:... /usr/lib/python3.12/re/_parser.py
IE_TRACE:                                 Starting var:.. self = [(MAX_REPEAT, (0, MAXREPEAT, [(ANY, None)]))]
IE_TRACE:                                 Starting var:.. index = 1
IE_TRACE:                                 15:21:35.255961 call       168     def __getitem__(self, index):
IE_TRACE:                                 15:21:35.256040 line       169         if isinstance(index, slice):
IE_TRACE:                                 15:21:35.256078 line       171         return self.data[index]
IE_TRACE:                                 15:21:35.256108 exception  171         return self.data[index]
IE_TRACE:                                 Exception:..... IndexError: list index out of range
IE_TRACE:                                 Call ended by exception
IE_TRACE:                             Source path:... /usr/lib/python3.12/re/_compiler.py
IE_TRACE:                             15:21:35.256194 return      56     for op, av in pattern:
IE_TRACE:                             Return value:.. None
IE_TRACE:                         Modified var:.. code = list(len=54)
IE_TRACE:                         15:21:35.256386 line       129             if group:
IE_TRACE:                         15:21:35.256480 line       130                 emit(MARK)
IE_TRACE:                         Modified var:.. code = list(len=55)
IE_TRACE:                         15:21:35.256551 line       131                 emit((group-1)*2+1)
IE_TRACE:                         Modified var:.. code = list(len=56)
IE_TRACE:                         15:21:35.256633 line        56     for op, av in pattern:
IE_TRACE:                         Modified var:.. op = LITERAL
IE_TRACE:                         Modified var:.. av = 41
IE_TRACE:                         15:21:35.256705 line        57         if op in LITERAL_CODES:
IE_TRACE:                         15:21:35.256780 line        58             if not flags & SRE_FLAG_IGNORECASE:
IE_TRACE:                         15:21:35.256847 line        59                 emit(op)
IE_TRACE:                         Modified var:.. code = list(len=57)
IE_TRACE:                         15:21:35.256914 line        60                 emit(av)
IE_TRACE:                         Modified var:.. code = list(len=58)
IE_TRACE:                         15:21:35.256983 line        56     for op, av in pattern:
IE_TRACE:                         Modified var:.. op = MAX_REPEAT
IE_TRACE:                         Modified var:.. av = (0, 1, [(LITERAL, 59)])
IE_TRACE:                         15:21:35.257052 line        57         if op in LITERAL_CODES:
IE_TRACE:                         15:21:35.257127 line        85         elif op is IN:
IE_TRACE:                         15:21:35.257194 line        98         elif op is ANY:
IE_TRACE:                         15:21:35.257261 line       103         elif op in REPEATING_CODES:
IE_TRACE:                         15:21:35.257327 line       104             if flags & SRE_FLAG_TEMPLATE:
IE_TRACE:                         15:21:35.257393 line       106             if _simple(av[2]):
IE_TRACE:                             Starting var:.. p = [(LITERAL, 59)]
IE_TRACE:                             15:21:35.257460 call       398 def _simple(p):
IE_TRACE:                             15:21:35.257490 line       400     if len(p) != 1:
IE_TRACE:                                 Source path:... /usr/lib/python3.12/re/_parser.py
IE_TRACE:                                 Starting var:.. self = [(LITERAL, 59)]
IE_TRACE:                                 15:21:35.257514 call       164     def __len__(self):
IE_TRACE:                                 15:21:35.257546 line       165         return len(self.data)
IE_TRACE:                                 15:21:35.257574 return     165         return len(self.data)
IE_TRACE:                                 Return value:.. 1
IE_TRACE:                             Source path:... /usr/lib/python3.12/re/_compiler.py
IE_TRACE:                             15:21:35.257603 line       402     op, av = p[0]
IE_TRACE:                                 Source path:... /usr/lib/python3.12/re/_parser.py
IE_TRACE:                                 Starting var:.. self = [(LITERAL, 59)]
IE_TRACE:                                 Starting var:.. index = 0
IE_TRACE:                                 15:21:35.257632 call       168     def __getitem__(self, index):
IE_TRACE:                                 15:21:35.257671 line       169         if isinstance(index, slice):
IE_TRACE:                                 15:21:35.257695 line       171         return self.data[index]
IE_TRACE:                                 15:21:35.257718 return     171         return self.data[index]
IE_TRACE:                                 Return value:.. (LITERAL, 59)
IE_TRACE:                             Source path:... /usr/lib/python3.12/re/_compiler.py
IE_TRACE:                             New var:....... op = LITERAL
IE_TRACE:                             New var:....... av = 59
IE_TRACE:                             15:21:35.257747 line       403     if op is SUBPATTERN:
IE_TRACE:                             15:21:35.257786 line       405     return op in _UNIT_CODES
IE_TRACE:                             15:21:35.257811 return     405     return op in _UNIT_CODES
IE_TRACE:                             Return value:.. True
IE_TRACE:                         15:21:35.257842 line       107                 emit(REPEATING_CODES[op][2])
IE_TRACE:                         Modified var:.. code = list(len=59)
IE_TRACE:                         15:21:35.257910 line       108                 skip = _len(code); emit(0)
IE_TRACE:                         Modified var:.. code = list(len=60)
IE_TRACE:                         Modified var:.. skip = 59
IE_TRACE:                         15:21:35.258016 line       109                 emit(av[0])
IE_TRACE:                         Modified var:.. code = list(len=61)
IE_TRACE:                         15:21:35.258091 line       110                 emit(av[1])
IE_TRACE:                         Modified var:.. code = list(len=62)
IE_TRACE:                         15:21:35.258162 line       111                 _compile(code, av[2], flags)
IE_TRACE:                             Starting var:.. code = list(len=62)
IE_TRACE:                             Starting var:.. pattern = [(LITERAL, 59)]
IE_TRACE:                             Starting var:.. flags = 48
IE_TRACE:                             15:21:35.258238 call        37 def _compile(code, pattern, flags):
IE_TRACE:                             15:21:35.258288 line        39     emit = code.append
IE_TRACE:                             New var:....... emit = <built-in method append of list object at 0x72cf9fcda140>
IE_TRACE:                             15:21:35.258324 line        40     _len = len
IE_TRACE:                             New var:....... _len = <built-in function len>
IE_TRACE:                             15:21:35.258366 line        41     LITERAL_CODES = _LITERAL_CODES
IE_TRACE:                             New var:....... LITERAL_CODES = {LITERAL, NOT_LITERAL}
IE_TRACE:                             15:21:35.258409 line        42     REPEATING_CODES = _REPEATING_CODES
IE_TRACE:                             New var:....... REPEATING_CODES = {MIN_REPEAT: (REPEAT, MIN_UNTIL, MIN_REPEAT_ONE), MAX_REPEAT: (REPEAT, MAX_UNTIL, REPEAT_ONE), POSSESSIVE_REPEAT: (POSSESSIVE_REPEAT, SUCCESS, POSSESSIVE_REPEAT_ONE)}
IE_TRACE:                             15:21:35.258454 line        43     SUCCESS_CODES = _SUCCESS_CODES
IE_TRACE:                             New var:....... SUCCESS_CODES = {FAILURE, SUCCESS}
IE_TRACE:                             15:21:35.258501 line        44     ASSERT_CODES = _ASSERT_CODES
IE_TRACE:                             New var:....... ASSERT_CODES = {ASSERT, ASSERT_NOT}
IE_TRACE:                             15:21:35.258550 line        45     iscased = None
IE_TRACE:                             New var:....... iscased = None
IE_TRACE:                             15:21:35.258611 line        46     tolower = None
IE_TRACE:                             New var:....... tolower = None
IE_TRACE:                             15:21:35.258663 line        47     fixes = None
IE_TRACE:                             New var:....... fixes = None
IE_TRACE:                             15:21:35.258715 line        48     if flags & SRE_FLAG_IGNORECASE and not flags & SRE_FLAG_LOCALE:
IE_TRACE:                             15:21:35.258769 line        56     for op, av in pattern:
IE_TRACE:                                 Source path:... /usr/lib/python3.12/re/_parser.py
IE_TRACE:                                 Starting var:.. self = [(LITERAL, 59)]
IE_TRACE:                                 Starting var:.. index = 0
IE_TRACE:                                 15:21:35.258819 call       168     def __getitem__(self, index):
IE_TRACE:                                 15:21:35.258861 line       169         if isinstance(index, slice):
IE_TRACE:                                 15:21:35.258890 line       171         return self.data[index]
IE_TRACE:                                 15:21:35.258918 return     171         return self.data[index]
IE_TRACE:                                 Return value:.. (LITERAL, 59)
IE_TRACE:                             Source path:... /usr/lib/python3.12/re/_compiler.py
IE_TRACE:                             New var:....... op = LITERAL
IE_TRACE:                             New var:....... av = 59
IE_TRACE:                             15:21:35.258953 line        57         if op in LITERAL_CODES:
IE_TRACE:                             15:21:35.259019 line        58             if not flags & SRE_FLAG_IGNORECASE:
IE_TRACE:                             15:21:35.259071 line        59                 emit(op)
IE_TRACE:                             Modified var:.. code = list(len=63)
IE_TRACE:                             15:21:35.259123 line        60                 emit(av)
IE_TRACE:                             Modified var:.. code = list(len=64)
IE_TRACE:                             15:21:35.259178 line        56     for op, av in pattern:
IE_TRACE:                                 Source path:... /usr/lib/python3.12/re/_parser.py
IE_TRACE:                                 Starting var:.. self = [(LITERAL, 59)]
IE_TRACE:                                 Starting var:.. index = 1
IE_TRACE:                                 15:21:35.259235 call       168     def __getitem__(self, index):
IE_TRACE:                                 15:21:35.259276 line       169         if isinstance(index, slice):
IE_TRACE:                                 15:21:35.259305 line       171         return self.data[index]
IE_TRACE:                                 15:21:35.259334 exception  171         return self.data[index]
IE_TRACE:                                 Exception:..... IndexError: list index out of range
IE_TRACE:                                 Call ended by exception
IE_TRACE:                             Source path:... /usr/lib/python3.12/re/_compiler.py
IE_TRACE:                             15:21:35.259415 return      56     for op, av in pattern:
IE_TRACE:                             Return value:.. None
IE_TRACE:                         Modified var:.. code = list(len=64)
IE_TRACE:                         15:21:35.259478 line       112                 emit(SUCCESS)
IE_TRACE:                         Modified var:.. code = list(len=65)
IE_TRACE:                         15:21:35.259553 line       113                 code[skip] = _len(code) - skip
IE_TRACE:                         15:21:35.259633 line        56     for op, av in pattern:
IE_TRACE:                         Modified var:.. op = MIN_REPEAT
IE_TRACE:                         Modified var:.. av = (0, MAXREPEAT, [(IN, [(CATEGORY, CATEGORY_SPACE)])])
IE_TRACE:                         15:21:35.259701 line        57         if op in LITERAL_CODES:
IE_TRACE:                         15:21:35.259776 line        85         elif op is IN:
IE_TRACE:                         15:21:35.259844 line        98         elif op is ANY:
IE_TRACE:                         15:21:35.259911 line       103         elif op in REPEATING_CODES:
IE_TRACE:                         15:21:35.259977 line       104             if flags & SRE_FLAG_TEMPLATE:
IE_TRACE:                         15:21:35.260044 line       106             if _simple(av[2]):
IE_TRACE:                             Starting var:.. p = [(IN, [(CATEGORY, CATEGORY_SPACE)])]
IE_TRACE:                             15:21:35.260111 call       398 def _simple(p):
IE_TRACE:                             15:21:35.260139 line       400     if len(p) != 1:
IE_TRACE:                                 Source path:... /usr/lib/python3.12/re/_parser.py
IE_TRACE:                                 Starting var:.. self = [(IN, [(CATEGORY, CATEGORY_SPACE)])]
IE_TRACE:                                 15:21:35.260164 call       164     def __len__(self):
IE_TRACE:                                 15:21:35.260196 line       165         return len(self.data)
IE_TRACE:                                 15:21:35.260219 return     165         return len(self.data)
IE_TRACE:                                 Return value:.. 1
IE_TRACE:                             Source path:... /usr/lib/python3.12/re/_compiler.py
IE_TRACE:                             15:21:35.260248 line       402     op, av = p[0]
IE_TRACE:                                 Source path:... /usr/lib/python3.12/re/_parser.py
IE_TRACE:                                 Starting var:.. self = [(IN, [(CATEGORY, CATEGORY_SPACE)])]
IE_TRACE:                                 Starting var:.. index = 0
IE_TRACE:                                 15:21:35.260276 call       168     def __getitem__(self, index):
IE_TRACE:                                 15:21:35.260313 line       169         if isinstance(index, slice):
IE_TRACE:                                 15:21:35.260336 line       171         return self.data[index]
IE_TRACE:                                 15:21:35.260360 return     171         return self.data[index]
IE_TRACE:                                 Return value:.. (IN, [(CATEGORY, CATEGORY_SPACE)])
IE_TRACE:                             Source path:... /usr/lib/python3.12/re/_compiler.py
IE_TRACE:                             New var:....... op = IN
IE_TRACE:                             New var:....... av = [(CATEGORY, CATEGORY_SPACE)]
IE_TRACE:                             15:21:35.260390 line       403     if op is SUBPATTERN:
IE_TRACE:                             15:21:35.260430 line       405     return op in _UNIT_CODES
IE_TRACE:                             15:21:35.260456 return     405     return op in _UNIT_CODES
IE_TRACE:                             Return value:.. True
IE_TRACE:                         15:21:35.260488 line       107                 emit(REPEATING_CODES[op][2])
IE_TRACE:                         Modified var:.. code = list(len=66)
IE_TRACE:                         15:21:35.260557 line       108                 skip = _len(code); emit(0)
IE_TRACE:                         Modified var:.. code = list(len=67)
IE_TRACE:                         Modified var:.. skip = 66
IE_TRACE:                         15:21:35.260635 line       109                 emit(av[0])
IE_TRACE:                         Modified var:.. code = list(len=68)
IE_TRACE:                         15:21:35.260712 line       110                 emit(av[1])
IE_TRACE:                         Modified var:.. code = list(len=69)
IE_TRACE:                         15:21:35.260783 line       111                 _compile(code, av[2], flags)
IE_TRACE:                             Starting var:.. code = list(len=69)
IE_TRACE:                             Starting var:.. pattern = [(IN, [(CATEGORY, CATEGORY_SPACE)])]
IE_TRACE:                             Starting var:.. flags = 48
IE_TRACE:                             15:21:35.260860 call        37 def _compile(code, pattern, flags):
IE_TRACE:                             15:21:35.260908 line        39     emit = code.append
IE_TRACE:                             New var:....... emit = <built-in method append of list object at 0x72cf9fcda140>
IE_TRACE:                             15:21:35.260943 line        40     _len = len
IE_TRACE:                             New var:....... _len = <built-in function len>
IE_TRACE:                             15:21:35.260984 line        41     LITERAL_CODES = _LITERAL_CODES
IE_TRACE:                             New var:....... LITERAL_CODES = {LITERAL, NOT_LITERAL}
IE_TRACE:                             15:21:35.261027 line        42     REPEATING_CODES = _REPEATING_CODES
IE_TRACE:                             New var:....... REPEATING_CODES = {MIN_REPEAT: (REPEAT, MIN_UNTIL, MIN_REPEAT_ONE), MAX_REPEAT: (REPEAT, MAX_UNTIL, REPEAT_ONE), POSSESSIVE_REPEAT: (POSSESSIVE_REPEAT, SUCCESS, POSSESSIVE_REPEAT_ONE)}
IE_TRACE:                             15:21:35.261072 line        43     SUCCESS_CODES = _SUCCESS_CODES
IE_TRACE:                             New var:....... SUCCESS_CODES = {FAILURE, SUCCESS}
IE_TRACE:                             15:21:35.261119 line        44     ASSERT_CODES = _ASSERT_CODES
IE_TRACE:                             New var:....... ASSERT_CODES = {ASSERT, ASSERT_NOT}
IE_TRACE:                             15:21:35.261169 line        45     iscased = None
IE_TRACE:                             New var:....... iscased = None
IE_TRACE:                             15:21:35.261219 line        46     tolower = None
IE_TRACE:                             New var:....... tolower = None
IE_TRACE:                             15:21:35.261271 line        47     fixes = None
IE_TRACE:                             New var:....... fixes = None
IE_TRACE:                             15:21:35.261324 line        48     if flags & SRE_FLAG_IGNORECASE and not flags & SRE_FLAG_LOCALE:
IE_TRACE:                             15:21:35.261378 line        56     for op, av in pattern:
IE_TRACE:                                 Source path:... /usr/lib/python3.12/re/_parser.py
IE_TRACE:                                 Starting var:.. self = [(IN, [(CATEGORY, CATEGORY_SPACE)])]
IE_TRACE:                                 Starting var:.. index = 0
IE_TRACE:                                 15:21:35.261429 call       168     def __getitem__(self, index):
IE_TRACE:                                 15:21:35.261470 line       169         if isinstance(index, slice):
IE_TRACE:                                 15:21:35.261499 line       171         return self.data[index]
IE_TRACE:                                 15:21:35.261528 return     171         return self.data[index]
IE_TRACE:                                 Return value:.. (IN, [(CATEGORY, CATEGORY_SPACE)])
IE_TRACE:                             Source path:... /usr/lib/python3.12/re/_compiler.py
IE_TRACE:                             New var:....... op = IN
IE_TRACE:                             New var:....... av = [(CATEGORY, CATEGORY_SPACE)]
IE_TRACE:                             15:21:35.261564 line        57         if op in LITERAL_CODES:
IE_TRACE:                             15:21:35.261636 line        85         elif op is IN:
IE_TRACE:                             15:21:35.261688 line        86             charset, hascased = _optimize_charset(av, iscased, tolower, fixes)
IE_TRACE:                                 Starting var:.. charset = [(CATEGORY, CATEGORY_SPACE)]
IE_TRACE:                                 Starting var:.. iscased = None
IE_TRACE:                                 Starting var:.. fixup = None
IE_TRACE:                                 Starting var:.. fixes = None
IE_TRACE:                                 15:21:35.261748 call       243 def _optimize_charset(charset, iscased=None, fixup=None, fixes=None):
IE_TRACE:                                 15:21:35.261803 line       245     out = []
IE_TRACE:                                 New var:....... out = []
IE_TRACE:                                 15:21:35.261841 line       246     tail = []
IE_TRACE:                                 New var:....... tail = []
IE_TRACE:                                 15:21:35.261885 line       247     charmap = bytearray(256)
IE_TRACE:                                 New var:....... charmap = bytearray(b'\x00\x00\x00\x00\x00\x00\x00\x00\x00\x00\x00\x00\x00\x00\x00\x00\x00\x00\x00\x00\x00\x00\x00\x00\x00\x00\x00\x00\x00\x00\x00\x00\x00\x00\x00\x00\x00\x00\x00\x00\x00\x00\x00\x00\x00\x00\x00\x00\x00\x00\x00\x00\x00\x00\x00\x00\x00\x00\x00...x00\x00\x00\x00\x00\x00\x00\x00\x00\x00\x00\x00\x00\x00\x00\x00\x00\x00\x00\x00\x00\x00\x00\x00\x00\x00\x00\x00\x00\x00\x00\x00\x00\x00\x00\x00\x00\x00\x00\x00\x00\x00\x00\x00\x00\x00\x00\x00\x00\x00\x00\x00\x00\x00\x00\x00\x00\x00\x00\x00\x00\x00')
IE_TRACE:                                 15:21:35.261931 line       248     hascased = False
IE_TRACE:                                 New var:....... hascased = False
IE_TRACE:                                 15:21:35.261984 line       249     for op, av in charset:
IE_TRACE:                                 New var:....... op = CATEGORY
IE_TRACE:                                 New var:....... av = CATEGORY_SPACE
IE_TRACE:                                 15:21:35.262034 line       250         while True:
IE_TRACE:                                 15:21:35.262090 line       251             try:
IE_TRACE:                                 15:21:35.262137 line       252                 if op is LITERAL:
IE_TRACE:                                 15:21:35.262182 line       263                 elif op is RANGE:
IE_TRACE:                                 15:21:35.262229 line       280                 elif op is NEGATE:
IE_TRACE:                                 15:21:35.262275 line       283                     tail.append((op, av))
IE_TRACE:                                 Modified var:.. tail = [(CATEGORY, CATEGORY_SPACE)]
IE_TRACE:                                 15:21:35.262321 line       306             break
IE_TRACE:                                 15:21:35.262372 line       249     for op, av in charset:
IE_TRACE:                                 15:21:35.262418 line       309     runs = []
IE_TRACE:                                 New var:....... runs = []
IE_TRACE:                                 15:21:35.262464 line       310     q = 0
IE_TRACE:                                 New var:....... q = 0
IE_TRACE:                                 15:21:35.262517 line       311     while True:
IE_TRACE:                                 15:21:35.262576 line       312         p = charmap.find(1, q)
IE_TRACE:                                 New var:....... p = -1
IE_TRACE:                                 15:21:35.262631 line       313         if p < 0:
IE_TRACE:                                 15:21:35.262685 line       314             break
IE_TRACE:                                 15:21:35.262735 line       323     if runs is not None:
IE_TRACE:                                 15:21:35.262785 line       325         for p, q in runs:
IE_TRACE:                                 15:21:35.262835 line       330         out += tail
IE_TRACE:                                 Modified var:.. out = [(CATEGORY, CATEGORY_SPACE)]
IE_TRACE:                                 15:21:35.262885 line       332         if hascased or len(out) < len(charset):
IE_TRACE:                                 15:21:35.262940 line       335         return charset, hascased
IE_TRACE:                                 15:21:35.262991 return     335         return charset, hascased
IE_TRACE:                                 Return value:.. ([(CATEGORY, CATEGORY_SPACE)], False)
IE_TRACE:                             New var:....... charset = [(CATEGORY, CATEGORY_SPACE)]
IE_TRACE:                             New var:....... hascased = False
IE_TRACE:                             15:21:35.263048 line        87             if flags & SRE_FLAG_IGNORECASE and flags & SRE_FLAG_LOCALE:
IE_TRACE:                             15:21:35.263115 line        89             elif not hascased:
IE_TRACE:                             15:21:35.263171 line        90                 emit(IN)
IE_TRACE:                             Modified var:.. code = list(len=70)
IE_TRACE:                             15:21:35.263227 line        95             skip = _len(code); emit(0)
IE_TRACE:                             Modified var:.. code = list(len=71)
IE_TRACE:                             New var:....... skip = 70
IE_TRACE:                             15:21:35.263287 line        96             _compile_charset(charset, flags, code)
IE_TRACE:                                 Starting var:.. charset = [(CATEGORY, CATEGORY_SPACE)]
IE_TRACE:                                 Starting var:.. flags = 48
IE_TRACE:                                 Starting var:.. code = list(len=71)
IE_TRACE:                                 15:21:35.263397 call       216 def _compile_charset(charset, flags, code):
IE_TRACE:                                 15:21:35.263442 line       218     emit = code.append
IE_TRACE:                                 New var:....... emit = <built-in method append of list object at 0x72cf9fcda140>
IE_TRACE:                                 15:21:35.263474 line       219     for op, av in charset:
IE_TRACE:                                 New var:....... op = CATEGORY
IE_TRACE:                                 New var:....... av = CATEGORY_SPACE
IE_TRACE:                                 15:21:35.263512 line       220         emit(op)
IE_TRACE:                                 Modified var:.. code = list(len=72)
IE_TRACE:                                 15:21:35.263555 line       221         if op is NEGATE:
IE_TRACE:                                 15:21:35.263605 line       223         elif op is LITERAL:
IE_TRACE:                                 15:21:35.263640 line       225         elif op is RANGE or op is RANGE_UNI_IGNORE:
IE_TRACE:                                 15:21:35.263675 line       228         elif op is CHARSET:
IE_TRACE:                                 15:21:35.263709 line       230         elif op is BIGCHARSET:
IE_TRACE:                                 15:21:35.263743 line       232         elif op is CATEGORY:
IE_TRACE:                                 15:21:35.263778 line       233             if flags & SRE_FLAG_LOCALE:
IE_TRACE:                                 15:21:35.263812 line       235             elif flags & SRE_FLAG_UNICODE:
IE_TRACE:                                 15:21:35.263846 line       236                 emit(CH_UNICODE[av])
IE_TRACE:                                 Modified var:.. code = list(len=73)
IE_TRACE:                                 15:21:35.263881 line       219     for op, av in charset:
IE_TRACE:                                 15:21:35.263919 line       241     emit(FAILURE)
IE_TRACE:                                 Modified var:.. code = list(len=74)
IE_TRACE:                                 15:21:35.263954 return     241     emit(FAILURE)
IE_TRACE:                                 Return value:.. None
IE_TRACE:                             Modified var:.. code = list(len=74)
IE_TRACE:                             15:21:35.263999 line        97             code[skip] = _len(code) - skip
IE_TRACE:                             15:21:35.264060 line        56     for op, av in pattern:
IE_TRACE:                                 Source path:... /usr/lib/python3.12/re/_parser.py
IE_TRACE:                                 Starting var:.. self = [(IN, [(CATEGORY, CATEGORY_SPACE)])]
IE_TRACE:                                 Starting var:.. index = 1
IE_TRACE:                                 15:21:35.264117 call       168     def __getitem__(self, index):
IE_TRACE:                                 15:21:35.264160 line       169         if isinstance(index, slice):
IE_TRACE:                                 15:21:35.264189 line       171         return self.data[index]
IE_TRACE:                                 15:21:35.264218 exception  171         return self.data[index]
IE_TRACE:                                 Exception:..... IndexError: list index out of range
IE_TRACE:                                 Call ended by exception
IE_TRACE:                             Source path:... /usr/lib/python3.12/re/_compiler.py
IE_TRACE:                             15:21:35.264294 return      56     for op, av in pattern:
IE_TRACE:                             Return value:.. None
IE_TRACE:                         Modified var:.. code = list(len=74)
IE_TRACE:                         15:21:35.264362 line       112                 emit(SUCCESS)
IE_TRACE:                         Modified var:.. code = list(len=75)
IE_TRACE:                         15:21:35.264439 line       113                 code[skip] = _len(code) - skip
IE_TRACE:                         15:21:35.264511 line        56     for op, av in pattern:
IE_TRACE:                         Modified var:.. op = MAX_REPEAT
IE_TRACE:                         15:21:35.264586 line        57         if op in LITERAL_CODES:
IE_TRACE:                         15:21:35.264658 line        85         elif op is IN:
IE_TRACE:                         15:21:35.264725 line        98         elif op is ANY:
IE_TRACE:                         15:21:35.264791 line       103         elif op in REPEATING_CODES:
IE_TRACE:                         15:21:35.264858 line       104             if flags & SRE_FLAG_TEMPLATE:
IE_TRACE:                         15:21:35.264924 line       106             if _simple(av[2]):
IE_TRACE:                             Starting var:.. p = [(IN, [(CATEGORY, CATEGORY_SPACE)])]
IE_TRACE:                             15:21:35.264992 call       398 def _simple(p):
IE_TRACE:                             15:21:35.265020 line       400     if len(p) != 1:
IE_TRACE:                                 Source path:... /usr/lib/python3.12/re/_parser.py
IE_TRACE:                                 Starting var:.. self = [(IN, [(CATEGORY, CATEGORY_SPACE)])]
IE_TRACE:                                 15:21:35.265043 call       164     def __len__(self):
IE_TRACE:                                 15:21:35.265075 line       165         return len(self.data)
IE_TRACE:                                 15:21:35.265097 return     165         return len(self.data)
IE_TRACE:                                 Return value:.. 1
IE_TRACE:                             Source path:... /usr/lib/python3.12/re/_compiler.py
IE_TRACE:                             15:21:35.265125 line       402     op, av = p[0]
IE_TRACE:                                 Source path:... /usr/lib/python3.12/re/_parser.py
IE_TRACE:                                 Starting var:.. self = [(IN, [(CATEGORY, CATEGORY_SPACE)])]
IE_TRACE:                                 Starting var:.. index = 0
IE_TRACE:                                 15:21:35.265152 call       168     def __getitem__(self, index):
IE_TRACE:                                 15:21:35.265189 line       169         if isinstance(index, slice):
IE_TRACE:                                 15:21:35.265212 line       171         return self.data[index]
IE_TRACE:                                 15:21:35.265235 return     171         return self.data[index]
IE_TRACE:                                 Return value:.. (IN, [(CATEGORY, CATEGORY_SPACE)])
IE_TRACE:                             Source path:... /usr/lib/python3.12/re/_compiler.py
IE_TRACE:                             New var:....... op = IN
IE_TRACE:                             New var:....... av = [(CATEGORY, CATEGORY_SPACE)]
IE_TRACE:                             15:21:35.265265 line       403     if op is SUBPATTERN:
IE_TRACE:                             15:21:35.265303 line       405     return op in _UNIT_CODES
IE_TRACE:                             15:21:35.265329 return     405     return op in _UNIT_CODES
IE_TRACE:                             Return value:.. True
IE_TRACE:                         15:21:35.265360 line       107                 emit(REPEATING_CODES[op][2])
IE_TRACE:                         Modified var:.. code = list(len=76)
IE_TRACE:                         15:21:35.265428 line       108                 skip = _len(code); emit(0)
IE_TRACE:                         Modified var:.. code = list(len=77)
IE_TRACE:                         Modified var:.. skip = 76
IE_TRACE:                         15:21:35.265499 line       109                 emit(av[0])
IE_TRACE:                         Modified var:.. code = list(len=78)
IE_TRACE:                         15:21:35.265580 line       110                 emit(av[1])
IE_TRACE:                         Modified var:.. code = list(len=79)
IE_TRACE:                         15:21:35.265652 line       111                 _compile(code, av[2], flags)
IE_TRACE:                             Starting var:.. code = list(len=79)
IE_TRACE:                             Starting var:.. pattern = [(IN, [(CATEGORY, CATEGORY_SPACE)])]
IE_TRACE:                             Starting var:.. flags = 48
IE_TRACE:                             15:21:35.265729 call        37 def _compile(code, pattern, flags):
IE_TRACE:                             15:21:35.265777 line        39     emit = code.append
IE_TRACE:                             New var:....... emit = <built-in method append of list object at 0x72cf9fcda140>
IE_TRACE:                             15:21:35.265812 line        40     _len = len
IE_TRACE:                             New var:....... _len = <built-in function len>
IE_TRACE:                             15:21:35.265853 line        41     LITERAL_CODES = _LITERAL_CODES
IE_TRACE:                             New var:....... LITERAL_CODES = {LITERAL, NOT_LITERAL}
IE_TRACE:                             15:21:35.265896 line        42     REPEATING_CODES = _REPEATING_CODES
IE_TRACE:                             New var:....... REPEATING_CODES = {MIN_REPEAT: (REPEAT, MIN_UNTIL, MIN_REPEAT_ONE), MAX_REPEAT: (REPEAT, MAX_UNTIL, REPEAT_ONE), POSSESSIVE_REPEAT: (POSSESSIVE_REPEAT, SUCCESS, POSSESSIVE_REPEAT_ONE)}
IE_TRACE:                             15:21:35.265940 line        43     SUCCESS_CODES = _SUCCESS_CODES
IE_TRACE:                             New var:....... SUCCESS_CODES = {FAILURE, SUCCESS}
IE_TRACE:                             15:21:35.265988 line        44     ASSERT_CODES = _ASSERT_CODES
IE_TRACE:                             New var:....... ASSERT_CODES = {ASSERT, ASSERT_NOT}
IE_TRACE:                             15:21:35.266037 line        45     iscased = None
IE_TRACE:                             New var:....... iscased = None
IE_TRACE:                             15:21:35.266087 line        46     tolower = None
IE_TRACE:                             New var:....... tolower = None
IE_TRACE:                             15:21:35.266139 line        47     fixes = None
IE_TRACE:                             New var:....... fixes = None
IE_TRACE:                             15:21:35.266192 line        48     if flags & SRE_FLAG_IGNORECASE and not flags & SRE_FLAG_LOCALE:
IE_TRACE:                             15:21:35.266246 line        56     for op, av in pattern:
IE_TRACE:                                 Source path:... /usr/lib/python3.12/re/_parser.py
IE_TRACE:                                 Starting var:.. self = [(IN, [(CATEGORY, CATEGORY_SPACE)])]
IE_TRACE:                                 Starting var:.. index = 0
IE_TRACE:                                 15:21:35.266296 call       168     def __getitem__(self, index):
IE_TRACE:                                 15:21:35.266338 line       169         if isinstance(index, slice):
IE_TRACE:                                 15:21:35.266367 line       171         return self.data[index]
IE_TRACE:                                 15:21:35.266396 return     171         return self.data[index]
IE_TRACE:                                 Return value:.. (IN, [(CATEGORY, CATEGORY_SPACE)])
IE_TRACE:                             Source path:... /usr/lib/python3.12/re/_compiler.py
IE_TRACE:                             New var:....... op = IN
IE_TRACE:                             New var:....... av = [(CATEGORY, CATEGORY_SPACE)]
IE_TRACE:                             15:21:35.266431 line        57         if op in LITERAL_CODES:
IE_TRACE:                             15:21:35.266497 line        85         elif op is IN:
IE_TRACE:                             15:21:35.266550 line        86             charset, hascased = _optimize_charset(av, iscased, tolower, fixes)
IE_TRACE:                                 Starting var:.. charset = [(CATEGORY, CATEGORY_SPACE)]
IE_TRACE:                                 Starting var:.. iscased = None
IE_TRACE:                                 Starting var:.. fixup = None
IE_TRACE:                                 Starting var:.. fixes = None
IE_TRACE:                                 15:21:35.266613 call       243 def _optimize_charset(charset, iscased=None, fixup=None, fixes=None):
IE_TRACE:                                 15:21:35.266667 line       245     out = []
IE_TRACE:                                 New var:....... out = []
IE_TRACE:                                 15:21:35.266705 line       246     tail = []
IE_TRACE:                                 New var:....... tail = []
IE_TRACE:                                 15:21:35.266748 line       247     charmap = bytearray(256)
IE_TRACE:                                 New var:....... charmap = bytearray(b'\x00\x00\x00\x00\x00\x00\x00\x00\x00\x00\x00\x00\x00\x00\x00\x00\x00\x00\x00\x00\x00\x00\x00\x00\x00\x00\x00\x00\x00\x00\x00\x00\x00\x00\x00\x00\x00\x00\x00\x00\x00\x00\x00\x00\x00\x00\x00\x00\x00\x00\x00\x00\x00\x00\x00\x00\x00\x00\x00...x00\x00\x00\x00\x00\x00\x00\x00\x00\x00\x00\x00\x00\x00\x00\x00\x00\x00\x00\x00\x00\x00\x00\x00\x00\x00\x00\x00\x00\x00\x00\x00\x00\x00\x00\x00\x00\x00\x00\x00\x00\x00\x00\x00\x00\x00\x00\x00\x00\x00\x00\x00\x00\x00\x00\x00\x00\x00\x00\x00\x00\x00')
IE_TRACE:                                 15:21:35.266793 line       248     hascased = False
IE_TRACE:                                 New var:....... hascased = False
IE_TRACE:                                 15:21:35.266841 line       249     for op, av in charset:
IE_TRACE:                                 New var:....... op = CATEGORY
IE_TRACE:                                 New var:....... av = CATEGORY_SPACE
IE_TRACE:                                 15:21:35.266890 line       250         while True:
IE_TRACE:                                 15:21:35.266945 line       251             try:
IE_TRACE:                                 15:21:35.266992 line       252                 if op is LITERAL:
IE_TRACE:                                 15:21:35.267038 line       263                 elif op is RANGE:
IE_TRACE:                                 15:21:35.267084 line       280                 elif op is NEGATE:
IE_TRACE:                                 15:21:35.267130 line       283                     tail.append((op, av))
IE_TRACE:                                 Modified var:.. tail = [(CATEGORY, CATEGORY_SPACE)]
IE_TRACE:                                 15:21:35.267175 line       306             break
IE_TRACE:                                 15:21:35.267227 line       249     for op, av in charset:
IE_TRACE:                                 15:21:35.267273 line       309     runs = []
IE_TRACE:                                 New var:....... runs = []
IE_TRACE:                                 15:21:35.267320 line       310     q = 0
IE_TRACE:                                 New var:....... q = 0
IE_TRACE:                                 15:21:35.267373 line       311     while True:
IE_TRACE:                                 15:21:35.267427 line       312         p = charmap.find(1, q)
IE_TRACE:                                 New var:....... p = -1
IE_TRACE:                                 15:21:35.267477 line       313         if p < 0:
IE_TRACE:                                 15:21:35.267531 line       314             break
IE_TRACE:                                 15:21:35.267587 line       323     if runs is not None:
IE_TRACE:                                 15:21:35.267640 line       325         for p, q in runs:
IE_TRACE:                                 15:21:35.267689 line       330         out += tail
IE_TRACE:                                 Modified var:.. out = [(CATEGORY, CATEGORY_SPACE)]
IE_TRACE:                                 15:21:35.267739 line       332         if hascased or len(out) < len(charset):
IE_TRACE:                                 15:21:35.267794 line       335         return charset, hascased
IE_TRACE:                                 15:21:35.267844 return     335         return charset, hascased
IE_TRACE:                                 Return value:.. ([(CATEGORY, CATEGORY_SPACE)], False)
IE_TRACE:                             New var:....... charset = [(CATEGORY, CATEGORY_SPACE)]
IE_TRACE:                             New var:....... hascased = False
IE_TRACE:                             15:21:35.267900 line        87             if flags & SRE_FLAG_IGNORECASE and flags & SRE_FLAG_LOCALE:
IE_TRACE:                             15:21:35.267966 line        89             elif not hascased:
IE_TRACE:                             15:21:35.268022 line        90                 emit(IN)
IE_TRACE:                             Modified var:.. code = list(len=80)
IE_TRACE:                             15:21:35.268077 line        95             skip = _len(code); emit(0)
IE_TRACE:                             Modified var:.. code = list(len=81)
IE_TRACE:                             New var:....... skip = 80
IE_TRACE:                             15:21:35.268137 line        96             _compile_charset(charset, flags, code)
IE_TRACE:                                 Starting var:.. charset = [(CATEGORY, CATEGORY_SPACE)]
IE_TRACE:                                 Starting var:.. flags = 48
IE_TRACE:                                 Starting var:.. code = list(len=81)
IE_TRACE:                                 15:21:35.268203 call       216 def _compile_charset(charset, flags, code):
IE_TRACE:                                 15:21:35.268248 line       218     emit = code.append
IE_TRACE:                                 New var:....... emit = <built-in method append of list object at 0x72cf9fcda140>
IE_TRACE:                                 15:21:35.268281 line       219     for op, av in charset:
IE_TRACE:                                 New var:....... op = CATEGORY
IE_TRACE:                                 New var:....... av = CATEGORY_SPACE
IE_TRACE:                                 15:21:35.268318 line       220         emit(op)
IE_TRACE:                                 Modified var:.. code = list(len=82)
IE_TRACE:                                 15:21:35.268361 line       221         if op is NEGATE:
IE_TRACE:                                 15:21:35.268400 line       223         elif op is LITERAL:
IE_TRACE:                                 15:21:35.268434 line       225         elif op is RANGE or op is RANGE_UNI_IGNORE:
IE_TRACE:                                 15:21:35.268469 line       228         elif op is CHARSET:
IE_TRACE:                                 15:21:35.268504 line       230         elif op is BIGCHARSET:
IE_TRACE:                                 15:21:35.268538 line       232         elif op is CATEGORY:
IE_TRACE:                                 15:21:35.268575 line       233             if flags & SRE_FLAG_LOCALE:
IE_TRACE:                                 15:21:35.268610 line       235             elif flags & SRE_FLAG_UNICODE:
IE_TRACE:                                 15:21:35.268644 line       236                 emit(CH_UNICODE[av])
IE_TRACE:                                 Modified var:.. code = list(len=83)
IE_TRACE:                                 15:21:35.268679 line       219     for op, av in charset:
IE_TRACE:                                 15:21:35.268717 line       241     emit(FAILURE)
IE_TRACE:                                 Modified var:.. code = list(len=84)
IE_TRACE:                                 15:21:35.268752 return     241     emit(FAILURE)
IE_TRACE:                                 Return value:.. None
IE_TRACE:                             Modified var:.. code = list(len=84)
IE_TRACE:                             15:21:35.268797 line        97             code[skip] = _len(code) - skip
IE_TRACE:                             15:21:35.268858 line        56     for op, av in pattern:
IE_TRACE:                                 Source path:... /usr/lib/python3.12/re/_parser.py
IE_TRACE:                                 Starting var:.. self = [(IN, [(CATEGORY, CATEGORY_SPACE)])]
IE_TRACE:                                 Starting var:.. index = 1
IE_TRACE:                                 15:21:35.268916 call       168     def __getitem__(self, index):
IE_TRACE:                                 15:21:35.268958 line       169         if isinstance(index, slice):
IE_TRACE:                                 15:21:35.268987 line       171         return self.data[index]
IE_TRACE:                                 15:21:35.269016 exception  171         return self.data[index]
IE_TRACE:                                 Exception:..... IndexError: list index out of range
IE_TRACE:                                 Call ended by exception
IE_TRACE:                             Source path:... /usr/lib/python3.12/re/_compiler.py
IE_TRACE:                             15:21:35.269093 return      56     for op, av in pattern:
IE_TRACE:                             Return value:.. None
IE_TRACE:                         Modified var:.. code = list(len=84)
IE_TRACE:                         15:21:35.269160 line       112                 emit(SUCCESS)
IE_TRACE:                         Modified var:.. code = list(len=85)
IE_TRACE:                         15:21:35.269237 line       113                 code[skip] = _len(code) - skip
IE_TRACE:                         15:21:35.269309 line        56     for op, av in pattern:
IE_TRACE:                         Modified var:.. op = AT
IE_TRACE:                         Modified var:.. av = AT_END
IE_TRACE:                         15:21:35.269377 line        57         if op in LITERAL_CODES:
IE_TRACE:                         15:21:35.269452 line        85         elif op is IN:
IE_TRACE:                         15:21:35.269518 line        98         elif op is ANY:
IE_TRACE:                         15:21:35.269588 line       103         elif op in REPEATING_CODES:
IE_TRACE:                         15:21:35.269655 line       122         elif op is SUBPATTERN:
IE_TRACE:                         15:21:35.269720 line       132         elif op is ATOMIC_GROUP:
IE_TRACE:                         15:21:35.269785 line       143         elif op in SUCCESS_CODES:
IE_TRACE:                         15:21:35.269851 line       145         elif op in ASSERT_CODES:
IE_TRACE:                         15:21:35.269917 line       160         elif op is AT:
IE_TRACE:                         15:21:35.269983 line       161             emit(op)
IE_TRACE:                         Modified var:.. code = list(len=86)
IE_TRACE:                         15:21:35.270050 line       162             if flags & SRE_FLAG_MULTILINE:
IE_TRACE:                         15:21:35.270120 line       164             if flags & SRE_FLAG_LOCALE:
IE_TRACE:                         15:21:35.270186 line       166             elif flags & SRE_FLAG_UNICODE:
IE_TRACE:                         15:21:35.270251 line       167                 av = AT_UNICODE.get(av, av)
IE_TRACE:                         15:21:35.270317 line       168             emit(av)
IE_TRACE:                         Modified var:.. code = list(len=87)
IE_TRACE:                         15:21:35.270382 line        56     for op, av in pattern:
IE_TRACE:                         15:21:35.270452 return      56     for op, av in pattern:
IE_TRACE:                         Return value:.. None
IE_TRACE:                     Modified var:.. code = list(len=87)
IE_TRACE:                     15:21:35.270521 line       584     code.append(SUCCESS)
IE_TRACE:                     Modified var:.. code = list(len=88)
IE_TRACE:                     15:21:35.270560 line       586     return code
IE_TRACE:                     15:21:35.270601 return     586     return code
IE_TRACE:                     Return value:.. list(len=88)
IE_TRACE:                 New var:....... code = list(len=88)
IE_TRACE:                 15:21:35.270640 line       751     if flags & SRE_FLAG_DEBUG:
IE_TRACE:                 15:21:35.270686 line       756     groupindex = p.state.groupdict
IE_TRACE:                 New var:....... groupindex = {}
IE_TRACE:                 15:21:35.270723 line       757     indexgroup = [None] * p.state.groups
IE_TRACE:                     Source path:... /usr/lib/python3.12/re/_parser.py
IE_TRACE:                     Starting var:.. self = <re._parser.State object at 0x72cfa0937740>
IE_TRACE:                     15:21:35.270767 call        84     def groups(self):
IE_TRACE:                     15:21:35.270802 line        85         return len(self.groupwidths)
IE_TRACE:                     15:21:35.270818 return      85         return len(self.groupwidths)
IE_TRACE:                     Return value:.. 2
IE_TRACE:                 Source path:... /usr/lib/python3.12/re/_compiler.py
IE_TRACE:                 New var:....... indexgroup = [None, None]
IE_TRACE:                 15:21:35.270841 line       758     for k, i in groupindex.items():
IE_TRACE:                 15:21:35.270890 line       761     return _sre.compile(
IE_TRACE:                 15:21:35.270928 line       762         pattern, flags | p.state.flags, code,
IE_TRACE:                 15:21:35.270965 line       763         p.state.groups-1,
IE_TRACE:                     Source path:... /usr/lib/python3.12/re/_parser.py
IE_TRACE:                     Starting var:.. self = <re._parser.State object at 0x72cfa0937740>
IE_TRACE:                     15:21:35.271001 call        84     def groups(self):
IE_TRACE:                     15:21:35.271028 line        85         return len(self.groupwidths)
IE_TRACE:                     15:21:35.271043 return      85         return len(self.groupwidths)
IE_TRACE:                     Return value:.. 2
IE_TRACE:                 Source path:... /usr/lib/python3.12/re/_compiler.py
IE_TRACE:                 15:21:35.271063 line       764         groupindex, tuple(indexgroup)
IE_TRACE:                 15:21:35.271105 line       761     return _sre.compile(
IE_TRACE:                 15:21:35.271146 return     761     return _sre.compile(
IE_TRACE:                 Return value:.. re.compile('(?s)^[a-zA-Z0-9_]+\\s*\\(\\s*(.*)\\);?\\s*?\\s*$', re.DOTALL)
IE_TRACE:             Source path:... /usr/lib/python3.12/re/__init__.py
IE_TRACE:             Modified var:.. p = re.compile('(?s)^[a-zA-Z0-9_]+\\s*\\(\\s*(.*)\\);?\\s*?\\s*$', re.DOTALL)
IE_TRACE:             15:21:35.271200 line       308         if flags & DEBUG:
IE_TRACE:                 Source path:... /usr/lib/python3.12/enum.py
IE_TRACE:                 Starting var:.. self = re.DEBUG
IE_TRACE:                 Starting var:.. other = 0
IE_TRACE:                 15:21:35.271243 call      1562     def __and__(self, other):
IE_TRACE:                 15:21:35.271289 line      1563         other_value = self._get_value(other)
IE_TRACE:                     Starting var:.. self = re.DEBUG
IE_TRACE:                     Starting var:.. flag = 0
IE_TRACE:                     15:21:35.271311 call      1544     def _get_value(self, flag):
IE_TRACE:                     15:21:35.271339 line      1545         if isinstance(flag, self.__class__):
IE_TRACE:                     15:21:35.271358 line      1547         elif self._member_type_ is not object and isinstance(flag, self._member_type_):
IE_TRACE:                     15:21:35.271376 line      1548             return flag
IE_TRACE:                     15:21:35.271392 return    1548             return flag
IE_TRACE:                     Return value:.. 0
IE_TRACE:                 New var:....... other_value = 0
IE_TRACE:                 15:21:35.271414 line      1564         if other_value is NotImplemented:
IE_TRACE:                 15:21:35.271437 line      1567         for flag in self, other:
IE_TRACE:                 New var:....... flag = re.DEBUG
IE_TRACE:                 15:21:35.271456 line      1568             if self._get_value(flag) is None:
IE_TRACE:                     Starting var:.. self = re.DEBUG
IE_TRACE:                     Starting var:.. flag = re.DEBUG
IE_TRACE:                     15:21:35.271481 call      1544     def _get_value(self, flag):
IE_TRACE:                     15:21:35.271507 line      1545         if isinstance(flag, self.__class__):
IE_TRACE:                     15:21:35.271524 line      1546             return flag._value_
IE_TRACE:                     15:21:35.271541 return    1546             return flag._value_
IE_TRACE:                     Return value:.. 128
IE_TRACE:                 15:21:35.271564 line      1567         for flag in self, other:
IE_TRACE:                 Modified var:.. flag = 0
IE_TRACE:                 15:21:35.271588 line      1568             if self._get_value(flag) is None:
IE_TRACE:                     Starting var:.. self = re.DEBUG
IE_TRACE:                     Starting var:.. flag = 0
IE_TRACE:                     15:21:35.271612 call      1544     def _get_value(self, flag):
IE_TRACE:                     15:21:35.271637 line      1545         if isinstance(flag, self.__class__):
IE_TRACE:                     15:21:35.271654 line      1547         elif self._member_type_ is not object and isinstance(flag, self._member_type_):
IE_TRACE:                     15:21:35.271670 line      1548             return flag
IE_TRACE:                     15:21:35.271686 return    1548             return flag
IE_TRACE:                     Return value:.. 0
IE_TRACE:                 15:21:35.271707 line      1567         for flag in self, other:
IE_TRACE:                 15:21:35.271727 line      1570         value = self._value_
IE_TRACE:                 New var:....... value = 128
IE_TRACE:                 15:21:35.271745 line      1571         return self.__class__(value & other_value)
IE_TRACE:                     Starting var:.. cls = <flag 'RegexFlag'>
IE_TRACE:                     Starting var:.. value = 0
IE_TRACE:                     Starting var:.. names = <not given>
IE_TRACE:                     Starting var:.. module = None
IE_TRACE:                     Starting var:.. qualname = None
IE_TRACE:                     Starting var:.. type = None
IE_TRACE:                     Starting var:.. start = 1
IE_TRACE:                     Starting var:.. boundary = None
IE_TRACE:                     Starting var:.. values = ()
IE_TRACE:                     15:21:35.271774 call       726     def __call__(cls, value, names=_not_given, *values, module=None, qualname=None, type=None, start=1, boundary=None):
IE_TRACE:                     15:21:35.271855 line       753         if cls._member_map_:
IE_TRACE:                     15:21:35.271886 line       755             if names is not _not_given:
IE_TRACE:                     15:21:35.271914 line       757             return cls.__new__(cls, value)
IE_TRACE:                         Starting var:.. cls = <flag 'RegexFlag'>
IE_TRACE:                         Starting var:.. value = 0
IE_TRACE:                         15:21:35.271948 call      1129     def __new__(cls, value):
IE_TRACE:                         15:21:35.271980 line      1133         if type(value) is cls:
IE_TRACE:                         15:21:35.272000 line      1138         try:
IE_TRACE:                         15:21:35.272019 line      1139             return cls._value2member_map_[value]
IE_TRACE:                         15:21:35.272039 return    1139             return cls._value2member_map_[value]
IE_TRACE:                         Return value:.. re.NOFLAG
IE_TRACE:                     15:21:35.272069 return     757             return cls.__new__(cls, value)
IE_TRACE:                     Return value:.. re.NOFLAG
IE_TRACE:                 15:21:35.272106 return    1571         return self.__class__(value & other_value)
IE_TRACE:                 Return value:.. re.NOFLAG
IE_TRACE:             Source path:... /usr/lib/python3.12/re/__init__.py
IE_TRACE:             15:21:35.272136 line       310         if len(_cache) >= _MAXCACHE:
IE_TRACE:             15:21:35.272164 line       320     _cache[key] = p
IE_TRACE:             15:21:35.272186 line       322     if len(_cache2) >= _MAXCACHE2:
IE_TRACE:             15:21:35.272206 line       328     _cache2[key] = p
IE_TRACE:             15:21:35.272226 line       329     return p
IE_TRACE:             15:21:35.272245 return     329     return p
IE_TRACE:             Return value:.. re.compile('(?s)^[a-zA-Z0-9_]+\\s*\\(\\s*(.*)\\);?\\s*?\\s*$', re.DOTALL)
IE_TRACE:             Starting var:.. pattern = re.compile('(?s)^[a-zA-Z0-9_]+\\s*\\(\\s*(.*)\\);?\\s*?\\s*$', re.DOTALL)
IE_TRACE:             Starting var:.. repl = '\\1'
IE_TRACE:             15:21:35.272302 call       332 def _compile_template(pattern, repl):
IE_TRACE:             15:21:35.272346 line       334     return _sre.template(pattern, _parser.parse_template(repl, pattern))
IE_TRACE:                 Source path:... /usr/lib/python3.12/re/_parser.py
IE_TRACE:                 Starting var:.. source = '\\1'
IE_TRACE:                 Starting var:.. pattern = re.compile('(?s)^[a-zA-Z0-9_]+\\s*\\(\\s*(.*)\\);?\\s*?\\s*$', re.DOTALL)
IE_TRACE:                 15:21:35.272403 call       996 def parse_template(source, pattern):
IE_TRACE:                 15:21:35.272456 line       999     s = Tokenizer(source)
IE_TRACE:                     Starting var:.. self = <re._parser.Tokenizer object at 0x72cf9fef7c80>
IE_TRACE:                     Starting var:.. string = '\\1'
IE_TRACE:                     15:21:35.272560 call       231     def __init__(self, string):
IE_TRACE:                     15:21:35.272603 line       232         self.istext = isinstance(string, str)
IE_TRACE:                     15:21:35.272622 line       233         self.string = string
IE_TRACE:                     15:21:35.272640 line       234         if not self.istext:
IE_TRACE:                     15:21:35.272659 line       236         self.decoded_string = string
IE_TRACE:                     15:21:35.272676 line       237         self.index = 0
IE_TRACE:                     15:21:35.272693 line       238         self.next = None
IE_TRACE:                     15:21:35.272710 line       239         self.__next()
IE_TRACE:                         Starting var:.. self = <re._parser.Tokenizer object at 0x72cf9fef7c80>
IE_TRACE:                         15:21:35.272730 call       240     def __next(self):
IE_TRACE:                         15:21:35.272755 line       241         index = self.index
IE_TRACE:                         New var:....... index = 0
IE_TRACE:                         15:21:35.272773 line       242         try:
IE_TRACE:                         15:21:35.272797 line       243             char = self.decoded_string[index]
IE_TRACE:                         New var:....... char = '\\'
IE_TRACE:                         15:21:35.272816 line       247         if char == "\\":
IE_TRACE:                         15:21:35.272841 line       248             index += 1
IE_TRACE:                         Modified var:.. index = 1
IE_TRACE:                         15:21:35.272860 line       249             try:
IE_TRACE:                         15:21:35.272884 line       250                 char += self.decoded_string[index]
IE_TRACE:                         Modified var:.. char = '\\1'
IE_TRACE:                         15:21:35.272904 line       254         self.index = index + 1
IE_TRACE:                         15:21:35.272928 line       255         self.next = char
IE_TRACE:                         15:21:35.272950 return     255         self.next = char
IE_TRACE:                         Return value:.. None
IE_TRACE:                     15:21:35.272977 return     239         self.__next()
IE_TRACE:                     Return value:.. None
IE_TRACE:                 New var:....... s = <re._parser.Tokenizer object at 0x72cf9fef7c80>
IE_TRACE:                 15:21:35.273001 line      1000     sget = s.get
IE_TRACE:                 New var:....... sget = <bound method Tokenizer.get of <re._parser.Tokenizer object at 0x72cf9fef7c80>>
IE_TRACE:                 15:21:35.273030 line      1001     result = []
IE_TRACE:                 New var:....... result = []
IE_TRACE:                 15:21:35.273064 line      1002     literal = []
IE_TRACE:                 New var:....... literal = []
IE_TRACE:                 15:21:35.273096 line      1003     lappend = literal.append
IE_TRACE:                 New var:....... lappend = <built-in method append of list object at 0x72cf9fcda140>
IE_TRACE:                 15:21:35.273128 line      1004     def addliteral():
IE_TRACE:                 New var:....... addliteral = <function parse_template.<locals>.addliteral at 0x72cf9fc32840>
IE_TRACE:                 15:21:35.273162 line      1012     def addgroup(index, pos):
IE_TRACE:                 New var:....... addgroup = <function parse_template.<locals>.addgroup at 0x72cf9fc32160>
IE_TRACE:                 15:21:35.273196 line      1017     groupindex = pattern.groupindex
IE_TRACE:                 New var:....... groupindex = {}
IE_TRACE:                 15:21:35.273235 line      1018     while True:
IE_TRACE:                 15:21:35.273271 line      1019         this = sget()
IE_TRACE:                     Starting var:.. self = <re._parser.Tokenizer object at 0x72cf9fef7c80>
IE_TRACE:                     15:21:35.273305 call       261     def get(self):
IE_TRACE:                     15:21:35.273327 line       262         this = self.next
IE_TRACE:                     New var:....... this = '\\1'
IE_TRACE:                     15:21:35.273343 line       263         self.__next()
IE_TRACE:                         Starting var:.. self = <re._parser.Tokenizer object at 0x72cf9fef7c80>
IE_TRACE:                         15:21:35.273366 call       240     def __next(self):
IE_TRACE:                         15:21:35.273388 line       241         index = self.index
IE_TRACE:                         New var:....... index = 2
IE_TRACE:                         15:21:35.273405 line       242         try:
IE_TRACE:                         15:21:35.273429 line       243             char = self.decoded_string[index]
IE_TRACE:                         15:21:35.273449 exception  243             char = self.decoded_string[index]
IE_TRACE:                         Exception:..... IndexError: string index out of range
IE_TRACE:                         15:21:35.273492 line       244         except IndexError:
IE_TRACE:                         15:21:35.273514 line       245             self.next = None
IE_TRACE:                         15:21:35.273533 line       246             return
IE_TRACE:                         15:21:35.273551 return     246             return
IE_TRACE:                         Return value:.. None
IE_TRACE:                     15:21:35.273614 line       264         return this
IE_TRACE:                     15:21:35.273633 return     264         return this
IE_TRACE:                     Return value:.. '\\1'
IE_TRACE:                 New var:....... this = '\\1'
IE_TRACE:                 15:21:35.273656 line      1020         if this is None:
IE_TRACE:                 15:21:35.273697 line      1022         if this[0] == "\\":
IE_TRACE:                 15:21:35.273730 line      1024             c = this[1]
IE_TRACE:                 New var:....... c = '1'
IE_TRACE:                 15:21:35.273762 line      1025             if c == "g":
IE_TRACE:                 15:21:35.273802 line      1049             elif c == "0":
IE_TRACE:                 15:21:35.273837 line      1055             elif c in DIGITS:
IE_TRACE:                 15:21:35.273872 line      1056                 isoctal = False
IE_TRACE:                 New var:....... isoctal = False
IE_TRACE:                 15:21:35.273905 line      1057                 if s.next in DIGITS:
IE_TRACE:                 15:21:35.273947 line      1068                 if not isoctal:
IE_TRACE:                 15:21:35.273984 line      1069                     addgroup(int(this[1:]), len(this) - 1)
IE_TRACE:                     Starting var:.. index = 1
IE_TRACE:                     Starting var:.. pos = 1
IE_TRACE:                     Starting var:.. addliteral = <function parse_template.<locals>.addliteral at 0x72cf9fc32840>
IE_TRACE:                     Starting var:.. pattern = re.compile('(?s)^[a-zA-Z0-9_]+\\s*\\(\\s*(.*)\\);?\\s*?\\s*$', re.DOTALL)
IE_TRACE:                     Starting var:.. result = []
IE_TRACE:                     Starting var:.. s = <re._parser.Tokenizer object at 0x72cf9fef7c80>
IE_TRACE:                     15:21:35.274027 call      1012     def addgroup(index, pos):
IE_TRACE:                     15:21:35.274078 line      1013         if index > pattern.groups:
IE_TRACE:                     15:21:35.274105 line      1015         addliteral()
IE_TRACE:                         Starting var:.. literal = []
IE_TRACE:                         Starting var:.. result = []
IE_TRACE:                         Starting var:.. s = <re._parser.Tokenizer object at 0x72cf9fef7c80>
IE_TRACE:                         15:21:35.274133 call      1004     def addliteral():
IE_TRACE:                         15:21:35.274166 line      1005         if s.istext:
IE_TRACE:                         15:21:35.274187 line      1006             result.append(''.join(literal))
IE_TRACE:                         Modified var:.. result = ['']
IE_TRACE:                         15:21:35.274207 line      1011         del literal[:]
IE_TRACE:                         15:21:35.274232 return    1011         del literal[:]
IE_TRACE:                         Return value:.. None
IE_TRACE:                     Modified var:.. result = ['']
IE_TRACE:                     15:21:35.274258 line      1016         result.append(index)
IE_TRACE:                     Modified var:.. result = ['', 1]
IE_TRACE:                     15:21:35.274288 return    1016         result.append(index)
IE_TRACE:                     Return value:.. None
IE_TRACE:                 Modified var:.. result = ['', 1]
IE_TRACE:                 15:21:35.274324 line      1018     while True:
IE_TRACE:                 15:21:35.274367 line      1019         this = sget()
IE_TRACE:                     Starting var:.. self = <re._parser.Tokenizer object at 0x72cf9fef7c80>
IE_TRACE:                     15:21:35.274404 call       261     def get(self):
IE_TRACE:                     15:21:35.274426 line       262         this = self.next
IE_TRACE:                     New var:....... this = None
IE_TRACE:                     15:21:35.274443 line       263         self.__next()
IE_TRACE:                         Starting var:.. self = <re._parser.Tokenizer object at 0x72cf9fef7c80>
IE_TRACE:                         15:21:35.274465 call       240     def __next(self):
IE_TRACE:                         15:21:35.274487 line       241         index = self.index
IE_TRACE:                         New var:....... index = 2
IE_TRACE:                         15:21:35.274504 line       242         try:
IE_TRACE:                         15:21:35.274527 line       243             char = self.decoded_string[index]
IE_TRACE:                         15:21:35.274545 exception  243             char = self.decoded_string[index]
IE_TRACE:                         Exception:..... IndexError: string index out of range
IE_TRACE:                         15:21:35.274587 line       244         except IndexError:
IE_TRACE:                         15:21:35.274607 line       245             self.next = None
IE_TRACE:                         15:21:35.274659 line       246             return
IE_TRACE:                         15:21:35.274678 return     246             return
IE_TRACE:                         Return value:.. None
IE_TRACE:                     15:21:35.274703 line       264         return this
IE_TRACE:                     15:21:35.274721 return     264         return this
IE_TRACE:                     Return value:.. None
IE_TRACE:                 Modified var:.. this = None
IE_TRACE:                 15:21:35.274745 line      1020         if this is None:
IE_TRACE:                 15:21:35.274788 line      1021             break # end of replacement string
IE_TRACE:                 15:21:35.274825 line      1079     addliteral()
IE_TRACE:                     Starting var:.. literal = []
IE_TRACE:                     Starting var:.. result = ['', 1]
IE_TRACE:                     Starting var:.. s = <re._parser.Tokenizer object at 0x72cf9fef7c80>
IE_TRACE:                     15:21:35.274861 call      1004     def addliteral():
IE_TRACE:                     15:21:35.274893 line      1005         if s.istext:
IE_TRACE:                     15:21:35.274912 line      1006             result.append(''.join(literal))
IE_TRACE:                     Modified var:.. result = ['', 1, '']
IE_TRACE:                     15:21:35.274931 line      1011         del literal[:]
IE_TRACE:                     15:21:35.274954 return    1011         del literal[:]
IE_TRACE:                     Return value:.. None
IE_TRACE:                 Modified var:.. result = ['', 1, '']
IE_TRACE:                 15:21:35.274980 line      1080     return result
IE_TRACE:                 15:21:35.275020 return    1080     return result
IE_TRACE:                 Return value:.. ['', 1, '']
IE_TRACE:             Source path:... /usr/lib/python3.12/re/__init__.py
IE_TRACE:             15:21:35.275065 return     334     return _sre.template(pattern, _parser.parse_template(repl, pattern))
IE_TRACE:             Return value:.. <_sre.SRE_Template object at 0x72cf9fba2480>
IE_TRACE:         15:21:35.275110 return     186     return _compile(pattern, flags).sub(repl, string, count)
IE_TRACE:         Return value:.. '[ {"id":"532cb",\n\n\n"x":\n3}\n]\n'
IE_TRACE:     Source path:... /path/to/BugsInPy/workspace/youtube-dl/youtube_dl/utils.py
IE_TRACE:     15:21:35.275143 return    1334     return re.sub(r'(?s)^[a-zA-Z0-9_]+\s*\(\s*(.*)\);?\s*?\s*$', r'\1', code)
IE_TRACE:     Return value:.. '[ {"id":"532cb",\n\n\n"x":\n3}\n]\n'
IE_TRACE: Source path:... /path/to/BugsInPy/workspace/youtube-dl/test/test_utils.py
IE_TRACE: New var:....... stripped = '[ {"id":"532cb",\n\n\n"x":\n3}\n]\n'
IE_TRACE: 15:21:35.275175 line       287         d = json.loads(stripped)
IE_TRACE:     Source path:... /usr/lib/python3.12/json/__init__.py
IE_TRACE:     Starting var:.. s = '[ {"id":"532cb",\n\n\n"x":\n3}\n]\n'
IE_TRACE:     Starting var:.. cls = None
IE_TRACE:     Starting var:.. object_hook = None
IE_TRACE:     Starting var:.. parse_float = None
IE_TRACE:     Starting var:.. parse_int = None
IE_TRACE:     Starting var:.. parse_constant = None
IE_TRACE:     Starting var:.. object_pairs_hook = None
IE_TRACE:     Starting var:.. kw = {}
IE_TRACE:     15:21:35.275229 call       299 def loads(s, *, cls=None, object_hook=None, parse_float=None,
IE_TRACE:     15:21:35.275458 line       333     if isinstance(s, str):
IE_TRACE:     15:21:35.275483 line       334         if s.startswith('\ufeff'):
IE_TRACE:     15:21:35.275506 line       343     if (cls is None and object_hook is None and
IE_TRACE:     15:21:35.275528 line       344             parse_int is None and parse_float is None and
IE_TRACE:     15:21:35.275550 line       345             parse_constant is None and object_pairs_hook is None and not kw):
IE_TRACE:     15:21:35.275579 line       346         return _default_decoder.decode(s)
IE_TRACE:         Source path:... /usr/lib/python3.12/json/decoder.py
IE_TRACE:         Starting var:.. self = <json.decoder.JSONDecoder object at 0x72cfa0a57980>
IE_TRACE:         Starting var:.. s = '[ {"id":"532cb",\n\n\n"x":\n3}\n]\n'
IE_TRACE:         Starting var:.. _w = <built-in method match of re.Pattern object at 0x72cfa0a113c0>
IE_TRACE:         15:21:35.275610 call       332     def decode(self, s, _w=WHITESPACE.match):
IE_TRACE:         15:21:35.275710 line       337         obj, end = self.raw_decode(s, idx=_w(s, 0).end())
IE_TRACE:             Starting var:.. self = <json.decoder.JSONDecoder object at 0x72cfa0a57980>
IE_TRACE:             Starting var:.. s = '[ {"id":"532cb",\n\n\n"x":\n3}\n]\n'
IE_TRACE:             Starting var:.. idx = 0
IE_TRACE:             15:21:35.275740 call       343     def raw_decode(self, s, idx=0):
IE_TRACE:             15:21:35.275772 line       352         try:
IE_TRACE:             15:21:35.275791 line       353             obj, end = self.scan_once(s, idx)
IE_TRACE:             New var:....... obj = [{'id': '532cb', 'x': 3}]
IE_TRACE:             New var:....... end = 28
IE_TRACE:             15:21:35.275820 line       356         return obj, end
IE_TRACE:             15:21:35.275851 return     356         return obj, end
IE_TRACE:             Return value:.. ([{'id': '532cb', 'x': 3}], 28)
IE_TRACE:         New var:....... obj = [{'id': '532cb', 'x': 3}]
IE_TRACE:         New var:....... end = 28
IE_TRACE:         15:21:35.275880 line       338         end = _w(s, end).end()
IE_TRACE:         Modified var:.. end = 29
IE_TRACE:         15:21:35.275909 line       339         if end != len(s):
IE_TRACE:         15:21:35.275935 line       341         return obj
IE_TRACE:         15:21:35.275954 return     341         return obj
IE_TRACE:         Return value:.. [{'id': '532cb', 'x': 3}]
IE_TRACE:     Source path:... /usr/lib/python3.12/json/__init__.py
IE_TRACE:     15:21:35.275980 return     346         return _default_decoder.decode(s)
IE_TRACE:     Return value:.. [{'id': '532cb', 'x': 3}]
IE_TRACE: Source path:... /path/to/BugsInPy/workspace/youtube-dl/test/test_utils.py
IE_TRACE: New var:....... d = [{'id': '532cb', 'x': 3}]
IE_TRACE: 15:21:35.276016 line       288         self.assertEqual(d, [{"id": "532cb", "x": 3}])
IE_TRACE:     Source path:... /usr/lib/python3.12/unittest/case.py
IE_TRACE:     Starting var:.. self = <test.test_utils.TestUtil testMethod=test_strip_jsonp>
IE_TRACE:     Starting var:.. first = [{'id': '532cb', 'x': 3}]
IE_TRACE:     Starting var:.. second = [{'id': '532cb', 'x': 3}]
IE_TRACE:     Starting var:.. msg = None
IE_TRACE:     15:21:35.276054 call       880     def assertEqual(self, first, second, msg=None):
IE_TRACE:     15:21:35.276228 line       884         assertion_func = self._getAssertEqualityFunc(first, second)
IE_TRACE:         Starting var:.. self = <test.test_utils.TestUtil testMethod=test_strip_jsonp>
IE_TRACE:         Starting var:.. first = [{'id': '532cb', 'x': 3}]
IE_TRACE:         Starting var:.. second = [{'id': '532cb', 'x': 3}]
IE_TRACE:         15:21:35.276256 call       847     def _getAssertEqualityFunc(self, first, second):
IE_TRACE:         15:21:35.276288 line       864         if type(first) is type(second):
IE_TRACE:         15:21:35.276308 line       865             asserter = self._type_equality_funcs.get(type(first))
IE_TRACE:         New var:....... asserter = 'assertListEqual'
IE_TRACE:         15:21:35.276327 line       866             if asserter is not None:
IE_TRACE:         15:21:35.276350 line       867                 if isinstance(asserter, str):
IE_TRACE:         15:21:35.276368 line       868                     asserter = getattr(self, asserter)
IE_TRACE:         Modified var:.. asserter = <bound method TestCase.assertListEqual of <test.test_utils.TestUtil testMethod=test_strip_jsonp>>
IE_TRACE:         15:21:35.276387 line       869                 return asserter
IE_TRACE:         15:21:35.276410 return     869                 return asserter
IE_TRACE:         Return value:.. <bound method TestCase.assertListEqual of <test.test_utils.TestUtil testMethod=test_strip_jsonp>>
IE_TRACE:     New var:....... assertion_func = <bound method TestCase.assertListEqual of <test.test_utils.TestUtil testMethod=test_strip_jsonp>>
IE_TRACE:     15:21:35.276436 line       885         assertion_func(first, second, msg=msg)
IE_TRACE:         Starting var:.. self = <test.test_utils.TestUtil testMethod=test_strip_jsonp>
IE_TRACE:         Starting var:.. list1 = [{'id': '532cb', 'x': 3}]
IE_TRACE:         Starting var:.. list2 = [{'id': '532cb', 'x': 3}]
IE_TRACE:         Starting var:.. msg = None
IE_TRACE:         15:21:35.276465 call      1081     def assertListEqual(self, list1, list2, msg=None):
IE_TRACE:         15:21:35.276500 line      1091         self.assertSequenceEqual(list1, list2, msg, seq_type=list)
IE_TRACE:             Starting var:.. self = <test.test_utils.TestUtil testMethod=test_strip_jsonp>
IE_TRACE:             Starting var:.. seq1 = [{'id': '532cb', 'x': 3}]
IE_TRACE:             Starting var:.. seq2 = [{'id': '532cb', 'x': 3}]
IE_TRACE:             Starting var:.. msg = None
IE_TRACE:             Starting var:.. seq_type = <class 'list'>
IE_TRACE:             15:21:35.276548 call       976     def assertSequenceEqual(self, seq1, seq2, msg=None, seq_type=None):
IE_TRACE:             15:21:35.276610 line       990         if seq_type is not None:
IE_TRACE:             15:21:35.276636 line       991             seq_type_name = seq_type.__name__
IE_TRACE:             New var:....... seq_type_name = 'list'
IE_TRACE:             15:21:35.276660 line       992             if not isinstance(seq1, seq_type):
IE_TRACE:             15:21:35.276692 line       995             if not isinstance(seq2, seq_type):
IE_TRACE:             15:21:35.276718 line      1001         differing = None
IE_TRACE:             New var:....... differing = None
IE_TRACE:             15:21:35.276742 line      1002         try:
IE_TRACE:             15:21:35.276772 line      1003             len1 = len(seq1)
IE_TRACE:             New var:....... len1 = 1
IE_TRACE:             15:21:35.276798 line      1008         if differing is None:
IE_TRACE:             15:21:35.276829 line      1009             try:
IE_TRACE:             15:21:35.276856 line      1010                 len2 = len(seq2)
IE_TRACE:             New var:....... len2 = 1
IE_TRACE:             15:21:35.276882 line      1015         if differing is None:
IE_TRACE:             15:21:35.276914 line      1016             if seq1 == seq2:
IE_TRACE:             15:21:35.276944 line      1017                 return
IE_TRACE:             15:21:35.276972 return    1017                 return
IE_TRACE:             Return value:.. None
IE_TRACE:         15:21:35.277006 return    1091         self.assertSequenceEqual(list1, list2, msg, seq_type=list)
IE_TRACE:         Return value:.. None
IE_TRACE:     15:21:35.277030 return     885         assertion_func(first, second, msg=msg)
IE_TRACE:     Return value:.. None
IE_TRACE: Source path:... /path/to/BugsInPy/workspace/youtube-dl/test/test_utils.py
IE_TRACE: 15:21:35.277056 line       290         stripped = strip_jsonp('parseMetadata({"STATUS":"OK"})\n\n\n//epc')
IE_TRACE:     Source path:... /path/to/BugsInPy/workspace/youtube-dl/youtube_dl/utils.py
IE_TRACE:     Starting var:.. code = 'parseMetadata({"STATUS":"OK"})\n\n\n//epc'
IE_TRACE:     15:21:35.277081 call      1333 def strip_jsonp(code):
IE_TRACE:     15:21:35.277105 line      1334     return re.sub(r'(?s)^[a-zA-Z0-9_]+\s*\(\s*(.*)\);?\s*?\s*$', r'\1', code)
IE_TRACE:         Source path:... /usr/lib/python3.12/re/__init__.py
IE_TRACE:         Starting var:.. pattern = '(?s)^[a-zA-Z0-9_]+\\s*\\(\\s*(.*)\\);?\\s*?\\s*$'
IE_TRACE:         Starting var:.. repl = '\\1'
IE_TRACE:         Starting var:.. string = 'parseMetadata({"STATUS":"OK"})\n\n\n//epc'
IE_TRACE:         Starting var:.. count = 0
IE_TRACE:         Starting var:.. flags = 0
IE_TRACE:         15:21:35.277120 call       179 def sub(pattern, repl, string, count=0, flags=0):
IE_TRACE:         15:21:35.277167 line       186     return _compile(pattern, flags).sub(repl, string, count)
IE_TRACE:             Starting var:.. pattern = '(?s)^[a-zA-Z0-9_]+\\s*\\(\\s*(.*)\\);?\\s*?\\s*$'
IE_TRACE:             Starting var:.. flags = 0
IE_TRACE:             15:21:35.277189 call       280 def _compile(pattern, flags):
IE_TRACE:             15:21:35.277215 line       282     if isinstance(flags, RegexFlag):
IE_TRACE:             15:21:35.277232 line       284     try:
IE_TRACE:             15:21:35.277248 line       285         return _cache2[type(pattern), pattern, flags]
IE_TRACE:             15:21:35.277265 return     285         return _cache2[type(pattern), pattern, flags]
IE_TRACE:             Return value:.. re.compile('(?s)^[a-zA-Z0-9_]+\\s*\\(\\s*(.*)\\);?\\s*?\\s*$', re.DOTALL)
IE_TRACE:         15:21:35.277291 return     186     return _compile(pattern, flags).sub(repl, string, count)
IE_TRACE:         Return value:.. 'parseMetadata({"STATUS":"OK"})\n\n\n//epc'
IE_TRACE:     Source path:... /path/to/BugsInPy/workspace/youtube-dl/youtube_dl/utils.py
IE_TRACE:     15:21:35.277317 return    1334     return re.sub(r'(?s)^[a-zA-Z0-9_]+\s*\(\s*(.*)\);?\s*?\s*$', r'\1', code)
IE_TRACE:     Return value:.. 'parseMetadata({"STATUS":"OK"})\n\n\n//epc'
IE_TRACE: Source path:... /path/to/BugsInPy/workspace/youtube-dl/test/test_utils.py
IE_TRACE: Modified var:.. stripped = 'parseMetadata({"STATUS":"OK"})\n\n\n//epc'
IE_TRACE: 15:21:35.277341 line       291         d = json.loads(stripped)
IE_TRACE:     Source path:... /usr/lib/python3.12/json/__init__.py
IE_TRACE:     Starting var:.. s = 'parseMetadata({"STATUS":"OK"})\n\n\n//epc'
IE_TRACE:     Starting var:.. cls = None
IE_TRACE:     Starting var:.. object_hook = None
IE_TRACE:     Starting var:.. parse_float = None
IE_TRACE:     Starting var:.. parse_int = None
IE_TRACE:     Starting var:.. parse_constant = None
IE_TRACE:     Starting var:.. object_pairs_hook = None
IE_TRACE:     Starting var:.. kw = {}
IE_TRACE:     15:21:35.277370 call       299 def loads(s, *, cls=None, object_hook=None, parse_float=None,
IE_TRACE:     15:21:35.277431 line       333     if isinstance(s, str):
IE_TRACE:     15:21:35.277454 line       334         if s.startswith('\ufeff'):
IE_TRACE:     15:21:35.277477 line       343     if (cls is None and object_hook is None and
IE_TRACE:     15:21:35.277499 line       344             parse_int is None and parse_float is None and
IE_TRACE:     15:21:35.277521 line       345             parse_constant is None and object_pairs_hook is None and not kw):
IE_TRACE:     15:21:35.277542 line       346         return _default_decoder.decode(s)
IE_TRACE:         Source path:... /usr/lib/python3.12/json/decoder.py
IE_TRACE:         Starting var:.. self = <json.decoder.JSONDecoder object at 0x72cfa0a57980>
IE_TRACE:         Starting var:.. s = 'parseMetadata({"STATUS":"OK"})\n\n\n//epc'
IE_TRACE:         Starting var:.. _w = <built-in method match of re.Pattern object at 0x72cfa0a113c0>
IE_TRACE:         15:21:35.277571 call       332     def decode(self, s, _w=WHITESPACE.match):
IE_TRACE:         15:21:35.277612 line       337         obj, end = self.raw_decode(s, idx=_w(s, 0).end())
IE_TRACE:             Starting var:.. self = <json.decoder.JSONDecoder object at 0x72cfa0a57980>
IE_TRACE:             Starting var:.. s = 'parseMetadata({"STATUS":"OK"})\n\n\n//epc'
IE_TRACE:             Starting var:.. idx = 0
IE_TRACE:             15:21:35.277633 call       343     def raw_decode(self, s, idx=0):
IE_TRACE:             15:21:35.277664 line       352         try:
IE_TRACE:             15:21:35.277682 line       353             obj, end = self.scan_once(s, idx)
IE_TRACE:             15:21:35.277702 exception  353             obj, end = self.scan_once(s, idx)
IE_TRACE:             Exception:..... StopIteration: 0
IE_TRACE:             15:21:35.277748 line       354         except StopIteration as err:
IE_TRACE:             New var:....... err = StopIteration(0)
IE_TRACE:             15:21:35.277768 line       355             raise JSONDecodeError("Expecting value", s, err.value) from None
IE_TRACE:                 Starting var:.. self = JSONDecodeError('Expecting value', 'parseMetadata({"STATUS":"OK"})\n\n\n//epc', 0)
IE_TRACE:                 Starting var:.. msg = 'Expecting value'
IE_TRACE:                 Starting var:.. doc = 'parseMetadata({"STATUS":"OK"})\n\n\n//epc'
IE_TRACE:                 Starting var:.. pos = 0
IE_TRACE:                 15:21:35.277801 call        31     def __init__(self, msg, doc, pos):
IE_TRACE:                 15:21:35.277843 line        32         lineno = doc.count('\n', 0, pos) + 1
IE_TRACE:                 New var:....... lineno = 1
IE_TRACE:                 15:21:35.277867 line        33         colno = pos - doc.rfind('\n', 0, pos)
IE_TRACE:                 New var:....... colno = 1
IE_TRACE:                 15:21:35.277895 line        34         errmsg = '%s: line %d column %d (char %d)' % (msg, lineno, colno, pos)
IE_TRACE:                 New var:....... errmsg = 'Expecting value: line 1 column 1 (char 0)'
IE_TRACE:                 15:21:35.277925 line        35         ValueError.__init__(self, errmsg)
IE_TRACE:                 Modified var:.. self = JSONDecodeError('Expecting value: line 1 column 1 (char 0)')
IE_TRACE:                 15:21:35.277956 line        36         self.msg = msg
IE_TRACE:                 15:21:35.277984 line        37         self.doc = doc
IE_TRACE:                 15:21:35.278007 line        38         self.pos = pos
IE_TRACE:                 15:21:35.278030 line        39         self.lineno = lineno
IE_TRACE:                 15:21:35.278053 line        40         self.colno = colno
IE_TRACE:                 15:21:35.278076 return      40         self.colno = colno
IE_TRACE:                 Return value:.. None
IE_TRACE:             15:21:35.278106 exception  355             raise JSONDecodeError("Expecting value", s, err.value) from None
IE_TRACE:             Exception:..... json.decoder.JSONDecodeError: Expecting value: line 1 column 1 (char 0)
IE_TRACE:             Call ended by exception
IE_TRACE:         15:21:35.278170 exception  337         obj, end = self.raw_decode(s, idx=_w(s, 0).end())
IE_TRACE:         Exception:..... json.decoder.JSONDecodeError: Expecting value: line 1 column 1 (char 0)
IE_TRACE:         Call ended by exception
IE_TRACE:     Source path:... /usr/lib/python3.12/json/__init__.py
IE_TRACE:     15:21:35.278223 exception  346         return _default_decoder.decode(s)
IE_TRACE:     Exception:..... json.decoder.JSONDecodeError: Expecting value: line 1 column 1 (char 0)
IE_TRACE:     Call ended by exception
IE_TRACE: Source path:... /path/to/BugsInPy/workspace/youtube-dl/test/test_utils.py
IE_TRACE: 15:21:35.278287 exception  291         d = json.loads(stripped)
IE_TRACE: Exception:..... json.decoder.JSONDecodeError: Expecting value: line 1 column 1 (char 0)
IE_TRACE: Call ended by exception
IE_TRACE: Elapsed time: 00:00:00.153457
======================================================================
ERROR: test_strip_jsonp (test.test_utils.TestUtil.test_strip_jsonp)
----------------------------------------------------------------------
Traceback (most recent call last):
  File "/path/to/.venv/lib/python3.12/site-packages/pysnooper/tracer.py", line 320, in simple_wrapper
    return function(*args, **kwargs)
           ^^^^^^^^^^^^^^^^^^^^^^^^^
  File "/path/to/BugsInPy/workspace/youtube-dl/test/test_utils.py", line 291, in test_strip_jsonp
    d = json.loads(stripped)
        ^^^^^^^^^^^^^^^^^^^^
  File "/usr/lib/python3.12/json/__init__.py", line 346, in loads
    return _default_decoder.decode(s)
           ^^^^^^^^^^^^^^^^^^^^^^^^^^
  File "/usr/lib/python3.12/json/decoder.py", line 337, in decode
    obj, end = self.raw_decode(s, idx=_w(s, 0).end())
               ^^^^^^^^^^^^^^^^^^^^^^^^^^^^^^^^^^^^^^
  File "/usr/lib/python3.12/json/decoder.py", line 355, in raw_decode
    raise JSONDecodeError("Expecting value", s, err.value) from None
json.decoder.JSONDecodeError: Expecting value: line 1 column 1 (char 0)

----------------------------------------------------------------------
Ran 1 test in 0.154s

FAILED (errors=1)


Exit code: 1
