Cleared: /path/to/results/youtube-dl/bug2
Running: python -m unittest -q test.test_InfoExtractor.TestInfoExtractor.test_parse_mpd_formats
Workdir: /path/to/BugsInPy/workspace/youtube-dl
PYTHONPATH: /path/to/BugsInPy/workspace/youtube-dl
IE_TRACE: Source path:... /path/to/BugsInPy/workspace/youtube-dl/test/test_InfoExtractor.py
IE_TRACE: Starting var:.. self = <test.test_InfoExtractor.TestInfoExtractor testMethod=test_parse_mpd_formats>
IE_TRACE: 14:50:47.164855 call       495     def test_parse_mpd_formats(self):
IE_TRACE: 14:50:47.165109 line       501                 'float_duration',
IE_TRACE: 14:50:47.165135 line       502                 'http://unknown/manifest.mpd',
IE_TRACE: 14:50:47.165150 line       504                     'manifest_url': 'http://unknown/manifest.mpd',
IE_TRACE: 14:50:47.165162 line       505                     'ext': 'm4a',
IE_TRACE: 14:50:47.165173 line       506                     'format_id': '318597',
IE_TRACE: 14:50:47.165182 line       507                     'format_note': 'DASH audio',
IE_TRACE: 14:50:47.165192 line       508                     'protocol': 'http_dash_segments',
IE_TRACE: 14:50:47.165200 line       509                     'acodec': 'mp4a.40.2',
IE_TRACE: 14:50:47.165210 line       510                     'vcodec': 'none',
IE_TRACE: 14:50:47.165219 line       511                     'tbr': 61.587,
IE_TRACE: 14:50:47.165228 line       503                 [{
IE_TRACE: 14:50:47.165239 line       513                     'manifest_url': 'http://unknown/manifest.mpd',
IE_TRACE: 14:50:47.165248 line       514                     'ext': 'mp4',
IE_TRACE: 14:50:47.165256 line       515                     'format_id': '318597',
IE_TRACE: 14:50:47.165265 line       516                     'format_note': 'DASH video',
IE_TRACE: 14:50:47.165274 line       517                     'protocol': 'http_dash_segments',
IE_TRACE: 14:50:47.165284 line       518                     'acodec': 'none',
IE_TRACE: 14:50:47.165294 line       519                     'vcodec': 'avc1.42001f',
IE_TRACE: 14:50:47.165303 line       520                     'tbr': 318.597,
IE_TRACE: 14:50:47.165311 line       521                     'width': 340,
IE_TRACE: 14:50:47.165320 line       522                     'height': 192,
IE_TRACE: 14:50:47.165329 line       512                 }, {
IE_TRACE: 14:50:47.165338 line       524                     'manifest_url': 'http://unknown/manifest.mpd',
IE_TRACE: 14:50:47.165346 line       525                     'ext': 'mp4',
IE_TRACE: 14:50:47.165355 line       526                     'format_id': '638590',
IE_TRACE: 14:50:47.165364 line       527                     'format_note': 'DASH video',
IE_TRACE: 14:50:47.165374 line       528                     'protocol': 'http_dash_segments',
IE_TRACE: 14:50:47.165383 line       529                     'acodec': 'none',
IE_TRACE: 14:50:47.165392 line       530                     'vcodec': 'avc1.42001f',
IE_TRACE: 14:50:47.165401 line       531                     'tbr': 638.59,
IE_TRACE: 14:50:47.165409 line       532                     'width': 512,
IE_TRACE: 14:50:47.165418 line       533                     'height': 288,
IE_TRACE: 14:50:47.165427 line       523                 }, {
IE_TRACE: 14:50:47.165435 line       535                     'manifest_url': 'http://unknown/manifest.mpd',
IE_TRACE: 14:50:47.165444 line       536                     'ext': 'mp4',
IE_TRACE: 14:50:47.165452 line       537                     'format_id': '1022565',
IE_TRACE: 14:50:47.165461 line       538                     'format_note': 'DASH video',
IE_TRACE: 14:50:47.165470 line       539                     'protocol': 'http_dash_segments',
IE_TRACE: 14:50:47.165479 line       540                     'acodec': 'none',
IE_TRACE: 14:50:47.165487 line       541                     'vcodec': 'avc1.4d001f',
IE_TRACE: 14:50:47.165496 line       542                     'tbr': 1022.565,
IE_TRACE: 14:50:47.165504 line       543                     'width': 688,
IE_TRACE: 14:50:47.165513 line       544                     'height': 384,
IE_TRACE: 14:50:47.165522 line       534                 }, {
IE_TRACE: 14:50:47.165531 line       546                     'manifest_url': 'http://unknown/manifest.mpd',
IE_TRACE: 14:50:47.165539 line       547                     'ext': 'mp4',
IE_TRACE: 14:50:47.165548 line       548                     'format_id': '2046506',
IE_TRACE: 14:50:47.165557 line       549                     'format_note': 'DASH video',
IE_TRACE: 14:50:47.165569 line       550                     'protocol': 'http_dash_segments',
IE_TRACE: 14:50:47.165578 line       551                     'acodec': 'none',
IE_TRACE: 14:50:47.165586 line       552                     'vcodec': 'avc1.4d001f',
IE_TRACE: 14:50:47.165594 line       553                     'tbr': 2046.506,
IE_TRACE: 14:50:47.165603 line       554                     'width': 1024,
IE_TRACE: 14:50:47.165612 line       555                     'height': 576,
IE_TRACE: 14:50:47.165621 line       545                 }, {
IE_TRACE: 14:50:47.165630 line       557                     'manifest_url': 'http://unknown/manifest.mpd',
IE_TRACE: 14:50:47.165639 line       558                     'ext': 'mp4',
IE_TRACE: 14:50:47.165647 line       559                     'format_id': '3998017',
IE_TRACE: 14:50:47.165657 line       560                     'format_note': 'DASH video',
IE_TRACE: 14:50:47.165665 line       561                     'protocol': 'http_dash_segments',
IE_TRACE: 14:50:47.165674 line       562                     'acodec': 'none',
IE_TRACE: 14:50:47.165682 line       563                     'vcodec': 'avc1.640029',
IE_TRACE: 14:50:47.165691 line       564                     'tbr': 3998.017,
IE_TRACE: 14:50:47.165700 line       565                     'width': 1280,
IE_TRACE: 14:50:47.165708 line       566                     'height': 720,
IE_TRACE: 14:50:47.165717 line       556                 }, {
IE_TRACE: 14:50:47.165726 line       568                     'manifest_url': 'http://unknown/manifest.mpd',
IE_TRACE: 14:50:47.165734 line       569                     'ext': 'mp4',
IE_TRACE: 14:50:47.165743 line       570                     'format_id': '5997485',
IE_TRACE: 14:50:47.165751 line       571                     'format_note': 'DASH video',
IE_TRACE: 14:50:47.165760 line       572                     'protocol': 'http_dash_segments',
IE_TRACE: 14:50:47.165768 line       573                     'acodec': 'none',
IE_TRACE: 14:50:47.165777 line       574                     'vcodec': 'avc1.640032',
IE_TRACE: 14:50:47.165785 line       575                     'tbr': 5997.485,
IE_TRACE: 14:50:47.165794 line       576                     'width': 1920,
IE_TRACE: 14:50:47.165802 line       577                     'height': 1080,
IE_TRACE: 14:50:47.165811 line       567                 }, {
IE_TRACE: 14:50:47.165820 line       503                 [{
IE_TRACE: 14:50:47.165829 line       497             (
IE_TRACE: 14:50:47.165837 line       581                 'urls_only',
IE_TRACE: 14:50:47.165846 line       582                 'http://unknown/manifest.mpd',
IE_TRACE: 14:50:47.165855 line       584                     'manifest_url': 'http://unknown/manifest.mpd',
IE_TRACE: 14:50:47.165864 line       585                     'ext': 'mp4',
IE_TRACE: 14:50:47.165872 line       586                     'format_id': 'h264_aac_144p_m4s',
IE_TRACE: 14:50:47.165881 line       587                     'format_note': 'DASH video',
IE_TRACE: 14:50:47.165889 line       588                     'protocol': 'http_dash_segments',
IE_TRACE: 14:50:47.165898 line       589                     'acodec': 'mp4a.40.2',
IE_TRACE: 14:50:47.165906 line       590                     'vcodec': 'avc3.42c01e',
IE_TRACE: 14:50:47.165915 line       591                     'tbr': 200,
IE_TRACE: 14:50:47.165923 line       592                     'width': 256,
IE_TRACE: 14:50:47.165932 line       593                     'height': 144,
IE_TRACE: 14:50:47.165940 line       583                 [{
IE_TRACE: 14:50:47.165950 line       595                     'manifest_url': 'http://unknown/manifest.mpd',
IE_TRACE: 14:50:47.165958 line       596                     'ext': 'mp4',
IE_TRACE: 14:50:47.165967 line       597                     'format_id': 'h264_aac_240p_m4s',
IE_TRACE: 14:50:47.165975 line       598                     'format_note': 'DASH video',
IE_TRACE: 14:50:47.165984 line       599                     'protocol': 'http_dash_segments',
IE_TRACE: 14:50:47.165992 line       600                     'acodec': 'mp4a.40.2',
IE_TRACE: 14:50:47.166000 line       601                     'vcodec': 'avc3.42c01e',
IE_TRACE: 14:50:47.166008 line       602                     'tbr': 400,
IE_TRACE: 14:50:47.166017 line       603                     'width': 424,
IE_TRACE: 14:50:47.166025 line       604                     'height': 240,
IE_TRACE: 14:50:47.166034 line       594                 }, {
IE_TRACE: 14:50:47.166043 line       606                     'manifest_url': 'http://unknown/manifest.mpd',
IE_TRACE: 14:50:47.166055 line       607                     'ext': 'mp4',
IE_TRACE: 14:50:47.166064 line       608                     'format_id': 'h264_aac_360p_m4s',
IE_TRACE: 14:50:47.166073 line       609                     'format_note': 'DASH video',
IE_TRACE: 14:50:47.166081 line       610                     'protocol': 'http_dash_segments',
IE_TRACE: 14:50:47.166090 line       611                     'acodec': 'mp4a.40.2',
IE_TRACE: 14:50:47.166098 line       612                     'vcodec': 'avc3.42c01e',
IE_TRACE: 14:50:47.166107 line       613                     'tbr': 800,
IE_TRACE: 14:50:47.166115 line       614                     'width': 640,
IE_TRACE: 14:50:47.166124 line       615                     'height': 360,
IE_TRACE: 14:50:47.166132 line       605                 }, {
IE_TRACE: 14:50:47.166141 line       617                     'manifest_url': 'http://unknown/manifest.mpd',
IE_TRACE: 14:50:47.166150 line       618                     'ext': 'mp4',
IE_TRACE: 14:50:47.166158 line       619                     'format_id': 'h264_aac_480p_m4s',
IE_TRACE: 14:50:47.166167 line       620                     'format_note': 'DASH video',
IE_TRACE: 14:50:47.166176 line       621                     'protocol': 'http_dash_segments',
IE_TRACE: 14:50:47.166185 line       622                     'acodec': 'mp4a.40.2',
IE_TRACE: 14:50:47.166193 line       623                     'vcodec': 'avc3.42c01e',
IE_TRACE: 14:50:47.166202 line       624                     'tbr': 1200,
IE_TRACE: 14:50:47.166211 line       625                     'width': 856,
IE_TRACE: 14:50:47.166219 line       626                     'height': 480,
IE_TRACE: 14:50:47.166228 line       616                 }, {
IE_TRACE: 14:50:47.166236 line       628                     'manifest_url': 'http://unknown/manifest.mpd',
IE_TRACE: 14:50:47.166244 line       629                     'ext': 'mp4',
IE_TRACE: 14:50:47.166254 line       630                     'format_id': 'h264_aac_576p_m4s',
IE_TRACE: 14:50:47.166263 line       631                     'format_note': 'DASH video',
IE_TRACE: 14:50:47.166272 line       632                     'protocol': 'http_dash_segments',
IE_TRACE: 14:50:47.166281 line       633                     'acodec': 'mp4a.40.2',
IE_TRACE: 14:50:47.166290 line       634                     'vcodec': 'avc3.42c01e',
IE_TRACE: 14:50:47.166299 line       635                     'tbr': 1600,
IE_TRACE: 14:50:47.166308 line       636                     'width': 1024,
IE_TRACE: 14:50:47.166316 line       637                     'height': 576,
IE_TRACE: 14:50:47.166325 line       627                 }, {
IE_TRACE: 14:50:47.166334 line       639                     'manifest_url': 'http://unknown/manifest.mpd',
IE_TRACE: 14:50:47.166343 line       640                     'ext': 'mp4',
IE_TRACE: 14:50:47.166352 line       641                     'format_id': 'h264_aac_720p_m4s',
IE_TRACE: 14:50:47.166361 line       642                     'format_note': 'DASH video',
IE_TRACE: 14:50:47.166370 line       643                     'protocol': 'http_dash_segments',
IE_TRACE: 14:50:47.166379 line       644                     'acodec': 'mp4a.40.2',
IE_TRACE: 14:50:47.166388 line       645                     'vcodec': 'avc3.42c01e',
IE_TRACE: 14:50:47.166396 line       646                     'tbr': 2400,
IE_TRACE: 14:50:47.166406 line       647                     'width': 1280,
IE_TRACE: 14:50:47.166414 line       648                     'height': 720,
IE_TRACE: 14:50:47.166423 line       638                 }, {
IE_TRACE: 14:50:47.166432 line       650                     'manifest_url': 'http://unknown/manifest.mpd',
IE_TRACE: 14:50:47.166441 line       651                     'ext': 'mp4',
IE_TRACE: 14:50:47.166450 line       652                     'format_id': 'h264_aac_1080p_m4s',
IE_TRACE: 14:50:47.166459 line       653                     'format_note': 'DASH video',
IE_TRACE: 14:50:47.166468 line       654                     'protocol': 'http_dash_segments',
IE_TRACE: 14:50:47.166477 line       655                     'acodec': 'mp4a.40.2',
IE_TRACE: 14:50:47.166486 line       656                     'vcodec': 'avc3.42c01e',
IE_TRACE: 14:50:47.166495 line       657                     'tbr': 4400,
IE_TRACE: 14:50:47.166504 line       658                     'width': 1920,
IE_TRACE: 14:50:47.166513 line       659                     'height': 1080,
IE_TRACE: 14:50:47.166522 line       649                 }, {
IE_TRACE: 14:50:47.166531 line       583                 [{
IE_TRACE: 14:50:47.166539 line       579             ), (
IE_TRACE: 14:50:47.166548 line       496         _TEST_CASES = [
IE_TRACE: New var:....... _TEST_CASES = [('float_duration', 'http://unknown/manifest.mpd', [{'manifest_url': 'http://unknown/manifest.mpd', 'ext': 'm4a', 'format_id': '318597', 'format_note': 'DASH audio', 'protocol': 'http_dash_segments', 'acodec': 'mp4a.40.2', 'vcodec': 'none', 'tbr': ...ifest_url': 'http://unknown/manifest.mpd', 'ext': 'mp4', 'format_id': 'h264_aac_1080p_m4s', 'format_note': 'DASH video', 'protocol': 'http_dash_segments', 'acodec': 'mp4a.40.2', 'vcodec': 'avc3.42c01e', 'tbr': 4400, 'width': 1920, 'height': 1080}])]
IE_TRACE: 14:50:47.166557 line       664         for mpd_file, mpd_url, expected_formats in _TEST_CASES:
IE_TRACE: New var:....... mpd_file = 'float_duration'
IE_TRACE: New var:....... mpd_url = 'http://unknown/manifest.mpd'
IE_TRACE: New var:....... expected_formats = [{'manifest_url': 'http://unknown/manifest.mpd', 'ext': 'm4a', 'format_id': '318597', 'format_note': 'DASH audio', 'protocol': 'http_dash_segments', 'acodec': 'mp4a.40.2', 'vcodec': 'none', 'tbr': 61.587}, {'manifest_url': 'http://unknown/manifest....': 720}, {'manifest_url': 'http://unknown/manifest.mpd', 'ext': 'mp4', 'format_id': '5997485', 'format_note': 'DASH video', 'protocol': 'http_dash_segments', 'acodec': 'none', 'vcodec': 'avc1.640032', 'tbr': 5997.485, 'width': 1920, 'height': 1080}]
IE_TRACE: 14:50:47.166618 line       665             with io.open('./test/testdata/mpd/%s.mpd' % mpd_file,
IE_TRACE: 14:50:47.166671 line       666                          mode='r', encoding='utf-8') as f:
IE_TRACE: 14:50:47.166708 line       665             with io.open('./test/testdata/mpd/%s.mpd' % mpd_file,
IE_TRACE:     Source path:... <frozen codecs>
IE_TRACE:     Starting var:.. self = <encodings.utf_8.IncrementalDecoder object at 0x7a93f4e49340>
IE_TRACE:     Starting var:.. errors = 'strict'
IE_TRACE:     14:50:47.166759 call       309 SOURCE IS UNAVAILABLE
IE_TRACE:     14:50:47.166826 line       310 SOURCE IS UNAVAILABLE
IE_TRACE:         Starting var:.. self = <encodings.utf_8.IncrementalDecoder object at 0x7a93f4e49340>
IE_TRACE:         Starting var:.. errors = 'strict'
IE_TRACE:         14:50:47.166841 call       260 SOURCE IS UNAVAILABLE
IE_TRACE:         14:50:47.166858 line       268 SOURCE IS UNAVAILABLE
IE_TRACE:         14:50:47.166870 return     268 SOURCE IS UNAVAILABLE
IE_TRACE:         Return value:.. None
IE_TRACE:     14:50:47.166888 line       312 SOURCE IS UNAVAILABLE
IE_TRACE:     14:50:47.166898 return     312 SOURCE IS UNAVAILABLE
IE_TRACE:     Return value:.. None
IE_TRACE: Source path:... /path/to/BugsInPy/workspace/youtube-dl/test/test_InfoExtractor.py
IE_TRACE: 14:50:47.166917 line       666                          mode='r', encoding='utf-8') as f:
IE_TRACE: New var:....... f = <_io.TextIOWrapper name='./test/testdata/mpd/float_duration.mpd' mode='r' encoding='utf-8'>
IE_TRACE: 14:50:47.166958 line       667                 formats = self.ie._parse_mpd_formats(
IE_TRACE: 14:50:47.167003 line       668                     compat_etree_fromstring(f.read().encode('utf-8')),
IE_TRACE:     Source path:... <frozen codecs>
IE_TRACE:     Starting var:.. self = <encodings.utf_8.IncrementalDecoder object at 0x7a93f4e49340>
IE_TRACE:     Starting var:.. input = bytes(len=1715)
IE_TRACE:     Starting var:.. final = True
IE_TRACE:     14:50:47.167043 call       319 SOURCE IS UNAVAILABLE
IE_TRACE:     14:50:47.167072 line       321 SOURCE IS UNAVAILABLE
IE_TRACE:     New var:....... data = bytes(len=1715)
IE_TRACE:     14:50:47.167085 line       322 SOURCE IS UNAVAILABLE
IE_TRACE:     New var:....... result = '<?xml version="1.0" encoding="UTF-8"?>\n<MPD xmlns:xsi="http://www.w3.org/2001/XMLSchema-instance" xmlns="urn:mpeg:dash:schema:mpd:2011" type="static" minBufferTime="PT2S" profiles="urn:mpeg:dash:profile:isoff-on-demand:2011" mediaPresentationDura...odecs="avc1.640029" width="1280" height="720" bandwidth="3998017"></Representation>\n\t\t\t<Representation id="5997485" codecs="avc1.640032" width="1920" height="1080" bandwidth="5997485"></Representation>\n\t\t</AdaptationSet>\n\t</Period>\n</MPD>'
IE_TRACE:     New var:....... consumed = 1715
IE_TRACE:     14:50:47.167102 line       324 SOURCE IS UNAVAILABLE
IE_TRACE:     14:50:47.167129 line       325 SOURCE IS UNAVAILABLE
IE_TRACE:     14:50:47.167147 return     325 SOURCE IS UNAVAILABLE
IE_TRACE:     Return value:.. '<?xml version="1.0" encoding="UTF-8"?>\n<MPD xmlns:xsi="http://www.w3.org/2001/XMLSchema-instance" xmlns="urn:mpeg:dash:schema:mpd:2011" type="static" minBufferTime="PT2S" profiles="urn:mpeg:dash:profile:isoff-on-demand:2011" mediaPresentationDura...odecs="avc1.640029" width="1280" height="720" bandwidth="3998017"></Representation>\n\t\t\t<Representation id="5997485" codecs="avc1.640032" width="1920" height="1080" bandwidth="5997485"></Representation>\n\t\t</AdaptationSet>\n\t</Period>\n</MPD>'
IE_TRACE:     Source path:... /path/to/BugsInPy/workspace/youtube-dl/youtube_dl/compat.py
IE_TRACE:     Starting var:.. text = bytes(len=1715)
IE_TRACE:     14:50:47.167178 call      2509     def compat_etree_fromstring(text):
IE_TRACE:     14:50:47.167372 line      2510         return etree.XML(text, parser=etree.XMLParser(target=_TreeBuilder()))
IE_TRACE:     Source path:... /path/to/BugsInPy/workspace/youtube-dl/youtube_dl/compat.py
IE_TRACE:     14:50:47.167698 return    2510         return etree.XML(text, parser=etree.XMLParser(target=_TreeBuilder()))
IE_TRACE:     Return value:.. <Element '{urn:mpeg:dash:schema:mpd:2011}MPD' at 0x7a93f4d5fd30>
IE_TRACE: Source path:... /path/to/BugsInPy/workspace/youtube-dl/test/test_InfoExtractor.py
IE_TRACE: 14:50:47.167716 line       669                     mpd_url=mpd_url)
IE_TRACE: 14:50:47.167763 line       667                 formats = self.ie._parse_mpd_formats(
IE_TRACE:     Source path:... /path/to/BugsInPy/workspace/youtube-dl/youtube_dl/extractor/common.py
IE_TRACE:     Starting var:.. self = <test.test_InfoExtractor.TestIE object at 0x7a93f6053b60>
IE_TRACE:     Starting var:.. mpd_doc = <Element '{urn:mpeg:dash:schema:mpd:2011}MPD' at 0x7a93f4d5fd30>
IE_TRACE:     Starting var:.. mpd_id = None
IE_TRACE:     Starting var:.. mpd_base_url = ''
IE_TRACE:     Starting var:.. formats_dict = {}
IE_TRACE:     Starting var:.. mpd_url = 'http://unknown/manifest.mpd'
IE_TRACE:     14:50:47.167851 call      1753     def _parse_mpd_formats(self, mpd_doc, mpd_id=None, mpd_base_url='', formats_dict={}, mpd_url=None):
IE_TRACE:     14:50:47.168112 line      1761         if mpd_doc.get('type') == 'dynamic':
IE_TRACE:     14:50:47.168141 line      1764         namespace = self._search_regex(r'(?i)^{([^}]+)?}MPD$', mpd_doc.tag, 'namespace', default=None)
IE_TRACE:         Starting var:.. self = <test.test_InfoExtractor.TestIE object at 0x7a93f6053b60>
IE_TRACE:         Starting var:.. pattern = '(?i)^{([^}]+)?}MPD$'
IE_TRACE:         Starting var:.. string = '{urn:mpeg:dash:schema:mpd:2011}MPD'
IE_TRACE:         Starting var:.. name = 'namespace'
IE_TRACE:         Starting var:.. default = None
IE_TRACE:         Starting var:.. fatal = True
IE_TRACE:         Starting var:.. flags = 0
IE_TRACE:         Starting var:.. group = None
IE_TRACE:         14:50:47.168178 call       765     def _search_regex(self, pattern, string, name, default=NO_DEFAULT, fatal=True, flags=0, group=None):
IE_TRACE:         14:50:47.168223 line       772         if isinstance(pattern, (str, compat_str, compiled_regex_type)):
IE_TRACE:         14:50:47.168246 line       773             mobj = re.search(pattern, string, flags)
IE_TRACE:         Source path:... /path/to/BugsInPy/workspace/youtube-dl/youtube_dl/extractor/common.py
IE_TRACE:         New var:....... mobj = <re.Match object; span=(0, 34), match='{urn:mpeg:dash:schema:mpd:2011}MPD'>
IE_TRACE:         14:50:47.202991 line       780         if not self._downloader.params.get('no_color') and compat_os_name != 'nt' and sys.stderr.isatty():
IE_TRACE:         14:50:47.203034 line       783             _name = name
IE_TRACE:         New var:....... _name = 'namespace'
IE_TRACE:         14:50:47.203057 line       785         if mobj:
IE_TRACE:         14:50:47.203083 line       786             if group is None:
IE_TRACE:         14:50:47.203105 line       788                 return next(g for g in mobj.groups() if g is not None)
IE_TRACE:             Starting var:.. .0 = <tuple_iterator object at 0x7a93f4e49ed0>
IE_TRACE:             14:50:47.203131 call       788                 return next(g for g in mobj.groups() if g is not None)
IE_TRACE:             14:50:47.203152 line       788                 return next(g for g in mobj.groups() if g is not None)
IE_TRACE:             New var:....... g = 'urn:mpeg:dash:schema:mpd:2011'
IE_TRACE:             14:50:47.203167 return     788                 return next(g for g in mobj.groups() if g is not None)
IE_TRACE:             Return value:.. 'urn:mpeg:dash:schema:mpd:2011'
IE_TRACE:         14:50:47.203189 return     788                 return next(g for g in mobj.groups() if g is not None)
IE_TRACE:         Return value:.. 'urn:mpeg:dash:schema:mpd:2011'
IE_TRACE:     New var:....... namespace = 'urn:mpeg:dash:schema:mpd:2011'
IE_TRACE:     14:50:47.203215 line      1766         def _add_ns(path):
IE_TRACE:     New var:....... _add_ns = <function InfoExtractor._parse_mpd_formats.<locals>._add_ns at 0x7a93f4c402c0>
IE_TRACE:     14:50:47.203250 line      1769         def is_drm_protected(element):
IE_TRACE:     New var:....... is_drm_protected = <function InfoExtractor._parse_mpd_formats.<locals>.is_drm_protected at 0x7a93f4c40220>
IE_TRACE:     14:50:47.203282 line      1772         def extract_multisegment_info(element, ms_parent_info):
IE_TRACE:     New var:....... extract_multisegment_info = <function InfoExtractor._parse_mpd_formats.<locals>.extract_multisegment_info at 0x7a93f4c40360>
IE_TRACE:     14:50:47.203313 line      1830         mpd_duration = parse_duration(mpd_doc.get('mediaPresentationDuration'))
IE_TRACE:         Source path:... /path/to/BugsInPy/workspace/youtube-dl/youtube_dl/utils.py
IE_TRACE:         Starting var:.. s = 'PT6014S'
IE_TRACE:         14:50:47.203354 call      1828 def parse_duration(s):
IE_TRACE:         14:50:47.203702 line      1829     if not isinstance(s, compat_basestring):
IE_TRACE:         14:50:47.203718 line      1832     s = s.strip()
IE_TRACE:         14:50:47.203733 line      1834     days, hours, mins, secs, ms = [None] * 5
IE_TRACE:         New var:....... days = None
IE_TRACE:         New var:....... hours = None
IE_TRACE:         New var:....... mins = None
IE_TRACE:         New var:....... secs = None
IE_TRACE:         New var:....... ms = None
IE_TRACE:         14:50:47.203748 line      1835     m = re.match(r'(?:(?:(?:(?P<days>[0-9]+):)?(?P<hours>[0-9]+):)?(?P<mins>[0-9]+):)?(?P<secs>[0-9]+)(?P<ms>\.[0-9]+)?Z?$', s)
IE_TRACE:         Source path:... /path/to/BugsInPy/workspace/youtube-dl/youtube_dl/utils.py
IE_TRACE:         New var:....... m = None
IE_TRACE:         14:50:47.267546 line      1836     if m:
IE_TRACE:         14:50:47.267576 line      1839         m = re.match(
IE_TRACE:         14:50:47.267595 line      1840             r'''(?ix)(?:P?
IE_TRACE:         14:50:47.267614 line      1862                 )?Z?$''', s)
IE_TRACE:         14:50:47.267633 line      1839         m = re.match(
IE_TRACE:         Source path:... /path/to/BugsInPy/workspace/youtube-dl/youtube_dl/utils.py
IE_TRACE:         Modified var:.. m = <re.Match object; span=(0, 7), match='PT6014S'>
IE_TRACE:         14:50:47.530359 line      1863         if m:
IE_TRACE:         14:50:47.530394 line      1864             days, hours, mins, secs, ms = m.groups()
IE_TRACE:         Modified var:.. secs = '6014'
IE_TRACE:         14:50:47.530416 line      1872     duration = 0
IE_TRACE:         New var:....... duration = 0
IE_TRACE:         14:50:47.530438 line      1873     if secs:
IE_TRACE:         14:50:47.530460 line      1874         duration += float(secs)
IE_TRACE:         Modified var:.. duration = 6014.0
IE_TRACE:         14:50:47.530485 line      1875     if mins:
IE_TRACE:         14:50:47.530511 line      1877     if hours:
IE_TRACE:         14:50:47.530530 line      1879     if days:
IE_TRACE:         14:50:47.530549 line      1881     if ms:
IE_TRACE:         14:50:47.530572 line      1883     return duration
IE_TRACE:         14:50:47.530591 return    1883     return duration
IE_TRACE:         Return value:.. 6014.0
IE_TRACE:     Source path:... /path/to/BugsInPy/workspace/youtube-dl/youtube_dl/extractor/common.py
IE_TRACE:     New var:....... mpd_duration = 6014.0
IE_TRACE:     14:50:47.530616 line      1831         formats = []
IE_TRACE:     New var:....... formats = []
IE_TRACE:     14:50:47.530670 line      1832         for period in mpd_doc.findall(_add_ns('Period')):
IE_TRACE:         Starting var:.. path = 'Period'
IE_TRACE:         Starting var:.. namespace = 'urn:mpeg:dash:schema:mpd:2011'
IE_TRACE:         Starting var:.. self = <test.test_InfoExtractor.TestIE object at 0x7a93f6053b60>
IE_TRACE:         14:50:47.530710 call      1766         def _add_ns(path):
IE_TRACE:         14:50:47.530739 line      1767             return self._xpath_ns(path, namespace)
IE_TRACE:             Starting var:.. path = 'Period'
IE_TRACE:             Starting var:.. namespace = 'urn:mpeg:dash:schema:mpd:2011'
IE_TRACE:             14:50:47.530763 call      1507     def _xpath_ns(path, namespace=None):
IE_TRACE:             14:50:47.530788 line      1508         if not namespace:
IE_TRACE:             14:50:47.530803 line      1510         out = []
IE_TRACE:             New var:....... out = []
IE_TRACE:             14:50:47.530817 line      1511         for c in path.split('/'):
IE_TRACE:             New var:....... c = 'Period'
IE_TRACE:             14:50:47.530837 line      1512             if not c or c == '.':
IE_TRACE:             14:50:47.530856 line      1515                 out.append('{%s}%s' % (namespace, c))
IE_TRACE:             Modified var:.. out = ['{urn:mpeg:dash:schema:mpd:2011}Period']
IE_TRACE:             14:50:47.530872 line      1511         for c in path.split('/'):
IE_TRACE:             14:50:47.530892 line      1516         return '/'.join(out)
IE_TRACE:             14:50:47.530908 return    1516         return '/'.join(out)
IE_TRACE:             Return value:.. '{urn:mpeg:dash:schema:mpd:2011}Period'
IE_TRACE:         14:50:47.530929 return    1767             return self._xpath_ns(path, namespace)
IE_TRACE:         Return value:.. '{urn:mpeg:dash:schema:mpd:2011}Period'
IE_TRACE:     New var:....... period = <Element '{urn:mpeg:dash:schema:mpd:2011}Period' at 0x7a93f4d5fdd0>
IE_TRACE:     14:50:47.530951 line      1833             period_duration = parse_duration(period.get('duration')) or mpd_duration
IE_TRACE:         Source path:... /path/to/BugsInPy/workspace/youtube-dl/youtube_dl/utils.py
IE_TRACE:         Starting var:.. s = None
IE_TRACE:         14:50:47.530990 call      1828 def parse_duration(s):
IE_TRACE:         14:50:47.531014 line      1829     if not isinstance(s, compat_basestring):
IE_TRACE:         14:50:47.531029 line      1830         return None
IE_TRACE:         14:50:47.531044 return    1830         return None
IE_TRACE:         Return value:.. None
IE_TRACE:     Source path:... /path/to/BugsInPy/workspace/youtube-dl/youtube_dl/extractor/common.py
IE_TRACE:     New var:....... period_duration = 6014.0
IE_TRACE:     14:50:47.531063 line      1834             period_ms_info = extract_multisegment_info(period, {
IE_TRACE:     14:50:47.531101 line      1835                 'start_number': 1,
IE_TRACE:     14:50:47.531132 line      1836                 'timescale': 1,
IE_TRACE:     14:50:47.531163 line      1834             period_ms_info = extract_multisegment_info(period, {
IE_TRACE:         Starting var:.. element = <Element '{urn:mpeg:dash:schema:mpd:2011}Period' at 0x7a93f4d5fdd0>
IE_TRACE:         Starting var:.. ms_parent_info = {'start_number': 1, 'timescale': 1}
IE_TRACE:         Starting var:.. _add_ns = <function InfoExtractor._parse_mpd_formats.<locals>._add_ns at 0x7a93f4c402c0>
IE_TRACE:         14:50:47.531199 call      1772         def extract_multisegment_info(element, ms_parent_info):
IE_TRACE:         14:50:47.531228 line      1773             ms_info = ms_parent_info.copy()
IE_TRACE:         New var:....... ms_info = {'start_number': 1, 'timescale': 1}
IE_TRACE:         14:50:47.531247 line      1778             def extract_common(source):
IE_TRACE:         New var:....... extract_common = <function InfoExtractor._parse_mpd_formats.<locals>.extract_multisegment_info.<locals>.extract_common at 0x7a93f4c40400>
IE_TRACE:         14:50:47.531270 line      1804             def extract_Initialization(source):
IE_TRACE:         New var:....... extract_Initialization = <function InfoExtractor._parse_mpd_formats.<locals>.extract_multisegment_info.<locals>.extract_Initialization at 0x7a93f4c404a0>
IE_TRACE:         14:50:47.531295 line      1809             segment_list = element.find(_add_ns('SegmentList'))
IE_TRACE:             Starting var:.. path = 'SegmentList'
IE_TRACE:             Starting var:.. namespace = 'urn:mpeg:dash:schema:mpd:2011'
IE_TRACE:             Starting var:.. self = <test.test_InfoExtractor.TestIE object at 0x7a93f6053b60>
IE_TRACE:             14:50:47.531322 call      1766         def _add_ns(path):
IE_TRACE:             14:50:47.531346 line      1767             return self._xpath_ns(path, namespace)
IE_TRACE:                 Starting var:.. path = 'SegmentList'
IE_TRACE:                 Starting var:.. namespace = 'urn:mpeg:dash:schema:mpd:2011'
IE_TRACE:                 14:50:47.531364 call      1507     def _xpath_ns(path, namespace=None):
IE_TRACE:                 14:50:47.531386 line      1508         if not namespace:
IE_TRACE:                 14:50:47.531402 line      1510         out = []
IE_TRACE:                 New var:....... out = []
IE_TRACE:                 14:50:47.531418 line      1511         for c in path.split('/'):
IE_TRACE:                 New var:....... c = 'SegmentList'
IE_TRACE:                 14:50:47.531436 line      1512             if not c or c == '.':
IE_TRACE:                 14:50:47.531456 line      1515                 out.append('{%s}%s' % (namespace, c))
IE_TRACE:                 Modified var:.. out = ['{urn:mpeg:dash:schema:mpd:2011}SegmentList']
IE_TRACE:                 14:50:47.531472 line      1511         for c in path.split('/'):
IE_TRACE:                 14:50:47.531493 line      1516         return '/'.join(out)
IE_TRACE:                 14:50:47.531510 return    1516         return '/'.join(out)
IE_TRACE:                 Return value:.. '{urn:mpeg:dash:schema:mpd:2011}SegmentList'
IE_TRACE:             14:50:47.531531 return    1767             return self._xpath_ns(path, namespace)
IE_TRACE:             Return value:.. '{urn:mpeg:dash:schema:mpd:2011}SegmentList'
IE_TRACE:         New var:....... segment_list = None
IE_TRACE:         14:50:47.531553 line      1810             if segment_list is not None:
IE_TRACE:         14:50:47.531581 line      1817                 segment_template = element.find(_add_ns('SegmentTemplate'))
IE_TRACE:             Starting var:.. path = 'SegmentTemplate'
IE_TRACE:             Starting var:.. namespace = 'urn:mpeg:dash:schema:mpd:2011'
IE_TRACE:             Starting var:.. self = <test.test_InfoExtractor.TestIE object at 0x7a93f6053b60>
IE_TRACE:             14:50:47.531603 call      1766         def _add_ns(path):
IE_TRACE:             14:50:47.531626 line      1767             return self._xpath_ns(path, namespace)
IE_TRACE:                 Starting var:.. path = 'SegmentTemplate'
IE_TRACE:                 Starting var:.. namespace = 'urn:mpeg:dash:schema:mpd:2011'
IE_TRACE:                 14:50:47.531643 call      1507     def _xpath_ns(path, namespace=None):
IE_TRACE:                 14:50:47.531664 line      1508         if not namespace:
IE_TRACE:                 14:50:47.531679 line      1510         out = []
IE_TRACE:                 New var:....... out = []
IE_TRACE:                 14:50:47.531695 line      1511         for c in path.split('/'):
IE_TRACE:                 New var:....... c = 'SegmentTemplate'
IE_TRACE:                 14:50:47.531713 line      1512             if not c or c == '.':
IE_TRACE:                 14:50:47.531732 line      1515                 out.append('{%s}%s' % (namespace, c))
IE_TRACE:                 Modified var:.. out = ['{urn:mpeg:dash:schema:mpd:2011}SegmentTemplate']
IE_TRACE:                 14:50:47.531749 line      1511         for c in path.split('/'):
IE_TRACE:                 14:50:47.531768 line      1516         return '/'.join(out)
IE_TRACE:                 14:50:47.531785 return    1516         return '/'.join(out)
IE_TRACE:                 Return value:.. '{urn:mpeg:dash:schema:mpd:2011}SegmentTemplate'
IE_TRACE:             14:50:47.531805 return    1767             return self._xpath_ns(path, namespace)
IE_TRACE:             Return value:.. '{urn:mpeg:dash:schema:mpd:2011}SegmentTemplate'
IE_TRACE:         New var:....... segment_template = None
IE_TRACE:         14:50:47.531825 line      1818                 if segment_template is not None:
IE_TRACE:         14:50:47.531851 line      1828             return ms_info
IE_TRACE:         14:50:47.531874 return    1828             return ms_info
IE_TRACE:         Return value:.. {'start_number': 1, 'timescale': 1}
IE_TRACE:     New var:....... period_ms_info = {'start_number': 1, 'timescale': 1}
IE_TRACE:     14:50:47.531900 line      1838             for adaptation_set in period.findall(_add_ns('AdaptationSet')):
IE_TRACE:         Starting var:.. path = 'AdaptationSet'
IE_TRACE:         Starting var:.. namespace = 'urn:mpeg:dash:schema:mpd:2011'
IE_TRACE:         Starting var:.. self = <test.test_InfoExtractor.TestIE object at 0x7a93f6053b60>
IE_TRACE:         14:50:47.531937 call      1766         def _add_ns(path):
IE_TRACE:         14:50:47.531960 line      1767             return self._xpath_ns(path, namespace)
IE_TRACE:             Starting var:.. path = 'AdaptationSet'
IE_TRACE:             Starting var:.. namespace = 'urn:mpeg:dash:schema:mpd:2011'
IE_TRACE:             14:50:47.531975 call      1507     def _xpath_ns(path, namespace=None):
IE_TRACE:             14:50:47.531995 line      1508         if not namespace:
IE_TRACE:             14:50:47.532009 line      1510         out = []
IE_TRACE:             New var:....... out = []
IE_TRACE:             14:50:47.532024 line      1511         for c in path.split('/'):
IE_TRACE:             New var:....... c = 'AdaptationSet'
IE_TRACE:             14:50:47.532041 line      1512             if not c or c == '.':
IE_TRACE:             14:50:47.532058 line      1515                 out.append('{%s}%s' % (namespace, c))
IE_TRACE:             Modified var:.. out = ['{urn:mpeg:dash:schema:mpd:2011}AdaptationSet']
IE_TRACE:             14:50:47.532074 line      1511         for c in path.split('/'):
IE_TRACE:             14:50:47.532091 line      1516         return '/'.join(out)
IE_TRACE:             14:50:47.532107 return    1516         return '/'.join(out)
IE_TRACE:             Return value:.. '{urn:mpeg:dash:schema:mpd:2011}AdaptationSet'
IE_TRACE:         14:50:47.532126 return    1767             return self._xpath_ns(path, namespace)
IE_TRACE:         Return value:.. '{urn:mpeg:dash:schema:mpd:2011}AdaptationSet'
IE_TRACE:     New var:....... adaptation_set = <Element '{urn:mpeg:dash:schema:mpd:2011}AdaptationSet' at 0x7a93f4d5fec0>
IE_TRACE:     14:50:47.532145 line      1839                 if is_drm_protected(adaptation_set):
IE_TRACE:         Starting var:.. element = <Element '{urn:mpeg:dash:schema:mpd:2011}AdaptationSet' at 0x7a93f4d5fec0>
IE_TRACE:         Starting var:.. _add_ns = <function InfoExtractor._parse_mpd_formats.<locals>._add_ns at 0x7a93f4c402c0>
IE_TRACE:         14:50:47.532184 call      1769         def is_drm_protected(element):
IE_TRACE:         14:50:47.532204 line      1770             return element.find(_add_ns('ContentProtection')) is not None
IE_TRACE:             Starting var:.. path = 'ContentProtection'
IE_TRACE:             Starting var:.. namespace = 'urn:mpeg:dash:schema:mpd:2011'
IE_TRACE:             Starting var:.. self = <test.test_InfoExtractor.TestIE object at 0x7a93f6053b60>
IE_TRACE:             14:50:47.532219 call      1766         def _add_ns(path):
IE_TRACE:             14:50:47.532243 line      1767             return self._xpath_ns(path, namespace)
IE_TRACE:                 Starting var:.. path = 'ContentProtection'
IE_TRACE:                 Starting var:.. namespace = 'urn:mpeg:dash:schema:mpd:2011'
IE_TRACE:                 14:50:47.532258 call      1507     def _xpath_ns(path, namespace=None):
IE_TRACE:                 14:50:47.532278 line      1508         if not namespace:
IE_TRACE:                 14:50:47.532292 line      1510         out = []
IE_TRACE:                 New var:....... out = []
IE_TRACE:                 14:50:47.532306 line      1511         for c in path.split('/'):
IE_TRACE:                 New var:....... c = 'ContentProtection'
IE_TRACE:                 14:50:47.532325 line      1512             if not c or c == '.':
IE_TRACE:                 14:50:47.532343 line      1515                 out.append('{%s}%s' % (namespace, c))
IE_TRACE:                 Modified var:.. out = ['{urn:mpeg:dash:schema:mpd:2011}ContentProtection']
IE_TRACE:                 14:50:47.532359 line      1511         for c in path.split('/'):
IE_TRACE:                 14:50:47.532378 line      1516         return '/'.join(out)
IE_TRACE:                 14:50:47.532394 return    1516         return '/'.join(out)
IE_TRACE:                 Return value:.. '{urn:mpeg:dash:schema:mpd:2011}ContentProtection'
IE_TRACE:             14:50:47.532413 return    1767             return self._xpath_ns(path, namespace)
IE_TRACE:             Return value:.. '{urn:mpeg:dash:schema:mpd:2011}ContentProtection'
IE_TRACE:         14:50:47.532433 return    1770             return element.find(_add_ns('ContentProtection')) is not None
IE_TRACE:         Return value:.. False
IE_TRACE:     14:50:47.532451 line      1841                 adaption_set_ms_info = extract_multisegment_info(adaptation_set, period_ms_info)
IE_TRACE:         Starting var:.. element = <Element '{urn:mpeg:dash:schema:mpd:2011}AdaptationSet' at 0x7a93f4d5fec0>
IE_TRACE:         Starting var:.. ms_parent_info = {'start_number': 1, 'timescale': 1}
IE_TRACE:         Starting var:.. _add_ns = <function InfoExtractor._parse_mpd_formats.<locals>._add_ns at 0x7a93f4c402c0>
IE_TRACE:         14:50:47.532486 call      1772         def extract_multisegment_info(element, ms_parent_info):
IE_TRACE:         14:50:47.532512 line      1773             ms_info = ms_parent_info.copy()
IE_TRACE:         New var:....... ms_info = {'start_number': 1, 'timescale': 1}
IE_TRACE:         14:50:47.532530 line      1778             def extract_common(source):
IE_TRACE:         New var:....... extract_common = <function InfoExtractor._parse_mpd_formats.<locals>.extract_multisegment_info.<locals>.extract_common at 0x7a93f4c40d60>
IE_TRACE:         14:50:47.532552 line      1804             def extract_Initialization(source):
IE_TRACE:         New var:....... extract_Initialization = <function InfoExtractor._parse_mpd_formats.<locals>.extract_multisegment_info.<locals>.extract_Initialization at 0x7a93f4c40cc0>
IE_TRACE:         14:50:47.532579 line      1809             segment_list = element.find(_add_ns('SegmentList'))
IE_TRACE:             Starting var:.. path = 'SegmentList'
IE_TRACE:             Starting var:.. namespace = 'urn:mpeg:dash:schema:mpd:2011'
IE_TRACE:             Starting var:.. self = <test.test_InfoExtractor.TestIE object at 0x7a93f6053b60>
IE_TRACE:             14:50:47.532602 call      1766         def _add_ns(path):
IE_TRACE:             14:50:47.532626 line      1767             return self._xpath_ns(path, namespace)
IE_TRACE:                 Starting var:.. path = 'SegmentList'
IE_TRACE:                 Starting var:.. namespace = 'urn:mpeg:dash:schema:mpd:2011'
IE_TRACE:                 14:50:47.532642 call      1507     def _xpath_ns(path, namespace=None):
IE_TRACE:                 14:50:47.532663 line      1508         if not namespace:
IE_TRACE:                 14:50:47.532679 line      1510         out = []
IE_TRACE:                 New var:....... out = []
IE_TRACE:                 14:50:47.532694 line      1511         for c in path.split('/'):
IE_TRACE:                 New var:....... c = 'SegmentList'
IE_TRACE:                 14:50:47.532712 line      1512             if not c or c == '.':
IE_TRACE:                 14:50:47.532731 line      1515                 out.append('{%s}%s' % (namespace, c))
IE_TRACE:                 Modified var:.. out = ['{urn:mpeg:dash:schema:mpd:2011}SegmentList']
IE_TRACE:                 14:50:47.532748 line      1511         for c in path.split('/'):
IE_TRACE:                 14:50:47.532768 line      1516         return '/'.join(out)
IE_TRACE:                 14:50:47.532785 return    1516         return '/'.join(out)
IE_TRACE:                 Return value:.. '{urn:mpeg:dash:schema:mpd:2011}SegmentList'
IE_TRACE:             14:50:47.532805 return    1767             return self._xpath_ns(path, namespace)
IE_TRACE:             Return value:.. '{urn:mpeg:dash:schema:mpd:2011}SegmentList'
IE_TRACE:         New var:....... segment_list = None
IE_TRACE:         14:50:47.532824 line      1810             if segment_list is not None:
IE_TRACE:         14:50:47.532848 line      1817                 segment_template = element.find(_add_ns('SegmentTemplate'))
IE_TRACE:             Starting var:.. path = 'SegmentTemplate'
IE_TRACE:             Starting var:.. namespace = 'urn:mpeg:dash:schema:mpd:2011'
IE_TRACE:             Starting var:.. self = <test.test_InfoExtractor.TestIE object at 0x7a93f6053b60>
IE_TRACE:             14:50:47.532869 call      1766         def _add_ns(path):
IE_TRACE:             14:50:47.532892 line      1767             return self._xpath_ns(path, namespace)
IE_TRACE:                 Starting var:.. path = 'SegmentTemplate'
IE_TRACE:                 Starting var:.. namespace = 'urn:mpeg:dash:schema:mpd:2011'
IE_TRACE:                 14:50:47.532908 call      1507     def _xpath_ns(path, namespace=None):
IE_TRACE:                 14:50:47.532929 line      1508         if not namespace:
IE_TRACE:                 14:50:47.532944 line      1510         out = []
IE_TRACE:                 New var:....... out = []
IE_TRACE:                 14:50:47.532959 line      1511         for c in path.split('/'):
IE_TRACE:                 New var:....... c = 'SegmentTemplate'
IE_TRACE:                 14:50:47.532976 line      1512             if not c or c == '.':
IE_TRACE:                 14:50:47.532997 line      1515                 out.append('{%s}%s' % (namespace, c))
IE_TRACE:                 Modified var:.. out = ['{urn:mpeg:dash:schema:mpd:2011}SegmentTemplate']
IE_TRACE:                 14:50:47.533013 line      1511         for c in path.split('/'):
IE_TRACE:                 14:50:47.533033 line      1516         return '/'.join(out)
IE_TRACE:                 14:50:47.533049 return    1516         return '/'.join(out)
IE_TRACE:                 Return value:.. '{urn:mpeg:dash:schema:mpd:2011}SegmentTemplate'
IE_TRACE:             14:50:47.533069 return    1767             return self._xpath_ns(path, namespace)
IE_TRACE:             Return value:.. '{urn:mpeg:dash:schema:mpd:2011}SegmentTemplate'
IE_TRACE:         New var:....... segment_template = <Element '{urn:mpeg:dash:schema:mpd:2011}SegmentTemplate' at 0x7a93f4d54040>
IE_TRACE:         14:50:47.533089 line      1818                 if segment_template is not None:
IE_TRACE:         14:50:47.533115 line      1819                     extract_common(segment_template)
IE_TRACE:             Starting var:.. source = <Element '{urn:mpeg:dash:schema:mpd:2011}SegmentTemplate' at 0x7a93f4d54040>
IE_TRACE:             Starting var:.. _add_ns = <function InfoExtractor._parse_mpd_formats.<locals>._add_ns at 0x7a93f4c402c0>
IE_TRACE:             Starting var:.. ms_info = {'start_number': 1, 'timescale': 1}
IE_TRACE:             14:50:47.533142 call      1778             def extract_common(source):
IE_TRACE:             14:50:47.533169 line      1779                 segment_timeline = source.find(_add_ns('SegmentTimeline'))
IE_TRACE:                 Starting var:.. path = 'SegmentTimeline'
IE_TRACE:                 Starting var:.. namespace = 'urn:mpeg:dash:schema:mpd:2011'
IE_TRACE:                 Starting var:.. self = <test.test_InfoExtractor.TestIE object at 0x7a93f6053b60>
IE_TRACE:                 14:50:47.533188 call      1766         def _add_ns(path):
IE_TRACE:                 14:50:47.533212 line      1767             return self._xpath_ns(path, namespace)
IE_TRACE:                     Starting var:.. path = 'SegmentTimeline'
IE_TRACE:                     Starting var:.. namespace = 'urn:mpeg:dash:schema:mpd:2011'
IE_TRACE:                     14:50:47.533229 call      1507     def _xpath_ns(path, namespace=None):
IE_TRACE:                     14:50:47.533251 line      1508         if not namespace:
IE_TRACE:                     14:50:47.533267 line      1510         out = []
IE_TRACE:                     New var:....... out = []
IE_TRACE:                     14:50:47.533283 line      1511         for c in path.split('/'):
IE_TRACE:                     New var:....... c = 'SegmentTimeline'
IE_TRACE:                     14:50:47.533301 line      1512             if not c or c == '.':
IE_TRACE:                     14:50:47.533321 line      1515                 out.append('{%s}%s' % (namespace, c))
IE_TRACE:                     Modified var:.. out = ['{urn:mpeg:dash:schema:mpd:2011}SegmentTimeline']
IE_TRACE:                     14:50:47.533338 line      1511         for c in path.split('/'):
IE_TRACE:                     14:50:47.533359 line      1516         return '/'.join(out)
IE_TRACE:                     14:50:47.533376 return    1516         return '/'.join(out)
IE_TRACE:                     Return value:.. '{urn:mpeg:dash:schema:mpd:2011}SegmentTimeline'
IE_TRACE:                 14:50:47.533396 return    1767             return self._xpath_ns(path, namespace)
IE_TRACE:                 Return value:.. '{urn:mpeg:dash:schema:mpd:2011}SegmentTimeline'
IE_TRACE:             New var:....... segment_timeline = None
IE_TRACE:             14:50:47.533416 line      1780                 if segment_timeline is not None:
IE_TRACE:             14:50:47.533438 line      1794                 start_number = source.get('startNumber')
IE_TRACE:             New var:....... start_number = '0'
IE_TRACE:             14:50:47.533458 line      1795                 if start_number:
IE_TRACE:             14:50:47.533481 line      1796                     ms_info['start_number'] = int(start_number)
IE_TRACE:             Modified var:.. ms_info = {'start_number': 0, 'timescale': 1}
IE_TRACE:             14:50:47.533503 line      1797                 timescale = source.get('timescale')
IE_TRACE:             New var:....... timescale = '1000000'
IE_TRACE:             14:50:47.533525 line      1798                 if timescale:
IE_TRACE:             14:50:47.533549 line      1799                     ms_info['timescale'] = int(timescale)
IE_TRACE:             Modified var:.. ms_info = {'start_number': 0, 'timescale': 1000000}
IE_TRACE:             14:50:47.533570 line      1800                 segment_duration = source.get('duration')
IE_TRACE:             New var:....... segment_duration = '2000000.0'
IE_TRACE:             14:50:47.533592 line      1801                 if segment_duration:
IE_TRACE:             14:50:47.533615 line      1802                     ms_info['segment_duration'] = float(segment_duration)
IE_TRACE:             Modified var:.. ms_info = {'start_number': 0, 'timescale': 1000000, 'segment_duration': 2000000.0}
IE_TRACE:             14:50:47.533637 return    1802                     ms_info['segment_duration'] = float(segment_duration)
IE_TRACE:             Return value:.. None
IE_TRACE:         Modified var:.. ms_info = {'start_number': 0, 'timescale': 1000000, 'segment_duration': 2000000.0}
IE_TRACE:         14:50:47.533664 line      1820                     media = segment_template.get('media')
IE_TRACE:         New var:....... media = 'a_$RepresentationID$_$Number$.mp4d'
IE_TRACE:         14:50:47.533690 line      1821                     if media:
IE_TRACE:         14:50:47.533717 line      1822                         ms_info['media'] = media
IE_TRACE:         Modified var:.. ms_info = {'start_number': 0, 'timescale': 1000000, 'segment_duration': 2000000.0, 'media': 'a_$RepresentationID$_$Number$.mp4d'}
IE_TRACE:         14:50:47.533739 line      1823                     initialization = segment_template.get('initialization')
IE_TRACE:         New var:....... initialization = 'ai_$RepresentationID$.mp4d'
IE_TRACE:         14:50:47.533765 line      1824                     if initialization:
IE_TRACE:         14:50:47.533792 line      1825                         ms_info['initialization'] = initialization
IE_TRACE:         Modified var:.. ms_info = {'start_number': 0, 'timescale': 1000000, 'segment_duration': 2000000.0, 'media': 'a_$RepresentationID$_$Number$.mp4d', 'initialization': 'ai_$RepresentationID$.mp4d'}
IE_TRACE:         14:50:47.533815 line      1828             return ms_info
IE_TRACE:         14:50:47.533841 return    1828             return ms_info
IE_TRACE:         Return value:.. {'start_number': 0, 'timescale': 1000000, 'segment_duration': 2000000.0, 'media': 'a_$RepresentationID$_$Number$.mp4d', 'initialization': 'ai_$RepresentationID$.mp4d'}
IE_TRACE:     New var:....... adaption_set_ms_info = {'start_number': 0, 'timescale': 1000000, 'segment_duration': 2000000.0, 'media': 'a_$RepresentationID$_$Number$.mp4d', 'initialization': 'ai_$RepresentationID$.mp4d'}
IE_TRACE:     14:50:47.533868 line      1842                 for representation in adaptation_set.findall(_add_ns('Representation')):
IE_TRACE:         Starting var:.. path = 'Representation'
IE_TRACE:         Starting var:.. namespace = 'urn:mpeg:dash:schema:mpd:2011'
IE_TRACE:         Starting var:.. self = <test.test_InfoExtractor.TestIE object at 0x7a93f6053b60>
IE_TRACE:         14:50:47.533908 call      1766         def _add_ns(path):
IE_TRACE:         14:50:47.533933 line      1767             return self._xpath_ns(path, namespace)
IE_TRACE:             Starting var:.. path = 'Representation'
IE_TRACE:             Starting var:.. namespace = 'urn:mpeg:dash:schema:mpd:2011'
IE_TRACE:             14:50:47.533948 call      1507     def _xpath_ns(path, namespace=None):
IE_TRACE:             14:50:47.533967 line      1508         if not namespace:
IE_TRACE:             14:50:47.533981 line      1510         out = []
IE_TRACE:             New var:....... out = []
IE_TRACE:             14:50:47.533995 line      1511         for c in path.split('/'):
IE_TRACE:             New var:....... c = 'Representation'
IE_TRACE:             14:50:47.534012 line      1512             if not c or c == '.':
IE_TRACE:             14:50:47.534030 line      1515                 out.append('{%s}%s' % (namespace, c))
IE_TRACE:             Modified var:.. out = ['{urn:mpeg:dash:schema:mpd:2011}Representation']
IE_TRACE:             14:50:47.534046 line      1511         for c in path.split('/'):
IE_TRACE:             14:50:47.534063 line      1516         return '/'.join(out)
IE_TRACE:             14:50:47.534079 return    1516         return '/'.join(out)
IE_TRACE:             Return value:.. '{urn:mpeg:dash:schema:mpd:2011}Representation'
IE_TRACE:         14:50:47.534098 return    1767             return self._xpath_ns(path, namespace)
IE_TRACE:         Return value:.. '{urn:mpeg:dash:schema:mpd:2011}Representation'
IE_TRACE:     New var:....... representation = <Element '{urn:mpeg:dash:schema:mpd:2011}Representation' at 0x7a93f4d540e0>
IE_TRACE:     14:50:47.534116 line      1843                     if is_drm_protected(representation):
IE_TRACE:         Starting var:.. element = <Element '{urn:mpeg:dash:schema:mpd:2011}Representation' at 0x7a93f4d540e0>
IE_TRACE:         Starting var:.. _add_ns = <function InfoExtractor._parse_mpd_formats.<locals>._add_ns at 0x7a93f4c402c0>
IE_TRACE:         14:50:47.534156 call      1769         def is_drm_protected(element):
IE_TRACE:         14:50:47.534175 line      1770             return element.find(_add_ns('ContentProtection')) is not None
IE_TRACE:             Starting var:.. path = 'ContentProtection'
IE_TRACE:             Starting var:.. namespace = 'urn:mpeg:dash:schema:mpd:2011'
IE_TRACE:             Starting var:.. self = <test.test_InfoExtractor.TestIE object at 0x7a93f6053b60>
IE_TRACE:             14:50:47.534189 call      1766         def _add_ns(path):
IE_TRACE:             14:50:47.534212 line      1767             return self._xpath_ns(path, namespace)
IE_TRACE:                 Starting var:.. path = 'ContentProtection'
IE_TRACE:                 Starting var:.. namespace = 'urn:mpeg:dash:schema:mpd:2011'
IE_TRACE:                 14:50:47.534227 call      1507     def _xpath_ns(path, namespace=None):
IE_TRACE:                 14:50:47.534248 line      1508         if not namespace:
IE_TRACE:                 14:50:47.534263 line      1510         out = []
IE_TRACE:                 New var:....... out = []
IE_TRACE:                 14:50:47.534277 line      1511         for c in path.split('/'):
IE_TRACE:                 New var:....... c = 'ContentProtection'
IE_TRACE:                 14:50:47.534293 line      1512             if not c or c == '.':
IE_TRACE:                 14:50:47.534312 line      1515                 out.append('{%s}%s' % (namespace, c))
IE_TRACE:                 Modified var:.. out = ['{urn:mpeg:dash:schema:mpd:2011}ContentProtection']
IE_TRACE:                 14:50:47.534327 line      1511         for c in path.split('/'):
IE_TRACE:                 14:50:47.534345 line      1516         return '/'.join(out)
IE_TRACE:                 14:50:47.534361 return    1516         return '/'.join(out)
IE_TRACE:                 Return value:.. '{urn:mpeg:dash:schema:mpd:2011}ContentProtection'
IE_TRACE:             14:50:47.534380 return    1767             return self._xpath_ns(path, namespace)
IE_TRACE:             Return value:.. '{urn:mpeg:dash:schema:mpd:2011}ContentProtection'
IE_TRACE:         14:50:47.534399 return    1770             return element.find(_add_ns('ContentProtection')) is not None
IE_TRACE:         Return value:.. False
IE_TRACE:     14:50:47.534416 line      1845                     representation_attrib = adaptation_set.attrib.copy()
IE_TRACE:     New var:....... representation_attrib = {'mimeType': 'audio/mp4', 'codecs': 'mp4a.40.2', 'startWithSAP': '1', 'segmentAlignment': 'true'}
IE_TRACE:     14:50:47.534455 line      1846                     representation_attrib.update(representation.attrib)
IE_TRACE:     Modified var:.. representation_attrib = {'mimeType': 'audio/mp4', 'codecs': 'mp4a.40.2', 'startWithSAP': '1', 'segmentAlignment': 'true', 'id': '318597', 'bandwidth': '61587'}
IE_TRACE:     14:50:47.534497 line      1848                     mime_type = representation_attrib['mimeType']
IE_TRACE:     New var:....... mime_type = 'audio/mp4'
IE_TRACE:     14:50:47.534537 line      1849                     content_type = mime_type.split('/')[0]
IE_TRACE:     New var:....... content_type = 'audio'
IE_TRACE:     14:50:47.534600 line      1850                     if content_type == 'text':
IE_TRACE:     14:50:47.534643 line      1853                     elif content_type in ('video', 'audio'):
IE_TRACE:     14:50:47.534682 line      1854                         base_url = ''
IE_TRACE:     New var:....... base_url = ''
IE_TRACE:     14:50:47.534720 line      1855                         for element in (representation, adaptation_set, period, mpd_doc):
IE_TRACE:     New var:....... element = <Element '{urn:mpeg:dash:schema:mpd:2011}Representation' at 0x7a93f4d540e0>
IE_TRACE:     14:50:47.534764 line      1856                             base_url_e = element.find(_add_ns('BaseURL'))
IE_TRACE:         Starting var:.. path = 'BaseURL'
IE_TRACE:         Starting var:.. namespace = 'urn:mpeg:dash:schema:mpd:2011'
IE_TRACE:         Starting var:.. self = <test.test_InfoExtractor.TestIE object at 0x7a93f6053b60>
IE_TRACE:         14:50:47.534807 call      1766         def _add_ns(path):
IE_TRACE:         14:50:47.534830 line      1767             return self._xpath_ns(path, namespace)
IE_TRACE:             Starting var:.. path = 'BaseURL'
IE_TRACE:             Starting var:.. namespace = 'urn:mpeg:dash:schema:mpd:2011'
IE_TRACE:             14:50:47.534845 call      1507     def _xpath_ns(path, namespace=None):
IE_TRACE:             14:50:47.534865 line      1508         if not namespace:
IE_TRACE:             14:50:47.534879 line      1510         out = []
IE_TRACE:             New var:....... out = []
IE_TRACE:             14:50:47.534893 line      1511         for c in path.split('/'):
IE_TRACE:             New var:....... c = 'BaseURL'
IE_TRACE:             14:50:47.534910 line      1512             if not c or c == '.':
IE_TRACE:             14:50:47.534927 line      1515                 out.append('{%s}%s' % (namespace, c))
IE_TRACE:             Modified var:.. out = ['{urn:mpeg:dash:schema:mpd:2011}BaseURL']
IE_TRACE:             14:50:47.534942 line      1511         for c in path.split('/'):
IE_TRACE:             14:50:47.534960 line      1516         return '/'.join(out)
IE_TRACE:             14:50:47.534975 return    1516         return '/'.join(out)
IE_TRACE:             Return value:.. '{urn:mpeg:dash:schema:mpd:2011}BaseURL'
IE_TRACE:         14:50:47.534994 return    1767             return self._xpath_ns(path, namespace)
IE_TRACE:         Return value:.. '{urn:mpeg:dash:schema:mpd:2011}BaseURL'
IE_TRACE:     New var:....... base_url_e = None
IE_TRACE:     14:50:47.535012 line      1857                             if base_url_e is not None:
IE_TRACE:     [CONDENSED] 2 identical loop iterations skipped (4 total iterations, showing first and last)
IE_TRACE:     14:50:47.535709 line      1855                         for element in (representation, adaptation_set, period, mpd_doc):
IE_TRACE:     Modified var:.. element = <Element '{urn:mpeg:dash:schema:mpd:2011}MPD' at 0x7a93f4d5fd30>
IE_TRACE:     14:50:47.535748 line      1856                             base_url_e = element.find(_add_ns('BaseURL'))
IE_TRACE:         Starting var:.. path = 'BaseURL'
IE_TRACE:         Starting var:.. namespace = 'urn:mpeg:dash:schema:mpd:2011'
IE_TRACE:         Starting var:.. self = <test.test_InfoExtractor.TestIE object at 0x7a93f6053b60>
IE_TRACE:         14:50:47.535790 call      1766         def _add_ns(path):
IE_TRACE:         14:50:47.535812 line      1767             return self._xpath_ns(path, namespace)
IE_TRACE:             Starting var:.. path = 'BaseURL'
IE_TRACE:             Starting var:.. namespace = 'urn:mpeg:dash:schema:mpd:2011'
IE_TRACE:             14:50:47.535827 call      1507     def _xpath_ns(path, namespace=None):
IE_TRACE:             14:50:47.535847 line      1508         if not namespace:
IE_TRACE:             14:50:47.535861 line      1510         out = []
IE_TRACE:             New var:....... out = []
IE_TRACE:             14:50:47.535875 line      1511         for c in path.split('/'):
IE_TRACE:             New var:....... c = 'BaseURL'
IE_TRACE:             14:50:47.535891 line      1512             if not c or c == '.':
IE_TRACE:             14:50:47.535909 line      1515                 out.append('{%s}%s' % (namespace, c))
IE_TRACE:             Modified var:.. out = ['{urn:mpeg:dash:schema:mpd:2011}BaseURL']
IE_TRACE:             14:50:47.535924 line      1511         for c in path.split('/'):
IE_TRACE:             14:50:47.535942 line      1516         return '/'.join(out)
IE_TRACE:             14:50:47.535957 return    1516         return '/'.join(out)
IE_TRACE:             Return value:.. '{urn:mpeg:dash:schema:mpd:2011}BaseURL'
IE_TRACE:         14:50:47.535976 return    1767             return self._xpath_ns(path, namespace)
IE_TRACE:         Return value:.. '{urn:mpeg:dash:schema:mpd:2011}BaseURL'
IE_TRACE:     14:50:47.535994 line      1857                             if base_url_e is not None:
IE_TRACE:     14:50:47.536033 line      1855                         for element in (representation, adaptation_set, period, mpd_doc):
IE_TRACE:     14:50:47.536073 line      1861                         if mpd_base_url and not re.match(r'^https?://', base_url):
IE_TRACE:     14:50:47.536112 line      1865                         representation_id = representation_attrib.get('id')
IE_TRACE:     New var:....... representation_id = '318597'
IE_TRACE:     14:50:47.536152 line      1866                         lang = representation_attrib.get('lang')
IE_TRACE:     New var:....... lang = None
IE_TRACE:     14:50:47.536196 line      1867                         url_el = representation.find(_add_ns('BaseURL'))
IE_TRACE:         Starting var:.. path = 'BaseURL'
IE_TRACE:         Starting var:.. namespace = 'urn:mpeg:dash:schema:mpd:2011'
IE_TRACE:         Starting var:.. self = <test.test_InfoExtractor.TestIE object at 0x7a93f6053b60>
IE_TRACE:         14:50:47.536241 call      1766         def _add_ns(path):
IE_TRACE:         14:50:47.536264 line      1767             return self._xpath_ns(path, namespace)
IE_TRACE:             Starting var:.. path = 'BaseURL'
IE_TRACE:             Starting var:.. namespace = 'urn:mpeg:dash:schema:mpd:2011'
IE_TRACE:             14:50:47.536279 call      1507     def _xpath_ns(path, namespace=None):
IE_TRACE:             14:50:47.536299 line      1508         if not namespace:
IE_TRACE:             14:50:47.536313 line      1510         out = []
IE_TRACE:             New var:....... out = []
IE_TRACE:             14:50:47.536327 line      1511         for c in path.split('/'):
IE_TRACE:             New var:....... c = 'BaseURL'
IE_TRACE:             14:50:47.536343 line      1512             if not c or c == '.':
IE_TRACE:             14:50:47.536361 line      1515                 out.append('{%s}%s' % (namespace, c))
IE_TRACE:             Modified var:.. out = ['{urn:mpeg:dash:schema:mpd:2011}BaseURL']
IE_TRACE:             14:50:47.536376 line      1511         for c in path.split('/'):
IE_TRACE:             14:50:47.536394 line      1516         return '/'.join(out)
IE_TRACE:             14:50:47.536409 return    1516         return '/'.join(out)
IE_TRACE:             Return value:.. '{urn:mpeg:dash:schema:mpd:2011}BaseURL'
IE_TRACE:         14:50:47.536427 return    1767             return self._xpath_ns(path, namespace)
IE_TRACE:         Return value:.. '{urn:mpeg:dash:schema:mpd:2011}BaseURL'
IE_TRACE:     New var:....... url_el = None
IE_TRACE:     14:50:47.536445 line      1868                         filesize = int_or_none(url_el.attrib.get('{http://youtube.com/yt/2012/10/10}contentLength') if url_el is not None else None)
IE_TRACE:         Source path:... /path/to/BugsInPy/workspace/youtube-dl/youtube_dl/utils.py
IE_TRACE:         Starting var:.. v = None
IE_TRACE:         Starting var:.. scale = 1
IE_TRACE:         Starting var:.. default = None
IE_TRACE:         Starting var:.. get_attr = None
IE_TRACE:         Starting var:.. invscale = 1
IE_TRACE:         14:50:47.536497 call      1785 def int_or_none(v, scale=1, default=None, get_attr=None, invscale=1):
IE_TRACE:         14:50:47.536533 line      1786     if get_attr:
IE_TRACE:         14:50:47.536549 line      1789     if v == '':
IE_TRACE:         14:50:47.536568 line      1791     if v is None:
IE_TRACE:         14:50:47.536583 line      1792         return default
IE_TRACE:         14:50:47.536599 return    1792         return default
IE_TRACE:         Return value:.. None
IE_TRACE:     Source path:... /path/to/BugsInPy/workspace/youtube-dl/youtube_dl/extractor/common.py
IE_TRACE:     New var:....... filesize = None
IE_TRACE:     14:50:47.536620 line      1869                         bandwidth = int_or_none(representation_attrib.get('bandwidth'))
IE_TRACE:         Source path:... /path/to/BugsInPy/workspace/youtube-dl/youtube_dl/utils.py
IE_TRACE:         Starting var:.. v = '61587'
IE_TRACE:         Starting var:.. scale = 1
IE_TRACE:         Starting var:.. default = None
IE_TRACE:         Starting var:.. get_attr = None
IE_TRACE:         Starting var:.. invscale = 1
IE_TRACE:         14:50:47.536671 call      1785 def int_or_none(v, scale=1, default=None, get_attr=None, invscale=1):
IE_TRACE:         14:50:47.536702 line      1786     if get_attr:
IE_TRACE:         14:50:47.536718 line      1789     if v == '':
IE_TRACE:         14:50:47.536734 line      1791     if v is None:
IE_TRACE:         14:50:47.536750 line      1793     try:
IE_TRACE:         14:50:47.536765 line      1794         return int(v) * invscale // scale
IE_TRACE:         14:50:47.536783 return    1794         return int(v) * invscale // scale
IE_TRACE:         Return value:.. 61587
IE_TRACE:     Source path:... /path/to/BugsInPy/workspace/youtube-dl/youtube_dl/extractor/common.py
IE_TRACE:     New var:....... bandwidth = 61587
IE_TRACE:     14:50:47.536802 line      1871                             'format_id': '%s-%s' % (mpd_id, representation_id) if mpd_id else representation_id,
IE_TRACE:     14:50:47.536853 line      1872                             'url': base_url,
IE_TRACE:     14:50:47.536897 line      1873                             'manifest_url': mpd_url,
IE_TRACE:     14:50:47.536940 line      1874                             'ext': mimetype2ext(mime_type),
IE_TRACE:         Source path:... /path/to/BugsInPy/workspace/youtube-dl/youtube_dl/utils.py
IE_TRACE:         Starting var:.. mt = 'audio/mp4'
IE_TRACE:         14:50:47.536990 call      2332 def mimetype2ext(mt):
IE_TRACE:         14:50:47.537011 line      2333     if mt is None:
IE_TRACE:         14:50:47.537024 line      2337         'audio/mp4': 'm4a',
IE_TRACE:         14:50:47.537038 line      2340         'audio/mpeg': 'mp3',
IE_TRACE:         14:50:47.537052 line      2336     ext = {
IE_TRACE:         14:50:47.537066 line      2341     }.get(mt)
IE_TRACE:         14:50:47.537079 line      2336     ext = {
IE_TRACE:         New var:....... ext = 'm4a'
IE_TRACE:         14:50:47.537092 line      2342     if ext is not None:
IE_TRACE:         14:50:47.537109 line      2343         return ext
IE_TRACE:         14:50:47.537123 return    2343         return ext
IE_TRACE:         Return value:.. 'm4a'
IE_TRACE:     Source path:... /path/to/BugsInPy/workspace/youtube-dl/youtube_dl/extractor/common.py
IE_TRACE:     14:50:47.537141 line      1875                             'width': int_or_none(representation_attrib.get('width')),
IE_TRACE:         Source path:... /path/to/BugsInPy/workspace/youtube-dl/youtube_dl/utils.py
IE_TRACE:         Starting var:.. v = None
IE_TRACE:         Starting var:.. scale = 1
IE_TRACE:         Starting var:.. default = None
IE_TRACE:         Starting var:.. get_attr = None
IE_TRACE:         Starting var:.. invscale = 1
IE_TRACE:         14:50:47.537188 call      1785 def int_or_none(v, scale=1, default=None, get_attr=None, invscale=1):
IE_TRACE:         14:50:47.537218 line      1786     if get_attr:
IE_TRACE:         14:50:47.537234 line      1789     if v == '':
IE_TRACE:         14:50:47.537250 line      1791     if v is None:
IE_TRACE:         14:50:47.537266 line      1792         return default
IE_TRACE:         14:50:47.537281 return    1792         return default
IE_TRACE:         Return value:.. None
IE_TRACE:     Source path:... /path/to/BugsInPy/workspace/youtube-dl/youtube_dl/extractor/common.py
IE_TRACE:     14:50:47.537301 line      1876                             'height': int_or_none(representation_attrib.get('height')),
IE_TRACE:         Source path:... /path/to/BugsInPy/workspace/youtube-dl/youtube_dl/utils.py
IE_TRACE:         Starting var:.. v = None
IE_TRACE:         Starting var:.. scale = 1
IE_TRACE:         Starting var:.. default = None
IE_TRACE:         Starting var:.. get_attr = None
IE_TRACE:         Starting var:.. invscale = 1
IE_TRACE:         14:50:47.537348 call      1785 def int_or_none(v, scale=1, default=None, get_attr=None, invscale=1):
IE_TRACE:         14:50:47.537379 line      1786     if get_attr:
IE_TRACE:         14:50:47.537394 line      1789     if v == '':
IE_TRACE:         14:50:47.537410 line      1791     if v is None:
IE_TRACE:         14:50:47.537426 line      1792         return default
IE_TRACE:         14:50:47.537441 return    1792         return default
IE_TRACE:         Return value:.. None
IE_TRACE:     Source path:... /path/to/BugsInPy/workspace/youtube-dl/youtube_dl/extractor/common.py
IE_TRACE:     14:50:47.537461 line      1877                             'tbr': float_or_none(bandwidth, 1000),
IE_TRACE:         Source path:... /path/to/BugsInPy/workspace/youtube-dl/youtube_dl/utils.py
IE_TRACE:         Starting var:.. v = 61587
IE_TRACE:         Starting var:.. scale = 1000
IE_TRACE:         Starting var:.. invscale = 1
IE_TRACE:         Starting var:.. default = None
IE_TRACE:         14:50:47.537511 call      1811 def float_or_none(v, scale=1, invscale=1, default=None):
IE_TRACE:         14:50:47.537540 line      1812     if v is None:
IE_TRACE:         14:50:47.537556 line      1814     try:
IE_TRACE:         14:50:47.537573 line      1815         return float(v) * invscale / scale
IE_TRACE:         14:50:47.537590 return    1815         return float(v) * invscale / scale
IE_TRACE:         Return value:.. 61.587
IE_TRACE:     Source path:... /path/to/BugsInPy/workspace/youtube-dl/youtube_dl/extractor/common.py
IE_TRACE:     14:50:47.537611 line      1878                             'asr': int_or_none(representation_attrib.get('audioSamplingRate')),
IE_TRACE:         Source path:... /path/to/BugsInPy/workspace/youtube-dl/youtube_dl/utils.py
IE_TRACE:         Starting var:.. v = None
IE_TRACE:         Starting var:.. scale = 1
IE_TRACE:         Starting var:.. default = None
IE_TRACE:         Starting var:.. get_attr = None
IE_TRACE:         Starting var:.. invscale = 1
IE_TRACE:         14:50:47.537659 call      1785 def int_or_none(v, scale=1, default=None, get_attr=None, invscale=1):
IE_TRACE:         14:50:47.537692 line      1786     if get_attr:
IE_TRACE:         14:50:47.537707 line      1789     if v == '':
IE_TRACE:         14:50:47.537723 line      1791     if v is None:
IE_TRACE:         14:50:47.537739 line      1792         return default
IE_TRACE:         14:50:47.537755 return    1792         return default
IE_TRACE:         Return value:.. None
IE_TRACE:     Source path:... /path/to/BugsInPy/workspace/youtube-dl/youtube_dl/extractor/common.py
IE_TRACE:     14:50:47.537774 line      1879                             'fps': int_or_none(representation_attrib.get('frameRate')),
IE_TRACE:         Source path:... /path/to/BugsInPy/workspace/youtube-dl/youtube_dl/utils.py
IE_TRACE:         Starting var:.. v = None
IE_TRACE:         Starting var:.. scale = 1
IE_TRACE:         Starting var:.. default = None
IE_TRACE:         Starting var:.. get_attr = None
IE_TRACE:         Starting var:.. invscale = 1
IE_TRACE:         14:50:47.537821 call      1785 def int_or_none(v, scale=1, default=None, get_attr=None, invscale=1):
IE_TRACE:         14:50:47.537852 line      1786     if get_attr:
IE_TRACE:         14:50:47.537867 line      1789     if v == '':
IE_TRACE:         14:50:47.537883 line      1791     if v is None:
IE_TRACE:         14:50:47.537899 line      1792         return default
IE_TRACE:         14:50:47.537915 return    1792         return default
IE_TRACE:         Return value:.. None
IE_TRACE:     Source path:... /path/to/BugsInPy/workspace/youtube-dl/youtube_dl/extractor/common.py
IE_TRACE:     14:50:47.537935 line      1880                             'language': lang if lang not in ('mul', 'und', 'zxx', 'mis') else None,
IE_TRACE:     14:50:47.537982 line      1881                             'format_note': 'DASH %s' % content_type,
IE_TRACE:     14:50:47.538026 line      1882                             'filesize': filesize,
IE_TRACE:     14:50:47.538069 line      1870                         f = {
IE_TRACE:     New var:....... f = {'format_id': '318597', 'url': '', 'manifest_url': 'http://unknown/manifest.mpd', 'ext': 'm4a', 'width': None, 'height': None, 'tbr': 61.587, 'asr': None, 'fps': None, 'language': None, 'format_note': 'DASH audio', 'filesize': None}
IE_TRACE:     14:50:47.538113 line      1884                         f.update(parse_codecs(representation_attrib.get('codecs')))
IE_TRACE:         Source path:... /path/to/BugsInPy/workspace/youtube-dl/youtube_dl/utils.py
IE_TRACE:         Starting var:.. codecs_str = 'mp4a.40.2'
IE_TRACE:         14:50:47.538172 call      2369 def parse_codecs(codecs_str):
IE_TRACE:         14:50:47.538193 line      2371     if not codecs_str:
IE_TRACE:         14:50:47.538208 line      2373     splited_codecs = list(filter(None, map(
IE_TRACE:         14:50:47.538222 line      2374         lambda str: str.strip(), codecs_str.strip().strip(',').split(','))))
IE_TRACE:         14:50:47.538238 line      2373     splited_codecs = list(filter(None, map(
IE_TRACE:             Starting var:.. str = 'mp4a.40.2'
IE_TRACE:             14:50:47.538255 call      2374         lambda str: str.strip(), codecs_str.strip().strip(',').split(','))))
IE_TRACE:             14:50:47.538273 line      2374         lambda str: str.strip(), codecs_str.strip().strip(',').split(','))))
IE_TRACE:             14:50:47.538287 return    2374         lambda str: str.strip(), codecs_str.strip().strip(',').split(','))))
IE_TRACE:             Return value:.. 'mp4a.40.2'
IE_TRACE:         New var:....... splited_codecs = ['mp4a.40.2']
IE_TRACE:         14:50:47.538305 line      2375     vcodec, acodec = None, None
IE_TRACE:         New var:....... vcodec = None
IE_TRACE:         New var:....... acodec = None
IE_TRACE:         14:50:47.538323 line      2376     for full_codec in splited_codecs:
IE_TRACE:         New var:....... full_codec = 'mp4a.40.2'
IE_TRACE:         14:50:47.538344 line      2377         codec = full_codec.split('.')[0]
IE_TRACE:         New var:....... codec = 'mp4a'
IE_TRACE:         14:50:47.538365 line      2378         if codec in ('avc1', 'avc2', 'avc3', 'avc4', 'vp9', 'vp8', 'hev1', 'hev2', 'h263', 'h264', 'mp4v', 'hvc1'):
IE_TRACE:         14:50:47.538387 line      2381         elif codec in ('mp4a', 'opus', 'vorbis', 'mp3', 'aac', 'ac-3', 'ec-3', 'eac3', 'dtsc', 'dtse', 'dtsh', 'dtsl'):
IE_TRACE:         14:50:47.538404 line      2382             if not acodec:
IE_TRACE:         14:50:47.538421 line      2383                 acodec = full_codec
IE_TRACE:         Modified var:.. acodec = 'mp4a.40.2'
IE_TRACE:         14:50:47.538438 line      2376     for full_codec in splited_codecs:
IE_TRACE:         14:50:47.538459 line      2386     if not vcodec and not acodec:
IE_TRACE:         14:50:47.538476 line      2399             'vcodec': vcodec or 'none',
IE_TRACE:         14:50:47.538493 line      2400             'acodec': acodec or 'none',
IE_TRACE:         14:50:47.538510 line      2398         return {
IE_TRACE:         14:50:47.538528 return    2398         return {
IE_TRACE:         Return value:.. {'vcodec': 'none', 'acodec': 'mp4a.40.2'}
IE_TRACE:     Source path:... /path/to/BugsInPy/workspace/youtube-dl/youtube_dl/extractor/common.py
IE_TRACE:     Modified var:.. f = {'format_id': '318597', 'url': '', 'manifest_url': 'http://unknown/manifest.mpd', 'ext': 'm4a', 'width': None, 'height': None, 'tbr': 61.587, 'asr': None, 'fps': None, 'language': None, 'format_note': 'DASH audio', 'filesize': None, 'vcodec': 'none', 'acodec': 'mp4a.40.2'}
IE_TRACE:     14:50:47.538550 line      1885                         representation_ms_info = extract_multisegment_info(representation, adaption_set_ms_info)
IE_TRACE:         Starting var:.. element = <Element '{urn:mpeg:dash:schema:mpd:2011}Representation' at 0x7a93f4d540e0>
IE_TRACE:         Starting var:.. ms_parent_info = {'start_number': 0, 'timescale': 1000000, 'segment_duration': 2000000.0, 'media': 'a_$RepresentationID$_$Number$.mp4d', 'initialization': 'ai_$RepresentationID$.mp4d'}
IE_TRACE:         Starting var:.. _add_ns = <function InfoExtractor._parse_mpd_formats.<locals>._add_ns at 0x7a93f4c402c0>
IE_TRACE:         14:50:47.538608 call      1772         def extract_multisegment_info(element, ms_parent_info):
IE_TRACE:         14:50:47.538637 line      1773             ms_info = ms_parent_info.copy()
IE_TRACE:         New var:....... ms_info = {'start_number': 0, 'timescale': 1000000, 'segment_duration': 2000000.0, 'media': 'a_$RepresentationID$_$Number$.mp4d', 'initialization': 'ai_$RepresentationID$.mp4d'}
IE_TRACE:         14:50:47.538656 line      1778             def extract_common(source):
IE_TRACE:         New var:....... extract_common = <function InfoExtractor._parse_mpd_formats.<locals>.extract_multisegment_info.<locals>.extract_common at 0x7a93f4c404a0>
IE_TRACE:         14:50:47.538678 line      1804             def extract_Initialization(source):
IE_TRACE:         New var:....... extract_Initialization = <function InfoExtractor._parse_mpd_formats.<locals>.extract_multisegment_info.<locals>.extract_Initialization at 0x7a93f4c40ea0>
IE_TRACE:         14:50:47.538702 line      1809             segment_list = element.find(_add_ns('SegmentList'))
IE_TRACE:             Starting var:.. path = 'SegmentList'
IE_TRACE:             Starting var:.. namespace = 'urn:mpeg:dash:schema:mpd:2011'
IE_TRACE:             Starting var:.. self = <test.test_InfoExtractor.TestIE object at 0x7a93f6053b60>
IE_TRACE:             14:50:47.538727 call      1766         def _add_ns(path):
IE_TRACE:             14:50:47.538751 line      1767             return self._xpath_ns(path, namespace)
IE_TRACE:                 Starting var:.. path = 'SegmentList'
IE_TRACE:                 Starting var:.. namespace = 'urn:mpeg:dash:schema:mpd:2011'
IE_TRACE:                 14:50:47.538767 call      1507     def _xpath_ns(path, namespace=None):
IE_TRACE:                 14:50:47.538788 line      1508         if not namespace:
IE_TRACE:                 14:50:47.538804 line      1510         out = []
IE_TRACE:                 New var:....... out = []
IE_TRACE:                 14:50:47.538819 line      1511         for c in path.split('/'):
IE_TRACE:                 New var:....... c = 'SegmentList'
IE_TRACE:                 14:50:47.538837 line      1512             if not c or c == '.':
IE_TRACE:                 14:50:47.538856 line      1515                 out.append('{%s}%s' % (namespace, c))
IE_TRACE:                 Modified var:.. out = ['{urn:mpeg:dash:schema:mpd:2011}SegmentList']
IE_TRACE:                 14:50:47.538872 line      1511         for c in path.split('/'):
IE_TRACE:                 14:50:47.538892 line      1516         return '/'.join(out)
IE_TRACE:                 14:50:47.538909 return    1516         return '/'.join(out)
IE_TRACE:                 Return value:.. '{urn:mpeg:dash:schema:mpd:2011}SegmentList'
IE_TRACE:             14:50:47.538929 return    1767             return self._xpath_ns(path, namespace)
IE_TRACE:             Return value:.. '{urn:mpeg:dash:schema:mpd:2011}SegmentList'
IE_TRACE:         New var:....... segment_list = None
IE_TRACE:         14:50:47.538949 line      1810             if segment_list is not None:
IE_TRACE:         14:50:47.538974 line      1817                 segment_template = element.find(_add_ns('SegmentTemplate'))
IE_TRACE:             Starting var:.. path = 'SegmentTemplate'
IE_TRACE:             Starting var:.. namespace = 'urn:mpeg:dash:schema:mpd:2011'
IE_TRACE:             Starting var:.. self = <test.test_InfoExtractor.TestIE object at 0x7a93f6053b60>
IE_TRACE:             14:50:47.538996 call      1766         def _add_ns(path):
IE_TRACE:             14:50:47.539020 line      1767             return self._xpath_ns(path, namespace)
IE_TRACE:                 Starting var:.. path = 'SegmentTemplate'
IE_TRACE:                 Starting var:.. namespace = 'urn:mpeg:dash:schema:mpd:2011'
IE_TRACE:                 14:50:47.539036 call      1507     def _xpath_ns(path, namespace=None):
IE_TRACE:                 14:50:47.539056 line      1508         if not namespace:
IE_TRACE:                 14:50:47.539071 line      1510         out = []
IE_TRACE:                 New var:....... out = []
IE_TRACE:                 14:50:47.539086 line      1511         for c in path.split('/'):
IE_TRACE:                 New var:....... c = 'SegmentTemplate'
IE_TRACE:                 14:50:47.539104 line      1512             if not c or c == '.':
IE_TRACE:                 14:50:47.539122 line      1515                 out.append('{%s}%s' % (namespace, c))
IE_TRACE:                 Modified var:.. out = ['{urn:mpeg:dash:schema:mpd:2011}SegmentTemplate']
IE_TRACE:                 14:50:47.539138 line      1511         for c in path.split('/'):
IE_TRACE:                 14:50:47.539157 line      1516         return '/'.join(out)
IE_TRACE:                 14:50:47.539174 return    1516         return '/'.join(out)
IE_TRACE:                 Return value:.. '{urn:mpeg:dash:schema:mpd:2011}SegmentTemplate'
IE_TRACE:             14:50:47.539194 return    1767             return self._xpath_ns(path, namespace)
IE_TRACE:             Return value:.. '{urn:mpeg:dash:schema:mpd:2011}SegmentTemplate'
IE_TRACE:         New var:....... segment_template = None
IE_TRACE:         14:50:47.539213 line      1818                 if segment_template is not None:
IE_TRACE:         14:50:47.539243 line      1828             return ms_info
IE_TRACE:         14:50:47.539265 return    1828             return ms_info
IE_TRACE:         Return value:.. {'start_number': 0, 'timescale': 1000000, 'segment_duration': 2000000.0, 'media': 'a_$RepresentationID$_$Number$.mp4d', 'initialization': 'ai_$RepresentationID$.mp4d'}
IE_TRACE:     New var:....... representation_ms_info = {'start_number': 0, 'timescale': 1000000, 'segment_duration': 2000000.0, 'media': 'a_$RepresentationID$_$Number$.mp4d', 'initialization': 'ai_$RepresentationID$.mp4d'}
IE_TRACE:     14:50:47.539292 line      1887                         def prepare_template(template_name, identifiers):
IE_TRACE:     New var:....... prepare_template = <function InfoExtractor._parse_mpd_formats.<locals>.prepare_template at 0x7a93f4c40cc0>
IE_TRACE:     14:50:47.539345 line      1898                         if 'initialization' in representation_ms_info:
IE_TRACE:     14:50:47.539398 line      1899                             initialization_template = prepare_template(
IE_TRACE:     14:50:47.539448 line      1900                                 'initialization',
IE_TRACE:     14:50:47.539495 line      1904                                 ('Bandwidth', ))
IE_TRACE:     14:50:47.539543 line      1899                             initialization_template = prepare_template(
IE_TRACE:         Starting var:.. template_name = 'initialization'
IE_TRACE:         Starting var:.. identifiers = ('Bandwidth',)
IE_TRACE:         Starting var:.. representation_id = '318597'
IE_TRACE:         Starting var:.. representation_ms_info = {'start_number': 0, 'timescale': 1000000, 'segment_duration': 2000000.0, 'media': 'a_$RepresentationID$_$Number$.mp4d', 'initialization': 'ai_$RepresentationID$.mp4d'}
IE_TRACE:         14:50:47.539595 call      1887                         def prepare_template(template_name, identifiers):
IE_TRACE:         14:50:47.539625 line      1888                             t = representation_ms_info[template_name]
IE_TRACE:         New var:....... t = 'ai_$RepresentationID$.mp4d'
IE_TRACE:         14:50:47.539642 line      1889                             t = t.replace('$RepresentationID$', representation_id)
IE_TRACE:         Modified var:.. t = 'ai_318597.mp4d'
IE_TRACE:         14:50:47.539665 line      1890                             t = re.sub(r'\$(%s)\$' % '|'.join(identifiers), r'%(\1)d', t)
IE_TRACE:         Source path:... /path/to/BugsInPy/workspace/youtube-dl/youtube_dl/extractor/common.py
IE_TRACE:         14:50:47.565354 line      1891                             t = re.sub(r'\$(%s)%%([^$]+)\$' % '|'.join(identifiers), r'%(\1)\2', t)
IE_TRACE:         Source path:... /path/to/BugsInPy/workspace/youtube-dl/youtube_dl/extractor/common.py
IE_TRACE:         14:50:47.601144 line      1892                             t.replace('$$', '$')
IE_TRACE:         14:50:47.601172 line      1893                             return t
IE_TRACE:         14:50:47.601190 return    1893                             return t
IE_TRACE:         Return value:.. 'ai_318597.mp4d'
IE_TRACE:     New var:....... initialization_template = 'ai_318597.mp4d'
IE_TRACE:     14:50:47.601212 line      1905                             representation_ms_info['initialization_url'] = initialization_template % {
IE_TRACE:     14:50:47.601286 line      1906                                 'Bandwidth': bandwidth,
IE_TRACE:     14:50:47.601339 line      1905                             representation_ms_info['initialization_url'] = initialization_template % {
IE_TRACE:     Modified var:.. representation_ms_info = {'start_number': 0, 'timescale': 1000000, 'segment_duration': 2000000.0, 'media': 'a_$RepresentationID$_$Number$.mp4d', 'initialization': 'ai_$RepresentationID$.mp4d', 'initialization_url': 'ai_318597.mp4d'}
IE_TRACE:     14:50:47.601390 line      1909                         def location_key(location):
IE_TRACE:     New var:....... location_key = <function InfoExtractor._parse_mpd_formats.<locals>.location_key at 0x7a93f4c40e00>
IE_TRACE:     14:50:47.601445 line      1912                         if 'segment_urls' not in representation_ms_info and 'media' in representation_ms_info:
IE_TRACE:     14:50:47.601500 line      1914                             media_template = prepare_template('media', ('Number', 'Bandwidth', 'Time'))
IE_TRACE:         Starting var:.. template_name = 'media'
IE_TRACE:         Starting var:.. identifiers = ('Number', 'Bandwidth', 'Time')
IE_TRACE:         Starting var:.. representation_id = '318597'
IE_TRACE:         Starting var:.. representation_ms_info = {'start_number': 0, 'timescale': 1000000, 'segment_duration': 2000000.0, 'media': 'a_$RepresentationID$_$Number$.mp4d', 'initialization': 'ai_$RepresentationID$.mp4d', 'initialization_url': 'ai_318597.mp4d'}
IE_TRACE:         14:50:47.601552 call      1887                         def prepare_template(template_name, identifiers):
IE_TRACE:         14:50:47.601583 line      1888                             t = representation_ms_info[template_name]
IE_TRACE:         New var:....... t = 'a_$RepresentationID$_$Number$.mp4d'
IE_TRACE:         14:50:47.601600 line      1889                             t = t.replace('$RepresentationID$', representation_id)
IE_TRACE:         Modified var:.. t = 'a_318597_$Number$.mp4d'
IE_TRACE:         14:50:47.601621 line      1890                             t = re.sub(r'\$(%s)\$' % '|'.join(identifiers), r'%(\1)d', t)
IE_TRACE:         Source path:... /path/to/BugsInPy/workspace/youtube-dl/youtube_dl/extractor/common.py
IE_TRACE:         Modified var:.. t = 'a_318597_%(Number)d.mp4d'
IE_TRACE:         14:50:47.636070 line      1891                             t = re.sub(r'\$(%s)%%([^$]+)\$' % '|'.join(identifiers), r'%(\1)\2', t)
IE_TRACE:         Source path:... /path/to/BugsInPy/workspace/youtube-dl/youtube_dl/extractor/common.py
IE_TRACE:         14:50:47.684003 line      1892                             t.replace('$$', '$')
IE_TRACE:         14:50:47.684034 line      1893                             return t
IE_TRACE:         14:50:47.684052 return    1893                             return t
IE_TRACE:         Return value:.. 'a_318597_%(Number)d.mp4d'
IE_TRACE:     New var:....... media_template = 'a_318597_%(Number)d.mp4d'
IE_TRACE:     14:50:47.684073 line      1915                             media_location_key = location_key(media_template)
IE_TRACE:         Starting var:.. location = 'a_318597_%(Number)d.mp4d'
IE_TRACE:         14:50:47.684155 call      1909                         def location_key(location):
IE_TRACE:         14:50:47.684173 line      1910                             return 'url' if re.match(r'^https?://', location) else 'path'
IE_TRACE:         Source path:... /path/to/BugsInPy/workspace/youtube-dl/youtube_dl/extractor/common.py
IE_TRACE:         14:50:47.707081 return    1910                             return 'url' if re.match(r'^https?://', location) else 'path'
IE_TRACE:         Return value:.. 'path'
IE_TRACE:     New var:....... media_location_key = 'path'
IE_TRACE:     14:50:47.707103 line      1919                             if '%(Number' in media_template and 's' not in representation_ms_info:
IE_TRACE:     14:50:47.707184 line      1920                                 segment_duration = None
IE_TRACE:     New var:....... segment_duration = None
IE_TRACE:     14:50:47.707242 line      1921                                 if 'total_number' not in representation_ms_info and 'segment_duration' in representation_ms_info:
IE_TRACE:     14:50:47.707303 line      1922                                     segment_duration = float_or_none(representation_ms_info['segment_duration'], representation_ms_info['timescale'])
IE_TRACE:         Source path:... /path/to/BugsInPy/workspace/youtube-dl/youtube_dl/utils.py
IE_TRACE:         Starting var:.. v = 2000000.0
IE_TRACE:         Starting var:.. scale = 1000000
IE_TRACE:         Starting var:.. invscale = 1
IE_TRACE:         Starting var:.. default = None
IE_TRACE:         14:50:47.707362 call      1811 def float_or_none(v, scale=1, invscale=1, default=None):
IE_TRACE:         14:50:47.707395 line      1812     if v is None:
IE_TRACE:         14:50:47.707412 line      1814     try:
IE_TRACE:         14:50:47.707428 line      1815         return float(v) * invscale / scale
IE_TRACE:         14:50:47.707445 return    1815         return float(v) * invscale / scale
IE_TRACE:         Return value:.. 2.0
IE_TRACE:     Source path:... /path/to/BugsInPy/workspace/youtube-dl/youtube_dl/extractor/common.py
IE_TRACE:     Modified var:.. segment_duration = 2.0
IE_TRACE:     14:50:47.707466 line      1923                                     representation_ms_info['total_number'] = int(math.ceil(float(period_duration) / segment_duration))
IE_TRACE:     Modified var:.. representation_ms_info = {'start_number': 0, 'timescale': 1000000, 'segment_duration': 2000000.0, 'media': 'a_$RepresentationID$_$Number$.mp4d', 'initialization': 'ai_$RepresentationID$.mp4d', 'initialization_url': 'ai_318597.mp4d', 'total_number': 3007}
IE_TRACE:     14:50:47.707536 line      1930                                 } for segment_number in range(
IE_TRACE:     14:50:47.707598 line      1931                                     representation_ms_info['start_number'],
IE_TRACE:     14:50:47.707654 line      1932                                     representation_ms_info['total_number'] + representation_ms_info['start_number'])]
IE_TRACE:     14:50:47.707710 line      1930                                 } for segment_number in range(
IE_TRACE:     14:50:47.707765 line      1924                                 representation_ms_info['fragments'] = [{
IE_TRACE:     14:50:47.707821 line      1930                                 } for segment_number in range(
IE_TRACE:     New var:....... segment_number = 0
IE_TRACE:     14:50:47.707877 line      1925                                     media_location_key: media_template % {
IE_TRACE:     14:50:47.707936 line      1926                                         'Number': segment_number,
IE_TRACE:     14:50:47.707992 line      1927                                         'Bandwidth': bandwidth,
IE_TRACE:     14:50:47.708048 line      1925                                     media_location_key: media_template % {
IE_TRACE:     14:50:47.708105 line      1929                                     'duration': segment_duration,
IE_TRACE:     14:50:47.708161 line      1924                                 representation_ms_info['fragments'] = [{
IE_TRACE:     [CONDENSED] 3005 identical loop iterations skipped (3007 total iterations, showing first and last)
IE_TRACE:     14:50:49.201590 line      1924                                 representation_ms_info['fragments'] = [{
IE_TRACE:     14:50:49.201646 line      1930                                 } for segment_number in range(
IE_TRACE:     Modified var:.. segment_number = 3006
IE_TRACE:     14:50:49.201701 line      1925                                     media_location_key: media_template % {
IE_TRACE:     14:50:49.201759 line      1926                                         'Number': segment_number,
IE_TRACE:     14:50:49.201814 line      1927                                         'Bandwidth': bandwidth,
IE_TRACE:     14:50:49.201871 line      1925                                     media_location_key: media_template % {
IE_TRACE:     14:50:49.201945 line      1929                                     'duration': segment_duration,
IE_TRACE:     14:50:49.202022 line      1924                                 representation_ms_info['fragments'] = [{
IE_TRACE:     14:50:49.202106 line      1924                                 representation_ms_info['fragments'] = [{
IE_TRACE:     Modified var:.. representation_ms_info = {'start_number': 0, 'timescale': 1000000, 'segment_duration': 2000000.0, 'media': 'a_$RepresentationID$_$Number$.mp4d', 'initialization': 'ai_$RepresentationID$.mp4d', 'initialization_url': 'ai_318597.mp4d', 'total_number': 3007, 'fragments': [{'pa...0}, {'path': 'a_318597_3002.mp4d', 'duration': 2.0}, {'path': 'a_318597_3003.mp4d', 'duration': 2.0}, {'path': 'a_318597_3004.mp4d', 'duration': 2.0}, {'path': 'a_318597_3005.mp4d', 'duration': 2.0}, {'path': 'a_318597_3006.mp4d', 'duration': 2.0}]}
IE_TRACE:     14:50:49.202201 line      1998                         if 'fragments' in representation_ms_info:
IE_TRACE:     14:50:49.203369 line      1999                             f.update({
IE_TRACE:     14:50:49.204187 line      2000                                 'fragment_base_url': base_url,
IE_TRACE:     14:50:49.204955 line      2001                                 'fragments': [],
IE_TRACE:     14:50:49.205702 line      2002                                 'protocol': 'http_dash_segments',
IE_TRACE:     14:50:49.206447 line      1999                             f.update({
IE_TRACE:     Modified var:.. f = {'format_id': '318597', 'url': '', 'manifest_url': 'http://unknown/manifest.mpd', 'ext': 'm4a', 'width': None, 'height': None, 'tbr': 61.587, 'asr': None, 'fps': None, 'language': None, 'format_note': 'DASH audio', 'filesize': None, 'vcodec': 'none', 'acodec': 'mp4a.40.2', 'fragment_base_url': '', 'fragments': [], 'protocol': 'http_dash_segments'}
IE_TRACE:     14:50:49.207193 line      2004                             if 'initialization_url' in representation_ms_info:
IE_TRACE:     14:50:49.207967 line      2005                                 initialization_url = representation_ms_info['initialization_url']
IE_TRACE:     New var:....... initialization_url = 'ai_318597.mp4d'
IE_TRACE:     14:50:49.208729 line      2006                                 if not f.get('url'):
IE_TRACE:     14:50:49.209501 line      2007                                     f['url'] = initialization_url
IE_TRACE:     Modified var:.. f = {'format_id': '318597', 'url': 'ai_318597.mp4d', 'manifest_url': 'http://unknown/manifest.mpd', 'ext': 'm4a', 'width': None, 'height': None, 'tbr': 61.587, 'asr': None, 'fps': None, 'language': None, 'format_note': 'DASH audio', 'filesize': None, 'vcodec': 'none', 'acodec': 'mp4a.40.2', 'fragment_base_url': '', 'fragments': [], 'protocol': 'http_dash_segments'}
IE_TRACE:     14:50:49.210254 line      2008                                 f['fragments'].append({location_key(initialization_url): initialization_url})
IE_TRACE:         Starting var:.. location = 'ai_318597.mp4d'
IE_TRACE:         14:50:49.211014 call      1909                         def location_key(location):
IE_TRACE:         14:50:49.211037 line      1910                             return 'url' if re.match(r'^https?://', location) else 'path'
IE_TRACE:         Source path:... /path/to/BugsInPy/workspace/youtube-dl/youtube_dl/extractor/common.py
IE_TRACE:         14:50:49.211239 return    1910                             return 'url' if re.match(r'^https?://', location) else 'path'
IE_TRACE:         Return value:.. 'path'
IE_TRACE:     Modified var:.. f = {'format_id': '318597', 'url': 'ai_318597.mp4d', 'manifest_url': 'http://unknown/manifest.mpd', 'ext': 'm4a', 'width': None, 'height': None, 'tbr': 61.587, 'asr': None, 'fps': None, 'language': None, 'format_note': 'DASH audio', 'filesize': None, 'vcodec': 'none', 'acodec': 'mp4a.40.2', 'fragment_base_url': '', 'fragments': [{'path': 'ai_318597.mp4d'}], 'protocol': 'http_dash_segments'}
IE_TRACE:     14:50:49.211273 line      2009                             f['fragments'].extend(representation_ms_info['fragments'])
IE_TRACE:     Modified var:.. f = {'format_id': '318597', 'url': 'ai_318597.mp4d', 'manifest_url': 'http://unknown/manifest.mpd', 'ext': 'm4a', 'width': None, 'height': None, 'tbr': 61.587, 'asr': None, 'fps': None, 'language': None, 'format_note': 'DASH audio', 'filesize': None, '... 'duration': 2.0}, {'path': 'a_318597_3003.mp4d', 'duration': 2.0}, {'path': 'a_318597_3004.mp4d', 'duration': 2.0}, {'path': 'a_318597_3005.mp4d', 'duration': 2.0}, {'path': 'a_318597_3006.mp4d', 'duration': 2.0}], 'protocol': 'http_dash_segments'}
IE_TRACE:     14:50:49.212074 line      2010                         try:
IE_TRACE:     14:50:49.213569 line      2011                             existing_format = next(
IE_TRACE:     14:50:49.215187 line      2012                                 fo for fo in formats
IE_TRACE:     14:50:49.216653 line      2011                             existing_format = next(
IE_TRACE:         Starting var:.. .0 = <list_iterator object at 0x7a93f4ec65c0>
IE_TRACE:         Starting var:.. representation_id = '318597'
IE_TRACE:         14:50:49.218103 call      2011                             existing_format = next(
IE_TRACE:         14:50:49.218134 line      2011                             existing_format = next(
IE_TRACE:         14:50:49.218150 return    2011                             existing_format = next(
IE_TRACE:         Return value:.. None
IE_TRACE:     14:50:49.218175 exception 2011                             existing_format = next(
IE_TRACE:     Exception:..... StopIteration
IE_TRACE:     14:50:49.219687 line      2014                         except StopIteration:
IE_TRACE:     14:50:49.221593 line      2015                             full_info = formats_dict.get(representation_id, {}).copy()
IE_TRACE:     New var:....... full_info = {}
IE_TRACE:     14:50:49.223016 line      2016                             full_info.update(f)
IE_TRACE:     Modified var:.. full_info = {'format_id': '318597', 'url': 'ai_318597.mp4d', 'manifest_url': 'http://unknown/manifest.mpd', 'ext': 'm4a', 'width': None, 'height': None, 'tbr': 61.587, 'asr': None, 'fps': None, 'language': None, 'format_note': 'DASH audio', 'filesize': None, '... 'duration': 2.0}, {'path': 'a_318597_3003.mp4d', 'duration': 2.0}, {'path': 'a_318597_3004.mp4d', 'duration': 2.0}, {'path': 'a_318597_3005.mp4d', 'duration': 2.0}, {'path': 'a_318597_3006.mp4d', 'duration': 2.0}], 'protocol': 'http_dash_segments'}
IE_TRACE:     14:50:49.224442 line      2017                             formats.append(full_info)
IE_TRACE:     Modified var:.. formats = [{'format_id': '318597', 'url': 'ai_318597.mp4d', 'manifest_url': 'http://unknown/manifest.mpd', 'ext': 'm4a', 'width': None, 'height': None, 'tbr': 61.587, 'asr': None, 'fps': None, 'language': None, 'format_note': 'DASH audio', 'filesize': None, ...'duration': 2.0}, {'path': 'a_318597_3003.mp4d', 'duration': 2.0}, {'path': 'a_318597_3004.mp4d', 'duration': 2.0}, {'path': 'a_318597_3005.mp4d', 'duration': 2.0}, {'path': 'a_318597_3006.mp4d', 'duration': 2.0}], 'protocol': 'http_dash_segments'}]
IE_TRACE:     14:50:49.226541 line      1842                 for representation in adaptation_set.findall(_add_ns('Representation')):
IE_TRACE:     14:50:49.229398 line      1838             for adaptation_set in period.findall(_add_ns('AdaptationSet')):
IE_TRACE:     Modified var:.. adaptation_set = <Element '{urn:mpeg:dash:schema:mpd:2011}AdaptationSet' at 0x7a93f4d54130>
IE_TRACE:     14:50:49.232389 line      1839                 if is_drm_protected(adaptation_set):
IE_TRACE:         Starting var:.. element = <Element '{urn:mpeg:dash:schema:mpd:2011}AdaptationSet' at 0x7a93f4d54130>
IE_TRACE:         Starting var:.. _add_ns = <function InfoExtractor._parse_mpd_formats.<locals>._add_ns at 0x7a93f4c402c0>
IE_TRACE:         14:50:49.235328 call      1769         def is_drm_protected(element):
IE_TRACE:         14:50:49.235367 line      1770             return element.find(_add_ns('ContentProtection')) is not None
IE_TRACE:             Starting var:.. path = 'ContentProtection'
IE_TRACE:             Starting var:.. namespace = 'urn:mpeg:dash:schema:mpd:2011'
IE_TRACE:             Starting var:.. self = <test.test_InfoExtractor.TestIE object at 0x7a93f6053b60>
IE_TRACE:             14:50:49.235385 call      1766         def _add_ns(path):
IE_TRACE:             14:50:49.235413 line      1767             return self._xpath_ns(path, namespace)
IE_TRACE:                 Starting var:.. path = 'ContentProtection'
IE_TRACE:                 Starting var:.. namespace = 'urn:mpeg:dash:schema:mpd:2011'
IE_TRACE:                 14:50:49.235432 call      1507     def _xpath_ns(path, namespace=None):
IE_TRACE:                 14:50:49.235462 line      1508         if not namespace:
IE_TRACE:                 14:50:49.235479 line      1510         out = []
IE_TRACE:                 New var:....... out = []
IE_TRACE:                 14:50:49.235494 line      1511         for c in path.split('/'):
IE_TRACE:                 New var:....... c = 'ContentProtection'
IE_TRACE:                 14:50:49.235515 line      1512             if not c or c == '.':
IE_TRACE:                 14:50:49.235536 line      1515                 out.append('{%s}%s' % (namespace, c))
IE_TRACE:                 Modified var:.. out = ['{urn:mpeg:dash:schema:mpd:2011}ContentProtection']
IE_TRACE:                 14:50:49.235556 line      1511         for c in path.split('/'):
IE_TRACE:                 14:50:49.235578 line      1516         return '/'.join(out)
IE_TRACE:                 14:50:49.235596 return    1516         return '/'.join(out)
IE_TRACE:                 Return value:.. '{urn:mpeg:dash:schema:mpd:2011}ContentProtection'
IE_TRACE:             14:50:49.235619 return    1767             return self._xpath_ns(path, namespace)
IE_TRACE:             Return value:.. '{urn:mpeg:dash:schema:mpd:2011}ContentProtection'
IE_TRACE:         14:50:49.235642 return    1770             return element.find(_add_ns('ContentProtection')) is not None
IE_TRACE:         Return value:.. False
IE_TRACE:     14:50:49.235663 line      1841                 adaption_set_ms_info = extract_multisegment_info(adaptation_set, period_ms_info)
IE_TRACE:         Starting var:.. element = <Element '{urn:mpeg:dash:schema:mpd:2011}AdaptationSet' at 0x7a93f4d54130>
IE_TRACE:         Starting var:.. ms_parent_info = {'start_number': 1, 'timescale': 1}
IE_TRACE:         Starting var:.. _add_ns = <function InfoExtractor._parse_mpd_formats.<locals>._add_ns at 0x7a93f4c402c0>
IE_TRACE:         14:50:49.238499 call      1772         def extract_multisegment_info(element, ms_parent_info):
IE_TRACE:         14:50:49.238532 line      1773             ms_info = ms_parent_info.copy()
IE_TRACE:         New var:....... ms_info = {'start_number': 1, 'timescale': 1}
IE_TRACE:         14:50:49.238552 line      1778             def extract_common(source):
IE_TRACE:         New var:....... extract_common = <function InfoExtractor._parse_mpd_formats.<locals>.extract_multisegment_info.<locals>.extract_common at 0x7a93f4c411c0>
IE_TRACE:         14:50:49.238577 line      1804             def extract_Initialization(source):
IE_TRACE:         New var:....... extract_Initialization = <function InfoExtractor._parse_mpd_formats.<locals>.extract_multisegment_info.<locals>.extract_Initialization at 0x7a93f4c41120>
IE_TRACE:         14:50:49.238603 line      1809             segment_list = element.find(_add_ns('SegmentList'))
IE_TRACE:             Starting var:.. path = 'SegmentList'
IE_TRACE:             Starting var:.. namespace = 'urn:mpeg:dash:schema:mpd:2011'
IE_TRACE:             Starting var:.. self = <test.test_InfoExtractor.TestIE object at 0x7a93f6053b60>
IE_TRACE:             14:50:49.238629 call      1766         def _add_ns(path):
IE_TRACE:             14:50:49.238655 line      1767             return self._xpath_ns(path, namespace)
IE_TRACE:                 Starting var:.. path = 'SegmentList'
IE_TRACE:                 Starting var:.. namespace = 'urn:mpeg:dash:schema:mpd:2011'
IE_TRACE:                 14:50:49.238673 call      1507     def _xpath_ns(path, namespace=None):
IE_TRACE:                 14:50:49.238697 line      1508         if not namespace:
IE_TRACE:                 14:50:49.238713 line      1510         out = []
IE_TRACE:                 New var:....... out = []
IE_TRACE:                 14:50:49.238729 line      1511         for c in path.split('/'):
IE_TRACE:                 New var:....... c = 'SegmentList'
IE_TRACE:                 14:50:49.238748 line      1512             if not c or c == '.':
IE_TRACE:                 14:50:49.238769 line      1515                 out.append('{%s}%s' % (namespace, c))
IE_TRACE:                 Modified var:.. out = ['{urn:mpeg:dash:schema:mpd:2011}SegmentList']
IE_TRACE:                 14:50:49.238788 line      1511         for c in path.split('/'):
IE_TRACE:                 14:50:49.238808 line      1516         return '/'.join(out)
IE_TRACE:                 14:50:49.238827 return    1516         return '/'.join(out)
IE_TRACE:                 Return value:.. '{urn:mpeg:dash:schema:mpd:2011}SegmentList'
IE_TRACE:             14:50:49.238849 return    1767             return self._xpath_ns(path, namespace)
IE_TRACE:             Return value:.. '{urn:mpeg:dash:schema:mpd:2011}SegmentList'
IE_TRACE:         New var:....... segment_list = None
IE_TRACE:         14:50:49.238872 line      1810             if segment_list is not None:
IE_TRACE:         14:50:49.238902 line      1817                 segment_template = element.find(_add_ns('SegmentTemplate'))
IE_TRACE:             Starting var:.. path = 'SegmentTemplate'
IE_TRACE:             Starting var:.. namespace = 'urn:mpeg:dash:schema:mpd:2011'
IE_TRACE:             Starting var:.. self = <test.test_InfoExtractor.TestIE object at 0x7a93f6053b60>
IE_TRACE:             14:50:49.238925 call      1766         def _add_ns(path):
IE_TRACE:             14:50:49.238949 line      1767             return self._xpath_ns(path, namespace)
IE_TRACE:                 Starting var:.. path = 'SegmentTemplate'
IE_TRACE:                 Starting var:.. namespace = 'urn:mpeg:dash:schema:mpd:2011'
IE_TRACE:                 14:50:49.238966 call      1507     def _xpath_ns(path, namespace=None):
IE_TRACE:                 14:50:49.238988 line      1508         if not namespace:
IE_TRACE:                 14:50:49.239004 line      1510         out = []
IE_TRACE:                 New var:....... out = []
IE_TRACE:                 14:50:49.239020 line      1511         for c in path.split('/'):
IE_TRACE:                 New var:....... c = 'SegmentTemplate'
IE_TRACE:                 14:50:49.239039 line      1512             if not c or c == '.':
IE_TRACE:                 14:50:49.239059 line      1515                 out.append('{%s}%s' % (namespace, c))
IE_TRACE:                 Modified var:.. out = ['{urn:mpeg:dash:schema:mpd:2011}SegmentTemplate']
IE_TRACE:                 14:50:49.239076 line      1511         for c in path.split('/'):
IE_TRACE:                 14:50:49.239096 line      1516         return '/'.join(out)
IE_TRACE:                 14:50:49.239114 return    1516         return '/'.join(out)
IE_TRACE:                 Return value:.. '{urn:mpeg:dash:schema:mpd:2011}SegmentTemplate'
IE_TRACE:             14:50:49.239136 return    1767             return self._xpath_ns(path, namespace)
IE_TRACE:             Return value:.. '{urn:mpeg:dash:schema:mpd:2011}SegmentTemplate'
IE_TRACE:         New var:....... segment_template = <Element '{urn:mpeg:dash:schema:mpd:2011}SegmentTemplate' at 0x7a93f4d54220>
IE_TRACE:         14:50:49.239157 line      1818                 if segment_template is not None:
IE_TRACE:         14:50:49.239184 line      1819                     extract_common(segment_template)
IE_TRACE:             Starting var:.. source = <Element '{urn:mpeg:dash:schema:mpd:2011}SegmentTemplate' at 0x7a93f4d54220>
IE_TRACE:             Starting var:.. _add_ns = <function InfoExtractor._parse_mpd_formats.<locals>._add_ns at 0x7a93f4c402c0>
IE_TRACE:             Starting var:.. ms_info = {'start_number': 1, 'timescale': 1}
IE_TRACE:             14:50:49.239208 call      1778             def extract_common(source):
IE_TRACE:             14:50:49.239235 line      1779                 segment_timeline = source.find(_add_ns('SegmentTimeline'))
IE_TRACE:                 Starting var:.. path = 'SegmentTimeline'
IE_TRACE:                 Starting var:.. namespace = 'urn:mpeg:dash:schema:mpd:2011'
IE_TRACE:                 Starting var:.. self = <test.test_InfoExtractor.TestIE object at 0x7a93f6053b60>
IE_TRACE:                 14:50:49.239255 call      1766         def _add_ns(path):
IE_TRACE:                 14:50:49.239279 line      1767             return self._xpath_ns(path, namespace)
IE_TRACE:                     Starting var:.. path = 'SegmentTimeline'
IE_TRACE:                     Starting var:.. namespace = 'urn:mpeg:dash:schema:mpd:2011'
IE_TRACE:                     14:50:49.239297 call      1507     def _xpath_ns(path, namespace=None):
IE_TRACE:                     14:50:49.239319 line      1508         if not namespace:
IE_TRACE:                     14:50:49.239336 line      1510         out = []
IE_TRACE:                     New var:....... out = []
IE_TRACE:                     14:50:49.239353 line      1511         for c in path.split('/'):
IE_TRACE:                     New var:....... c = 'SegmentTimeline'
IE_TRACE:                     14:50:49.239373 line      1512             if not c or c == '.':
IE_TRACE:                     14:50:49.239393 line      1515                 out.append('{%s}%s' % (namespace, c))
IE_TRACE:                     Modified var:.. out = ['{urn:mpeg:dash:schema:mpd:2011}SegmentTimeline']
IE_TRACE:                     14:50:49.239411 line      1511         for c in path.split('/'):
IE_TRACE:                     14:50:49.239431 line      1516         return '/'.join(out)
IE_TRACE:                     14:50:49.239449 return    1516         return '/'.join(out)
IE_TRACE:                     Return value:.. '{urn:mpeg:dash:schema:mpd:2011}SegmentTimeline'
IE_TRACE:                 14:50:49.239470 return    1767             return self._xpath_ns(path, namespace)
IE_TRACE:                 Return value:.. '{urn:mpeg:dash:schema:mpd:2011}SegmentTimeline'
IE_TRACE:             New var:....... segment_timeline = None
IE_TRACE:             14:50:49.239491 line      1780                 if segment_timeline is not None:
IE_TRACE:             14:50:49.239513 line      1794                 start_number = source.get('startNumber')
IE_TRACE:             New var:....... start_number = '0'
IE_TRACE:             14:50:49.239534 line      1795                 if start_number:
IE_TRACE:             14:50:49.239557 line      1796                     ms_info['start_number'] = int(start_number)
IE_TRACE:             Modified var:.. ms_info = {'start_number': 0, 'timescale': 1}
IE_TRACE:             14:50:49.239582 line      1797                 timescale = source.get('timescale')
IE_TRACE:             New var:....... timescale = '1000000'
IE_TRACE:             14:50:49.239606 line      1798                 if timescale:
IE_TRACE:             14:50:49.239630 line      1799                     ms_info['timescale'] = int(timescale)
IE_TRACE:             Modified var:.. ms_info = {'start_number': 0, 'timescale': 1000000}
IE_TRACE:             14:50:49.239652 line      1800                 segment_duration = source.get('duration')
IE_TRACE:             New var:....... segment_duration = '2000000.0'
IE_TRACE:             14:50:49.239675 line      1801                 if segment_duration:
IE_TRACE:             14:50:49.239700 line      1802                     ms_info['segment_duration'] = float(segment_duration)
IE_TRACE:             Modified var:.. ms_info = {'start_number': 0, 'timescale': 1000000, 'segment_duration': 2000000.0}
IE_TRACE:             14:50:49.239723 return    1802                     ms_info['segment_duration'] = float(segment_duration)
IE_TRACE:             Return value:.. None
IE_TRACE:         Modified var:.. ms_info = {'start_number': 0, 'timescale': 1000000, 'segment_duration': 2000000.0}
IE_TRACE:         14:50:49.239754 line      1820                     media = segment_template.get('media')
IE_TRACE:         New var:....... media = 'v_$RepresentationID$_$Number$.mp4d'
IE_TRACE:         14:50:49.239781 line      1821                     if media:
IE_TRACE:         14:50:49.239809 line      1822                         ms_info['media'] = media
IE_TRACE:         Modified var:.. ms_info = {'start_number': 0, 'timescale': 1000000, 'segment_duration': 2000000.0, 'media': 'v_$RepresentationID$_$Number$.mp4d'}
IE_TRACE:         14:50:49.239833 line      1823                     initialization = segment_template.get('initialization')
IE_TRACE:         New var:....... initialization = 'vi_$RepresentationID$.mp4d'
IE_TRACE:         14:50:49.239860 line      1824                     if initialization:
IE_TRACE:         14:50:49.239888 line      1825                         ms_info['initialization'] = initialization
IE_TRACE:         Modified var:.. ms_info = {'start_number': 0, 'timescale': 1000000, 'segment_duration': 2000000.0, 'media': 'v_$RepresentationID$_$Number$.mp4d', 'initialization': 'vi_$RepresentationID$.mp4d'}
IE_TRACE:         14:50:49.239912 line      1828             return ms_info
IE_TRACE:         14:50:49.239941 return    1828             return ms_info
IE_TRACE:         Return value:.. {'start_number': 0, 'timescale': 1000000, 'segment_duration': 2000000.0, 'media': 'v_$RepresentationID$_$Number$.mp4d', 'initialization': 'vi_$RepresentationID$.mp4d'}
IE_TRACE:     Modified var:.. adaption_set_ms_info = {'start_number': 0, 'timescale': 1000000, 'segment_duration': 2000000.0, 'media': 'v_$RepresentationID$_$Number$.mp4d', 'initialization': 'vi_$RepresentationID$.mp4d'}
IE_TRACE:     14:50:49.239970 line      1842                 for representation in adaptation_set.findall(_add_ns('Representation')):
IE_TRACE:         Starting var:.. path = 'Representation'
IE_TRACE:         Starting var:.. namespace = 'urn:mpeg:dash:schema:mpd:2011'
IE_TRACE:         Starting var:.. self = <test.test_InfoExtractor.TestIE object at 0x7a93f6053b60>
IE_TRACE:         14:50:49.242742 call      1766         def _add_ns(path):
IE_TRACE:         14:50:49.242768 line      1767             return self._xpath_ns(path, namespace)
IE_TRACE:             Starting var:.. path = 'Representation'
IE_TRACE:             Starting var:.. namespace = 'urn:mpeg:dash:schema:mpd:2011'
IE_TRACE:             14:50:49.242784 call      1507     def _xpath_ns(path, namespace=None):
IE_TRACE:             14:50:49.242806 line      1508         if not namespace:
IE_TRACE:             14:50:49.242821 line      1510         out = []
IE_TRACE:             New var:....... out = []
IE_TRACE:             14:50:49.242835 line      1511         for c in path.split('/'):
IE_TRACE:             New var:....... c = 'Representation'
IE_TRACE:             14:50:49.242853 line      1512             if not c or c == '.':
IE_TRACE:             14:50:49.242872 line      1515                 out.append('{%s}%s' % (namespace, c))
IE_TRACE:             Modified var:.. out = ['{urn:mpeg:dash:schema:mpd:2011}Representation']
IE_TRACE:             14:50:49.242889 line      1511         for c in path.split('/'):
IE_TRACE:             14:50:49.242908 line      1516         return '/'.join(out)
IE_TRACE:             14:50:49.242924 return    1516         return '/'.join(out)
IE_TRACE:             Return value:.. '{urn:mpeg:dash:schema:mpd:2011}Representation'
IE_TRACE:         14:50:49.242944 return    1767             return self._xpath_ns(path, namespace)
IE_TRACE:         Return value:.. '{urn:mpeg:dash:schema:mpd:2011}Representation'
IE_TRACE:     Modified var:.. representation = <Element '{urn:mpeg:dash:schema:mpd:2011}Representation' at 0x7a93f4d54270>
IE_TRACE:     14:50:49.242964 line      1843                     if is_drm_protected(representation):
IE_TRACE:         Starting var:.. element = <Element '{urn:mpeg:dash:schema:mpd:2011}Representation' at 0x7a93f4d54270>
IE_TRACE:         Starting var:.. _add_ns = <function InfoExtractor._parse_mpd_formats.<locals>._add_ns at 0x7a93f4c402c0>
IE_TRACE:         14:50:49.245769 call      1769         def is_drm_protected(element):
IE_TRACE:         14:50:49.245796 line      1770             return element.find(_add_ns('ContentProtection')) is not None
IE_TRACE:             Starting var:.. path = 'ContentProtection'
IE_TRACE:             Starting var:.. namespace = 'urn:mpeg:dash:schema:mpd:2011'
IE_TRACE:             Starting var:.. self = <test.test_InfoExtractor.TestIE object at 0x7a93f6053b60>
IE_TRACE:             14:50:49.245812 call      1766         def _add_ns(path):
IE_TRACE:             14:50:49.245838 line      1767             return self._xpath_ns(path, namespace)
IE_TRACE:                 Starting var:.. path = 'ContentProtection'
IE_TRACE:                 Starting var:.. namespace = 'urn:mpeg:dash:schema:mpd:2011'
IE_TRACE:                 14:50:49.245859 call      1507     def _xpath_ns(path, namespace=None):
IE_TRACE:                 14:50:49.245882 line      1508         if not namespace:
IE_TRACE:                 14:50:49.245897 line      1510         out = []
IE_TRACE:                 New var:....... out = []
IE_TRACE:                 14:50:49.245911 line      1511         for c in path.split('/'):
IE_TRACE:                 New var:....... c = 'ContentProtection'
IE_TRACE:                 14:50:49.245930 line      1512             if not c or c == '.':
IE_TRACE:                 14:50:49.245949 line      1515                 out.append('{%s}%s' % (namespace, c))
IE_TRACE:                 Modified var:.. out = ['{urn:mpeg:dash:schema:mpd:2011}ContentProtection']
IE_TRACE:                 14:50:49.245965 line      1511         for c in path.split('/'):
IE_TRACE:                 14:50:49.245984 line      1516         return '/'.join(out)
IE_TRACE:                 14:50:49.246001 return    1516         return '/'.join(out)
IE_TRACE:                 Return value:.. '{urn:mpeg:dash:schema:mpd:2011}ContentProtection'
IE_TRACE:             14:50:49.246021 return    1767             return self._xpath_ns(path, namespace)
IE_TRACE:             Return value:.. '{urn:mpeg:dash:schema:mpd:2011}ContentProtection'
IE_TRACE:         14:50:49.246040 return    1770             return element.find(_add_ns('ContentProtection')) is not None
IE_TRACE:         Return value:.. False
IE_TRACE:     14:50:49.246060 line      1845                     representation_attrib = adaptation_set.attrib.copy()
IE_TRACE:     Modified var:.. representation_attrib = {'mimeType': 'video/mp4', 'startWithSAP': '1', 'segmentAlignment': 'true'}
IE_TRACE:     14:50:49.249021 line      1846                     representation_attrib.update(representation.attrib)
IE_TRACE:     Modified var:.. representation_attrib = {'mimeType': 'video/mp4', 'startWithSAP': '1', 'segmentAlignment': 'true', 'id': '318597', 'codecs': 'avc1.42001f', 'width': '340', 'height': '192', 'bandwidth': '318597'}
IE_TRACE:     14:50:49.251860 line      1848                     mime_type = representation_attrib['mimeType']
IE_TRACE:     Modified var:.. mime_type = 'video/mp4'
IE_TRACE:     14:50:49.254714 line      1849                     content_type = mime_type.split('/')[0]
IE_TRACE:     Modified var:.. content_type = 'video'
IE_TRACE:     14:50:49.257524 line      1850                     if content_type == 'text':
IE_TRACE:     14:50:49.260415 line      1853                     elif content_type in ('video', 'audio'):
IE_TRACE:     14:50:49.263350 line      1854                         base_url = ''
IE_TRACE:     14:50:49.266343 line      1855                         for element in (representation, adaptation_set, period, mpd_doc):
IE_TRACE:     Modified var:.. element = <Element '{urn:mpeg:dash:schema:mpd:2011}Representation' at 0x7a93f4d54270>
IE_TRACE:     14:50:49.269248 line      1856                             base_url_e = element.find(_add_ns('BaseURL'))
IE_TRACE:         Starting var:.. path = 'BaseURL'
IE_TRACE:         Starting var:.. namespace = 'urn:mpeg:dash:schema:mpd:2011'
IE_TRACE:         Starting var:.. self = <test.test_InfoExtractor.TestIE object at 0x7a93f6053b60>
IE_TRACE:         14:50:49.272094 call      1766         def _add_ns(path):
IE_TRACE:         14:50:49.272130 line      1767             return self._xpath_ns(path, namespace)
IE_TRACE:             Starting var:.. path = 'BaseURL'
IE_TRACE:             Starting var:.. namespace = 'urn:mpeg:dash:schema:mpd:2011'
IE_TRACE:             14:50:49.272149 call      1507     def _xpath_ns(path, namespace=None):
IE_TRACE:             14:50:49.272175 line      1508         if not namespace:
IE_TRACE:             14:50:49.272191 line      1510         out = []
IE_TRACE:             New var:....... out = []
IE_TRACE:             14:50:49.272206 line      1511         for c in path.split('/'):
IE_TRACE:             New var:....... c = 'BaseURL'
IE_TRACE:             14:50:49.272227 line      1512             if not c or c == '.':
IE_TRACE:             14:50:49.272247 line      1515                 out.append('{%s}%s' % (namespace, c))
IE_TRACE:             Modified var:.. out = ['{urn:mpeg:dash:schema:mpd:2011}BaseURL']
IE_TRACE:             14:50:49.272265 line      1511         for c in path.split('/'):
IE_TRACE:             14:50:49.272286 line      1516         return '/'.join(out)
IE_TRACE:             14:50:49.272303 return    1516         return '/'.join(out)
IE_TRACE:             Return value:.. '{urn:mpeg:dash:schema:mpd:2011}BaseURL'
IE_TRACE:         14:50:49.272325 return    1767             return self._xpath_ns(path, namespace)
IE_TRACE:         Return value:.. '{urn:mpeg:dash:schema:mpd:2011}BaseURL'
IE_TRACE:     14:50:49.272346 line      1857                             if base_url_e is not None:
IE_TRACE:     [CONDENSED] 2 identical loop iterations skipped (4 total iterations, showing first and last)
IE_TRACE:     14:50:49.292795 line      1855                         for element in (representation, adaptation_set, period, mpd_doc):
IE_TRACE:     Modified var:.. element = <Element '{urn:mpeg:dash:schema:mpd:2011}MPD' at 0x7a93f4d5fd30>
IE_TRACE:     14:50:49.295580 line      1856                             base_url_e = element.find(_add_ns('BaseURL'))
IE_TRACE:         Starting var:.. path = 'BaseURL'
IE_TRACE:         Starting var:.. namespace = 'urn:mpeg:dash:schema:mpd:2011'
IE_TRACE:         Starting var:.. self = <test.test_InfoExtractor.TestIE object at 0x7a93f6053b60>
IE_TRACE:         14:50:49.298548 call      1766         def _add_ns(path):
IE_TRACE:         14:50:49.298602 line      1767             return self._xpath_ns(path, namespace)
IE_TRACE:             Starting var:.. path = 'BaseURL'
IE_TRACE:             Starting var:.. namespace = 'urn:mpeg:dash:schema:mpd:2011'
IE_TRACE:             14:50:49.298633 call      1507     def _xpath_ns(path, namespace=None):
IE_TRACE:             14:50:49.298671 line      1508         if not namespace:
IE_TRACE:             14:50:49.298693 line      1510         out = []
IE_TRACE:             New var:....... out = []
IE_TRACE:             14:50:49.298711 line      1511         for c in path.split('/'):
IE_TRACE:             New var:....... c = 'BaseURL'
IE_TRACE:             14:50:49.298730 line      1512             if not c or c == '.':
IE_TRACE:             14:50:49.298749 line      1515                 out.append('{%s}%s' % (namespace, c))
IE_TRACE:             Modified var:.. out = ['{urn:mpeg:dash:schema:mpd:2011}BaseURL']
IE_TRACE:             14:50:49.298766 line      1511         for c in path.split('/'):
IE_TRACE:             14:50:49.298785 line      1516         return '/'.join(out)
IE_TRACE:             14:50:49.298802 return    1516         return '/'.join(out)
IE_TRACE:             Return value:.. '{urn:mpeg:dash:schema:mpd:2011}BaseURL'
IE_TRACE:         14:50:49.298823 return    1767             return self._xpath_ns(path, namespace)
IE_TRACE:         Return value:.. '{urn:mpeg:dash:schema:mpd:2011}BaseURL'
IE_TRACE:     14:50:49.298843 line      1857                             if base_url_e is not None:
IE_TRACE:     14:50:49.301652 line      1855                         for element in (representation, adaptation_set, period, mpd_doc):
IE_TRACE:     14:50:49.304476 line      1861                         if mpd_base_url and not re.match(r'^https?://', base_url):
IE_TRACE:     14:50:49.307325 line      1865                         representation_id = representation_attrib.get('id')
IE_TRACE:     14:50:49.310141 line      1866                         lang = representation_attrib.get('lang')
IE_TRACE:     14:50:49.313045 line      1867                         url_el = representation.find(_add_ns('BaseURL'))
IE_TRACE:         Starting var:.. path = 'BaseURL'
IE_TRACE:         Starting var:.. namespace = 'urn:mpeg:dash:schema:mpd:2011'
IE_TRACE:         Starting var:.. self = <test.test_InfoExtractor.TestIE object at 0x7a93f6053b60>
IE_TRACE:         14:50:49.316097 call      1766         def _add_ns(path):
IE_TRACE:         14:50:49.316128 line      1767             return self._xpath_ns(path, namespace)
IE_TRACE:             Starting var:.. path = 'BaseURL'
IE_TRACE:             Starting var:.. namespace = 'urn:mpeg:dash:schema:mpd:2011'
IE_TRACE:             14:50:49.316147 call      1507     def _xpath_ns(path, namespace=None):
IE_TRACE:             14:50:49.316171 line      1508         if not namespace:
IE_TRACE:             14:50:49.316189 line      1510         out = []
IE_TRACE:             New var:....... out = []
IE_TRACE:             14:50:49.316205 line      1511         for c in path.split('/'):
IE_TRACE:             New var:....... c = 'BaseURL'
IE_TRACE:             14:50:49.316224 line      1512             if not c or c == '.':
IE_TRACE:             14:50:49.316243 line      1515                 out.append('{%s}%s' % (namespace, c))
IE_TRACE:             Modified var:.. out = ['{urn:mpeg:dash:schema:mpd:2011}BaseURL']
IE_TRACE:             14:50:49.316260 line      1511         for c in path.split('/'):
IE_TRACE:             14:50:49.316280 line      1516         return '/'.join(out)
IE_TRACE:             14:50:49.316297 return    1516         return '/'.join(out)
IE_TRACE:             Return value:.. '{urn:mpeg:dash:schema:mpd:2011}BaseURL'
IE_TRACE:         14:50:49.316319 return    1767             return self._xpath_ns(path, namespace)
IE_TRACE:         Return value:.. '{urn:mpeg:dash:schema:mpd:2011}BaseURL'
IE_TRACE:     14:50:49.316341 line      1868                         filesize = int_or_none(url_el.attrib.get('{http://youtube.com/yt/2012/10/10}contentLength') if url_el is not None else None)
IE_TRACE:         Source path:... /path/to/BugsInPy/workspace/youtube-dl/youtube_dl/utils.py
IE_TRACE:         Starting var:.. v = None
IE_TRACE:         Starting var:.. scale = 1
IE_TRACE:         Starting var:.. default = None
IE_TRACE:         Starting var:.. get_attr = None
IE_TRACE:         Starting var:.. invscale = 1
IE_TRACE:         14:50:49.319129 call      1785 def int_or_none(v, scale=1, default=None, get_attr=None, invscale=1):
IE_TRACE:         14:50:49.319175 line      1786     if get_attr:
IE_TRACE:         14:50:49.319193 line      1789     if v == '':
IE_TRACE:         14:50:49.319210 line      1791     if v is None:
IE_TRACE:         14:50:49.319227 line      1792         return default
IE_TRACE:         14:50:49.319244 return    1792         return default
IE_TRACE:         Return value:.. None
IE_TRACE:     Source path:... /path/to/BugsInPy/workspace/youtube-dl/youtube_dl/extractor/common.py
IE_TRACE:     14:50:49.319274 line      1869                         bandwidth = int_or_none(representation_attrib.get('bandwidth'))
IE_TRACE:         Source path:... /path/to/BugsInPy/workspace/youtube-dl/youtube_dl/utils.py
IE_TRACE:         Starting var:.. v = '318597'
IE_TRACE:         Starting var:.. scale = 1
IE_TRACE:         Starting var:.. default = None
IE_TRACE:         Starting var:.. get_attr = None
IE_TRACE:         Starting var:.. invscale = 1
IE_TRACE:         14:50:49.322097 call      1785 def int_or_none(v, scale=1, default=None, get_attr=None, invscale=1):
IE_TRACE:         14:50:49.322134 line      1786     if get_attr:
IE_TRACE:         14:50:49.322152 line      1789     if v == '':
IE_TRACE:         14:50:49.322169 line      1791     if v is None:
IE_TRACE:         14:50:49.322187 line      1793     try:
IE_TRACE:         14:50:49.322204 line      1794         return int(v) * invscale // scale
IE_TRACE:         14:50:49.322224 return    1794         return int(v) * invscale // scale
IE_TRACE:         Return value:.. 318597
IE_TRACE:     Source path:... /path/to/BugsInPy/workspace/youtube-dl/youtube_dl/extractor/common.py
IE_TRACE:     Modified var:.. bandwidth = 318597
IE_TRACE:     14:50:49.322249 line      1871                             'format_id': '%s-%s' % (mpd_id, representation_id) if mpd_id else representation_id,
IE_TRACE:     14:50:49.325014 line      1872                             'url': base_url,
IE_TRACE:     14:50:49.327805 line      1873                             'manifest_url': mpd_url,
IE_TRACE:     14:50:49.330624 line      1874                             'ext': mimetype2ext(mime_type),
IE_TRACE:         Source path:... /path/to/BugsInPy/workspace/youtube-dl/youtube_dl/utils.py
IE_TRACE:         Starting var:.. mt = 'video/mp4'
IE_TRACE:         14:50:49.333503 call      2332 def mimetype2ext(mt):
IE_TRACE:         14:50:49.333533 line      2333     if mt is None:
IE_TRACE:         14:50:49.333547 line      2337         'audio/mp4': 'm4a',
IE_TRACE:         14:50:49.333562 line      2340         'audio/mpeg': 'mp3',
IE_TRACE:         14:50:49.333579 line      2336     ext = {
IE_TRACE:         14:50:49.333594 line      2341     }.get(mt)
IE_TRACE:         14:50:49.333608 line      2336     ext = {
IE_TRACE:         New var:....... ext = None
IE_TRACE:         14:50:49.333622 line      2342     if ext is not None:
IE_TRACE:         14:50:49.333641 line      2345     _, _, res = mt.rpartition('/')
IE_TRACE:         New var:....... _ = '/'
IE_TRACE:         New var:....... res = 'mp4'
IE_TRACE:         14:50:49.333658 line      2346     res = res.split(';')[0].strip().lower()
IE_TRACE:         14:50:49.333684 line      2348     return {
IE_TRACE:         14:50:49.333700 line      2349         '3gpp': '3gp',
IE_TRACE:         14:50:49.333717 line      2348     return {
IE_TRACE:         14:50:49.333733 line      2350         'smptett+xml': 'tt',
IE_TRACE:         14:50:49.333749 line      2348     return {
IE_TRACE:         14:50:49.333765 line      2351         'ttaf+xml': 'dfxp',
IE_TRACE:         14:50:49.333782 line      2348     return {
IE_TRACE:         14:50:49.333798 line      2352         'ttml+xml': 'ttml',
IE_TRACE:         14:50:49.333814 line      2348     return {
IE_TRACE:         14:50:49.333830 line      2353         'x-flv': 'flv',
IE_TRACE:         14:50:49.333846 line      2348     return {
IE_TRACE:         14:50:49.333862 line      2354         'x-mp4-fragmented': 'mp4',
IE_TRACE:         14:50:49.333878 line      2348     return {
IE_TRACE:         14:50:49.333894 line      2355         'x-ms-sami': 'sami',
IE_TRACE:         14:50:49.333911 line      2348     return {
IE_TRACE:         14:50:49.333926 line      2356         'x-ms-wmv': 'wmv',
IE_TRACE:         14:50:49.333943 line      2348     return {
IE_TRACE:         14:50:49.333958 line      2357         'mpegurl': 'm3u8',
IE_TRACE:         14:50:49.333974 line      2348     return {
IE_TRACE:         14:50:49.333992 line      2358         'x-mpegurl': 'm3u8',
IE_TRACE:         14:50:49.334008 line      2348     return {
IE_TRACE:         14:50:49.334025 line      2359         'vnd.apple.mpegurl': 'm3u8',
IE_TRACE:         14:50:49.334045 line      2348     return {
IE_TRACE:         14:50:49.334063 line      2360         'dash+xml': 'mpd',
IE_TRACE:         14:50:49.334082 line      2348     return {
IE_TRACE:         14:50:49.334097 line      2361         'f4m+xml': 'f4m',
IE_TRACE:         14:50:49.334113 line      2348     return {
IE_TRACE:         14:50:49.334129 line      2362         'hds+xml': 'f4m',
IE_TRACE:         14:50:49.334145 line      2348     return {
IE_TRACE:         14:50:49.334161 line      2363         'vnd.ms-sstr+xml': 'ism',
IE_TRACE:         14:50:49.334177 line      2348     return {
IE_TRACE:         14:50:49.334193 line      2364         'quicktime': 'mov',
IE_TRACE:         14:50:49.334208 line      2348     return {
IE_TRACE:         14:50:49.334224 line      2365         'mp2t': 'ts',
IE_TRACE:         14:50:49.334240 line      2348     return {
IE_TRACE:         14:50:49.334256 line      2366     }.get(res, res)
IE_TRACE:         14:50:49.334272 line      2348     return {
IE_TRACE:         14:50:49.334288 return    2348     return {
IE_TRACE:         Return value:.. 'mp4'
IE_TRACE:     Source path:... /path/to/BugsInPy/workspace/youtube-dl/youtube_dl/extractor/common.py
IE_TRACE:     14:50:49.334311 line      1875                             'width': int_or_none(representation_attrib.get('width')),
IE_TRACE:         Source path:... /path/to/BugsInPy/workspace/youtube-dl/youtube_dl/utils.py
IE_TRACE:         Starting var:.. v = '340'
IE_TRACE:         Starting var:.. scale = 1
IE_TRACE:         Starting var:.. default = None
IE_TRACE:         Starting var:.. get_attr = None
IE_TRACE:         Starting var:.. invscale = 1
IE_TRACE:         14:50:49.337041 call      1785 def int_or_none(v, scale=1, default=None, get_attr=None, invscale=1):
IE_TRACE:         14:50:49.337080 line      1786     if get_attr:
IE_TRACE:         14:50:49.337097 line      1789     if v == '':
IE_TRACE:         14:50:49.337115 line      1791     if v is None:
IE_TRACE:         14:50:49.337132 line      1793     try:
IE_TRACE:         14:50:49.337149 line      1794         return int(v) * invscale // scale
IE_TRACE:         14:50:49.337167 return    1794         return int(v) * invscale // scale
IE_TRACE:         Return value:.. 340
IE_TRACE:     Source path:... /path/to/BugsInPy/workspace/youtube-dl/youtube_dl/extractor/common.py
IE_TRACE:     14:50:49.337189 line      1876                             'height': int_or_none(representation_attrib.get('height')),
IE_TRACE:         Source path:... /path/to/BugsInPy/workspace/youtube-dl/youtube_dl/utils.py
IE_TRACE:         Starting var:.. v = '192'
IE_TRACE:         Starting var:.. scale = 1
IE_TRACE:         Starting var:.. default = None
IE_TRACE:         Starting var:.. get_attr = None
IE_TRACE:         Starting var:.. invscale = 1
IE_TRACE:         14:50:49.339977 call      1785 def int_or_none(v, scale=1, default=None, get_attr=None, invscale=1):
IE_TRACE:         14:50:49.340019 line      1786     if get_attr:
IE_TRACE:         14:50:49.340036 line      1789     if v == '':
IE_TRACE:         14:50:49.340053 line      1791     if v is None:
IE_TRACE:         14:50:49.340070 line      1793     try:
IE_TRACE:         14:50:49.340087 line      1794         return int(v) * invscale // scale
IE_TRACE:         14:50:49.340105 return    1794         return int(v) * invscale // scale
IE_TRACE:         Return value:.. 192
IE_TRACE:     Source path:... /path/to/BugsInPy/workspace/youtube-dl/youtube_dl/extractor/common.py
IE_TRACE:     14:50:49.340127 line      1877                             'tbr': float_or_none(bandwidth, 1000),
IE_TRACE:         Source path:... /path/to/BugsInPy/workspace/youtube-dl/youtube_dl/utils.py
IE_TRACE:         Starting var:.. v = 318597
IE_TRACE:         Starting var:.. scale = 1000
IE_TRACE:         Starting var:.. invscale = 1
IE_TRACE:         Starting var:.. default = None
IE_TRACE:         14:50:49.342867 call      1811 def float_or_none(v, scale=1, invscale=1, default=None):
IE_TRACE:         14:50:49.342902 line      1812     if v is None:
IE_TRACE:         14:50:49.342920 line      1814     try:
IE_TRACE:         14:50:49.342936 line      1815         return float(v) * invscale / scale
IE_TRACE:         14:50:49.342954 return    1815         return float(v) * invscale / scale
IE_TRACE:         Return value:.. 318.597
IE_TRACE:     Source path:... /path/to/BugsInPy/workspace/youtube-dl/youtube_dl/extractor/common.py
IE_TRACE:     14:50:49.342975 line      1878                             'asr': int_or_none(representation_attrib.get('audioSamplingRate')),
IE_TRACE:         Source path:... /path/to/BugsInPy/workspace/youtube-dl/youtube_dl/utils.py
IE_TRACE:         Starting var:.. v = None
IE_TRACE:         Starting var:.. scale = 1
IE_TRACE:         Starting var:.. default = None
IE_TRACE:         Starting var:.. get_attr = None
IE_TRACE:         Starting var:.. invscale = 1
IE_TRACE:         14:50:49.345764 call      1785 def int_or_none(v, scale=1, default=None, get_attr=None, invscale=1):
IE_TRACE:         14:50:49.345802 line      1786     if get_attr:
IE_TRACE:         14:50:49.345819 line      1789     if v == '':
IE_TRACE:         14:50:49.345837 line      1791     if v is None:
IE_TRACE:         14:50:49.345853 line      1792         return default
IE_TRACE:         14:50:49.345870 return    1792         return default
IE_TRACE:         Return value:.. None
IE_TRACE:     Source path:... /path/to/BugsInPy/workspace/youtube-dl/youtube_dl/extractor/common.py
IE_TRACE:     14:50:49.345894 line      1879                             'fps': int_or_none(representation_attrib.get('frameRate')),
IE_TRACE:         Source path:... /path/to/BugsInPy/workspace/youtube-dl/youtube_dl/utils.py
IE_TRACE:         Starting var:.. v = None
IE_TRACE:         Starting var:.. scale = 1
IE_TRACE:         Starting var:.. default = None
IE_TRACE:         Starting var:.. get_attr = None
IE_TRACE:         Starting var:.. invscale = 1
IE_TRACE:         14:50:49.348811 call      1785 def int_or_none(v, scale=1, default=None, get_attr=None, invscale=1):
IE_TRACE:         14:50:49.348849 line      1786     if get_attr:
IE_TRACE:         14:50:49.348867 line      1789     if v == '':
IE_TRACE:         14:50:49.348885 line      1791     if v is None:
IE_TRACE:         14:50:49.348902 line      1792         return default
IE_TRACE:         14:50:49.348920 return    1792         return default
IE_TRACE:         Return value:.. None
IE_TRACE:     Source path:... /path/to/BugsInPy/workspace/youtube-dl/youtube_dl/extractor/common.py
IE_TRACE:     14:50:49.348941 line      1880                             'language': lang if lang not in ('mul', 'und', 'zxx', 'mis') else None,
IE_TRACE:     14:50:49.351697 line      1881                             'format_note': 'DASH %s' % content_type,
IE_TRACE:     14:50:49.354468 line      1882                             'filesize': filesize,
IE_TRACE:     14:50:49.357194 line      1870                         f = {
IE_TRACE:     Modified var:.. f = {'format_id': '318597', 'url': '', 'manifest_url': 'http://unknown/manifest.mpd', 'ext': 'mp4', 'width': 340, 'height': 192, 'tbr': 318.597, 'asr': None, 'fps': None, 'language': None, 'format_note': 'DASH video', 'filesize': None}
IE_TRACE:     14:50:49.359979 line      1884                         f.update(parse_codecs(representation_attrib.get('codecs')))
IE_TRACE:         Source path:... /path/to/BugsInPy/workspace/youtube-dl/youtube_dl/utils.py
IE_TRACE:         Starting var:.. codecs_str = 'avc1.42001f'
IE_TRACE:         14:50:49.362141 call      2369 def parse_codecs(codecs_str):
IE_TRACE:         14:50:49.362178 line      2371     if not codecs_str:
IE_TRACE:         14:50:49.362201 line      2373     splited_codecs = list(filter(None, map(
IE_TRACE:         14:50:49.362218 line      2374         lambda str: str.strip(), codecs_str.strip().strip(',').split(','))))
IE_TRACE:         14:50:49.362236 line      2373     splited_codecs = list(filter(None, map(
IE_TRACE:             Starting var:.. str = 'avc1.42001f'
IE_TRACE:             14:50:49.362256 call      2374         lambda str: str.strip(), codecs_str.strip().strip(',').split(','))))
IE_TRACE:             14:50:49.362278 line      2374         lambda str: str.strip(), codecs_str.strip().strip(',').split(','))))
IE_TRACE:             14:50:49.362293 return    2374         lambda str: str.strip(), codecs_str.strip().strip(',').split(','))))
IE_TRACE:             Return value:.. 'avc1.42001f'
IE_TRACE:         New var:....... splited_codecs = ['avc1.42001f']
IE_TRACE:         14:50:49.362316 line      2375     vcodec, acodec = None, None
IE_TRACE:         New var:....... vcodec = None
IE_TRACE:         New var:....... acodec = None
IE_TRACE:         14:50:49.362336 line      2376     for full_codec in splited_codecs:
IE_TRACE:         New var:....... full_codec = 'avc1.42001f'
IE_TRACE:         14:50:49.362361 line      2377         codec = full_codec.split('.')[0]
IE_TRACE:         New var:....... codec = 'avc1'
IE_TRACE:         14:50:49.362383 line      2378         if codec in ('avc1', 'avc2', 'avc3', 'avc4', 'vp9', 'vp8', 'hev1', 'hev2', 'h263', 'h264', 'mp4v', 'hvc1'):
IE_TRACE:         14:50:49.362406 line      2379             if not vcodec:
IE_TRACE:         14:50:49.362425 line      2380                 vcodec = full_codec
IE_TRACE:         Modified var:.. vcodec = 'avc1.42001f'
IE_TRACE:         14:50:49.362443 line      2376     for full_codec in splited_codecs:
IE_TRACE:         14:50:49.362464 line      2386     if not vcodec and not acodec:
IE_TRACE:         14:50:49.362482 line      2399             'vcodec': vcodec or 'none',
IE_TRACE:         14:50:49.362500 line      2400             'acodec': acodec or 'none',
IE_TRACE:         14:50:49.362518 line      2398         return {
IE_TRACE:         14:50:49.362537 return    2398         return {
IE_TRACE:         Return value:.. {'vcodec': 'avc1.42001f', 'acodec': 'none'}
IE_TRACE:     Source path:... /path/to/BugsInPy/workspace/youtube-dl/youtube_dl/extractor/common.py
IE_TRACE:     Modified var:.. f = {'format_id': '318597', 'url': '', 'manifest_url': 'http://unknown/manifest.mpd', 'ext': 'mp4', 'width': 340, 'height': 192, 'tbr': 318.597, 'asr': None, 'fps': None, 'language': None, 'format_note': 'DASH video', 'filesize': None, 'vcodec': 'avc1.42001f', 'acodec': 'none'}
IE_TRACE:     14:50:49.362561 line      1885                         representation_ms_info = extract_multisegment_info(representation, adaption_set_ms_info)
IE_TRACE:         Starting var:.. element = <Element '{urn:mpeg:dash:schema:mpd:2011}Representation' at 0x7a93f4d54270>
IE_TRACE:         Starting var:.. ms_parent_info = {'start_number': 0, 'timescale': 1000000, 'segment_duration': 2000000.0, 'media': 'v_$RepresentationID$_$Number$.mp4d', 'initialization': 'vi_$RepresentationID$.mp4d'}
IE_TRACE:         Starting var:.. _add_ns = <function InfoExtractor._parse_mpd_formats.<locals>._add_ns at 0x7a93f4c402c0>
IE_TRACE:         14:50:49.364933 call      1772         def extract_multisegment_info(element, ms_parent_info):
IE_TRACE:         14:50:49.364973 line      1773             ms_info = ms_parent_info.copy()
IE_TRACE:         New var:....... ms_info = {'start_number': 0, 'timescale': 1000000, 'segment_duration': 2000000.0, 'media': 'v_$RepresentationID$_$Number$.mp4d', 'initialization': 'vi_$RepresentationID$.mp4d'}
IE_TRACE:         14:50:49.364994 line      1778             def extract_common(source):
IE_TRACE:         New var:....... extract_common = <function InfoExtractor._parse_mpd_formats.<locals>.extract_multisegment_info.<locals>.extract_common at 0x7a93f4c41260>
IE_TRACE:         14:50:49.365018 line      1804             def extract_Initialization(source):
IE_TRACE:         New var:....... extract_Initialization = <function InfoExtractor._parse_mpd_formats.<locals>.extract_multisegment_info.<locals>.extract_Initialization at 0x7a93f4c41300>
IE_TRACE:         14:50:49.365044 line      1809             segment_list = element.find(_add_ns('SegmentList'))
IE_TRACE:             Starting var:.. path = 'SegmentList'
IE_TRACE:             Starting var:.. namespace = 'urn:mpeg:dash:schema:mpd:2011'
IE_TRACE:             Starting var:.. self = <test.test_InfoExtractor.TestIE object at 0x7a93f6053b60>
IE_TRACE:             14:50:49.365073 call      1766         def _add_ns(path):
IE_TRACE:             14:50:49.365100 line      1767             return self._xpath_ns(path, namespace)
IE_TRACE:                 Starting var:.. path = 'SegmentList'
IE_TRACE:                 Starting var:.. namespace = 'urn:mpeg:dash:schema:mpd:2011'
IE_TRACE:                 14:50:49.365119 call      1507     def _xpath_ns(path, namespace=None):
IE_TRACE:                 14:50:49.365145 line      1508         if not namespace:
IE_TRACE:                 14:50:49.365161 line      1510         out = []
IE_TRACE:                 New var:....... out = []
IE_TRACE:                 14:50:49.365177 line      1511         for c in path.split('/'):
IE_TRACE:                 New var:....... c = 'SegmentList'
IE_TRACE:                 14:50:49.365197 line      1512             if not c or c == '.':
IE_TRACE:                 14:50:49.365218 line      1515                 out.append('{%s}%s' % (namespace, c))
IE_TRACE:                 Modified var:.. out = ['{urn:mpeg:dash:schema:mpd:2011}SegmentList']
IE_TRACE:                 14:50:49.365237 line      1511         for c in path.split('/'):
IE_TRACE:                 14:50:49.365257 line      1516         return '/'.join(out)
IE_TRACE:                 14:50:49.365275 return    1516         return '/'.join(out)
IE_TRACE:                 Return value:.. '{urn:mpeg:dash:schema:mpd:2011}SegmentList'
IE_TRACE:             14:50:49.365297 return    1767             return self._xpath_ns(path, namespace)
IE_TRACE:             Return value:.. '{urn:mpeg:dash:schema:mpd:2011}SegmentList'
IE_TRACE:         New var:....... segment_list = None
IE_TRACE:         14:50:49.365319 line      1810             if segment_list is not None:
IE_TRACE:         14:50:49.365346 line      1817                 segment_template = element.find(_add_ns('SegmentTemplate'))
IE_TRACE:             Starting var:.. path = 'SegmentTemplate'
IE_TRACE:             Starting var:.. namespace = 'urn:mpeg:dash:schema:mpd:2011'
IE_TRACE:             Starting var:.. self = <test.test_InfoExtractor.TestIE object at 0x7a93f6053b60>
IE_TRACE:             14:50:49.365370 call      1766         def _add_ns(path):
IE_TRACE:             14:50:49.365394 line      1767             return self._xpath_ns(path, namespace)
IE_TRACE:                 Starting var:.. path = 'SegmentTemplate'
IE_TRACE:                 Starting var:.. namespace = 'urn:mpeg:dash:schema:mpd:2011'
IE_TRACE:                 14:50:49.365411 call      1507     def _xpath_ns(path, namespace=None):
IE_TRACE:                 14:50:49.365432 line      1508         if not namespace:
IE_TRACE:                 14:50:49.365448 line      1510         out = []
IE_TRACE:                 New var:....... out = []
IE_TRACE:                 14:50:49.365464 line      1511         for c in path.split('/'):
IE_TRACE:                 New var:....... c = 'SegmentTemplate'
IE_TRACE:                 14:50:49.365483 line      1512             if not c or c == '.':
IE_TRACE:                 14:50:49.365502 line      1515                 out.append('{%s}%s' % (namespace, c))
IE_TRACE:                 Modified var:.. out = ['{urn:mpeg:dash:schema:mpd:2011}SegmentTemplate']
IE_TRACE:                 14:50:49.365519 line      1511         for c in path.split('/'):
IE_TRACE:                 14:50:49.365539 line      1516         return '/'.join(out)
IE_TRACE:                 14:50:49.365557 return    1516         return '/'.join(out)
IE_TRACE:                 Return value:.. '{urn:mpeg:dash:schema:mpd:2011}SegmentTemplate'
IE_TRACE:             14:50:49.365580 return    1767             return self._xpath_ns(path, namespace)
IE_TRACE:             Return value:.. '{urn:mpeg:dash:schema:mpd:2011}SegmentTemplate'
IE_TRACE:         New var:....... segment_template = None
IE_TRACE:         14:50:49.365600 line      1818                 if segment_template is not None:
IE_TRACE:         14:50:49.365627 line      1828             return ms_info
IE_TRACE:         14:50:49.365650 return    1828             return ms_info
IE_TRACE:         Return value:.. {'start_number': 0, 'timescale': 1000000, 'segment_duration': 2000000.0, 'media': 'v_$RepresentationID$_$Number$.mp4d', 'initialization': 'vi_$RepresentationID$.mp4d'}
IE_TRACE:     Modified var:.. representation_ms_info = {'start_number': 0, 'timescale': 1000000, 'segment_duration': 2000000.0, 'media': 'v_$RepresentationID$_$Number$.mp4d', 'initialization': 'vi_$RepresentationID$.mp4d'}
IE_TRACE:     14:50:49.365678 line      1887                         def prepare_template(template_name, identifiers):
IE_TRACE:     Modified var:.. prepare_template = <function InfoExtractor._parse_mpd_formats.<locals>.prepare_template at 0x7a93f4c41120>
IE_TRACE:     14:50:49.367109 line      1898                         if 'initialization' in representation_ms_info:
IE_TRACE:     14:50:49.368542 line      1899                             initialization_template = prepare_template(
IE_TRACE:     14:50:49.369939 line      1900                                 'initialization',
IE_TRACE:     14:50:49.371343 line      1904                                 ('Bandwidth', ))
IE_TRACE:     14:50:49.372755 line      1899                             initialization_template = prepare_template(
IE_TRACE:         Starting var:.. template_name = 'initialization'
IE_TRACE:         Starting var:.. identifiers = ('Bandwidth',)
IE_TRACE:         Starting var:.. representation_id = '318597'
IE_TRACE:         Starting var:.. representation_ms_info = {'start_number': 0, 'timescale': 1000000, 'segment_duration': 2000000.0, 'media': 'v_$RepresentationID$_$Number$.mp4d', 'initialization': 'vi_$RepresentationID$.mp4d'}
IE_TRACE:         14:50:49.374166 call      1887                         def prepare_template(template_name, identifiers):
IE_TRACE:         14:50:49.374200 line      1888                             t = representation_ms_info[template_name]
IE_TRACE:         New var:....... t = 'vi_$RepresentationID$.mp4d'
IE_TRACE:         14:50:49.374219 line      1889                             t = t.replace('$RepresentationID$', representation_id)
IE_TRACE:         Modified var:.. t = 'vi_318597.mp4d'
IE_TRACE:         14:50:49.374242 line      1890                             t = re.sub(r'\$(%s)\$' % '|'.join(identifiers), r'%(\1)d', t)
IE_TRACE:         Source path:... /path/to/BugsInPy/workspace/youtube-dl/youtube_dl/extractor/common.py
IE_TRACE:         14:50:49.374460 line      1891                             t = re.sub(r'\$(%s)%%([^$]+)\$' % '|'.join(identifiers), r'%(\1)\2', t)
IE_TRACE:         Source path:... /path/to/BugsInPy/workspace/youtube-dl/youtube_dl/extractor/common.py
IE_TRACE:         14:50:49.374649 line      1892                             t.replace('$$', '$')
IE_TRACE:         14:50:49.374671 line      1893                             return t
IE_TRACE:         14:50:49.374689 return    1893                             return t
IE_TRACE:         Return value:.. 'vi_318597.mp4d'
IE_TRACE:     Modified var:.. initialization_template = 'vi_318597.mp4d'
IE_TRACE:     14:50:49.374711 line      1905                             representation_ms_info['initialization_url'] = initialization_template % {
IE_TRACE:     14:50:49.376195 line      1906                                 'Bandwidth': bandwidth,
IE_TRACE:     14:50:49.377646 line      1905                             representation_ms_info['initialization_url'] = initialization_template % {
IE_TRACE:     Modified var:.. representation_ms_info = {'start_number': 0, 'timescale': 1000000, 'segment_duration': 2000000.0, 'media': 'v_$RepresentationID$_$Number$.mp4d', 'initialization': 'vi_$RepresentationID$.mp4d', 'initialization_url': 'vi_318597.mp4d'}
IE_TRACE:     14:50:49.379066 line      1909                         def location_key(location):
IE_TRACE:     Modified var:.. location_key = <function InfoExtractor._parse_mpd_formats.<locals>.location_key at 0x7a93f4c40400>
IE_TRACE:     14:50:49.380484 line      1912                         if 'segment_urls' not in representation_ms_info and 'media' in representation_ms_info:
IE_TRACE:     14:50:49.382046 line      1914                             media_template = prepare_template('media', ('Number', 'Bandwidth', 'Time'))
IE_TRACE:         Starting var:.. template_name = 'media'
IE_TRACE:         Starting var:.. identifiers = ('Number', 'Bandwidth', 'Time')
IE_TRACE:         Starting var:.. representation_id = '318597'
IE_TRACE:         Starting var:.. representation_ms_info = {'start_number': 0, 'timescale': 1000000, 'segment_duration': 2000000.0, 'media': 'v_$RepresentationID$_$Number$.mp4d', 'initialization': 'vi_$RepresentationID$.mp4d', 'initialization_url': 'vi_318597.mp4d'}
IE_TRACE:         14:50:49.383454 call      1887                         def prepare_template(template_name, identifiers):
IE_TRACE:         14:50:49.383495 line      1888                             t = representation_ms_info[template_name]
IE_TRACE:         New var:....... t = 'v_$RepresentationID$_$Number$.mp4d'
IE_TRACE:         14:50:49.383513 line      1889                             t = t.replace('$RepresentationID$', representation_id)
IE_TRACE:         Modified var:.. t = 'v_318597_$Number$.mp4d'
IE_TRACE:         14:50:49.383536 line      1890                             t = re.sub(r'\$(%s)\$' % '|'.join(identifiers), r'%(\1)d', t)
IE_TRACE:         Source path:... /path/to/BugsInPy/workspace/youtube-dl/youtube_dl/extractor/common.py
IE_TRACE:         Modified var:.. t = 'v_318597_%(Number)d.mp4d'
IE_TRACE:         14:50:49.383743 line      1891                             t = re.sub(r'\$(%s)%%([^$]+)\$' % '|'.join(identifiers), r'%(\1)\2', t)
IE_TRACE:         Source path:... /path/to/BugsInPy/workspace/youtube-dl/youtube_dl/extractor/common.py
IE_TRACE:         14:50:49.383948 line      1892                             t.replace('$$', '$')
IE_TRACE:         14:50:49.383970 line      1893                             return t
IE_TRACE:         14:50:49.383988 return    1893                             return t
IE_TRACE:         Return value:.. 'v_318597_%(Number)d.mp4d'
IE_TRACE:     Modified var:.. media_template = 'v_318597_%(Number)d.mp4d'
IE_TRACE:     14:50:49.384010 line      1915                             media_location_key = location_key(media_template)
IE_TRACE:         Starting var:.. location = 'v_318597_%(Number)d.mp4d'
IE_TRACE:         14:50:49.385419 call      1909                         def location_key(location):
IE_TRACE:         14:50:49.385438 line      1910                             return 'url' if re.match(r'^https?://', location) else 'path'
IE_TRACE:         Source path:... /path/to/BugsInPy/workspace/youtube-dl/youtube_dl/extractor/common.py
IE_TRACE:         14:50:49.385615 return    1910                             return 'url' if re.match(r'^https?://', location) else 'path'
IE_TRACE:         Return value:.. 'path'
IE_TRACE:     14:50:49.385636 line      1919                             if '%(Number' in media_template and 's' not in representation_ms_info:
IE_TRACE:     14:50:49.387033 line      1920                                 segment_duration = None
IE_TRACE:     Modified var:.. segment_duration = None
IE_TRACE:     14:50:49.388427 line      1921                                 if 'total_number' not in representation_ms_info and 'segment_duration' in representation_ms_info:
IE_TRACE:     14:50:49.389830 line      1922                                     segment_duration = float_or_none(representation_ms_info['segment_duration'], representation_ms_info['timescale'])
IE_TRACE:         Source path:... /path/to/BugsInPy/workspace/youtube-dl/youtube_dl/utils.py
IE_TRACE:         Starting var:.. v = 2000000.0
IE_TRACE:         Starting var:.. scale = 1000000
IE_TRACE:         Starting var:.. invscale = 1
IE_TRACE:         Starting var:.. default = None
IE_TRACE:         14:50:49.391225 call      1811 def float_or_none(v, scale=1, invscale=1, default=None):
IE_TRACE:         14:50:49.391259 line      1812     if v is None:
IE_TRACE:         14:50:49.391276 line      1814     try:
IE_TRACE:         14:50:49.391293 line      1815         return float(v) * invscale / scale
IE_TRACE:         14:50:49.391311 return    1815         return float(v) * invscale / scale
IE_TRACE:         Return value:.. 2.0
IE_TRACE:     Source path:... /path/to/BugsInPy/workspace/youtube-dl/youtube_dl/extractor/common.py
IE_TRACE:     Modified var:.. segment_duration = 2.0
IE_TRACE:     14:50:49.391333 line      1923                                     representation_ms_info['total_number'] = int(math.ceil(float(period_duration) / segment_duration))
IE_TRACE:     Modified var:.. representation_ms_info = {'start_number': 0, 'timescale': 1000000, 'segment_duration': 2000000.0, 'media': 'v_$RepresentationID$_$Number$.mp4d', 'initialization': 'vi_$RepresentationID$.mp4d', 'initialization_url': 'vi_318597.mp4d', 'total_number': 3007}
IE_TRACE:     14:50:49.392771 line      1930                                 } for segment_number in range(
IE_TRACE:     14:50:49.394186 line      1931                                     representation_ms_info['start_number'],
IE_TRACE:     14:50:49.395619 line      1932                                     representation_ms_info['total_number'] + representation_ms_info['start_number'])]
IE_TRACE:     14:50:49.397015 line      1930                                 } for segment_number in range(
IE_TRACE:     14:50:49.398487 line      1924                                 representation_ms_info['fragments'] = [{
IE_TRACE:     14:50:49.399909 line      1930                                 } for segment_number in range(
IE_TRACE:     New var:....... segment_number = 0
IE_TRACE:     14:50:49.401315 line      1925                                     media_location_key: media_template % {
IE_TRACE:     14:50:49.402714 line      1926                                         'Number': segment_number,
IE_TRACE:     14:50:49.404109 line      1927                                         'Bandwidth': bandwidth,
IE_TRACE:     14:50:49.405501 line      1925                                     media_location_key: media_template % {
IE_TRACE:     14:50:49.406928 line      1929                                     'duration': segment_duration,
IE_TRACE:     14:50:49.408363 line      1924                                 representation_ms_info['fragments'] = [{
IE_TRACE:     [CONDENSED] 3005 identical loop iterations skipped (3007 total iterations, showing first and last)
IE_TRACE:     14:51:22.653960 line      1924                                 representation_ms_info['fragments'] = [{
IE_TRACE:     14:51:22.655321 line      1930                                 } for segment_number in range(
IE_TRACE:     Modified var:.. segment_number = 3006
IE_TRACE:     14:51:22.656691 line      1925                                     media_location_key: media_template % {
IE_TRACE:     14:51:22.658062 line      1926                                         'Number': segment_number,
IE_TRACE:     14:51:22.659432 line      1927                                         'Bandwidth': bandwidth,
IE_TRACE:     14:51:22.660825 line      1925                                     media_location_key: media_template % {
IE_TRACE:     14:51:22.662198 line      1929                                     'duration': segment_duration,
IE_TRACE:     14:51:22.663560 line      1924                                 representation_ms_info['fragments'] = [{
IE_TRACE:     14:51:22.664929 line      1924                                 representation_ms_info['fragments'] = [{
IE_TRACE:     Modified var:.. representation_ms_info = {'start_number': 0, 'timescale': 1000000, 'segment_duration': 2000000.0, 'media': 'v_$RepresentationID$_$Number$.mp4d', 'initialization': 'vi_$RepresentationID$.mp4d', 'initialization_url': 'vi_318597.mp4d', 'total_number': 3007, 'fragments': [{'pa...0}, {'path': 'v_318597_3002.mp4d', 'duration': 2.0}, {'path': 'v_318597_3003.mp4d', 'duration': 2.0}, {'path': 'v_318597_3004.mp4d', 'duration': 2.0}, {'path': 'v_318597_3005.mp4d', 'duration': 2.0}, {'path': 'v_318597_3006.mp4d', 'duration': 2.0}]}
IE_TRACE:     14:51:22.666307 line      1998                         if 'fragments' in representation_ms_info:
IE_TRACE:     14:51:22.668410 line      1999                             f.update({
IE_TRACE:     14:51:22.670439 line      2000                                 'fragment_base_url': base_url,
IE_TRACE:     14:51:22.672471 line      2001                                 'fragments': [],
IE_TRACE:     14:51:22.674497 line      2002                                 'protocol': 'http_dash_segments',
IE_TRACE:     14:51:22.676538 line      1999                             f.update({
IE_TRACE:     Modified var:.. f = {'format_id': '318597', 'url': '', 'manifest_url': 'http://unknown/manifest.mpd', 'ext': 'mp4', 'width': 340, 'height': 192, 'tbr': 318.597, 'asr': None, 'fps': None, 'language': None, 'format_note': 'DASH video', 'filesize': None, 'vcodec': 'avc1.42001f', 'acodec': 'none', 'fragment_base_url': '', 'fragments': [], 'protocol': 'http_dash_segments'}
IE_TRACE:     14:51:22.678569 line      2004                             if 'initialization_url' in representation_ms_info:
IE_TRACE:     14:51:22.680610 line      2005                                 initialization_url = representation_ms_info['initialization_url']
IE_TRACE:     Modified var:.. initialization_url = 'vi_318597.mp4d'
IE_TRACE:     14:51:22.682642 line      2006                                 if not f.get('url'):
IE_TRACE:     14:51:22.684673 line      2007                                     f['url'] = initialization_url
IE_TRACE:     Modified var:.. f = {'format_id': '318597', 'url': 'vi_318597.mp4d', 'manifest_url': 'http://unknown/manifest.mpd', 'ext': 'mp4', 'width': 340, 'height': 192, 'tbr': 318.597, 'asr': None, 'fps': None, 'language': None, 'format_note': 'DASH video', 'filesize': None, 'vcodec': 'avc1.42001f', 'acodec': 'none', 'fragment_base_url': '', 'fragments': [], 'protocol': 'http_dash_segments'}
IE_TRACE:     14:51:22.686707 line      2008                                 f['fragments'].append({location_key(initialization_url): initialization_url})
IE_TRACE:         Starting var:.. location = 'vi_318597.mp4d'
IE_TRACE:         14:51:22.688750 call      1909                         def location_key(location):
IE_TRACE:         14:51:22.688776 line      1910                             return 'url' if re.match(r'^https?://', location) else 'path'
IE_TRACE:         Source path:... /path/to/BugsInPy/workspace/youtube-dl/youtube_dl/extractor/common.py
IE_TRACE:         14:51:22.688995 return    1910                             return 'url' if re.match(r'^https?://', location) else 'path'
IE_TRACE:         Return value:.. 'path'
IE_TRACE:     Modified var:.. f = {'format_id': '318597', 'url': 'vi_318597.mp4d', 'manifest_url': 'http://unknown/manifest.mpd', 'ext': 'mp4', 'width': 340, 'height': 192, 'tbr': 318.597, 'asr': None, 'fps': None, 'language': None, 'format_note': 'DASH video', 'filesize': None, 'vcodec': 'avc1.42001f', 'acodec': 'none', 'fragment_base_url': '', 'fragments': [{'path': 'vi_318597.mp4d'}], 'protocol': 'http_dash_segments'}
IE_TRACE:     14:51:22.689024 line      2009                             f['fragments'].extend(representation_ms_info['fragments'])
IE_TRACE:     Modified var:.. f = {'format_id': '318597', 'url': 'vi_318597.mp4d', 'manifest_url': 'http://unknown/manifest.mpd', 'ext': 'mp4', 'width': 340, 'height': 192, 'tbr': 318.597, 'asr': None, 'fps': None, 'language': None, 'format_note': 'DASH video', 'filesize': None, 'v... 'duration': 2.0}, {'path': 'v_318597_3003.mp4d', 'duration': 2.0}, {'path': 'v_318597_3004.mp4d', 'duration': 2.0}, {'path': 'v_318597_3005.mp4d', 'duration': 2.0}, {'path': 'v_318597_3006.mp4d', 'duration': 2.0}], 'protocol': 'http_dash_segments'}
IE_TRACE:     14:51:22.691069 line      2010                         try:
IE_TRACE:     14:51:22.693814 line      2011                             existing_format = next(
IE_TRACE:     14:51:22.696492 line      2012                                 fo for fo in formats
IE_TRACE:     14:51:22.699176 line      2011                             existing_format = next(
IE_TRACE:         Starting var:.. .0 = <list_iterator object at 0x7a93f4ec64d0>
IE_TRACE:         Starting var:.. representation_id = '318597'
IE_TRACE:         14:51:22.701868 call      2011                             existing_format = next(
IE_TRACE:         14:51:22.701901 line      2011                             existing_format = next(
IE_TRACE:         14:51:22.701917 line      2012                                 fo for fo in formats
IE_TRACE:         New var:....... fo = {'format_id': '318597', 'url': 'ai_318597.mp4d', 'manifest_url': 'http://unknown/manifest.mpd', 'ext': 'm4a', 'width': None, 'height': None, 'tbr': 61.587, 'asr': None, 'fps': None, 'language': None, 'format_note': 'DASH audio', 'filesize': None, '... 'duration': 2.0}, {'path': 'a_318597_3003.mp4d', 'duration': 2.0}, {'path': 'a_318597_3004.mp4d', 'duration': 2.0}, {'path': 'a_318597_3005.mp4d', 'duration': 2.0}, {'path': 'a_318597_3006.mp4d', 'duration': 2.0}], 'protocol': 'http_dash_segments'}
IE_TRACE:         14:51:22.701931 line      2013                                 if fo['format_id'] == representation_id)
IE_TRACE:         14:51:22.702616 line      2012                                 fo for fo in formats
IE_TRACE:         14:51:22.703293 return    2012                                 fo for fo in formats
IE_TRACE:         Return value:.. {'format_id': '318597', 'url': 'ai_318597.mp4d', 'manifest_url': 'http://unknown/manifest.mpd', 'ext': 'm4a', 'width': None, 'height': None, 'tbr': 61.587, 'asr': None, 'fps': None, 'language': None, 'format_note': 'DASH audio', 'filesize': None, '... 'duration': 2.0}, {'path': 'a_318597_3003.mp4d', 'duration': 2.0}, {'path': 'a_318597_3004.mp4d', 'duration': 2.0}, {'path': 'a_318597_3005.mp4d', 'duration': 2.0}, {'path': 'a_318597_3006.mp4d', 'duration': 2.0}], 'protocol': 'http_dash_segments'}
IE_TRACE:     New var:....... existing_format = {'format_id': '318597', 'url': 'ai_318597.mp4d', 'manifest_url': 'http://unknown/manifest.mpd', 'ext': 'm4a', 'width': None, 'height': None, 'tbr': 61.587, 'asr': None, 'fps': None, 'language': None, 'format_note': 'DASH audio', 'filesize': None, '... 'duration': 2.0}, {'path': 'a_318597_3003.mp4d', 'duration': 2.0}, {'path': 'a_318597_3004.mp4d', 'duration': 2.0}, {'path': 'a_318597_3005.mp4d', 'duration': 2.0}, {'path': 'a_318597_3006.mp4d', 'duration': 2.0}], 'protocol': 'http_dash_segments'}
IE_TRACE:     14:51:22.704640 line      2019                             existing_format.update(f)
IE_TRACE:     Modified var:.. formats = [{'format_id': '318597', 'url': 'vi_318597.mp4d', 'manifest_url': 'http://unknown/manifest.mpd', 'ext': 'mp4', 'width': 340, 'height': 192, 'tbr': 318.597, 'asr': None, 'fps': None, 'language': None, 'format_note': 'DASH video', 'filesize': None, '...'duration': 2.0}, {'path': 'v_318597_3003.mp4d', 'duration': 2.0}, {'path': 'v_318597_3004.mp4d', 'duration': 2.0}, {'path': 'v_318597_3005.mp4d', 'duration': 2.0}, {'path': 'v_318597_3006.mp4d', 'duration': 2.0}], 'protocol': 'http_dash_segments'}]
IE_TRACE:     Modified var:.. existing_format = {'format_id': '318597', 'url': 'vi_318597.mp4d', 'manifest_url': 'http://unknown/manifest.mpd', 'ext': 'mp4', 'width': 340, 'height': 192, 'tbr': 318.597, 'asr': None, 'fps': None, 'language': None, 'format_note': 'DASH video', 'filesize': None, 'v... 'duration': 2.0}, {'path': 'v_318597_3003.mp4d', 'duration': 2.0}, {'path': 'v_318597_3004.mp4d', 'duration': 2.0}, {'path': 'v_318597_3005.mp4d', 'duration': 2.0}, {'path': 'v_318597_3006.mp4d', 'duration': 2.0}], 'protocol': 'http_dash_segments'}
IE_TRACE:     Modified var:.. full_info = {'format_id': '318597', 'url': 'vi_318597.mp4d', 'manifest_url': 'http://unknown/manifest.mpd', 'ext': 'mp4', 'width': 340, 'height': 192, 'tbr': 318.597, 'asr': None, 'fps': None, 'language': None, 'format_note': 'DASH video', 'filesize': None, 'v... 'duration': 2.0}, {'path': 'v_318597_3003.mp4d', 'duration': 2.0}, {'path': 'v_318597_3004.mp4d', 'duration': 2.0}, {'path': 'v_318597_3005.mp4d', 'duration': 2.0}, {'path': 'v_318597_3006.mp4d', 'duration': 2.0}], 'protocol': 'http_dash_segments'}
IE_TRACE:     14:51:22.708107 line      1842                 for representation in adaptation_set.findall(_add_ns('Representation')):
IE_TRACE:     Modified var:.. representation = <Element '{urn:mpeg:dash:schema:mpd:2011}Representation' at 0x7a93f4d542c0>
IE_TRACE:     14:51:22.711531 line      1843                     if is_drm_protected(representation):
IE_TRACE:         Starting var:.. element = <Element '{urn:mpeg:dash:schema:mpd:2011}Representation' at 0x7a93f4d542c0>
IE_TRACE:         Starting var:.. _add_ns = <function InfoExtractor._parse_mpd_formats.<locals>._add_ns at 0x7a93f4c402c0>
IE_TRACE:         14:51:22.714963 call      1769         def is_drm_protected(element):
IE_TRACE:         14:51:22.714989 line      1770             return element.find(_add_ns('ContentProtection')) is not None
IE_TRACE:             Starting var:.. path = 'ContentProtection'
IE_TRACE:             Starting var:.. namespace = 'urn:mpeg:dash:schema:mpd:2011'
IE_TRACE:             Starting var:.. self = <test.test_InfoExtractor.TestIE object at 0x7a93f6053b60>
IE_TRACE:             14:51:22.715006 call      1766         def _add_ns(path):
IE_TRACE:             14:51:22.715031 line      1767             return self._xpath_ns(path, namespace)
IE_TRACE:                 Starting var:.. path = 'ContentProtection'
IE_TRACE:                 Starting var:.. namespace = 'urn:mpeg:dash:schema:mpd:2011'
IE_TRACE:                 14:51:22.715051 call      1507     def _xpath_ns(path, namespace=None):
IE_TRACE:                 14:51:22.715081 line      1508         if not namespace:
IE_TRACE:                 14:51:22.715097 line      1510         out = []
IE_TRACE:                 New var:....... out = []
IE_TRACE:                 14:51:22.715112 line      1511         for c in path.split('/'):
IE_TRACE:                 New var:....... c = 'ContentProtection'
IE_TRACE:                 14:51:22.715132 line      1512             if not c or c == '.':
IE_TRACE:                 14:51:22.715151 line      1515                 out.append('{%s}%s' % (namespace, c))
IE_TRACE:                 Modified var:.. out = ['{urn:mpeg:dash:schema:mpd:2011}ContentProtection']
IE_TRACE:                 14:51:22.715171 line      1511         for c in path.split('/'):
IE_TRACE:                 14:51:22.715189 line      1516         return '/'.join(out)
IE_TRACE:                 14:51:22.715206 return    1516         return '/'.join(out)
IE_TRACE:                 Return value:.. '{urn:mpeg:dash:schema:mpd:2011}ContentProtection'
IE_TRACE:             14:51:22.715228 return    1767             return self._xpath_ns(path, namespace)
IE_TRACE:             Return value:.. '{urn:mpeg:dash:schema:mpd:2011}ContentProtection'
IE_TRACE:         14:51:22.715250 return    1770             return element.find(_add_ns('ContentProtection')) is not None
IE_TRACE:         Return value:.. False
IE_TRACE:     14:51:22.715271 line      1845                     representation_attrib = adaptation_set.attrib.copy()
IE_TRACE:     Modified var:.. representation_attrib = {'mimeType': 'video/mp4', 'startWithSAP': '1', 'segmentAlignment': 'true'}
IE_TRACE:     14:51:22.718605 line      1846                     representation_attrib.update(representation.attrib)
IE_TRACE:     Modified var:.. representation_attrib = {'mimeType': 'video/mp4', 'startWithSAP': '1', 'segmentAlignment': 'true', 'id': '638590', 'codecs': 'avc1.42001f', 'width': '512', 'height': '288', 'bandwidth': '638590'}
IE_TRACE:     14:51:22.721948 line      1848                     mime_type = representation_attrib['mimeType']
IE_TRACE:     14:51:22.725331 line      1849                     content_type = mime_type.split('/')[0]
IE_TRACE:     14:51:22.728691 line      1850                     if content_type == 'text':
IE_TRACE:     14:51:22.732030 line      1853                     elif content_type in ('video', 'audio'):
IE_TRACE:     14:51:22.735389 line      1854                         base_url = ''
IE_TRACE:     14:51:22.738738 line      1855                         for element in (representation, adaptation_set, period, mpd_doc):
IE_TRACE:     Modified var:.. element = <Element '{urn:mpeg:dash:schema:mpd:2011}Representation' at 0x7a93f4d542c0>
IE_TRACE:     14:51:22.742096 line      1856                             base_url_e = element.find(_add_ns('BaseURL'))
IE_TRACE:         Starting var:.. path = 'BaseURL'
IE_TRACE:         Starting var:.. namespace = 'urn:mpeg:dash:schema:mpd:2011'
IE_TRACE:         Starting var:.. self = <test.test_InfoExtractor.TestIE object at 0x7a93f6053b60>
IE_TRACE:         14:51:22.745444 call      1766         def _add_ns(path):
IE_TRACE:         14:51:22.745474 line      1767             return self._xpath_ns(path, namespace)
IE_TRACE:             Starting var:.. path = 'BaseURL'
IE_TRACE:             Starting var:.. namespace = 'urn:mpeg:dash:schema:mpd:2011'
IE_TRACE:             14:51:22.745491 call      1507     def _xpath_ns(path, namespace=None):
IE_TRACE:             14:51:22.745512 line      1508         if not namespace:
IE_TRACE:             14:51:22.745528 line      1510         out = []
IE_TRACE:             New var:....... out = []
IE_TRACE:             14:51:22.745543 line      1511         for c in path.split('/'):
IE_TRACE:             New var:....... c = 'BaseURL'
IE_TRACE:             14:51:22.745561 line      1512             if not c or c == '.':
IE_TRACE:             14:51:22.745584 line      1515                 out.append('{%s}%s' % (namespace, c))
IE_TRACE:             Modified var:.. out = ['{urn:mpeg:dash:schema:mpd:2011}BaseURL']
IE_TRACE:             14:51:22.745601 line      1511         for c in path.split('/'):
IE_TRACE:             14:51:22.745619 line      1516         return '/'.join(out)
IE_TRACE:             14:51:22.745636 return    1516         return '/'.join(out)
IE_TRACE:             Return value:.. '{urn:mpeg:dash:schema:mpd:2011}BaseURL'
IE_TRACE:         14:51:22.745656 return    1767             return self._xpath_ns(path, namespace)
IE_TRACE:         Return value:.. '{urn:mpeg:dash:schema:mpd:2011}BaseURL'
IE_TRACE:     14:51:22.745675 line      1857                             if base_url_e is not None:
IE_TRACE:     [CONDENSED] 2 identical loop iterations skipped (4 total iterations, showing first and last)
IE_TRACE:     14:51:22.769819 line      1855                         for element in (representation, adaptation_set, period, mpd_doc):
IE_TRACE:     Modified var:.. element = <Element '{urn:mpeg:dash:schema:mpd:2011}MPD' at 0x7a93f4d5fd30>
IE_TRACE:     14:51:22.773215 line      1856                             base_url_e = element.find(_add_ns('BaseURL'))
IE_TRACE:         Starting var:.. path = 'BaseURL'
IE_TRACE:         Starting var:.. namespace = 'urn:mpeg:dash:schema:mpd:2011'
IE_TRACE:         Starting var:.. self = <test.test_InfoExtractor.TestIE object at 0x7a93f6053b60>
IE_TRACE:         14:51:22.776615 call      1766         def _add_ns(path):
IE_TRACE:         14:51:22.776643 line      1767             return self._xpath_ns(path, namespace)
IE_TRACE:             Starting var:.. path = 'BaseURL'
IE_TRACE:             Starting var:.. namespace = 'urn:mpeg:dash:schema:mpd:2011'
IE_TRACE:             14:51:22.776659 call      1507     def _xpath_ns(path, namespace=None):
IE_TRACE:             14:51:22.776683 line      1508         if not namespace:
IE_TRACE:             14:51:22.776698 line      1510         out = []
IE_TRACE:             New var:....... out = []
IE_TRACE:             14:51:22.776713 line      1511         for c in path.split('/'):
IE_TRACE:             New var:....... c = 'BaseURL'
IE_TRACE:             14:51:22.776731 line      1512             if not c or c == '.':
IE_TRACE:             14:51:22.776749 line      1515                 out.append('{%s}%s' % (namespace, c))
IE_TRACE:             Modified var:.. out = ['{urn:mpeg:dash:schema:mpd:2011}BaseURL']
IE_TRACE:             14:51:22.776765 line      1511         for c in path.split('/'):
IE_TRACE:             14:51:22.776784 line      1516         return '/'.join(out)
IE_TRACE:             14:51:22.776800 return    1516         return '/'.join(out)
IE_TRACE:             Return value:.. '{urn:mpeg:dash:schema:mpd:2011}BaseURL'
IE_TRACE:         14:51:22.776819 return    1767             return self._xpath_ns(path, namespace)
IE_TRACE:         Return value:.. '{urn:mpeg:dash:schema:mpd:2011}BaseURL'
IE_TRACE:     14:51:22.776838 line      1857                             if base_url_e is not None:
IE_TRACE:     14:51:22.780186 line      1855                         for element in (representation, adaptation_set, period, mpd_doc):
IE_TRACE:     14:51:22.783537 line      1861                         if mpd_base_url and not re.match(r'^https?://', base_url):
IE_TRACE:     14:51:22.786876 line      1865                         representation_id = representation_attrib.get('id')
IE_TRACE:     Modified var:.. representation_id = '638590'
IE_TRACE:     14:51:22.790249 line      1866                         lang = representation_attrib.get('lang')
IE_TRACE:     14:51:22.793589 line      1867                         url_el = representation.find(_add_ns('BaseURL'))
IE_TRACE:         Starting var:.. path = 'BaseURL'
IE_TRACE:         Starting var:.. namespace = 'urn:mpeg:dash:schema:mpd:2011'
IE_TRACE:         Starting var:.. self = <test.test_InfoExtractor.TestIE object at 0x7a93f6053b60>
IE_TRACE:         14:51:22.796936 call      1766         def _add_ns(path):
IE_TRACE:         14:51:22.796963 line      1767             return self._xpath_ns(path, namespace)
IE_TRACE:             Starting var:.. path = 'BaseURL'
IE_TRACE:             Starting var:.. namespace = 'urn:mpeg:dash:schema:mpd:2011'
IE_TRACE:             14:51:22.796979 call      1507     def _xpath_ns(path, namespace=None):
IE_TRACE:             14:51:22.797002 line      1508         if not namespace:
IE_TRACE:             14:51:22.797017 line      1510         out = []
IE_TRACE:             New var:....... out = []
IE_TRACE:             14:51:22.797031 line      1511         for c in path.split('/'):
IE_TRACE:             New var:....... c = 'BaseURL'
IE_TRACE:             14:51:22.797049 line      1512             if not c or c == '.':
IE_TRACE:             14:51:22.797068 line      1515                 out.append('{%s}%s' % (namespace, c))
IE_TRACE:             Modified var:.. out = ['{urn:mpeg:dash:schema:mpd:2011}BaseURL']
IE_TRACE:             14:51:22.797084 line      1511         for c in path.split('/'):
IE_TRACE:             14:51:22.797102 line      1516         return '/'.join(out)
IE_TRACE:             14:51:22.797118 return    1516         return '/'.join(out)
IE_TRACE:             Return value:.. '{urn:mpeg:dash:schema:mpd:2011}BaseURL'
IE_TRACE:         14:51:22.797138 return    1767             return self._xpath_ns(path, namespace)
IE_TRACE:         Return value:.. '{urn:mpeg:dash:schema:mpd:2011}BaseURL'
IE_TRACE:     14:51:22.797157 line      1868                         filesize = int_or_none(url_el.attrib.get('{http://youtube.com/yt/2012/10/10}contentLength') if url_el is not None else None)
IE_TRACE:         Source path:... /path/to/BugsInPy/workspace/youtube-dl/youtube_dl/utils.py
IE_TRACE:         Starting var:.. v = None
IE_TRACE:         Starting var:.. scale = 1
IE_TRACE:         Starting var:.. default = None
IE_TRACE:         Starting var:.. get_attr = None
IE_TRACE:         Starting var:.. invscale = 1
IE_TRACE:         14:51:22.800562 call      1785 def int_or_none(v, scale=1, default=None, get_attr=None, invscale=1):
IE_TRACE:         14:51:22.800605 line      1786     if get_attr:
IE_TRACE:         14:51:22.800623 line      1789     if v == '':
IE_TRACE:         14:51:22.800640 line      1791     if v is None:
IE_TRACE:         14:51:22.800657 line      1792         return default
IE_TRACE:         14:51:22.800674 return    1792         return default
IE_TRACE:         Return value:.. None
IE_TRACE:     Source path:... /path/to/BugsInPy/workspace/youtube-dl/youtube_dl/extractor/common.py
IE_TRACE:     14:51:22.800696 line      1869                         bandwidth = int_or_none(representation_attrib.get('bandwidth'))
IE_TRACE:         Source path:... /path/to/BugsInPy/workspace/youtube-dl/youtube_dl/utils.py
IE_TRACE:         Starting var:.. v = '638590'
IE_TRACE:         Starting var:.. scale = 1
IE_TRACE:         Starting var:.. default = None
IE_TRACE:         Starting var:.. get_attr = None
IE_TRACE:         Starting var:.. invscale = 1
IE_TRACE:         14:51:22.804084 call      1785 def int_or_none(v, scale=1, default=None, get_attr=None, invscale=1):
IE_TRACE:         14:51:22.804119 line      1786     if get_attr:
IE_TRACE:         14:51:22.804137 line      1789     if v == '':
IE_TRACE:         14:51:22.804154 line      1791     if v is None:
IE_TRACE:         14:51:22.804171 line      1793     try:
IE_TRACE:         14:51:22.804188 line      1794         return int(v) * invscale // scale
IE_TRACE:         14:51:22.804211 return    1794         return int(v) * invscale // scale
IE_TRACE:         Return value:.. 638590
IE_TRACE:     Source path:... /path/to/BugsInPy/workspace/youtube-dl/youtube_dl/extractor/common.py
IE_TRACE:     Modified var:.. bandwidth = 638590
IE_TRACE:     14:51:22.804233 line      1871                             'format_id': '%s-%s' % (mpd_id, representation_id) if mpd_id else representation_id,
IE_TRACE:     14:51:22.807651 line      1872                             'url': base_url,
IE_TRACE:     14:51:22.811053 line      1873                             'manifest_url': mpd_url,
IE_TRACE:     14:51:22.814459 line      1874                             'ext': mimetype2ext(mime_type),
IE_TRACE:         Source path:... /path/to/BugsInPy/workspace/youtube-dl/youtube_dl/utils.py
IE_TRACE:         Starting var:.. mt = 'video/mp4'
IE_TRACE:         14:51:22.817867 call      2332 def mimetype2ext(mt):
IE_TRACE:         14:51:22.817891 line      2333     if mt is None:
IE_TRACE:         14:51:22.817906 line      2337         'audio/mp4': 'm4a',
IE_TRACE:         14:51:22.817921 line      2340         'audio/mpeg': 'mp3',
IE_TRACE:         14:51:22.817936 line      2336     ext = {
IE_TRACE:         14:51:22.817950 line      2341     }.get(mt)
IE_TRACE:         14:51:22.817965 line      2336     ext = {
IE_TRACE:         New var:....... ext = None
IE_TRACE:         14:51:22.817979 line      2342     if ext is not None:
IE_TRACE:         14:51:22.817997 line      2345     _, _, res = mt.rpartition('/')
IE_TRACE:         New var:....... _ = '/'
IE_TRACE:         New var:....... res = 'mp4'
IE_TRACE:         14:51:22.818013 line      2346     res = res.split(';')[0].strip().lower()
IE_TRACE:         14:51:22.818038 line      2348     return {
IE_TRACE:         14:51:22.818055 line      2349         '3gpp': '3gp',
IE_TRACE:         14:51:22.818071 line      2348     return {
IE_TRACE:         14:51:22.818087 line      2350         'smptett+xml': 'tt',
IE_TRACE:         14:51:22.818103 line      2348     return {
IE_TRACE:         14:51:22.818119 line      2351         'ttaf+xml': 'dfxp',
IE_TRACE:         14:51:22.818135 line      2348     return {
IE_TRACE:         14:51:22.818151 line      2352         'ttml+xml': 'ttml',
IE_TRACE:         14:51:22.818167 line      2348     return {
IE_TRACE:         14:51:22.818183 line      2353         'x-flv': 'flv',
IE_TRACE:         14:51:22.818199 line      2348     return {
IE_TRACE:         14:51:22.818214 line      2354         'x-mp4-fragmented': 'mp4',
IE_TRACE:         14:51:22.818230 line      2348     return {
IE_TRACE:         14:51:22.818246 line      2355         'x-ms-sami': 'sami',
IE_TRACE:         14:51:22.818261 line      2348     return {
IE_TRACE:         14:51:22.818277 line      2356         'x-ms-wmv': 'wmv',
IE_TRACE:         14:51:22.818293 line      2348     return {
IE_TRACE:         14:51:22.818308 line      2357         'mpegurl': 'm3u8',
IE_TRACE:         14:51:22.818324 line      2348     return {
IE_TRACE:         14:51:22.818339 line      2358         'x-mpegurl': 'm3u8',
IE_TRACE:         14:51:22.818355 line      2348     return {
IE_TRACE:         14:51:22.818371 line      2359         'vnd.apple.mpegurl': 'm3u8',
IE_TRACE:         14:51:22.818386 line      2348     return {
IE_TRACE:         14:51:22.818402 line      2360         'dash+xml': 'mpd',
IE_TRACE:         14:51:22.818418 line      2348     return {
IE_TRACE:         14:51:22.818433 line      2361         'f4m+xml': 'f4m',
IE_TRACE:         14:51:22.818449 line      2348     return {
IE_TRACE:         14:51:22.818465 line      2362         'hds+xml': 'f4m',
IE_TRACE:         14:51:22.818481 line      2348     return {
IE_TRACE:         14:51:22.818496 line      2363         'vnd.ms-sstr+xml': 'ism',
IE_TRACE:         14:51:22.818512 line      2348     return {
IE_TRACE:         14:51:22.818527 line      2364         'quicktime': 'mov',
IE_TRACE:         14:51:22.818543 line      2348     return {
IE_TRACE:         14:51:22.818558 line      2365         'mp2t': 'ts',
IE_TRACE:         14:51:22.818576 line      2348     return {
IE_TRACE:         14:51:22.818592 line      2366     }.get(res, res)
IE_TRACE:         14:51:22.818608 line      2348     return {
IE_TRACE:         14:51:22.818624 return    2348     return {
IE_TRACE:         Return value:.. 'mp4'
IE_TRACE:     Source path:... /path/to/BugsInPy/workspace/youtube-dl/youtube_dl/extractor/common.py
IE_TRACE:     14:51:22.818646 line      1875                             'width': int_or_none(representation_attrib.get('width')),
IE_TRACE:         Source path:... /path/to/BugsInPy/workspace/youtube-dl/youtube_dl/utils.py
IE_TRACE:         Starting var:.. v = '512'
IE_TRACE:         Starting var:.. scale = 1
IE_TRACE:         Starting var:.. default = None
IE_TRACE:         Starting var:.. get_attr = None
IE_TRACE:         Starting var:.. invscale = 1
IE_TRACE:         14:51:22.822072 call      1785 def int_or_none(v, scale=1, default=None, get_attr=None, invscale=1):
IE_TRACE:         14:51:22.822110 line      1786     if get_attr:
IE_TRACE:         14:51:22.822127 line      1789     if v == '':
IE_TRACE:         14:51:22.822144 line      1791     if v is None:
IE_TRACE:         14:51:22.822161 line      1793     try:
IE_TRACE:         14:51:22.822177 line      1794         return int(v) * invscale // scale
IE_TRACE:         14:51:22.822194 return    1794         return int(v) * invscale // scale
IE_TRACE:         Return value:.. 512
IE_TRACE:     Source path:... /path/to/BugsInPy/workspace/youtube-dl/youtube_dl/extractor/common.py
IE_TRACE:     14:51:22.822215 line      1876                             'height': int_or_none(representation_attrib.get('height')),
IE_TRACE:         Source path:... /path/to/BugsInPy/workspace/youtube-dl/youtube_dl/utils.py
IE_TRACE:         Starting var:.. v = '288'
IE_TRACE:         Starting var:.. scale = 1
IE_TRACE:         Starting var:.. default = None
IE_TRACE:         Starting var:.. get_attr = None
IE_TRACE:         Starting var:.. invscale = 1
IE_TRACE:         14:51:22.825709 call      1785 def int_or_none(v, scale=1, default=None, get_attr=None, invscale=1):
IE_TRACE:         14:51:22.825746 line      1786     if get_attr:
IE_TRACE:         14:51:22.825763 line      1789     if v == '':
IE_TRACE:         14:51:22.825779 line      1791     if v is None:
IE_TRACE:         14:51:22.825796 line      1793     try:
IE_TRACE:         14:51:22.825812 line      1794         return int(v) * invscale // scale
IE_TRACE:         14:51:22.825828 return    1794         return int(v) * invscale // scale
IE_TRACE:         Return value:.. 288
IE_TRACE:     Source path:... /path/to/BugsInPy/workspace/youtube-dl/youtube_dl/extractor/common.py
IE_TRACE:     14:51:22.825849 line      1877                             'tbr': float_or_none(bandwidth, 1000),
IE_TRACE:         Source path:... /path/to/BugsInPy/workspace/youtube-dl/youtube_dl/utils.py
IE_TRACE:         Starting var:.. v = 638590
IE_TRACE:         Starting var:.. scale = 1000
IE_TRACE:         Starting var:.. invscale = 1
IE_TRACE:         Starting var:.. default = None
IE_TRACE:         14:51:22.829238 call      1811 def float_or_none(v, scale=1, invscale=1, default=None):
IE_TRACE:         14:51:22.829271 line      1812     if v is None:
IE_TRACE:         14:51:22.829287 line      1814     try:
IE_TRACE:         14:51:22.829303 line      1815         return float(v) * invscale / scale
IE_TRACE:         14:51:22.829321 return    1815         return float(v) * invscale / scale
IE_TRACE:         Return value:.. 638.59
IE_TRACE:     Source path:... /path/to/BugsInPy/workspace/youtube-dl/youtube_dl/extractor/common.py
IE_TRACE:     14:51:22.829341 line      1878                             'asr': int_or_none(representation_attrib.get('audioSamplingRate')),
IE_TRACE:         Source path:... /path/to/BugsInPy/workspace/youtube-dl/youtube_dl/utils.py
IE_TRACE:         Starting var:.. v = None
IE_TRACE:         Starting var:.. scale = 1
IE_TRACE:         Starting var:.. default = None
IE_TRACE:         Starting var:.. get_attr = None
IE_TRACE:         Starting var:.. invscale = 1
IE_TRACE:         14:51:22.832744 call      1785 def int_or_none(v, scale=1, default=None, get_attr=None, invscale=1):
IE_TRACE:         14:51:22.832781 line      1786     if get_attr:
IE_TRACE:         14:51:22.832797 line      1789     if v == '':
IE_TRACE:         14:51:22.832814 line      1791     if v is None:
IE_TRACE:         14:51:22.832830 line      1792         return default
IE_TRACE:         14:51:22.832847 return    1792         return default
IE_TRACE:         Return value:.. None
IE_TRACE:     Source path:... /path/to/BugsInPy/workspace/youtube-dl/youtube_dl/extractor/common.py
IE_TRACE:     14:51:22.832870 line      1879                             'fps': int_or_none(representation_attrib.get('frameRate')),
IE_TRACE:         Source path:... /path/to/BugsInPy/workspace/youtube-dl/youtube_dl/utils.py
IE_TRACE:         Starting var:.. v = None
IE_TRACE:         Starting var:.. scale = 1
IE_TRACE:         Starting var:.. default = None
IE_TRACE:         Starting var:.. get_attr = None
IE_TRACE:         Starting var:.. invscale = 1
IE_TRACE:         14:51:22.836279 call      1785 def int_or_none(v, scale=1, default=None, get_attr=None, invscale=1):
IE_TRACE:         14:51:22.836314 line      1786     if get_attr:
IE_TRACE:         14:51:22.836331 line      1789     if v == '':
IE_TRACE:         14:51:22.836348 line      1791     if v is None:
IE_TRACE:         14:51:22.836365 line      1792         return default
IE_TRACE:         14:51:22.836381 return    1792         return default
IE_TRACE:         Return value:.. None
IE_TRACE:     Source path:... /path/to/BugsInPy/workspace/youtube-dl/youtube_dl/extractor/common.py
IE_TRACE:     14:51:22.836402 line      1880                             'language': lang if lang not in ('mul', 'und', 'zxx', 'mis') else None,
IE_TRACE:     14:51:22.839809 line      1881                             'format_note': 'DASH %s' % content_type,
IE_TRACE:     14:51:22.843221 line      1882                             'filesize': filesize,
IE_TRACE:     14:51:22.846629 line      1870                         f = {
IE_TRACE:     Modified var:.. f = {'format_id': '638590', 'url': '', 'manifest_url': 'http://unknown/manifest.mpd', 'ext': 'mp4', 'width': 512, 'height': 288, 'tbr': 638.59, 'asr': None, 'fps': None, 'language': None, 'format_note': 'DASH video', 'filesize': None}
IE_TRACE:     14:51:22.850038 line      1884                         f.update(parse_codecs(representation_attrib.get('codecs')))
IE_TRACE:         Source path:... /path/to/BugsInPy/workspace/youtube-dl/youtube_dl/utils.py
IE_TRACE:         Starting var:.. codecs_str = 'avc1.42001f'
IE_TRACE:         14:51:22.852816 call      2369 def parse_codecs(codecs_str):
IE_TRACE:         14:51:22.852843 line      2371     if not codecs_str:
IE_TRACE:         14:51:22.852858 line      2373     splited_codecs = list(filter(None, map(
IE_TRACE:         14:51:22.852874 line      2374         lambda str: str.strip(), codecs_str.strip().strip(',').split(','))))
IE_TRACE:         14:51:22.852890 line      2373     splited_codecs = list(filter(None, map(
IE_TRACE:             Starting var:.. str = 'avc1.42001f'
IE_TRACE:             14:51:22.852908 call      2374         lambda str: str.strip(), codecs_str.strip().strip(',').split(','))))
IE_TRACE:             14:51:22.852926 line      2374         lambda str: str.strip(), codecs_str.strip().strip(',').split(','))))
IE_TRACE:             14:51:22.852940 return    2374         lambda str: str.strip(), codecs_str.strip().strip(',').split(','))))
IE_TRACE:             Return value:.. 'avc1.42001f'
IE_TRACE:         New var:....... splited_codecs = ['avc1.42001f']
IE_TRACE:         14:51:22.852960 line      2375     vcodec, acodec = None, None
IE_TRACE:         New var:....... vcodec = None
IE_TRACE:         New var:....... acodec = None
IE_TRACE:         14:51:22.852978 line      2376     for full_codec in splited_codecs:
IE_TRACE:         New var:....... full_codec = 'avc1.42001f'
IE_TRACE:         14:51:22.853001 line      2377         codec = full_codec.split('.')[0]
IE_TRACE:         New var:....... codec = 'avc1'
IE_TRACE:         14:51:22.853023 line      2378         if codec in ('avc1', 'avc2', 'avc3', 'avc4', 'vp9', 'vp8', 'hev1', 'hev2', 'h263', 'h264', 'mp4v', 'hvc1'):
IE_TRACE:         14:51:22.853045 line      2379             if not vcodec:
IE_TRACE:         14:51:22.853063 line      2380                 vcodec = full_codec
IE_TRACE:         Modified var:.. vcodec = 'avc1.42001f'
IE_TRACE:         14:51:22.853081 line      2376     for full_codec in splited_codecs:
IE_TRACE:         14:51:22.853101 line      2386     if not vcodec and not acodec:
IE_TRACE:         14:51:22.853120 line      2399             'vcodec': vcodec or 'none',
IE_TRACE:         14:51:22.853139 line      2400             'acodec': acodec or 'none',
IE_TRACE:         14:51:22.853157 line      2398         return {
IE_TRACE:         14:51:22.853176 return    2398         return {
IE_TRACE:         Return value:.. {'vcodec': 'avc1.42001f', 'acodec': 'none'}
IE_TRACE:     Source path:... /path/to/BugsInPy/workspace/youtube-dl/youtube_dl/extractor/common.py
IE_TRACE:     Modified var:.. f = {'format_id': '638590', 'url': '', 'manifest_url': 'http://unknown/manifest.mpd', 'ext': 'mp4', 'width': 512, 'height': 288, 'tbr': 638.59, 'asr': None, 'fps': None, 'language': None, 'format_note': 'DASH video', 'filesize': None, 'vcodec': 'avc1.42001f', 'acodec': 'none'}
IE_TRACE:     14:51:22.853201 line      1885                         representation_ms_info = extract_multisegment_info(representation, adaption_set_ms_info)
IE_TRACE:         Starting var:.. element = <Element '{urn:mpeg:dash:schema:mpd:2011}Representation' at 0x7a93f4d542c0>
IE_TRACE:         Starting var:.. ms_parent_info = {'start_number': 0, 'timescale': 1000000, 'segment_duration': 2000000.0, 'media': 'v_$RepresentationID$_$Number$.mp4d', 'initialization': 'vi_$RepresentationID$.mp4d'}
IE_TRACE:         Starting var:.. _add_ns = <function InfoExtractor._parse_mpd_formats.<locals>._add_ns at 0x7a93f4c402c0>
IE_TRACE:         14:51:22.855939 call      1772         def extract_multisegment_info(element, ms_parent_info):
IE_TRACE:         14:51:22.855972 line      1773             ms_info = ms_parent_info.copy()
IE_TRACE:         New var:....... ms_info = {'start_number': 0, 'timescale': 1000000, 'segment_duration': 2000000.0, 'media': 'v_$RepresentationID$_$Number$.mp4d', 'initialization': 'vi_$RepresentationID$.mp4d'}
IE_TRACE:         14:51:22.855992 line      1778             def extract_common(source):
IE_TRACE:         New var:....... extract_common = <function InfoExtractor._parse_mpd_formats.<locals>.extract_multisegment_info.<locals>.extract_common at 0x7a93f4c40cc0>
IE_TRACE:         14:51:22.856016 line      1804             def extract_Initialization(source):
IE_TRACE:         New var:....... extract_Initialization = <function InfoExtractor._parse_mpd_formats.<locals>.extract_multisegment_info.<locals>.extract_Initialization at 0x7a93f4c40d60>
IE_TRACE:         14:51:22.856043 line      1809             segment_list = element.find(_add_ns('SegmentList'))
IE_TRACE:             Starting var:.. path = 'SegmentList'
IE_TRACE:             Starting var:.. namespace = 'urn:mpeg:dash:schema:mpd:2011'
IE_TRACE:             Starting var:.. self = <test.test_InfoExtractor.TestIE object at 0x7a93f6053b60>
IE_TRACE:             14:51:22.856069 call      1766         def _add_ns(path):
IE_TRACE:             14:51:22.856095 line      1767             return self._xpath_ns(path, namespace)
IE_TRACE:                 Starting var:.. path = 'SegmentList'
IE_TRACE:                 Starting var:.. namespace = 'urn:mpeg:dash:schema:mpd:2011'
IE_TRACE:                 14:51:22.856113 call      1507     def _xpath_ns(path, namespace=None):
IE_TRACE:                 14:51:22.856136 line      1508         if not namespace:
IE_TRACE:                 14:51:22.856152 line      1510         out = []
IE_TRACE:                 New var:....... out = []
IE_TRACE:                 14:51:22.856167 line      1511         for c in path.split('/'):
IE_TRACE:                 New var:....... c = 'SegmentList'
IE_TRACE:                 14:51:22.856186 line      1512             if not c or c == '.':
IE_TRACE:                 14:51:22.856206 line      1515                 out.append('{%s}%s' % (namespace, c))
IE_TRACE:                 Modified var:.. out = ['{urn:mpeg:dash:schema:mpd:2011}SegmentList']
IE_TRACE:                 14:51:22.856224 line      1511         for c in path.split('/'):
IE_TRACE:                 14:51:22.856244 line      1516         return '/'.join(out)
IE_TRACE:                 14:51:22.856262 return    1516         return '/'.join(out)
IE_TRACE:                 Return value:.. '{urn:mpeg:dash:schema:mpd:2011}SegmentList'
IE_TRACE:             14:51:22.856285 return    1767             return self._xpath_ns(path, namespace)
IE_TRACE:             Return value:.. '{urn:mpeg:dash:schema:mpd:2011}SegmentList'
IE_TRACE:         New var:....... segment_list = None
IE_TRACE:         14:51:22.856306 line      1810             if segment_list is not None:
IE_TRACE:         14:51:22.856332 line      1817                 segment_template = element.find(_add_ns('SegmentTemplate'))
IE_TRACE:             Starting var:.. path = 'SegmentTemplate'
IE_TRACE:             Starting var:.. namespace = 'urn:mpeg:dash:schema:mpd:2011'
IE_TRACE:             Starting var:.. self = <test.test_InfoExtractor.TestIE object at 0x7a93f6053b60>
IE_TRACE:             14:51:22.856356 call      1766         def _add_ns(path):
IE_TRACE:             14:51:22.856380 line      1767             return self._xpath_ns(path, namespace)
IE_TRACE:                 Starting var:.. path = 'SegmentTemplate'
IE_TRACE:                 Starting var:.. namespace = 'urn:mpeg:dash:schema:mpd:2011'
IE_TRACE:                 14:51:22.856397 call      1507     def _xpath_ns(path, namespace=None):
IE_TRACE:                 14:51:22.856418 line      1508         if not namespace:
IE_TRACE:                 14:51:22.856434 line      1510         out = []
IE_TRACE:                 New var:....... out = []
IE_TRACE:                 14:51:22.856450 line      1511         for c in path.split('/'):
IE_TRACE:                 New var:....... c = 'SegmentTemplate'
IE_TRACE:                 14:51:22.856469 line      1512             if not c or c == '.':
IE_TRACE:                 14:51:22.856489 line      1515                 out.append('{%s}%s' % (namespace, c))
IE_TRACE:                 Modified var:.. out = ['{urn:mpeg:dash:schema:mpd:2011}SegmentTemplate']
IE_TRACE:                 14:51:22.856506 line      1511         for c in path.split('/'):
IE_TRACE:                 14:51:22.856525 line      1516         return '/'.join(out)
IE_TRACE:                 14:51:22.856543 return    1516         return '/'.join(out)
IE_TRACE:                 Return value:.. '{urn:mpeg:dash:schema:mpd:2011}SegmentTemplate'
IE_TRACE:             14:51:22.856563 return    1767             return self._xpath_ns(path, namespace)
IE_TRACE:             Return value:.. '{urn:mpeg:dash:schema:mpd:2011}SegmentTemplate'
IE_TRACE:         New var:....... segment_template = None
IE_TRACE:         14:51:22.856585 line      1818                 if segment_template is not None:
IE_TRACE:         14:51:22.856612 line      1828             return ms_info
IE_TRACE:         14:51:22.856636 return    1828             return ms_info
IE_TRACE:         Return value:.. {'start_number': 0, 'timescale': 1000000, 'segment_duration': 2000000.0, 'media': 'v_$RepresentationID$_$Number$.mp4d', 'initialization': 'vi_$RepresentationID$.mp4d'}
IE_TRACE:     Modified var:.. representation_ms_info = {'start_number': 0, 'timescale': 1000000, 'segment_duration': 2000000.0, 'media': 'v_$RepresentationID$_$Number$.mp4d', 'initialization': 'vi_$RepresentationID$.mp4d'}
IE_TRACE:     14:51:22.856664 line      1887                         def prepare_template(template_name, identifiers):
IE_TRACE:     Modified var:.. prepare_template = <function InfoExtractor._parse_mpd_formats.<locals>.prepare_template at 0x7a93f4c41300>
IE_TRACE:     14:51:22.858729 line      1898                         if 'initialization' in representation_ms_info:
IE_TRACE:     14:51:22.860782 line      1899                             initialization_template = prepare_template(
IE_TRACE:     14:51:22.862849 line      1900                                 'initialization',
IE_TRACE:     14:51:22.864922 line      1904                                 ('Bandwidth', ))
IE_TRACE:     14:51:22.866987 line      1899                             initialization_template = prepare_template(
IE_TRACE:         Starting var:.. template_name = 'initialization'
IE_TRACE:         Starting var:.. identifiers = ('Bandwidth',)
IE_TRACE:         Starting var:.. representation_id = '638590'
IE_TRACE:         Starting var:.. representation_ms_info = {'start_number': 0, 'timescale': 1000000, 'segment_duration': 2000000.0, 'media': 'v_$RepresentationID$_$Number$.mp4d', 'initialization': 'vi_$RepresentationID$.mp4d'}
IE_TRACE:         14:51:22.869051 call      1887                         def prepare_template(template_name, identifiers):
IE_TRACE:         14:51:22.869086 line      1888                             t = representation_ms_info[template_name]
IE_TRACE:         New var:....... t = 'vi_$RepresentationID$.mp4d'
IE_TRACE:         14:51:22.869103 line      1889                             t = t.replace('$RepresentationID$', representation_id)
IE_TRACE:         Modified var:.. t = 'vi_638590.mp4d'
IE_TRACE:         14:51:22.869126 line      1890                             t = re.sub(r'\$(%s)\$' % '|'.join(identifiers), r'%(\1)d', t)
IE_TRACE:         Source path:... /path/to/BugsInPy/workspace/youtube-dl/youtube_dl/extractor/common.py
IE_TRACE:         14:51:22.869337 line      1891                             t = re.sub(r'\$(%s)%%([^$]+)\$' % '|'.join(identifiers), r'%(\1)\2', t)
IE_TRACE:         Source path:... /path/to/BugsInPy/workspace/youtube-dl/youtube_dl/extractor/common.py
IE_TRACE:         14:51:22.869520 line      1892                             t.replace('$$', '$')
IE_TRACE:         14:51:22.869541 line      1893                             return t
IE_TRACE:         14:51:22.869559 return    1893                             return t
IE_TRACE:         Return value:.. 'vi_638590.mp4d'
IE_TRACE:     Modified var:.. initialization_template = 'vi_638590.mp4d'
IE_TRACE:     14:51:22.869582 line      1905                             representation_ms_info['initialization_url'] = initialization_template % {
IE_TRACE:     14:51:22.871672 line      1906                                 'Bandwidth': bandwidth,
IE_TRACE:     14:51:22.873750 line      1905                             representation_ms_info['initialization_url'] = initialization_template % {
IE_TRACE:     Modified var:.. representation_ms_info = {'start_number': 0, 'timescale': 1000000, 'segment_duration': 2000000.0, 'media': 'v_$RepresentationID$_$Number$.mp4d', 'initialization': 'vi_$RepresentationID$.mp4d', 'initialization_url': 'vi_638590.mp4d'}
IE_TRACE:     14:51:22.875824 line      1909                         def location_key(location):
IE_TRACE:     Modified var:.. location_key = <function InfoExtractor._parse_mpd_formats.<locals>.location_key at 0x7a93f4c41080>
IE_TRACE:     14:51:22.877891 line      1912                         if 'segment_urls' not in representation_ms_info and 'media' in representation_ms_info:
IE_TRACE:     14:51:22.879975 line      1914                             media_template = prepare_template('media', ('Number', 'Bandwidth', 'Time'))
IE_TRACE:         Starting var:.. template_name = 'media'
IE_TRACE:         Starting var:.. identifiers = ('Number', 'Bandwidth', 'Time')
IE_TRACE:         Starting var:.. representation_id = '638590'
IE_TRACE:         Starting var:.. representation_ms_info = {'start_number': 0, 'timescale': 1000000, 'segment_duration': 2000000.0, 'media': 'v_$RepresentationID$_$Number$.mp4d', 'initialization': 'vi_$RepresentationID$.mp4d', 'initialization_url': 'vi_638590.mp4d'}
IE_TRACE:         14:51:22.882055 call      1887                         def prepare_template(template_name, identifiers):
IE_TRACE:         14:51:22.882089 line      1888                             t = representation_ms_info[template_name]
IE_TRACE:         New var:....... t = 'v_$RepresentationID$_$Number$.mp4d'
IE_TRACE:         14:51:22.882107 line      1889                             t = t.replace('$RepresentationID$', representation_id)
IE_TRACE:         Modified var:.. t = 'v_638590_$Number$.mp4d'
IE_TRACE:         14:51:22.882129 line      1890                             t = re.sub(r'\$(%s)\$' % '|'.join(identifiers), r'%(\1)d', t)
IE_TRACE:         Source path:... /path/to/BugsInPy/workspace/youtube-dl/youtube_dl/extractor/common.py
IE_TRACE:         Modified var:.. t = 'v_638590_%(Number)d.mp4d'
IE_TRACE:         14:51:22.882326 line      1891                             t = re.sub(r'\$(%s)%%([^$]+)\$' % '|'.join(identifiers), r'%(\1)\2', t)
IE_TRACE:         Source path:... /path/to/BugsInPy/workspace/youtube-dl/youtube_dl/extractor/common.py
IE_TRACE:         14:51:22.882512 line      1892                             t.replace('$$', '$')
IE_TRACE:         14:51:22.882534 line      1893                             return t
IE_TRACE:         14:51:22.882551 return    1893                             return t
IE_TRACE:         Return value:.. 'v_638590_%(Number)d.mp4d'
IE_TRACE:     Modified var:.. media_template = 'v_638590_%(Number)d.mp4d'
IE_TRACE:     14:51:22.882575 line      1915                             media_location_key = location_key(media_template)
IE_TRACE:         Starting var:.. location = 'v_638590_%(Number)d.mp4d'
IE_TRACE:         14:51:22.884684 call      1909                         def location_key(location):
IE_TRACE:         14:51:22.884705 line      1910                             return 'url' if re.match(r'^https?://', location) else 'path'
IE_TRACE:         Source path:... /path/to/BugsInPy/workspace/youtube-dl/youtube_dl/extractor/common.py
IE_TRACE:         14:51:22.884874 return    1910                             return 'url' if re.match(r'^https?://', location) else 'path'
IE_TRACE:         Return value:.. 'path'
IE_TRACE:     14:51:22.884895 line      1919                             if '%(Number' in media_template and 's' not in representation_ms_info:
IE_TRACE:     14:51:22.886956 line      1920                                 segment_duration = None
IE_TRACE:     Modified var:.. segment_duration = None
IE_TRACE:     14:51:22.889026 line      1921                                 if 'total_number' not in representation_ms_info and 'segment_duration' in representation_ms_info:
IE_TRACE:     14:51:22.891110 line      1922                                     segment_duration = float_or_none(representation_ms_info['segment_duration'], representation_ms_info['timescale'])
IE_TRACE:         Source path:... /path/to/BugsInPy/workspace/youtube-dl/youtube_dl/utils.py
IE_TRACE:         Starting var:.. v = 2000000.0
IE_TRACE:         Starting var:.. scale = 1000000
IE_TRACE:         Starting var:.. invscale = 1
IE_TRACE:         Starting var:.. default = None
IE_TRACE:         14:51:22.893197 call      1811 def float_or_none(v, scale=1, invscale=1, default=None):
IE_TRACE:         14:51:22.893232 line      1812     if v is None:
IE_TRACE:         14:51:22.893249 line      1814     try:
IE_TRACE:         14:51:22.893266 line      1815         return float(v) * invscale / scale
IE_TRACE:         14:51:22.893283 return    1815         return float(v) * invscale / scale
IE_TRACE:         Return value:.. 2.0
IE_TRACE:     Source path:... /path/to/BugsInPy/workspace/youtube-dl/youtube_dl/extractor/common.py
IE_TRACE:     Modified var:.. segment_duration = 2.0
IE_TRACE:     14:51:22.893303 line      1923                                     representation_ms_info['total_number'] = int(math.ceil(float(period_duration) / segment_duration))
IE_TRACE:     Modified var:.. representation_ms_info = {'start_number': 0, 'timescale': 1000000, 'segment_duration': 2000000.0, 'media': 'v_$RepresentationID$_$Number$.mp4d', 'initialization': 'vi_$RepresentationID$.mp4d', 'initialization_url': 'vi_638590.mp4d', 'total_number': 3007}
IE_TRACE:     14:51:22.895405 line      1930                                 } for segment_number in range(
IE_TRACE:     14:51:22.897494 line      1931                                     representation_ms_info['start_number'],
IE_TRACE:     14:51:22.899562 line      1932                                     representation_ms_info['total_number'] + representation_ms_info['start_number'])]
IE_TRACE:     14:51:22.901647 line      1930                                 } for segment_number in range(
IE_TRACE:     14:51:22.903721 line      1924                                 representation_ms_info['fragments'] = [{
IE_TRACE:     14:51:22.905818 line      1930                                 } for segment_number in range(
IE_TRACE:     New var:....... segment_number = 0
IE_TRACE:     14:51:22.907888 line      1925                                     media_location_key: media_template % {
IE_TRACE:     14:51:22.909976 line      1926                                         'Number': segment_number,
IE_TRACE:     14:51:22.912070 line      1927                                         'Bandwidth': bandwidth,
IE_TRACE:     14:51:22.914154 line      1925                                     media_location_key: media_template % {
IE_TRACE:     14:51:22.916261 line      1929                                     'duration': segment_duration,
IE_TRACE:     14:51:22.918348 line      1924                                 representation_ms_info['fragments'] = [{
IE_TRACE:     [CONDENSED] 3005 identical loop iterations skipped (3007 total iterations, showing first and last)
IE_TRACE:     14:52:13.635753 line      1924                                 representation_ms_info['fragments'] = [{
IE_TRACE:     14:52:13.637843 line      1930                                 } for segment_number in range(
IE_TRACE:     Modified var:.. segment_number = 3006
IE_TRACE:     14:52:13.639938 line      1925                                     media_location_key: media_template % {
IE_TRACE:     14:52:13.642029 line      1926                                         'Number': segment_number,
IE_TRACE:     14:52:13.644129 line      1927                                         'Bandwidth': bandwidth,
IE_TRACE:     14:52:13.646249 line      1925                                     media_location_key: media_template % {
IE_TRACE:     14:52:13.648375 line      1929                                     'duration': segment_duration,
IE_TRACE:     14:52:13.650496 line      1924                                 representation_ms_info['fragments'] = [{
IE_TRACE:     14:52:13.652619 line      1924                                 representation_ms_info['fragments'] = [{
IE_TRACE:     Modified var:.. representation_ms_info = {'start_number': 0, 'timescale': 1000000, 'segment_duration': 2000000.0, 'media': 'v_$RepresentationID$_$Number$.mp4d', 'initialization': 'vi_$RepresentationID$.mp4d', 'initialization_url': 'vi_638590.mp4d', 'total_number': 3007, 'fragments': [{'pa...0}, {'path': 'v_638590_3002.mp4d', 'duration': 2.0}, {'path': 'v_638590_3003.mp4d', 'duration': 2.0}, {'path': 'v_638590_3004.mp4d', 'duration': 2.0}, {'path': 'v_638590_3005.mp4d', 'duration': 2.0}, {'path': 'v_638590_3006.mp4d', 'duration': 2.0}]}
IE_TRACE:     14:52:13.654731 line      1998                         if 'fragments' in representation_ms_info:
IE_TRACE:     14:52:13.657594 line      1999                             f.update({
IE_TRACE:     14:52:13.660393 line      2000                                 'fragment_base_url': base_url,
IE_TRACE:     14:52:13.663236 line      2001                                 'fragments': [],
IE_TRACE:     14:52:13.666048 line      2002                                 'protocol': 'http_dash_segments',
IE_TRACE:     14:52:13.668861 line      1999                             f.update({
IE_TRACE:     Modified var:.. f = {'format_id': '638590', 'url': '', 'manifest_url': 'http://unknown/manifest.mpd', 'ext': 'mp4', 'width': 512, 'height': 288, 'tbr': 638.59, 'asr': None, 'fps': None, 'language': None, 'format_note': 'DASH video', 'filesize': None, 'vcodec': 'avc1.42001f', 'acodec': 'none', 'fragment_base_url': '', 'fragments': [], 'protocol': 'http_dash_segments'}
IE_TRACE:     14:52:13.671665 line      2004                             if 'initialization_url' in representation_ms_info:
IE_TRACE:     14:52:13.674477 line      2005                                 initialization_url = representation_ms_info['initialization_url']
IE_TRACE:     Modified var:.. initialization_url = 'vi_638590.mp4d'
IE_TRACE:     14:52:13.677282 line      2006                                 if not f.get('url'):
IE_TRACE:     14:52:13.680089 line      2007                                     f['url'] = initialization_url
IE_TRACE:     Modified var:.. f = {'format_id': '638590', 'url': 'vi_638590.mp4d', 'manifest_url': 'http://unknown/manifest.mpd', 'ext': 'mp4', 'width': 512, 'height': 288, 'tbr': 638.59, 'asr': None, 'fps': None, 'language': None, 'format_note': 'DASH video', 'filesize': None, 'vcodec': 'avc1.42001f', 'acodec': 'none', 'fragment_base_url': '', 'fragments': [], 'protocol': 'http_dash_segments'}
IE_TRACE:     14:52:13.682903 line      2008                                 f['fragments'].append({location_key(initialization_url): initialization_url})
IE_TRACE:         Starting var:.. location = 'vi_638590.mp4d'
IE_TRACE:         14:52:13.685731 call      1909                         def location_key(location):
IE_TRACE:         14:52:13.685757 line      1910                             return 'url' if re.match(r'^https?://', location) else 'path'
IE_TRACE:         Source path:... /path/to/BugsInPy/workspace/youtube-dl/youtube_dl/extractor/common.py
IE_TRACE:         14:52:13.685972 return    1910                             return 'url' if re.match(r'^https?://', location) else 'path'
IE_TRACE:         Return value:.. 'path'
IE_TRACE:     Modified var:.. f = {'format_id': '638590', 'url': 'vi_638590.mp4d', 'manifest_url': 'http://unknown/manifest.mpd', 'ext': 'mp4', 'width': 512, 'height': 288, 'tbr': 638.59, 'asr': None, 'fps': None, 'language': None, 'format_note': 'DASH video', 'filesize': None, 'vcodec': 'avc1.42001f', 'acodec': 'none', 'fragment_base_url': '', 'fragments': [{'path': 'vi_638590.mp4d'}], 'protocol': 'http_dash_segments'}
IE_TRACE:     14:52:13.686001 line      2009                             f['fragments'].extend(representation_ms_info['fragments'])
IE_TRACE:     Modified var:.. f = {'format_id': '638590', 'url': 'vi_638590.mp4d', 'manifest_url': 'http://unknown/manifest.mpd', 'ext': 'mp4', 'width': 512, 'height': 288, 'tbr': 638.59, 'asr': None, 'fps': None, 'language': None, 'format_note': 'DASH video', 'filesize': None, 'vc... 'duration': 2.0}, {'path': 'v_638590_3003.mp4d', 'duration': 2.0}, {'path': 'v_638590_3004.mp4d', 'duration': 2.0}, {'path': 'v_638590_3005.mp4d', 'duration': 2.0}, {'path': 'v_638590_3006.mp4d', 'duration': 2.0}], 'protocol': 'http_dash_segments'}
IE_TRACE:     14:52:13.688797 line      2010                         try:
IE_TRACE:     14:52:13.692265 line      2011                             existing_format = next(
IE_TRACE:     14:52:13.695746 line      2012                                 fo for fo in formats
IE_TRACE:     14:52:13.699212 line      2011                             existing_format = next(
IE_TRACE:         Starting var:.. .0 = <list_iterator object at 0x7a93f4ec6440>
IE_TRACE:         Starting var:.. representation_id = '638590'
IE_TRACE:         14:52:13.702678 call      2011                             existing_format = next(
IE_TRACE:         14:52:13.702710 line      2011                             existing_format = next(
IE_TRACE:         14:52:13.702726 line      2012                                 fo for fo in formats
IE_TRACE:         New var:....... fo = {'format_id': '318597', 'url': 'vi_318597.mp4d', 'manifest_url': 'http://unknown/manifest.mpd', 'ext': 'mp4', 'width': 340, 'height': 192, 'tbr': 318.597, 'asr': None, 'fps': None, 'language': None, 'format_note': 'DASH video', 'filesize': None, 'v... 'duration': 2.0}, {'path': 'v_318597_3003.mp4d', 'duration': 2.0}, {'path': 'v_318597_3004.mp4d', 'duration': 2.0}, {'path': 'v_318597_3005.mp4d', 'duration': 2.0}, {'path': 'v_318597_3006.mp4d', 'duration': 2.0}], 'protocol': 'http_dash_segments'}
IE_TRACE:         14:52:13.702741 line      2013                                 if fo['format_id'] == representation_id)
IE_TRACE:         14:52:13.703430 line      2012                                 fo for fo in formats
IE_TRACE:         14:52:13.704120 line      2011                             existing_format = next(
IE_TRACE:         14:52:13.704807 return    2011                             existing_format = next(
IE_TRACE:         Return value:.. None
IE_TRACE:     14:52:13.705502 exception 2011                             existing_format = next(
IE_TRACE:     Exception:..... StopIteration
IE_TRACE:     14:52:13.709021 line      2014                         except StopIteration:
IE_TRACE:     14:52:13.712412 line      2015                             full_info = formats_dict.get(representation_id, {}).copy()
IE_TRACE:     Modified var:.. full_info = {}
IE_TRACE:     14:52:13.715822 line      2016                             full_info.update(f)
IE_TRACE:     Modified var:.. full_info = {'format_id': '638590', 'url': 'vi_638590.mp4d', 'manifest_url': 'http://unknown/manifest.mpd', 'ext': 'mp4', 'width': 512, 'height': 288, 'tbr': 638.59, 'asr': None, 'fps': None, 'language': None, 'format_note': 'DASH video', 'filesize': None, 'vc... 'duration': 2.0}, {'path': 'v_638590_3003.mp4d', 'duration': 2.0}, {'path': 'v_638590_3004.mp4d', 'duration': 2.0}, {'path': 'v_638590_3005.mp4d', 'duration': 2.0}, {'path': 'v_638590_3006.mp4d', 'duration': 2.0}], 'protocol': 'http_dash_segments'}
IE_TRACE:     14:52:13.718561 line      2017                             formats.append(full_info)
IE_TRACE:     Modified var:.. formats = [{'format_id': '318597', 'url': 'vi_318597.mp4d', 'manifest_url': 'http://unknown/manifest.mpd', 'ext': 'mp4', 'width': 340, 'height': 192, 'tbr': 318.597, 'asr': None, 'fps': None, 'language': None, 'format_note': 'DASH video', 'filesize': None, '...'duration': 2.0}, {'path': 'v_638590_3003.mp4d', 'duration': 2.0}, {'path': 'v_638590_3004.mp4d', 'duration': 2.0}, {'path': 'v_638590_3005.mp4d', 'duration': 2.0}, {'path': 'v_638590_3006.mp4d', 'duration': 2.0}], 'protocol': 'http_dash_segments'}]
IE_TRACE:     14:52:13.722093 line      1842                 for representation in adaptation_set.findall(_add_ns('Representation')):
IE_TRACE:     Modified var:.. representation = <Element '{urn:mpeg:dash:schema:mpd:2011}Representation' at 0x7a93f4d54310>
IE_TRACE:     14:52:13.726324 line      1843                     if is_drm_protected(representation):
IE_TRACE:         Starting var:.. element = <Element '{urn:mpeg:dash:schema:mpd:2011}Representation' at 0x7a93f4d54310>
IE_TRACE:         Starting var:.. _add_ns = <function InfoExtractor._parse_mpd_formats.<locals>._add_ns at 0x7a93f4c402c0>
IE_TRACE:         14:52:13.730473 call      1769         def is_drm_protected(element):
IE_TRACE:         14:52:13.730499 line      1770             return element.find(_add_ns('ContentProtection')) is not None
IE_TRACE:             Starting var:.. path = 'ContentProtection'
IE_TRACE:             Starting var:.. namespace = 'urn:mpeg:dash:schema:mpd:2011'
IE_TRACE:             Starting var:.. self = <test.test_InfoExtractor.TestIE object at 0x7a93f6053b60>
IE_TRACE:             14:52:13.730516 call      1766         def _add_ns(path):
IE_TRACE:             14:52:13.730542 line      1767             return self._xpath_ns(path, namespace)
IE_TRACE:                 Starting var:.. path = 'ContentProtection'
IE_TRACE:                 Starting var:.. namespace = 'urn:mpeg:dash:schema:mpd:2011'
IE_TRACE:                 14:52:13.730564 call      1507     def _xpath_ns(path, namespace=None):
IE_TRACE:                 14:52:13.730596 line      1508         if not namespace:
IE_TRACE:                 14:52:13.730612 line      1510         out = []
IE_TRACE:                 New var:....... out = []
IE_TRACE:                 14:52:13.730628 line      1511         for c in path.split('/'):
IE_TRACE:                 New var:....... c = 'ContentProtection'
IE_TRACE:                 14:52:13.730648 line      1512             if not c or c == '.':
IE_TRACE:                 14:52:13.730669 line      1515                 out.append('{%s}%s' % (namespace, c))
IE_TRACE:                 Modified var:.. out = ['{urn:mpeg:dash:schema:mpd:2011}ContentProtection']
IE_TRACE:                 14:52:13.730687 line      1511         for c in path.split('/'):
IE_TRACE:                 14:52:13.730706 line      1516         return '/'.join(out)
IE_TRACE:                 14:52:13.730724 return    1516         return '/'.join(out)
IE_TRACE:                 Return value:.. '{urn:mpeg:dash:schema:mpd:2011}ContentProtection'
IE_TRACE:             14:52:13.730747 return    1767             return self._xpath_ns(path, namespace)
IE_TRACE:             Return value:.. '{urn:mpeg:dash:schema:mpd:2011}ContentProtection'
IE_TRACE:         14:52:13.730772 return    1770             return element.find(_add_ns('ContentProtection')) is not None
IE_TRACE:         Return value:.. False
IE_TRACE:     14:52:13.730793 line      1845                     representation_attrib = adaptation_set.attrib.copy()
IE_TRACE:     Modified var:.. representation_attrib = {'mimeType': 'video/mp4', 'startWithSAP': '1', 'segmentAlignment': 'true'}
IE_TRACE:     14:52:13.734852 line      1846                     representation_attrib.update(representation.attrib)
IE_TRACE:     Modified var:.. representation_attrib = {'mimeType': 'video/mp4', 'startWithSAP': '1', 'segmentAlignment': 'true', 'id': '1022565', 'codecs': 'avc1.4d001f', 'width': '688', 'height': '384', 'bandwidth': '1022565'}
IE_TRACE:     14:52:13.738931 line      1848                     mime_type = representation_attrib['mimeType']
IE_TRACE:     14:52:13.743024 line      1849                     content_type = mime_type.split('/')[0]
IE_TRACE:     14:52:13.747116 line      1850                     if content_type == 'text':
IE_TRACE:     14:52:13.751183 line      1853                     elif content_type in ('video', 'audio'):
IE_TRACE:     14:52:13.755256 line      1854                         base_url = ''
IE_TRACE:     14:52:13.759374 line      1855                         for element in (representation, adaptation_set, period, mpd_doc):
IE_TRACE:     Modified var:.. element = <Element '{urn:mpeg:dash:schema:mpd:2011}Representation' at 0x7a93f4d54310>
IE_TRACE:     14:52:13.763460 line      1856                             base_url_e = element.find(_add_ns('BaseURL'))
IE_TRACE:         Starting var:.. path = 'BaseURL'
IE_TRACE:         Starting var:.. namespace = 'urn:mpeg:dash:schema:mpd:2011'
IE_TRACE:         Starting var:.. self = <test.test_InfoExtractor.TestIE object at 0x7a93f6053b60>
IE_TRACE:         14:52:13.767552 call      1766         def _add_ns(path):
IE_TRACE:         14:52:13.767581 line      1767             return self._xpath_ns(path, namespace)
IE_TRACE:             Starting var:.. path = 'BaseURL'
IE_TRACE:             Starting var:.. namespace = 'urn:mpeg:dash:schema:mpd:2011'
IE_TRACE:             14:52:13.767599 call      1507     def _xpath_ns(path, namespace=None):
IE_TRACE:             14:52:13.767621 line      1508         if not namespace:
IE_TRACE:             14:52:13.767637 line      1510         out = []
IE_TRACE:             New var:....... out = []
IE_TRACE:             14:52:13.767652 line      1511         for c in path.split('/'):
IE_TRACE:             New var:....... c = 'BaseURL'
IE_TRACE:             14:52:13.767671 line      1512             if not c or c == '.':
IE_TRACE:             14:52:13.767690 line      1515                 out.append('{%s}%s' % (namespace, c))
IE_TRACE:             Modified var:.. out = ['{urn:mpeg:dash:schema:mpd:2011}BaseURL']
IE_TRACE:             14:52:13.767707 line      1511         for c in path.split('/'):
IE_TRACE:             14:52:13.767726 line      1516         return '/'.join(out)
IE_TRACE:             14:52:13.767743 return    1516         return '/'.join(out)
IE_TRACE:             Return value:.. '{urn:mpeg:dash:schema:mpd:2011}BaseURL'
IE_TRACE:         14:52:13.767765 return    1767             return self._xpath_ns(path, namespace)
IE_TRACE:         Return value:.. '{urn:mpeg:dash:schema:mpd:2011}BaseURL'
IE_TRACE:     14:52:13.767785 line      1857                             if base_url_e is not None:
IE_TRACE:     [CONDENSED] 2 identical loop iterations skipped (4 total iterations, showing first and last)
IE_TRACE:     14:52:13.797031 line      1855                         for element in (representation, adaptation_set, period, mpd_doc):
IE_TRACE:     Modified var:.. element = <Element '{urn:mpeg:dash:schema:mpd:2011}MPD' at 0x7a93f4d5fd30>
IE_TRACE:     14:52:13.801165 line      1856                             base_url_e = element.find(_add_ns('BaseURL'))
IE_TRACE:         Starting var:.. path = 'BaseURL'
IE_TRACE:         Starting var:.. namespace = 'urn:mpeg:dash:schema:mpd:2011'
IE_TRACE:         Starting var:.. self = <test.test_InfoExtractor.TestIE object at 0x7a93f6053b60>
IE_TRACE:         14:52:13.805328 call      1766         def _add_ns(path):
IE_TRACE:         14:52:13.805355 line      1767             return self._xpath_ns(path, namespace)
IE_TRACE:             Starting var:.. path = 'BaseURL'
IE_TRACE:             Starting var:.. namespace = 'urn:mpeg:dash:schema:mpd:2011'
IE_TRACE:             14:52:13.805371 call      1507     def _xpath_ns(path, namespace=None):
IE_TRACE:             14:52:13.805392 line      1508         if not namespace:
IE_TRACE:             14:52:13.805408 line      1510         out = []
IE_TRACE:             New var:....... out = []
IE_TRACE:             14:52:13.805423 line      1511         for c in path.split('/'):
IE_TRACE:             New var:....... c = 'BaseURL'
IE_TRACE:             14:52:13.805441 line      1512             if not c or c == '.':
IE_TRACE:             14:52:13.805459 line      1515                 out.append('{%s}%s' % (namespace, c))
IE_TRACE:             Modified var:.. out = ['{urn:mpeg:dash:schema:mpd:2011}BaseURL']
IE_TRACE:             14:52:13.805476 line      1511         for c in path.split('/'):
IE_TRACE:             14:52:13.805494 line      1516         return '/'.join(out)
IE_TRACE:             14:52:13.805511 return    1516         return '/'.join(out)
IE_TRACE:             Return value:.. '{urn:mpeg:dash:schema:mpd:2011}BaseURL'
IE_TRACE:         14:52:13.805533 return    1767             return self._xpath_ns(path, namespace)
IE_TRACE:         Return value:.. '{urn:mpeg:dash:schema:mpd:2011}BaseURL'
IE_TRACE:     14:52:13.805552 line      1857                             if base_url_e is not None:
IE_TRACE:     14:52:13.809613 line      1855                         for element in (representation, adaptation_set, period, mpd_doc):
IE_TRACE:     14:52:13.813685 line      1861                         if mpd_base_url and not re.match(r'^https?://', base_url):
IE_TRACE:     14:52:13.817766 line      1865                         representation_id = representation_attrib.get('id')
IE_TRACE:     Modified var:.. representation_id = '1022565'
IE_TRACE:     14:52:13.821881 line      1866                         lang = representation_attrib.get('lang')
IE_TRACE:     14:52:13.825943 line      1867                         url_el = representation.find(_add_ns('BaseURL'))
IE_TRACE:         Starting var:.. path = 'BaseURL'
IE_TRACE:         Starting var:.. namespace = 'urn:mpeg:dash:schema:mpd:2011'
IE_TRACE:         Starting var:.. self = <test.test_InfoExtractor.TestIE object at 0x7a93f6053b60>
IE_TRACE:         14:52:13.830014 call      1766         def _add_ns(path):
IE_TRACE:         14:52:13.830040 line      1767             return self._xpath_ns(path, namespace)
IE_TRACE:             Starting var:.. path = 'BaseURL'
IE_TRACE:             Starting var:.. namespace = 'urn:mpeg:dash:schema:mpd:2011'
IE_TRACE:             14:52:13.830056 call      1507     def _xpath_ns(path, namespace=None):
IE_TRACE:             14:52:13.830077 line      1508         if not namespace:
IE_TRACE:             14:52:13.830093 line      1510         out = []
IE_TRACE:             New var:....... out = []
IE_TRACE:             14:52:13.830108 line      1511         for c in path.split('/'):
IE_TRACE:             New var:....... c = 'BaseURL'
IE_TRACE:             14:52:13.830126 line      1512             if not c or c == '.':
IE_TRACE:             14:52:13.830145 line      1515                 out.append('{%s}%s' % (namespace, c))
IE_TRACE:             Modified var:.. out = ['{urn:mpeg:dash:schema:mpd:2011}BaseURL']
IE_TRACE:             14:52:13.830162 line      1511         for c in path.split('/'):
IE_TRACE:             14:52:13.830180 line      1516         return '/'.join(out)
IE_TRACE:             14:52:13.830197 return    1516         return '/'.join(out)
IE_TRACE:             Return value:.. '{urn:mpeg:dash:schema:mpd:2011}BaseURL'
IE_TRACE:         14:52:13.830216 return    1767             return self._xpath_ns(path, namespace)
IE_TRACE:         Return value:.. '{urn:mpeg:dash:schema:mpd:2011}BaseURL'
IE_TRACE:     14:52:13.830237 line      1868                         filesize = int_or_none(url_el.attrib.get('{http://youtube.com/yt/2012/10/10}contentLength') if url_el is not None else None)
IE_TRACE:         Source path:... /path/to/BugsInPy/workspace/youtube-dl/youtube_dl/utils.py
IE_TRACE:         Starting var:.. v = None
IE_TRACE:         Starting var:.. scale = 1
IE_TRACE:         Starting var:.. default = None
IE_TRACE:         Starting var:.. get_attr = None
IE_TRACE:         Starting var:.. invscale = 1
IE_TRACE:         14:52:13.834367 call      1785 def int_or_none(v, scale=1, default=None, get_attr=None, invscale=1):
IE_TRACE:         14:52:13.834408 line      1786     if get_attr:
IE_TRACE:         14:52:13.834425 line      1789     if v == '':
IE_TRACE:         14:52:13.834443 line      1791     if v is None:
IE_TRACE:         14:52:13.834460 line      1792         return default
IE_TRACE:         14:52:13.834477 return    1792         return default
IE_TRACE:         Return value:.. None
IE_TRACE:     Source path:... /path/to/BugsInPy/workspace/youtube-dl/youtube_dl/extractor/common.py
IE_TRACE:     14:52:13.834498 line      1869                         bandwidth = int_or_none(representation_attrib.get('bandwidth'))
IE_TRACE:         Source path:... /path/to/BugsInPy/workspace/youtube-dl/youtube_dl/utils.py
IE_TRACE:         Starting var:.. v = '1022565'
IE_TRACE:         Starting var:.. scale = 1
IE_TRACE:         Starting var:.. default = None
IE_TRACE:         Starting var:.. get_attr = None
IE_TRACE:         Starting var:.. invscale = 1
IE_TRACE:         14:52:13.838628 call      1785 def int_or_none(v, scale=1, default=None, get_attr=None, invscale=1):
IE_TRACE:         14:52:13.838664 line      1786     if get_attr:
IE_TRACE:         14:52:13.838681 line      1789     if v == '':
IE_TRACE:         14:52:13.838699 line      1791     if v is None:
IE_TRACE:         14:52:13.838715 line      1793     try:
IE_TRACE:         14:52:13.838732 line      1794         return int(v) * invscale // scale
IE_TRACE:         14:52:13.838754 return    1794         return int(v) * invscale // scale
IE_TRACE:         Return value:.. 1022565
IE_TRACE:     Source path:... /path/to/BugsInPy/workspace/youtube-dl/youtube_dl/extractor/common.py
IE_TRACE:     Modified var:.. bandwidth = 1022565
IE_TRACE:     14:52:13.838776 line      1871                             'format_id': '%s-%s' % (mpd_id, representation_id) if mpd_id else representation_id,
IE_TRACE:     14:52:13.842913 line      1872                             'url': base_url,
IE_TRACE:     14:52:13.847055 line      1873                             'manifest_url': mpd_url,
IE_TRACE:     14:52:13.851223 line      1874                             'ext': mimetype2ext(mime_type),
IE_TRACE:         Source path:... /path/to/BugsInPy/workspace/youtube-dl/youtube_dl/utils.py
IE_TRACE:         Starting var:.. mt = 'video/mp4'
IE_TRACE:         14:52:13.855416 call      2332 def mimetype2ext(mt):
IE_TRACE:         14:52:13.855441 line      2333     if mt is None:
IE_TRACE:         14:52:13.855456 line      2337         'audio/mp4': 'm4a',
IE_TRACE:         14:52:13.855472 line      2340         'audio/mpeg': 'mp3',
IE_TRACE:         14:52:13.855487 line      2336     ext = {
IE_TRACE:         14:52:13.855502 line      2341     }.get(mt)
IE_TRACE:         14:52:13.855516 line      2336     ext = {
IE_TRACE:         New var:....... ext = None
IE_TRACE:         14:52:13.855531 line      2342     if ext is not None:
IE_TRACE:         14:52:13.855549 line      2345     _, _, res = mt.rpartition('/')
IE_TRACE:         New var:....... _ = '/'
IE_TRACE:         New var:....... res = 'mp4'
IE_TRACE:         14:52:13.855568 line      2346     res = res.split(';')[0].strip().lower()
IE_TRACE:         14:52:13.855592 line      2348     return {
IE_TRACE:         14:52:13.855608 line      2349         '3gpp': '3gp',
IE_TRACE:         14:52:13.855624 line      2348     return {
IE_TRACE:         14:52:13.855640 line      2350         'smptett+xml': 'tt',
IE_TRACE:         14:52:13.855657 line      2348     return {
IE_TRACE:         14:52:13.855673 line      2351         'ttaf+xml': 'dfxp',
IE_TRACE:         14:52:13.855690 line      2348     return {
IE_TRACE:         14:52:13.855706 line      2352         'ttml+xml': 'ttml',
IE_TRACE:         14:52:13.855723 line      2348     return {
IE_TRACE:         14:52:13.855739 line      2353         'x-flv': 'flv',
IE_TRACE:         14:52:13.855756 line      2348     return {
IE_TRACE:         14:52:13.855772 line      2354         'x-mp4-fragmented': 'mp4',
IE_TRACE:         14:52:13.855788 line      2348     return {
IE_TRACE:         14:52:13.855804 line      2355         'x-ms-sami': 'sami',
IE_TRACE:         14:52:13.855820 line      2348     return {
IE_TRACE:         14:52:13.855836 line      2356         'x-ms-wmv': 'wmv',
IE_TRACE:         14:52:13.855852 line      2348     return {
IE_TRACE:         14:52:13.855868 line      2357         'mpegurl': 'm3u8',
IE_TRACE:         14:52:13.855884 line      2348     return {
IE_TRACE:         14:52:13.855900 line      2358         'x-mpegurl': 'm3u8',
IE_TRACE:         14:52:13.855916 line      2348     return {
IE_TRACE:         14:52:13.855932 line      2359         'vnd.apple.mpegurl': 'm3u8',
IE_TRACE:         14:52:13.855948 line      2348     return {
IE_TRACE:         14:52:13.855964 line      2360         'dash+xml': 'mpd',
IE_TRACE:         14:52:13.855980 line      2348     return {
IE_TRACE:         14:52:13.855996 line      2361         'f4m+xml': 'f4m',
IE_TRACE:         14:52:13.856013 line      2348     return {
IE_TRACE:         14:52:13.856029 line      2362         'hds+xml': 'f4m',
IE_TRACE:         14:52:13.856045 line      2348     return {
IE_TRACE:         14:52:13.856061 line      2363         'vnd.ms-sstr+xml': 'ism',
IE_TRACE:         14:52:13.856077 line      2348     return {
IE_TRACE:         14:52:13.856093 line      2364         'quicktime': 'mov',
IE_TRACE:         14:52:13.856109 line      2348     return {
IE_TRACE:         14:52:13.856125 line      2365         'mp2t': 'ts',
IE_TRACE:         14:52:13.856141 line      2348     return {
IE_TRACE:         14:52:13.856157 line      2366     }.get(res, res)
IE_TRACE:         14:52:13.856174 line      2348     return {
IE_TRACE:         14:52:13.856190 return    2348     return {
IE_TRACE:         Return value:.. 'mp4'
IE_TRACE:     Source path:... /path/to/BugsInPy/workspace/youtube-dl/youtube_dl/extractor/common.py
IE_TRACE:     14:52:13.856212 line      1875                             'width': int_or_none(representation_attrib.get('width')),
IE_TRACE:         Source path:... /path/to/BugsInPy/workspace/youtube-dl/youtube_dl/utils.py
IE_TRACE:         Starting var:.. v = '688'
IE_TRACE:         Starting var:.. scale = 1
IE_TRACE:         Starting var:.. default = None
IE_TRACE:         Starting var:.. get_attr = None
IE_TRACE:         Starting var:.. invscale = 1
IE_TRACE:         14:52:13.860331 call      1785 def int_or_none(v, scale=1, default=None, get_attr=None, invscale=1):
IE_TRACE:         14:52:13.860367 line      1786     if get_attr:
IE_TRACE:         14:52:13.860384 line      1789     if v == '':
IE_TRACE:         14:52:13.860401 line      1791     if v is None:
IE_TRACE:         14:52:13.860418 line      1793     try:
IE_TRACE:         14:52:13.860434 line      1794         return int(v) * invscale // scale
IE_TRACE:         14:52:13.860451 return    1794         return int(v) * invscale // scale
IE_TRACE:         Return value:.. 688
IE_TRACE:     Source path:... /path/to/BugsInPy/workspace/youtube-dl/youtube_dl/extractor/common.py
IE_TRACE:     14:52:13.860474 line      1876                             'height': int_or_none(representation_attrib.get('height')),
IE_TRACE:         Source path:... /path/to/BugsInPy/workspace/youtube-dl/youtube_dl/utils.py
IE_TRACE:         Starting var:.. v = '384'
IE_TRACE:         Starting var:.. scale = 1
IE_TRACE:         Starting var:.. default = None
IE_TRACE:         Starting var:.. get_attr = None
IE_TRACE:         Starting var:.. invscale = 1
IE_TRACE:         14:52:13.864593 call      1785 def int_or_none(v, scale=1, default=None, get_attr=None, invscale=1):
IE_TRACE:         14:52:13.864630 line      1786     if get_attr:
IE_TRACE:         14:52:13.864647 line      1789     if v == '':
IE_TRACE:         14:52:13.864664 line      1791     if v is None:
IE_TRACE:         14:52:13.864681 line      1793     try:
IE_TRACE:         14:52:13.864698 line      1794         return int(v) * invscale // scale
IE_TRACE:         14:52:13.864715 return    1794         return int(v) * invscale // scale
IE_TRACE:         Return value:.. 384
IE_TRACE:     Source path:... /path/to/BugsInPy/workspace/youtube-dl/youtube_dl/extractor/common.py
IE_TRACE:     14:52:13.864736 line      1877                             'tbr': float_or_none(bandwidth, 1000),
IE_TRACE:         Source path:... /path/to/BugsInPy/workspace/youtube-dl/youtube_dl/utils.py
IE_TRACE:         Starting var:.. v = 1022565
IE_TRACE:         Starting var:.. scale = 1000
IE_TRACE:         Starting var:.. invscale = 1
IE_TRACE:         Starting var:.. default = None
IE_TRACE:         14:52:13.868895 call      1811 def float_or_none(v, scale=1, invscale=1, default=None):
IE_TRACE:         14:52:13.868930 line      1812     if v is None:
IE_TRACE:         14:52:13.868946 line      1814     try:
IE_TRACE:         14:52:13.868963 line      1815         return float(v) * invscale / scale
IE_TRACE:         14:52:13.868981 return    1815         return float(v) * invscale / scale
IE_TRACE:         Return value:.. 1022.565
IE_TRACE:     Source path:... /path/to/BugsInPy/workspace/youtube-dl/youtube_dl/extractor/common.py
IE_TRACE:     14:52:13.869002 line      1878                             'asr': int_or_none(representation_attrib.get('audioSamplingRate')),
IE_TRACE:         Source path:... /path/to/BugsInPy/workspace/youtube-dl/youtube_dl/utils.py
IE_TRACE:         Starting var:.. v = None
IE_TRACE:         Starting var:.. scale = 1
IE_TRACE:         Starting var:.. default = None
IE_TRACE:         Starting var:.. get_attr = None
IE_TRACE:         Starting var:.. invscale = 1
IE_TRACE:         14:52:13.873138 call      1785 def int_or_none(v, scale=1, default=None, get_attr=None, invscale=1):
IE_TRACE:         14:52:13.873174 line      1786     if get_attr:
IE_TRACE:         14:52:13.873191 line      1789     if v == '':
IE_TRACE:         14:52:13.873208 line      1791     if v is None:
IE_TRACE:         14:52:13.873225 line      1792         return default
IE_TRACE:         14:52:13.873242 return    1792         return default
IE_TRACE:         Return value:.. None
IE_TRACE:     Source path:... /path/to/BugsInPy/workspace/youtube-dl/youtube_dl/extractor/common.py
IE_TRACE:     14:52:13.873265 line      1879                             'fps': int_or_none(representation_attrib.get('frameRate')),
IE_TRACE:         Source path:... /path/to/BugsInPy/workspace/youtube-dl/youtube_dl/utils.py
IE_TRACE:         Starting var:.. v = None
IE_TRACE:         Starting var:.. scale = 1
IE_TRACE:         Starting var:.. default = None
IE_TRACE:         Starting var:.. get_attr = None
IE_TRACE:         Starting var:.. invscale = 1
IE_TRACE:         14:52:13.877423 call      1785 def int_or_none(v, scale=1, default=None, get_attr=None, invscale=1):
IE_TRACE:         14:52:13.877460 line      1786     if get_attr:
IE_TRACE:         14:52:13.877477 line      1789     if v == '':
IE_TRACE:         14:52:13.877494 line      1791     if v is None:
IE_TRACE:         14:52:13.877511 line      1792         return default
IE_TRACE:         14:52:13.877528 return    1792         return default
IE_TRACE:         Return value:.. None
IE_TRACE:     Source path:... /path/to/BugsInPy/workspace/youtube-dl/youtube_dl/extractor/common.py
IE_TRACE:     14:52:13.877548 line      1880                             'language': lang if lang not in ('mul', 'und', 'zxx', 'mis') else None,
IE_TRACE:     14:52:13.881704 line      1881                             'format_note': 'DASH %s' % content_type,
IE_TRACE:     14:52:13.885893 line      1882                             'filesize': filesize,
IE_TRACE:     14:52:13.890053 line      1870                         f = {
IE_TRACE:     Modified var:.. f = {'format_id': '1022565', 'url': '', 'manifest_url': 'http://unknown/manifest.mpd', 'ext': 'mp4', 'width': 688, 'height': 384, 'tbr': 1022.565, 'asr': None, 'fps': None, 'language': None, 'format_note': 'DASH video', 'filesize': None}
IE_TRACE:     14:52:13.894241 line      1884                         f.update(parse_codecs(representation_attrib.get('codecs')))
IE_TRACE:         Source path:... /path/to/BugsInPy/workspace/youtube-dl/youtube_dl/utils.py
IE_TRACE:         Starting var:.. codecs_str = 'avc1.4d001f'
IE_TRACE:         14:52:13.897727 call      2369 def parse_codecs(codecs_str):
IE_TRACE:         14:52:13.897755 line      2371     if not codecs_str:
IE_TRACE:         14:52:13.897770 line      2373     splited_codecs = list(filter(None, map(
IE_TRACE:         14:52:13.897785 line      2374         lambda str: str.strip(), codecs_str.strip().strip(',').split(','))))
IE_TRACE:         14:52:13.897802 line      2373     splited_codecs = list(filter(None, map(
IE_TRACE:             Starting var:.. str = 'avc1.4d001f'
IE_TRACE:             14:52:13.897820 call      2374         lambda str: str.strip(), codecs_str.strip().strip(',').split(','))))
IE_TRACE:             14:52:13.897838 line      2374         lambda str: str.strip(), codecs_str.strip().strip(',').split(','))))
IE_TRACE:             14:52:13.897853 return    2374         lambda str: str.strip(), codecs_str.strip().strip(',').split(','))))
IE_TRACE:             Return value:.. 'avc1.4d001f'
IE_TRACE:         New var:....... splited_codecs = ['avc1.4d001f']
IE_TRACE:         14:52:13.897873 line      2375     vcodec, acodec = None, None
IE_TRACE:         New var:....... vcodec = None
IE_TRACE:         New var:....... acodec = None
IE_TRACE:         14:52:13.897892 line      2376     for full_codec in splited_codecs:
IE_TRACE:         New var:....... full_codec = 'avc1.4d001f'
IE_TRACE:         14:52:13.897915 line      2377         codec = full_codec.split('.')[0]
IE_TRACE:         New var:....... codec = 'avc1'
IE_TRACE:         14:52:13.897937 line      2378         if codec in ('avc1', 'avc2', 'avc3', 'avc4', 'vp9', 'vp8', 'hev1', 'hev2', 'h263', 'h264', 'mp4v', 'hvc1'):
IE_TRACE:         14:52:13.897962 line      2379             if not vcodec:
IE_TRACE:         14:52:13.897980 line      2380                 vcodec = full_codec
IE_TRACE:         Modified var:.. vcodec = 'avc1.4d001f'
IE_TRACE:         14:52:13.897998 line      2376     for full_codec in splited_codecs:
IE_TRACE:         14:52:13.898019 line      2386     if not vcodec and not acodec:
IE_TRACE:         14:52:13.898038 line      2399             'vcodec': vcodec or 'none',
IE_TRACE:         14:52:13.898057 line      2400             'acodec': acodec or 'none',
IE_TRACE:         14:52:13.898075 line      2398         return {
IE_TRACE:         14:52:13.898093 return    2398         return {
IE_TRACE:         Return value:.. {'vcodec': 'avc1.4d001f', 'acodec': 'none'}
IE_TRACE:     Source path:... /path/to/BugsInPy/workspace/youtube-dl/youtube_dl/extractor/common.py
IE_TRACE:     Modified var:.. f = {'format_id': '1022565', 'url': '', 'manifest_url': 'http://unknown/manifest.mpd', 'ext': 'mp4', 'width': 688, 'height': 384, 'tbr': 1022.565, 'asr': None, 'fps': None, 'language': None, 'format_note': 'DASH video', 'filesize': None, 'vcodec': 'avc1.4d001f', 'acodec': 'none'}
IE_TRACE:     14:52:13.898118 line      1885                         representation_ms_info = extract_multisegment_info(representation, adaption_set_ms_info)
IE_TRACE:         Starting var:.. element = <Element '{urn:mpeg:dash:schema:mpd:2011}Representation' at 0x7a93f4d54310>
IE_TRACE:         Starting var:.. ms_parent_info = {'start_number': 0, 'timescale': 1000000, 'segment_duration': 2000000.0, 'media': 'v_$RepresentationID$_$Number$.mp4d', 'initialization': 'vi_$RepresentationID$.mp4d'}
IE_TRACE:         Starting var:.. _add_ns = <function InfoExtractor._parse_mpd_formats.<locals>._add_ns at 0x7a93f4c402c0>
IE_TRACE:         14:52:13.901584 call      1772         def extract_multisegment_info(element, ms_parent_info):
IE_TRACE:         14:52:13.901617 line      1773             ms_info = ms_parent_info.copy()
IE_TRACE:         New var:....... ms_info = {'start_number': 0, 'timescale': 1000000, 'segment_duration': 2000000.0, 'media': 'v_$RepresentationID$_$Number$.mp4d', 'initialization': 'vi_$RepresentationID$.mp4d'}
IE_TRACE:         14:52:13.901637 line      1778             def extract_common(source):
IE_TRACE:         New var:....... extract_common = <function InfoExtractor._parse_mpd_formats.<locals>.extract_multisegment_info.<locals>.extract_common at 0x7a93f4c41120>
IE_TRACE:         14:52:13.901662 line      1804             def extract_Initialization(source):
IE_TRACE:         New var:....... extract_Initialization = <function InfoExtractor._parse_mpd_formats.<locals>.extract_multisegment_info.<locals>.extract_Initialization at 0x7a93f4c411c0>
IE_TRACE:         14:52:13.901688 line      1809             segment_list = element.find(_add_ns('SegmentList'))
IE_TRACE:             Starting var:.. path = 'SegmentList'
IE_TRACE:             Starting var:.. namespace = 'urn:mpeg:dash:schema:mpd:2011'
IE_TRACE:             Starting var:.. self = <test.test_InfoExtractor.TestIE object at 0x7a93f6053b60>
IE_TRACE:             14:52:13.901715 call      1766         def _add_ns(path):
IE_TRACE:             14:52:13.901741 line      1767             return self._xpath_ns(path, namespace)
IE_TRACE:                 Starting var:.. path = 'SegmentList'
IE_TRACE:                 Starting var:.. namespace = 'urn:mpeg:dash:schema:mpd:2011'
IE_TRACE:                 14:52:13.901759 call      1507     def _xpath_ns(path, namespace=None):
IE_TRACE:                 14:52:13.901782 line      1508         if not namespace:
IE_TRACE:                 14:52:13.901798 line      1510         out = []
IE_TRACE:                 New var:....... out = []
IE_TRACE:                 14:52:13.901815 line      1511         for c in path.split('/'):
IE_TRACE:                 New var:....... c = 'SegmentList'
IE_TRACE:                 14:52:13.901834 line      1512             if not c or c == '.':
IE_TRACE:                 14:52:13.901854 line      1515                 out.append('{%s}%s' % (namespace, c))
IE_TRACE:                 Modified var:.. out = ['{urn:mpeg:dash:schema:mpd:2011}SegmentList']
IE_TRACE:                 14:52:13.901871 line      1511         for c in path.split('/'):
IE_TRACE:                 14:52:13.901891 line      1516         return '/'.join(out)
IE_TRACE:                 14:52:13.901910 return    1516         return '/'.join(out)
IE_TRACE:                 Return value:.. '{urn:mpeg:dash:schema:mpd:2011}SegmentList'
IE_TRACE:             14:52:13.901933 return    1767             return self._xpath_ns(path, namespace)
IE_TRACE:             Return value:.. '{urn:mpeg:dash:schema:mpd:2011}SegmentList'
IE_TRACE:         New var:....... segment_list = None
IE_TRACE:         14:52:13.901953 line      1810             if segment_list is not None:
IE_TRACE:         14:52:13.901980 line      1817                 segment_template = element.find(_add_ns('SegmentTemplate'))
IE_TRACE:             Starting var:.. path = 'SegmentTemplate'
IE_TRACE:             Starting var:.. namespace = 'urn:mpeg:dash:schema:mpd:2011'
IE_TRACE:             Starting var:.. self = <test.test_InfoExtractor.TestIE object at 0x7a93f6053b60>
IE_TRACE:             14:52:13.902004 call      1766         def _add_ns(path):
IE_TRACE:             14:52:13.902028 line      1767             return self._xpath_ns(path, namespace)
IE_TRACE:                 Starting var:.. path = 'SegmentTemplate'
IE_TRACE:                 Starting var:.. namespace = 'urn:mpeg:dash:schema:mpd:2011'
IE_TRACE:                 14:52:13.902045 call      1507     def _xpath_ns(path, namespace=None):
IE_TRACE:                 14:52:13.902067 line      1508         if not namespace:
IE_TRACE:                 14:52:13.902083 line      1510         out = []
IE_TRACE:                 New var:....... out = []
IE_TRACE:                 14:52:13.902099 line      1511         for c in path.split('/'):
IE_TRACE:                 New var:....... c = 'SegmentTemplate'
IE_TRACE:                 14:52:13.902117 line      1512             if not c or c == '.':
IE_TRACE:                 14:52:13.902137 line      1515                 out.append('{%s}%s' % (namespace, c))
IE_TRACE:                 Modified var:.. out = ['{urn:mpeg:dash:schema:mpd:2011}SegmentTemplate']
IE_TRACE:                 14:52:13.902154 line      1511         for c in path.split('/'):
IE_TRACE:                 14:52:13.902174 line      1516         return '/'.join(out)
IE_TRACE:                 14:52:13.902191 return    1516         return '/'.join(out)
IE_TRACE:                 Return value:.. '{urn:mpeg:dash:schema:mpd:2011}SegmentTemplate'
IE_TRACE:             14:52:13.902212 return    1767             return self._xpath_ns(path, namespace)
IE_TRACE:             Return value:.. '{urn:mpeg:dash:schema:mpd:2011}SegmentTemplate'
IE_TRACE:         New var:....... segment_template = None
IE_TRACE:         14:52:13.902231 line      1818                 if segment_template is not None:
IE_TRACE:         14:52:13.902258 line      1828             return ms_info
IE_TRACE:         14:52:13.902283 return    1828             return ms_info
IE_TRACE:         Return value:.. {'start_number': 0, 'timescale': 1000000, 'segment_duration': 2000000.0, 'media': 'v_$RepresentationID$_$Number$.mp4d', 'initialization': 'vi_$RepresentationID$.mp4d'}
IE_TRACE:     Modified var:.. representation_ms_info = {'start_number': 0, 'timescale': 1000000, 'segment_duration': 2000000.0, 'media': 'v_$RepresentationID$_$Number$.mp4d', 'initialization': 'vi_$RepresentationID$.mp4d'}
IE_TRACE:     14:52:13.902311 line      1887                         def prepare_template(template_name, identifiers):
IE_TRACE:     Modified var:.. prepare_template = <function InfoExtractor._parse_mpd_formats.<locals>.prepare_template at 0x7a93f4c40d60>
IE_TRACE:     14:52:13.905126 line      1898                         if 'initialization' in representation_ms_info:
IE_TRACE:     14:52:13.907908 line      1899                             initialization_template = prepare_template(
IE_TRACE:     14:52:13.910702 line      1900                                 'initialization',
IE_TRACE:     14:52:13.913487 line      1904                                 ('Bandwidth', ))
IE_TRACE:     14:52:13.916281 line      1899                             initialization_template = prepare_template(
IE_TRACE:         Starting var:.. template_name = 'initialization'
IE_TRACE:         Starting var:.. identifiers = ('Bandwidth',)
IE_TRACE:         Starting var:.. representation_id = '1022565'
IE_TRACE:         Starting var:.. representation_ms_info = {'start_number': 0, 'timescale': 1000000, 'segment_duration': 2000000.0, 'media': 'v_$RepresentationID$_$Number$.mp4d', 'initialization': 'vi_$RepresentationID$.mp4d'}
IE_TRACE:         14:52:13.919105 call      1887                         def prepare_template(template_name, identifiers):
IE_TRACE:         14:52:13.919140 line      1888                             t = representation_ms_info[template_name]
IE_TRACE:         New var:....... t = 'vi_$RepresentationID$.mp4d'
IE_TRACE:         14:52:13.919159 line      1889                             t = t.replace('$RepresentationID$', representation_id)
IE_TRACE:         Modified var:.. t = 'vi_1022565.mp4d'
IE_TRACE:         14:52:13.919183 line      1890                             t = re.sub(r'\$(%s)\$' % '|'.join(identifiers), r'%(\1)d', t)
IE_TRACE:         Source path:... /path/to/BugsInPy/workspace/youtube-dl/youtube_dl/extractor/common.py
IE_TRACE:         14:52:13.919392 line      1891                             t = re.sub(r'\$(%s)%%([^$]+)\$' % '|'.join(identifiers), r'%(\1)\2', t)
IE_TRACE:         Source path:... /path/to/BugsInPy/workspace/youtube-dl/youtube_dl/extractor/common.py
IE_TRACE:         14:52:13.919585 line      1892                             t.replace('$$', '$')
IE_TRACE:         14:52:13.919606 line      1893                             return t
IE_TRACE:         14:52:13.919624 return    1893                             return t
IE_TRACE:         Return value:.. 'vi_1022565.mp4d'
IE_TRACE:     Modified var:.. initialization_template = 'vi_1022565.mp4d'
IE_TRACE:     14:52:13.919646 line      1905                             representation_ms_info['initialization_url'] = initialization_template % {
IE_TRACE:     14:52:13.922438 line      1906                                 'Bandwidth': bandwidth,
IE_TRACE:     14:52:13.925222 line      1905                             representation_ms_info['initialization_url'] = initialization_template % {
IE_TRACE:     Modified var:.. representation_ms_info = {'start_number': 0, 'timescale': 1000000, 'segment_duration': 2000000.0, 'media': 'v_$RepresentationID$_$Number$.mp4d', 'initialization': 'vi_$RepresentationID$.mp4d', 'initialization_url': 'vi_1022565.mp4d'}
IE_TRACE:     14:52:13.928023 line      1909                         def location_key(location):
IE_TRACE:     Modified var:.. location_key = <function InfoExtractor._parse_mpd_formats.<locals>.location_key at 0x7a93f4c40fe0>
IE_TRACE:     14:52:13.930838 line      1912                         if 'segment_urls' not in representation_ms_info and 'media' in representation_ms_info:
IE_TRACE:     14:52:13.933657 line      1914                             media_template = prepare_template('media', ('Number', 'Bandwidth', 'Time'))
IE_TRACE:         Starting var:.. template_name = 'media'
IE_TRACE:         Starting var:.. identifiers = ('Number', 'Bandwidth', 'Time')
IE_TRACE:         Starting var:.. representation_id = '1022565'
IE_TRACE:         Starting var:.. representation_ms_info = {'start_number': 0, 'timescale': 1000000, 'segment_duration': 2000000.0, 'media': 'v_$RepresentationID$_$Number$.mp4d', 'initialization': 'vi_$RepresentationID$.mp4d', 'initialization_url': 'vi_1022565.mp4d'}
IE_TRACE:         14:52:13.936479 call      1887                         def prepare_template(template_name, identifiers):
IE_TRACE:         14:52:13.936514 line      1888                             t = representation_ms_info[template_name]
IE_TRACE:         New var:....... t = 'v_$RepresentationID$_$Number$.mp4d'
IE_TRACE:         14:52:13.936533 line      1889                             t = t.replace('$RepresentationID$', representation_id)
IE_TRACE:         Modified var:.. t = 'v_1022565_$Number$.mp4d'
IE_TRACE:         14:52:13.936554 line      1890                             t = re.sub(r'\$(%s)\$' % '|'.join(identifiers), r'%(\1)d', t)
IE_TRACE:         Source path:... /path/to/BugsInPy/workspace/youtube-dl/youtube_dl/extractor/common.py
IE_TRACE:         Modified var:.. t = 'v_1022565_%(Number)d.mp4d'
IE_TRACE:         14:52:13.936751 line      1891                             t = re.sub(r'\$(%s)%%([^$]+)\$' % '|'.join(identifiers), r'%(\1)\2', t)
IE_TRACE:         Source path:... /path/to/BugsInPy/workspace/youtube-dl/youtube_dl/extractor/common.py
IE_TRACE:         14:52:13.936939 line      1892                             t.replace('$$', '$')
IE_TRACE:         14:52:13.936960 line      1893                             return t
IE_TRACE:         14:52:13.936978 return    1893                             return t
IE_TRACE:         Return value:.. 'v_1022565_%(Number)d.mp4d'
IE_TRACE:     Modified var:.. media_template = 'v_1022565_%(Number)d.mp4d'
IE_TRACE:     14:52:13.936999 line      1915                             media_location_key = location_key(media_template)
IE_TRACE:         Starting var:.. location = 'v_1022565_%(Number)d.mp4d'
IE_TRACE:         14:52:13.939780 call      1909                         def location_key(location):
IE_TRACE:         14:52:13.939797 line      1910                             return 'url' if re.match(r'^https?://', location) else 'path'
IE_TRACE:         Source path:... /path/to/BugsInPy/workspace/youtube-dl/youtube_dl/extractor/common.py
IE_TRACE:         14:52:13.939964 return    1910                             return 'url' if re.match(r'^https?://', location) else 'path'
IE_TRACE:         Return value:.. 'path'
IE_TRACE:     14:52:13.939986 line      1919                             if '%(Number' in media_template and 's' not in representation_ms_info:
IE_TRACE:     14:52:13.942761 line      1920                                 segment_duration = None
IE_TRACE:     Modified var:.. segment_duration = None
IE_TRACE:     14:52:13.945544 line      1921                                 if 'total_number' not in representation_ms_info and 'segment_duration' in representation_ms_info:
IE_TRACE:     14:52:13.948331 line      1922                                     segment_duration = float_or_none(representation_ms_info['segment_duration'], representation_ms_info['timescale'])
IE_TRACE:         Source path:... /path/to/BugsInPy/workspace/youtube-dl/youtube_dl/utils.py
IE_TRACE:         Starting var:.. v = 2000000.0
IE_TRACE:         Starting var:.. scale = 1000000
IE_TRACE:         Starting var:.. invscale = 1
IE_TRACE:         Starting var:.. default = None
IE_TRACE:         14:52:13.951145 call      1811 def float_or_none(v, scale=1, invscale=1, default=None):
IE_TRACE:         14:52:13.951180 line      1812     if v is None:
IE_TRACE:         14:52:13.951197 line      1814     try:
IE_TRACE:         14:52:13.951213 line      1815         return float(v) * invscale / scale
IE_TRACE:         14:52:13.951230 return    1815         return float(v) * invscale / scale
IE_TRACE:         Return value:.. 2.0
IE_TRACE:     Source path:... /path/to/BugsInPy/workspace/youtube-dl/youtube_dl/extractor/common.py
IE_TRACE:     Modified var:.. segment_duration = 2.0
IE_TRACE:     14:52:13.951250 line      1923                                     representation_ms_info['total_number'] = int(math.ceil(float(period_duration) / segment_duration))
IE_TRACE:     Modified var:.. representation_ms_info = {'start_number': 0, 'timescale': 1000000, 'segment_duration': 2000000.0, 'media': 'v_$RepresentationID$_$Number$.mp4d', 'initialization': 'vi_$RepresentationID$.mp4d', 'initialization_url': 'vi_1022565.mp4d', 'total_number': 3007}
IE_TRACE:     14:52:13.954074 line      1930                                 } for segment_number in range(
IE_TRACE:     14:52:13.956901 line      1931                                     representation_ms_info['start_number'],
IE_TRACE:     14:52:13.959697 line      1932                                     representation_ms_info['total_number'] + representation_ms_info['start_number'])]
IE_TRACE:     14:52:13.962471 line      1930                                 } for segment_number in range(
IE_TRACE:     14:52:13.965283 line      1924                                 representation_ms_info['fragments'] = [{
IE_TRACE:     14:52:13.968083 line      1930                                 } for segment_number in range(
IE_TRACE:     New var:....... segment_number = 0
IE_TRACE:     14:52:13.970888 line      1925                                     media_location_key: media_template % {
IE_TRACE:     14:52:13.973671 line      1926                                         'Number': segment_number,
IE_TRACE:     14:52:13.976453 line      1927                                         'Bandwidth': bandwidth,
IE_TRACE:     14:52:13.979249 line      1925                                     media_location_key: media_template % {
IE_TRACE:     14:52:13.982101 line      1929                                     'duration': segment_duration,
IE_TRACE:     14:52:13.984893 line      1924                                 representation_ms_info['fragments'] = [{
IE_TRACE:     [CONDENSED] 3005 identical loop iterations skipped (3007 total iterations, showing first and last)
IE_TRACE:     14:53:21.371698 line      1924                                 representation_ms_info['fragments'] = [{
IE_TRACE:     14:53:21.374521 line      1930                                 } for segment_number in range(
IE_TRACE:     Modified var:.. segment_number = 3006
IE_TRACE:     14:53:21.377327 line      1925                                     media_location_key: media_template % {
IE_TRACE:     14:53:21.380151 line      1926                                         'Number': segment_number,
IE_TRACE:     14:53:21.382958 line      1927                                         'Bandwidth': bandwidth,
IE_TRACE:     14:53:21.385782 line      1925                                     media_location_key: media_template % {
IE_TRACE:     14:53:21.388585 line      1929                                     'duration': segment_duration,
IE_TRACE:     14:53:21.391369 line      1924                                 representation_ms_info['fragments'] = [{
IE_TRACE:     14:53:21.394174 line      1924                                 representation_ms_info['fragments'] = [{
IE_TRACE:     Modified var:.. representation_ms_info = {'start_number': 0, 'timescale': 1000000, 'segment_duration': 2000000.0, 'media': 'v_$RepresentationID$_$Number$.mp4d', 'initialization': 'vi_$RepresentationID$.mp4d', 'initialization_url': 'vi_1022565.mp4d', 'total_number': 3007, 'fragments': [{'p...'path': 'v_1022565_3002.mp4d', 'duration': 2.0}, {'path': 'v_1022565_3003.mp4d', 'duration': 2.0}, {'path': 'v_1022565_3004.mp4d', 'duration': 2.0}, {'path': 'v_1022565_3005.mp4d', 'duration': 2.0}, {'path': 'v_1022565_3006.mp4d', 'duration': 2.0}]}
IE_TRACE:     14:53:21.397008 line      1998                         if 'fragments' in representation_ms_info:
IE_TRACE:     14:53:21.400560 line      1999                             f.update({
IE_TRACE:     14:53:21.404066 line      2000                                 'fragment_base_url': base_url,
IE_TRACE:     14:53:21.407596 line      2001                                 'fragments': [],
IE_TRACE:     14:53:21.411111 line      2002                                 'protocol': 'http_dash_segments',
IE_TRACE:     14:53:21.414651 line      1999                             f.update({
IE_TRACE:     Modified var:.. f = {'format_id': '1022565', 'url': '', 'manifest_url': 'http://unknown/manifest.mpd', 'ext': 'mp4', 'width': 688, 'height': 384, 'tbr': 1022.565, 'asr': None, 'fps': None, 'language': None, 'format_note': 'DASH video', 'filesize': None, 'vcodec': 'avc1.4d001f', 'acodec': 'none', 'fragment_base_url': '', 'fragments': [], 'protocol': 'http_dash_segments'}
IE_TRACE:     14:53:21.418165 line      2004                             if 'initialization_url' in representation_ms_info:
IE_TRACE:     14:53:21.421683 line      2005                                 initialization_url = representation_ms_info['initialization_url']
IE_TRACE:     Modified var:.. initialization_url = 'vi_1022565.mp4d'
IE_TRACE:     14:53:21.425194 line      2006                                 if not f.get('url'):
IE_TRACE:     14:53:21.428753 line      2007                                     f['url'] = initialization_url
IE_TRACE:     Modified var:.. f = {'format_id': '1022565', 'url': 'vi_1022565.mp4d', 'manifest_url': 'http://unknown/manifest.mpd', 'ext': 'mp4', 'width': 688, 'height': 384, 'tbr': 1022.565, 'asr': None, 'fps': None, 'language': None, 'format_note': 'DASH video', 'filesize': None, 'vcodec': 'avc1.4d001f', 'acodec': 'none', 'fragment_base_url': '', 'fragments': [], 'protocol': 'http_dash_segments'}
IE_TRACE:     14:53:21.432274 line      2008                                 f['fragments'].append({location_key(initialization_url): initialization_url})
IE_TRACE:         Starting var:.. location = 'vi_1022565.mp4d'
IE_TRACE:         14:53:21.435822 call      1909                         def location_key(location):
IE_TRACE:         14:53:21.435847 line      1910                             return 'url' if re.match(r'^https?://', location) else 'path'
IE_TRACE:         Source path:... /path/to/BugsInPy/workspace/youtube-dl/youtube_dl/extractor/common.py
IE_TRACE:         14:53:21.436060 return    1910                             return 'url' if re.match(r'^https?://', location) else 'path'
IE_TRACE:         Return value:.. 'path'
IE_TRACE:     Modified var:.. f = {'format_id': '1022565', 'url': 'vi_1022565.mp4d', 'manifest_url': 'http://unknown/manifest.mpd', 'ext': 'mp4', 'width': 688, 'height': 384, 'tbr': 1022.565, 'asr': None, 'fps': None, 'language': None, 'format_note': 'DASH video', 'filesize': None, 'vcodec': 'avc1.4d001f', 'acodec': 'none', 'fragment_base_url': '', 'fragments': [{'path': 'vi_1022565.mp4d'}], 'protocol': 'http_dash_segments'}
IE_TRACE:     14:53:21.436089 line      2009                             f['fragments'].extend(representation_ms_info['fragments'])
IE_TRACE:     Modified var:.. f = {'format_id': '1022565', 'url': 'vi_1022565.mp4d', 'manifest_url': 'http://unknown/manifest.mpd', 'ext': 'mp4', 'width': 688, 'height': 384, 'tbr': 1022.565, 'asr': None, 'fps': None, 'language': None, 'format_note': 'DASH video', 'filesize': None,...ration': 2.0}, {'path': 'v_1022565_3003.mp4d', 'duration': 2.0}, {'path': 'v_1022565_3004.mp4d', 'duration': 2.0}, {'path': 'v_1022565_3005.mp4d', 'duration': 2.0}, {'path': 'v_1022565_3006.mp4d', 'duration': 2.0}], 'protocol': 'http_dash_segments'}
IE_TRACE:     14:53:21.439601 line      2010                         try:
IE_TRACE:     14:53:21.443836 line      2011                             existing_format = next(
IE_TRACE:     14:53:21.448081 line      2012                                 fo for fo in formats
IE_TRACE:     14:53:21.452329 line      2011                             existing_format = next(
IE_TRACE:         Starting var:.. .0 = <list_iterator object at 0x7a93f4e736d0>
IE_TRACE:         Starting var:.. representation_id = '1022565'
IE_TRACE:         14:53:21.456597 call      2011                             existing_format = next(
IE_TRACE:         14:53:21.456633 line      2011                             existing_format = next(
IE_TRACE:         14:53:21.456649 line      2012                                 fo for fo in formats
IE_TRACE:         New var:....... fo = {'format_id': '318597', 'url': 'vi_318597.mp4d', 'manifest_url': 'http://unknown/manifest.mpd', 'ext': 'mp4', 'width': 340, 'height': 192, 'tbr': 318.597, 'asr': None, 'fps': None, 'language': None, 'format_note': 'DASH video', 'filesize': None, 'v... 'duration': 2.0}, {'path': 'v_318597_3003.mp4d', 'duration': 2.0}, {'path': 'v_318597_3004.mp4d', 'duration': 2.0}, {'path': 'v_318597_3005.mp4d', 'duration': 2.0}, {'path': 'v_318597_3006.mp4d', 'duration': 2.0}], 'protocol': 'http_dash_segments'}
IE_TRACE:         14:53:21.456664 line      2013                                 if fo['format_id'] == representation_id)
IE_TRACE:         14:53:21.457358 line      2012                                 fo for fo in formats
IE_TRACE:         14:53:21.458069 line      2011                             existing_format = next(
IE_TRACE:         14:53:21.458764 line      2012                                 fo for fo in formats
IE_TRACE:         Modified var:.. fo = {'format_id': '638590', 'url': 'vi_638590.mp4d', 'manifest_url': 'http://unknown/manifest.mpd', 'ext': 'mp4', 'width': 512, 'height': 288, 'tbr': 638.59, 'asr': None, 'fps': None, 'language': None, 'format_note': 'DASH video', 'filesize': None, 'vc... 'duration': 2.0}, {'path': 'v_638590_3003.mp4d', 'duration': 2.0}, {'path': 'v_638590_3004.mp4d', 'duration': 2.0}, {'path': 'v_638590_3005.mp4d', 'duration': 2.0}, {'path': 'v_638590_3006.mp4d', 'duration': 2.0}], 'protocol': 'http_dash_segments'}
IE_TRACE:         14:53:21.459458 line      2013                                 if fo['format_id'] == representation_id)
IE_TRACE:         14:53:21.460155 line      2012                                 fo for fo in formats
IE_TRACE:         14:53:21.460849 line      2011                             existing_format = next(
IE_TRACE:         14:53:21.461536 return    2011                             existing_format = next(
IE_TRACE:         Return value:.. None
IE_TRACE:     14:53:21.462242 exception 2011                             existing_format = next(
IE_TRACE:     Exception:..... StopIteration
IE_TRACE:     14:53:21.466479 line      2014                         except StopIteration:
IE_TRACE:     14:53:21.470646 line      2015                             full_info = formats_dict.get(representation_id, {}).copy()
IE_TRACE:     Modified var:.. full_info = {}
IE_TRACE:     14:53:21.474774 line      2016                             full_info.update(f)
IE_TRACE:     Modified var:.. full_info = {'format_id': '1022565', 'url': 'vi_1022565.mp4d', 'manifest_url': 'http://unknown/manifest.mpd', 'ext': 'mp4', 'width': 688, 'height': 384, 'tbr': 1022.565, 'asr': None, 'fps': None, 'language': None, 'format_note': 'DASH video', 'filesize': None,...ration': 2.0}, {'path': 'v_1022565_3003.mp4d', 'duration': 2.0}, {'path': 'v_1022565_3004.mp4d', 'duration': 2.0}, {'path': 'v_1022565_3005.mp4d', 'duration': 2.0}, {'path': 'v_1022565_3006.mp4d', 'duration': 2.0}], 'protocol': 'http_dash_segments'}
IE_TRACE:     14:53:21.478253 line      2017                             formats.append(full_info)
IE_TRACE:     Modified var:.. formats = [{'format_id': '318597', 'url': 'vi_318597.mp4d', 'manifest_url': 'http://unknown/manifest.mpd', 'ext': 'mp4', 'width': 340, 'height': 192, 'tbr': 318.597, 'asr': None, 'fps': None, 'language': None, 'format_note': 'DASH video', 'filesize': None, '...ation': 2.0}, {'path': 'v_1022565_3003.mp4d', 'duration': 2.0}, {'path': 'v_1022565_3004.mp4d', 'duration': 2.0}, {'path': 'v_1022565_3005.mp4d', 'duration': 2.0}, {'path': 'v_1022565_3006.mp4d', 'duration': 2.0}], 'protocol': 'http_dash_segments'}]
IE_TRACE:     14:53:21.482365 line      1842                 for representation in adaptation_set.findall(_add_ns('Representation')):
IE_TRACE:     Modified var:.. representation = <Element '{urn:mpeg:dash:schema:mpd:2011}Representation' at 0x7a93f4d54360>
IE_TRACE:     14:53:21.487474 line      1843                     if is_drm_protected(representation):
IE_TRACE:         Starting var:.. element = <Element '{urn:mpeg:dash:schema:mpd:2011}Representation' at 0x7a93f4d54360>
IE_TRACE:         Starting var:.. _add_ns = <function InfoExtractor._parse_mpd_formats.<locals>._add_ns at 0x7a93f4c402c0>
IE_TRACE:         14:53:21.492453 call      1769         def is_drm_protected(element):
IE_TRACE:         14:53:21.492481 line      1770             return element.find(_add_ns('ContentProtection')) is not None
IE_TRACE:             Starting var:.. path = 'ContentProtection'
IE_TRACE:             Starting var:.. namespace = 'urn:mpeg:dash:schema:mpd:2011'
IE_TRACE:             Starting var:.. self = <test.test_InfoExtractor.TestIE object at 0x7a93f6053b60>
IE_TRACE:             14:53:21.492498 call      1766         def _add_ns(path):
IE_TRACE:             14:53:21.492525 line      1767             return self._xpath_ns(path, namespace)
IE_TRACE:                 Starting var:.. path = 'ContentProtection'
IE_TRACE:                 Starting var:.. namespace = 'urn:mpeg:dash:schema:mpd:2011'
IE_TRACE:                 14:53:21.492546 call      1507     def _xpath_ns(path, namespace=None):
IE_TRACE:                 14:53:21.492580 line      1508         if not namespace:
IE_TRACE:                 14:53:21.492597 line      1510         out = []
IE_TRACE:                 New var:....... out = []
IE_TRACE:                 14:53:21.492612 line      1511         for c in path.split('/'):
IE_TRACE:                 New var:....... c = 'ContentProtection'
IE_TRACE:                 14:53:21.492633 line      1512             if not c or c == '.':
IE_TRACE:                 14:53:21.492653 line      1515                 out.append('{%s}%s' % (namespace, c))
IE_TRACE:                 Modified var:.. out = ['{urn:mpeg:dash:schema:mpd:2011}ContentProtection']
IE_TRACE:                 14:53:21.492671 line      1511         for c in path.split('/'):
IE_TRACE:                 14:53:21.492690 line      1516         return '/'.join(out)
IE_TRACE:                 14:53:21.492707 return    1516         return '/'.join(out)
IE_TRACE:                 Return value:.. '{urn:mpeg:dash:schema:mpd:2011}ContentProtection'
IE_TRACE:             14:53:21.492729 return    1767             return self._xpath_ns(path, namespace)
IE_TRACE:             Return value:.. '{urn:mpeg:dash:schema:mpd:2011}ContentProtection'
IE_TRACE:         14:53:21.492753 return    1770             return element.find(_add_ns('ContentProtection')) is not None
IE_TRACE:         Return value:.. False
IE_TRACE:     14:53:21.492775 line      1845                     representation_attrib = adaptation_set.attrib.copy()
IE_TRACE:     Modified var:.. representation_attrib = {'mimeType': 'video/mp4', 'startWithSAP': '1', 'segmentAlignment': 'true'}
IE_TRACE:     14:53:21.497619 line      1846                     representation_attrib.update(representation.attrib)
IE_TRACE:     Modified var:.. representation_attrib = {'mimeType': 'video/mp4', 'startWithSAP': '1', 'segmentAlignment': 'true', 'id': '2046506', 'codecs': 'avc1.4d001f', 'width': '1024', 'height': '576', 'bandwidth': '2046506'}
IE_TRACE:     14:53:21.502451 line      1848                     mime_type = representation_attrib['mimeType']
IE_TRACE:     14:53:21.507323 line      1849                     content_type = mime_type.split('/')[0]
IE_TRACE:     14:53:21.512176 line      1850                     if content_type == 'text':
IE_TRACE:     14:53:21.517023 line      1853                     elif content_type in ('video', 'audio'):
IE_TRACE:     14:53:21.521947 line      1854                         base_url = ''
IE_TRACE:     14:53:21.526834 line      1855                         for element in (representation, adaptation_set, period, mpd_doc):
IE_TRACE:     Modified var:.. element = <Element '{urn:mpeg:dash:schema:mpd:2011}Representation' at 0x7a93f4d54360>
IE_TRACE:     14:53:21.531696 line      1856                             base_url_e = element.find(_add_ns('BaseURL'))
IE_TRACE:         Starting var:.. path = 'BaseURL'
IE_TRACE:         Starting var:.. namespace = 'urn:mpeg:dash:schema:mpd:2011'
IE_TRACE:         Starting var:.. self = <test.test_InfoExtractor.TestIE object at 0x7a93f6053b60>
IE_TRACE:         14:53:21.536535 call      1766         def _add_ns(path):
IE_TRACE:         14:53:21.536565 line      1767             return self._xpath_ns(path, namespace)
IE_TRACE:             Starting var:.. path = 'BaseURL'
IE_TRACE:             Starting var:.. namespace = 'urn:mpeg:dash:schema:mpd:2011'
IE_TRACE:             14:53:21.536587 call      1507     def _xpath_ns(path, namespace=None):
IE_TRACE:             14:53:21.536610 line      1508         if not namespace:
IE_TRACE:             14:53:21.536625 line      1510         out = []
IE_TRACE:             New var:....... out = []
IE_TRACE:             14:53:21.536641 line      1511         for c in path.split('/'):
IE_TRACE:             New var:....... c = 'BaseURL'
IE_TRACE:             14:53:21.536659 line      1512             if not c or c == '.':
IE_TRACE:             14:53:21.536679 line      1515                 out.append('{%s}%s' % (namespace, c))
IE_TRACE:             Modified var:.. out = ['{urn:mpeg:dash:schema:mpd:2011}BaseURL']
IE_TRACE:             14:53:21.536695 line      1511         for c in path.split('/'):
IE_TRACE:             14:53:21.536714 line      1516         return '/'.join(out)
IE_TRACE:             14:53:21.536730 return    1516         return '/'.join(out)
IE_TRACE:             Return value:.. '{urn:mpeg:dash:schema:mpd:2011}BaseURL'
IE_TRACE:         14:53:21.536752 return    1767             return self._xpath_ns(path, namespace)
IE_TRACE:         Return value:.. '{urn:mpeg:dash:schema:mpd:2011}BaseURL'
IE_TRACE:     14:53:21.536774 line      1857                             if base_url_e is not None:
IE_TRACE:     [CONDENSED] 2 identical loop iterations skipped (4 total iterations, showing first and last)
IE_TRACE:     14:53:21.571510 line      1855                         for element in (representation, adaptation_set, period, mpd_doc):
IE_TRACE:     Modified var:.. element = <Element '{urn:mpeg:dash:schema:mpd:2011}MPD' at 0x7a93f4d5fd30>
IE_TRACE:     14:53:21.576446 line      1856                             base_url_e = element.find(_add_ns('BaseURL'))
IE_TRACE:         Starting var:.. path = 'BaseURL'
IE_TRACE:         Starting var:.. namespace = 'urn:mpeg:dash:schema:mpd:2011'
IE_TRACE:         Starting var:.. self = <test.test_InfoExtractor.TestIE object at 0x7a93f6053b60>
IE_TRACE:         14:53:21.581380 call      1766         def _add_ns(path):
IE_TRACE:         14:53:21.581409 line      1767             return self._xpath_ns(path, namespace)
IE_TRACE:             Starting var:.. path = 'BaseURL'
IE_TRACE:             Starting var:.. namespace = 'urn:mpeg:dash:schema:mpd:2011'
IE_TRACE:             14:53:21.581425 call      1507     def _xpath_ns(path, namespace=None):
IE_TRACE:             14:53:21.581446 line      1508         if not namespace:
IE_TRACE:             14:53:21.581461 line      1510         out = []
IE_TRACE:             New var:....... out = []
IE_TRACE:             14:53:21.581476 line      1511         for c in path.split('/'):
IE_TRACE:             New var:....... c = 'BaseURL'
IE_TRACE:             14:53:21.581495 line      1512             if not c or c == '.':
IE_TRACE:             14:53:21.581514 line      1515                 out.append('{%s}%s' % (namespace, c))
IE_TRACE:             Modified var:.. out = ['{urn:mpeg:dash:schema:mpd:2011}BaseURL']
IE_TRACE:             14:53:21.581530 line      1511         for c in path.split('/'):
IE_TRACE:             14:53:21.581549 line      1516         return '/'.join(out)
IE_TRACE:             14:53:21.581566 return    1516         return '/'.join(out)
IE_TRACE:             Return value:.. '{urn:mpeg:dash:schema:mpd:2011}BaseURL'
IE_TRACE:         14:53:21.581591 return    1767             return self._xpath_ns(path, namespace)
IE_TRACE:         Return value:.. '{urn:mpeg:dash:schema:mpd:2011}BaseURL'
IE_TRACE:     14:53:21.581612 line      1857                             if base_url_e is not None:
IE_TRACE:     14:53:21.586486 line      1855                         for element in (representation, adaptation_set, period, mpd_doc):
IE_TRACE:     14:53:21.591327 line      1861                         if mpd_base_url and not re.match(r'^https?://', base_url):
IE_TRACE:     14:53:21.596179 line      1865                         representation_id = representation_attrib.get('id')
IE_TRACE:     Modified var:.. representation_id = '2046506'
IE_TRACE:     14:53:21.601028 line      1866                         lang = representation_attrib.get('lang')
IE_TRACE:     14:53:21.605875 line      1867                         url_el = representation.find(_add_ns('BaseURL'))
IE_TRACE:         Starting var:.. path = 'BaseURL'
IE_TRACE:         Starting var:.. namespace = 'urn:mpeg:dash:schema:mpd:2011'
IE_TRACE:         Starting var:.. self = <test.test_InfoExtractor.TestIE object at 0x7a93f6053b60>
IE_TRACE:         14:53:21.610736 call      1766         def _add_ns(path):
IE_TRACE:         14:53:21.610762 line      1767             return self._xpath_ns(path, namespace)
IE_TRACE:             Starting var:.. path = 'BaseURL'
IE_TRACE:             Starting var:.. namespace = 'urn:mpeg:dash:schema:mpd:2011'
IE_TRACE:             14:53:21.610779 call      1507     def _xpath_ns(path, namespace=None):
IE_TRACE:             14:53:21.610801 line      1508         if not namespace:
IE_TRACE:             14:53:21.610816 line      1510         out = []
IE_TRACE:             New var:....... out = []
IE_TRACE:             14:53:21.610831 line      1511         for c in path.split('/'):
IE_TRACE:             New var:....... c = 'BaseURL'
IE_TRACE:             14:53:21.610850 line      1512             if not c or c == '.':
IE_TRACE:             14:53:21.610868 line      1515                 out.append('{%s}%s' % (namespace, c))
IE_TRACE:             Modified var:.. out = ['{urn:mpeg:dash:schema:mpd:2011}BaseURL']
IE_TRACE:             14:53:21.610884 line      1511         for c in path.split('/'):
IE_TRACE:             14:53:21.610903 line      1516         return '/'.join(out)
IE_TRACE:             14:53:21.610920 return    1516         return '/'.join(out)
IE_TRACE:             Return value:.. '{urn:mpeg:dash:schema:mpd:2011}BaseURL'
IE_TRACE:         14:53:21.610940 return    1767             return self._xpath_ns(path, namespace)
IE_TRACE:         Return value:.. '{urn:mpeg:dash:schema:mpd:2011}BaseURL'
IE_TRACE:     14:53:21.610959 line      1868                         filesize = int_or_none(url_el.attrib.get('{http://youtube.com/yt/2012/10/10}contentLength') if url_el is not None else None)
IE_TRACE:         Source path:... /path/to/BugsInPy/workspace/youtube-dl/youtube_dl/utils.py
IE_TRACE:         Starting var:.. v = None
IE_TRACE:         Starting var:.. scale = 1
IE_TRACE:         Starting var:.. default = None
IE_TRACE:         Starting var:.. get_attr = None
IE_TRACE:         Starting var:.. invscale = 1
IE_TRACE:         14:53:21.615876 call      1785 def int_or_none(v, scale=1, default=None, get_attr=None, invscale=1):
IE_TRACE:         14:53:21.615917 line      1786     if get_attr:
IE_TRACE:         14:53:21.615936 line      1789     if v == '':
IE_TRACE:         14:53:21.615953 line      1791     if v is None:
IE_TRACE:         14:53:21.615970 line      1792         return default
IE_TRACE:         14:53:21.615988 return    1792         return default
IE_TRACE:         Return value:.. None
IE_TRACE:     Source path:... /path/to/BugsInPy/workspace/youtube-dl/youtube_dl/extractor/common.py
IE_TRACE:     14:53:21.616011 line      1869                         bandwidth = int_or_none(representation_attrib.get('bandwidth'))
IE_TRACE:         Source path:... /path/to/BugsInPy/workspace/youtube-dl/youtube_dl/utils.py
IE_TRACE:         Starting var:.. v = '2046506'
IE_TRACE:         Starting var:.. scale = 1
IE_TRACE:         Starting var:.. default = None
IE_TRACE:         Starting var:.. get_attr = None
IE_TRACE:         Starting var:.. invscale = 1
IE_TRACE:         14:53:21.620952 call      1785 def int_or_none(v, scale=1, default=None, get_attr=None, invscale=1):
IE_TRACE:         14:53:21.620987 line      1786     if get_attr:
IE_TRACE:         14:53:21.621004 line      1789     if v == '':
IE_TRACE:         14:53:21.621021 line      1791     if v is None:
IE_TRACE:         14:53:21.621038 line      1793     try:
IE_TRACE:         14:53:21.621054 line      1794         return int(v) * invscale // scale
IE_TRACE:         14:53:21.621076 return    1794         return int(v) * invscale // scale
IE_TRACE:         Return value:.. 2046506
IE_TRACE:     Source path:... /path/to/BugsInPy/workspace/youtube-dl/youtube_dl/extractor/common.py
IE_TRACE:     Modified var:.. bandwidth = 2046506
IE_TRACE:     14:53:21.621098 line      1871                             'format_id': '%s-%s' % (mpd_id, representation_id) if mpd_id else representation_id,
IE_TRACE:     14:53:21.626019 line      1872                             'url': base_url,
IE_TRACE:     14:53:21.630985 line      1873                             'manifest_url': mpd_url,
IE_TRACE:     14:53:21.635931 line      1874                             'ext': mimetype2ext(mime_type),
IE_TRACE:         Source path:... /path/to/BugsInPy/workspace/youtube-dl/youtube_dl/utils.py
IE_TRACE:         Starting var:.. mt = 'video/mp4'
IE_TRACE:         14:53:21.640880 call      2332 def mimetype2ext(mt):
IE_TRACE:         14:53:21.640904 line      2333     if mt is None:
IE_TRACE:         14:53:21.640923 line      2337         'audio/mp4': 'm4a',
IE_TRACE:         14:53:21.640938 line      2340         'audio/mpeg': 'mp3',
IE_TRACE:         14:53:21.640952 line      2336     ext = {
IE_TRACE:         14:53:21.640967 line      2341     }.get(mt)
IE_TRACE:         14:53:21.640981 line      2336     ext = {
IE_TRACE:         New var:....... ext = None
IE_TRACE:         14:53:21.640995 line      2342     if ext is not None:
IE_TRACE:         14:53:21.641013 line      2345     _, _, res = mt.rpartition('/')
IE_TRACE:         New var:....... _ = '/'
IE_TRACE:         New var:....... res = 'mp4'
IE_TRACE:         14:53:21.641030 line      2346     res = res.split(';')[0].strip().lower()
IE_TRACE:         14:53:21.641055 line      2348     return {
IE_TRACE:         14:53:21.641071 line      2349         '3gpp': '3gp',
IE_TRACE:         14:53:21.641088 line      2348     return {
IE_TRACE:         14:53:21.641104 line      2350         'smptett+xml': 'tt',
IE_TRACE:         14:53:21.641120 line      2348     return {
IE_TRACE:         14:53:21.641136 line      2351         'ttaf+xml': 'dfxp',
IE_TRACE:         14:53:21.641153 line      2348     return {
IE_TRACE:         14:53:21.641169 line      2352         'ttml+xml': 'ttml',
IE_TRACE:         14:53:21.641185 line      2348     return {
IE_TRACE:         14:53:21.641201 line      2353         'x-flv': 'flv',
IE_TRACE:         14:53:21.641217 line      2348     return {
IE_TRACE:         14:53:21.641234 line      2354         'x-mp4-fragmented': 'mp4',
IE_TRACE:         14:53:21.641250 line      2348     return {
IE_TRACE:         14:53:21.641266 line      2355         'x-ms-sami': 'sami',
IE_TRACE:         14:53:21.641282 line      2348     return {
IE_TRACE:         14:53:21.641299 line      2356         'x-ms-wmv': 'wmv',
IE_TRACE:         14:53:21.641315 line      2348     return {
IE_TRACE:         14:53:21.641332 line      2357         'mpegurl': 'm3u8',
IE_TRACE:         14:53:21.641348 line      2348     return {
IE_TRACE:         14:53:21.641364 line      2358         'x-mpegurl': 'm3u8',
IE_TRACE:         14:53:21.641380 line      2348     return {
IE_TRACE:         14:53:21.641396 line      2359         'vnd.apple.mpegurl': 'm3u8',
IE_TRACE:         14:53:21.641413 line      2348     return {
IE_TRACE:         14:53:21.641429 line      2360         'dash+xml': 'mpd',
IE_TRACE:         14:53:21.641445 line      2348     return {
IE_TRACE:         14:53:21.641461 line      2361         'f4m+xml': 'f4m',
IE_TRACE:         14:53:21.641477 line      2348     return {
IE_TRACE:         14:53:21.641493 line      2362         'hds+xml': 'f4m',
IE_TRACE:         14:53:21.641509 line      2348     return {
IE_TRACE:         14:53:21.641525 line      2363         'vnd.ms-sstr+xml': 'ism',
IE_TRACE:         14:53:21.641541 line      2348     return {
IE_TRACE:         14:53:21.641557 line      2364         'quicktime': 'mov',
IE_TRACE:         14:53:21.641576 line      2348     return {
IE_TRACE:         14:53:21.641592 line      2365         'mp2t': 'ts',
IE_TRACE:         14:53:21.641608 line      2348     return {
IE_TRACE:         14:53:21.641623 line      2366     }.get(res, res)
IE_TRACE:         14:53:21.641640 line      2348     return {
IE_TRACE:         14:53:21.641656 return    2348     return {
IE_TRACE:         Return value:.. 'mp4'
IE_TRACE:     Source path:... /path/to/BugsInPy/workspace/youtube-dl/youtube_dl/extractor/common.py
IE_TRACE:     14:53:21.641677 line      1875                             'width': int_or_none(representation_attrib.get('width')),
IE_TRACE:         Source path:... /path/to/BugsInPy/workspace/youtube-dl/youtube_dl/utils.py
IE_TRACE:         Starting var:.. v = '1024'
IE_TRACE:         Starting var:.. scale = 1
IE_TRACE:         Starting var:.. default = None
IE_TRACE:         Starting var:.. get_attr = None
IE_TRACE:         Starting var:.. invscale = 1
IE_TRACE:         14:53:21.646596 call      1785 def int_or_none(v, scale=1, default=None, get_attr=None, invscale=1):
IE_TRACE:         14:53:21.646633 line      1786     if get_attr:
IE_TRACE:         14:53:21.646651 line      1789     if v == '':
IE_TRACE:         14:53:21.646667 line      1791     if v is None:
IE_TRACE:         14:53:21.646684 line      1793     try:
IE_TRACE:         14:53:21.646701 line      1794         return int(v) * invscale // scale
IE_TRACE:         14:53:21.646719 return    1794         return int(v) * invscale // scale
IE_TRACE:         Return value:.. 1024
IE_TRACE:     Source path:... /path/to/BugsInPy/workspace/youtube-dl/youtube_dl/extractor/common.py
IE_TRACE:     14:53:21.646740 line      1876                             'height': int_or_none(representation_attrib.get('height')),
IE_TRACE:         Source path:... /path/to/BugsInPy/workspace/youtube-dl/youtube_dl/utils.py
IE_TRACE:         Starting var:.. v = '576'
IE_TRACE:         Starting var:.. scale = 1
IE_TRACE:         Starting var:.. default = None
IE_TRACE:         Starting var:.. get_attr = None
IE_TRACE:         Starting var:.. invscale = 1
IE_TRACE:         14:53:21.651673 call      1785 def int_or_none(v, scale=1, default=None, get_attr=None, invscale=1):
IE_TRACE:         14:53:21.651715 line      1786     if get_attr:
IE_TRACE:         14:53:21.651733 line      1789     if v == '':
IE_TRACE:         14:53:21.651750 line      1791     if v is None:
IE_TRACE:         14:53:21.651767 line      1793     try:
IE_TRACE:         14:53:21.651784 line      1794         return int(v) * invscale // scale
IE_TRACE:         14:53:21.651801 return    1794         return int(v) * invscale // scale
IE_TRACE:         Return value:.. 576
IE_TRACE:     Source path:... /path/to/BugsInPy/workspace/youtube-dl/youtube_dl/extractor/common.py
IE_TRACE:     14:53:21.651823 line      1877                             'tbr': float_or_none(bandwidth, 1000),
IE_TRACE:         Source path:... /path/to/BugsInPy/workspace/youtube-dl/youtube_dl/utils.py
IE_TRACE:         Starting var:.. v = 2046506
IE_TRACE:         Starting var:.. scale = 1000
IE_TRACE:         Starting var:.. invscale = 1
IE_TRACE:         Starting var:.. default = None
IE_TRACE:         14:53:21.656766 call      1811 def float_or_none(v, scale=1, invscale=1, default=None):
IE_TRACE:         14:53:21.656800 line      1812     if v is None:
IE_TRACE:         14:53:21.656817 line      1814     try:
IE_TRACE:         14:53:21.656832 line      1815         return float(v) * invscale / scale
IE_TRACE:         14:53:21.656851 return    1815         return float(v) * invscale / scale
IE_TRACE:         Return value:.. 2046.506
IE_TRACE:     Source path:... /path/to/BugsInPy/workspace/youtube-dl/youtube_dl/extractor/common.py
IE_TRACE:     14:53:21.656872 line      1878                             'asr': int_or_none(representation_attrib.get('audioSamplingRate')),
IE_TRACE:         Source path:... /path/to/BugsInPy/workspace/youtube-dl/youtube_dl/utils.py
IE_TRACE:         Starting var:.. v = None
IE_TRACE:         Starting var:.. scale = 1
IE_TRACE:         Starting var:.. default = None
IE_TRACE:         Starting var:.. get_attr = None
IE_TRACE:         Starting var:.. invscale = 1
IE_TRACE:         14:53:21.661786 call      1785 def int_or_none(v, scale=1, default=None, get_attr=None, invscale=1):
IE_TRACE:         14:53:21.661821 line      1786     if get_attr:
IE_TRACE:         14:53:21.661838 line      1789     if v == '':
IE_TRACE:         14:53:21.661855 line      1791     if v is None:
IE_TRACE:         14:53:21.661872 line      1792         return default
IE_TRACE:         14:53:21.661889 return    1792         return default
IE_TRACE:         Return value:.. None
IE_TRACE:     Source path:... /path/to/BugsInPy/workspace/youtube-dl/youtube_dl/extractor/common.py
IE_TRACE:     14:53:21.661910 line      1879                             'fps': int_or_none(representation_attrib.get('frameRate')),
IE_TRACE:         Source path:... /path/to/BugsInPy/workspace/youtube-dl/youtube_dl/utils.py
IE_TRACE:         Starting var:.. v = None
IE_TRACE:         Starting var:.. scale = 1
IE_TRACE:         Starting var:.. default = None
IE_TRACE:         Starting var:.. get_attr = None
IE_TRACE:         Starting var:.. invscale = 1
IE_TRACE:         14:53:21.666846 call      1785 def int_or_none(v, scale=1, default=None, get_attr=None, invscale=1):
IE_TRACE:         14:53:21.666888 line      1786     if get_attr:
IE_TRACE:         14:53:21.666905 line      1789     if v == '':
IE_TRACE:         14:53:21.666923 line      1791     if v is None:
IE_TRACE:         14:53:21.666939 line      1792         return default
IE_TRACE:         14:53:21.666956 return    1792         return default
IE_TRACE:         Return value:.. None
IE_TRACE:     Source path:... /path/to/BugsInPy/workspace/youtube-dl/youtube_dl/extractor/common.py
IE_TRACE:     14:53:21.666977 line      1880                             'language': lang if lang not in ('mul', 'und', 'zxx', 'mis') else None,
IE_TRACE:     14:53:21.671947 line      1881                             'format_note': 'DASH %s' % content_type,
IE_TRACE:     14:53:21.676865 line      1882                             'filesize': filesize,
IE_TRACE:     14:53:21.681846 line      1870                         f = {
IE_TRACE:     Modified var:.. f = {'format_id': '2046506', 'url': '', 'manifest_url': 'http://unknown/manifest.mpd', 'ext': 'mp4', 'width': 1024, 'height': 576, 'tbr': 2046.506, 'asr': None, 'fps': None, 'language': None, 'format_note': 'DASH video', 'filesize': None}
IE_TRACE:     14:53:21.686763 line      1884                         f.update(parse_codecs(representation_attrib.get('codecs')))
IE_TRACE:         Source path:... /path/to/BugsInPy/workspace/youtube-dl/youtube_dl/utils.py
IE_TRACE:         Starting var:.. codecs_str = 'avc1.4d001f'
IE_TRACE:         14:53:21.691025 call      2369 def parse_codecs(codecs_str):
IE_TRACE:         14:53:21.691050 line      2371     if not codecs_str:
IE_TRACE:         14:53:21.691066 line      2373     splited_codecs = list(filter(None, map(
IE_TRACE:         14:53:21.691082 line      2374         lambda str: str.strip(), codecs_str.strip().strip(',').split(','))))
IE_TRACE:         14:53:21.691099 line      2373     splited_codecs = list(filter(None, map(
IE_TRACE:             Starting var:.. str = 'avc1.4d001f'
IE_TRACE:             14:53:21.691117 call      2374         lambda str: str.strip(), codecs_str.strip().strip(',').split(','))))
IE_TRACE:             14:53:21.691136 line      2374         lambda str: str.strip(), codecs_str.strip().strip(',').split(','))))
IE_TRACE:             14:53:21.691151 return    2374         lambda str: str.strip(), codecs_str.strip().strip(',').split(','))))
IE_TRACE:             Return value:.. 'avc1.4d001f'
IE_TRACE:         New var:....... splited_codecs = ['avc1.4d001f']
IE_TRACE:         14:53:21.691173 line      2375     vcodec, acodec = None, None
IE_TRACE:         New var:....... vcodec = None
IE_TRACE:         New var:....... acodec = None
IE_TRACE:         14:53:21.691192 line      2376     for full_codec in splited_codecs:
IE_TRACE:         New var:....... full_codec = 'avc1.4d001f'
IE_TRACE:         14:53:21.691216 line      2377         codec = full_codec.split('.')[0]
IE_TRACE:         New var:....... codec = 'avc1'
IE_TRACE:         14:53:21.691238 line      2378         if codec in ('avc1', 'avc2', 'avc3', 'avc4', 'vp9', 'vp8', 'hev1', 'hev2', 'h263', 'h264', 'mp4v', 'hvc1'):
IE_TRACE:         14:53:21.691260 line      2379             if not vcodec:
IE_TRACE:         14:53:21.691279 line      2380                 vcodec = full_codec
IE_TRACE:         Modified var:.. vcodec = 'avc1.4d001f'
IE_TRACE:         14:53:21.691298 line      2376     for full_codec in splited_codecs:
IE_TRACE:         14:53:21.691318 line      2386     if not vcodec and not acodec:
IE_TRACE:         14:53:21.691338 line      2399             'vcodec': vcodec or 'none',
IE_TRACE:         14:53:21.691356 line      2400             'acodec': acodec or 'none',
IE_TRACE:         14:53:21.691374 line      2398         return {
IE_TRACE:         14:53:21.691393 return    2398         return {
IE_TRACE:         Return value:.. {'vcodec': 'avc1.4d001f', 'acodec': 'none'}
IE_TRACE:     Source path:... /path/to/BugsInPy/workspace/youtube-dl/youtube_dl/extractor/common.py
IE_TRACE:     Modified var:.. f = {'format_id': '2046506', 'url': '', 'manifest_url': 'http://unknown/manifest.mpd', 'ext': 'mp4', 'width': 1024, 'height': 576, 'tbr': 2046.506, 'asr': None, 'fps': None, 'language': None, 'format_note': 'DASH video', 'filesize': None, 'vcodec': 'avc1.4d001f', 'acodec': 'none'}
IE_TRACE:     14:53:21.691416 line      1885                         representation_ms_info = extract_multisegment_info(representation, adaption_set_ms_info)
IE_TRACE:         Starting var:.. element = <Element '{urn:mpeg:dash:schema:mpd:2011}Representation' at 0x7a93f4d54360>
IE_TRACE:         Starting var:.. ms_parent_info = {'start_number': 0, 'timescale': 1000000, 'segment_duration': 2000000.0, 'media': 'v_$RepresentationID$_$Number$.mp4d', 'initialization': 'vi_$RepresentationID$.mp4d'}
IE_TRACE:         Starting var:.. _add_ns = <function InfoExtractor._parse_mpd_formats.<locals>._add_ns at 0x7a93f4c402c0>
IE_TRACE:         14:53:21.695666 call      1772         def extract_multisegment_info(element, ms_parent_info):
IE_TRACE:         14:53:21.695698 line      1773             ms_info = ms_parent_info.copy()
IE_TRACE:         New var:....... ms_info = {'start_number': 0, 'timescale': 1000000, 'segment_duration': 2000000.0, 'media': 'v_$RepresentationID$_$Number$.mp4d', 'initialization': 'vi_$RepresentationID$.mp4d'}
IE_TRACE:         14:53:21.695719 line      1778             def extract_common(source):
IE_TRACE:         New var:....... extract_common = <function InfoExtractor._parse_mpd_formats.<locals>.extract_multisegment_info.<locals>.extract_common at 0x7a93f4c41300>
IE_TRACE:         14:53:21.695744 line      1804             def extract_Initialization(source):
IE_TRACE:         New var:....... extract_Initialization = <function InfoExtractor._parse_mpd_formats.<locals>.extract_multisegment_info.<locals>.extract_Initialization at 0x7a93f4c41260>
IE_TRACE:         14:53:21.695771 line      1809             segment_list = element.find(_add_ns('SegmentList'))
IE_TRACE:             Starting var:.. path = 'SegmentList'
IE_TRACE:             Starting var:.. namespace = 'urn:mpeg:dash:schema:mpd:2011'
IE_TRACE:             Starting var:.. self = <test.test_InfoExtractor.TestIE object at 0x7a93f6053b60>
IE_TRACE:             14:53:21.695797 call      1766         def _add_ns(path):
IE_TRACE:             14:53:21.695824 line      1767             return self._xpath_ns(path, namespace)
IE_TRACE:                 Starting var:.. path = 'SegmentList'
IE_TRACE:                 Starting var:.. namespace = 'urn:mpeg:dash:schema:mpd:2011'
IE_TRACE:                 14:53:21.695842 call      1507     def _xpath_ns(path, namespace=None):
IE_TRACE:                 14:53:21.695868 line      1508         if not namespace:
IE_TRACE:                 14:53:21.695884 line      1510         out = []
IE_TRACE:                 New var:....... out = []
IE_TRACE:                 14:53:21.695900 line      1511         for c in path.split('/'):
IE_TRACE:                 New var:....... c = 'SegmentList'
IE_TRACE:                 14:53:21.695920 line      1512             if not c or c == '.':
IE_TRACE:                 14:53:21.695940 line      1515                 out.append('{%s}%s' % (namespace, c))
IE_TRACE:                 Modified var:.. out = ['{urn:mpeg:dash:schema:mpd:2011}SegmentList']
IE_TRACE:                 14:53:21.695959 line      1511         for c in path.split('/'):
IE_TRACE:                 14:53:21.695979 line      1516         return '/'.join(out)
IE_TRACE:                 14:53:21.695997 return    1516         return '/'.join(out)
IE_TRACE:                 Return value:.. '{urn:mpeg:dash:schema:mpd:2011}SegmentList'
IE_TRACE:             14:53:21.696020 return    1767             return self._xpath_ns(path, namespace)
IE_TRACE:             Return value:.. '{urn:mpeg:dash:schema:mpd:2011}SegmentList'
IE_TRACE:         New var:....... segment_list = None
IE_TRACE:         14:53:21.696043 line      1810             if segment_list is not None:
IE_TRACE:         14:53:21.696072 line      1817                 segment_template = element.find(_add_ns('SegmentTemplate'))
IE_TRACE:             Starting var:.. path = 'SegmentTemplate'
IE_TRACE:             Starting var:.. namespace = 'urn:mpeg:dash:schema:mpd:2011'
IE_TRACE:             Starting var:.. self = <test.test_InfoExtractor.TestIE object at 0x7a93f6053b60>
IE_TRACE:             14:53:21.696096 call      1766         def _add_ns(path):
IE_TRACE:             14:53:21.696121 line      1767             return self._xpath_ns(path, namespace)
IE_TRACE:                 Starting var:.. path = 'SegmentTemplate'
IE_TRACE:                 Starting var:.. namespace = 'urn:mpeg:dash:schema:mpd:2011'
IE_TRACE:                 14:53:21.696137 call      1507     def _xpath_ns(path, namespace=None):
IE_TRACE:                 14:53:21.696159 line      1508         if not namespace:
IE_TRACE:                 14:53:21.696175 line      1510         out = []
IE_TRACE:                 New var:....... out = []
IE_TRACE:                 14:53:21.696191 line      1511         for c in path.split('/'):
IE_TRACE:                 New var:....... c = 'SegmentTemplate'
IE_TRACE:                 14:53:21.696210 line      1512             if not c or c == '.':
IE_TRACE:                 14:53:21.696230 line      1515                 out.append('{%s}%s' % (namespace, c))
IE_TRACE:                 Modified var:.. out = ['{urn:mpeg:dash:schema:mpd:2011}SegmentTemplate']
IE_TRACE:                 14:53:21.696247 line      1511         for c in path.split('/'):
IE_TRACE:                 14:53:21.696267 line      1516         return '/'.join(out)
IE_TRACE:                 14:53:21.696284 return    1516         return '/'.join(out)
IE_TRACE:                 Return value:.. '{urn:mpeg:dash:schema:mpd:2011}SegmentTemplate'
IE_TRACE:             14:53:21.696307 return    1767             return self._xpath_ns(path, namespace)
IE_TRACE:             Return value:.. '{urn:mpeg:dash:schema:mpd:2011}SegmentTemplate'
IE_TRACE:         New var:....... segment_template = None
IE_TRACE:         14:53:21.696329 line      1818                 if segment_template is not None:
IE_TRACE:         14:53:21.696356 line      1828             return ms_info
IE_TRACE:         14:53:21.696381 return    1828             return ms_info
IE_TRACE:         Return value:.. {'start_number': 0, 'timescale': 1000000, 'segment_duration': 2000000.0, 'media': 'v_$RepresentationID$_$Number$.mp4d', 'initialization': 'vi_$RepresentationID$.mp4d'}
IE_TRACE:     Modified var:.. representation_ms_info = {'start_number': 0, 'timescale': 1000000, 'segment_duration': 2000000.0, 'media': 'v_$RepresentationID$_$Number$.mp4d', 'initialization': 'vi_$RepresentationID$.mp4d'}
IE_TRACE:     14:53:21.696409 line      1887                         def prepare_template(template_name, identifiers):
IE_TRACE:     Modified var:.. prepare_template = <function InfoExtractor._parse_mpd_formats.<locals>.prepare_template at 0x7a93f4c411c0>
IE_TRACE:     14:53:21.699982 line      1898                         if 'initialization' in representation_ms_info:
IE_TRACE:     14:53:21.703553 line      1899                             initialization_template = prepare_template(
IE_TRACE:     14:53:21.707118 line      1900                                 'initialization',
IE_TRACE:     14:53:21.710686 line      1904                                 ('Bandwidth', ))
IE_TRACE:     14:53:21.714261 line      1899                             initialization_template = prepare_template(
IE_TRACE:         Starting var:.. template_name = 'initialization'
IE_TRACE:         Starting var:.. identifiers = ('Bandwidth',)
IE_TRACE:         Starting var:.. representation_id = '2046506'
IE_TRACE:         Starting var:.. representation_ms_info = {'start_number': 0, 'timescale': 1000000, 'segment_duration': 2000000.0, 'media': 'v_$RepresentationID$_$Number$.mp4d', 'initialization': 'vi_$RepresentationID$.mp4d'}
IE_TRACE:         14:53:21.717828 call      1887                         def prepare_template(template_name, identifiers):
IE_TRACE:         14:53:21.717862 line      1888                             t = representation_ms_info[template_name]
IE_TRACE:         New var:....... t = 'vi_$RepresentationID$.mp4d'
IE_TRACE:         14:53:21.717880 line      1889                             t = t.replace('$RepresentationID$', representation_id)
IE_TRACE:         Modified var:.. t = 'vi_2046506.mp4d'
IE_TRACE:         14:53:21.717903 line      1890                             t = re.sub(r'\$(%s)\$' % '|'.join(identifiers), r'%(\1)d', t)
IE_TRACE:         Source path:... /path/to/BugsInPy/workspace/youtube-dl/youtube_dl/extractor/common.py
IE_TRACE:         14:53:21.718119 line      1891                             t = re.sub(r'\$(%s)%%([^$]+)\$' % '|'.join(identifiers), r'%(\1)\2', t)
IE_TRACE:         Source path:... /path/to/BugsInPy/workspace/youtube-dl/youtube_dl/extractor/common.py
IE_TRACE:         14:53:21.718306 line      1892                             t.replace('$$', '$')
IE_TRACE:         14:53:21.718328 line      1893                             return t
IE_TRACE:         14:53:21.718346 return    1893                             return t
IE_TRACE:         Return value:.. 'vi_2046506.mp4d'
IE_TRACE:     Modified var:.. initialization_template = 'vi_2046506.mp4d'
IE_TRACE:     14:53:21.718367 line      1905                             representation_ms_info['initialization_url'] = initialization_template % {
IE_TRACE:     14:53:21.721934 line      1906                                 'Bandwidth': bandwidth,
IE_TRACE:     14:53:21.725489 line      1905                             representation_ms_info['initialization_url'] = initialization_template % {
IE_TRACE:     Modified var:.. representation_ms_info = {'start_number': 0, 'timescale': 1000000, 'segment_duration': 2000000.0, 'media': 'v_$RepresentationID$_$Number$.mp4d', 'initialization': 'vi_$RepresentationID$.mp4d', 'initialization_url': 'vi_2046506.mp4d'}
IE_TRACE:     14:53:21.729051 line      1909                         def location_key(location):
IE_TRACE:     Modified var:.. location_key = <function InfoExtractor._parse_mpd_formats.<locals>.location_key at 0x7a93f4c404a0>
IE_TRACE:     14:53:21.732620 line      1912                         if 'segment_urls' not in representation_ms_info and 'media' in representation_ms_info:
IE_TRACE:     14:53:21.736324 line      1914                             media_template = prepare_template('media', ('Number', 'Bandwidth', 'Time'))
IE_TRACE:         Starting var:.. template_name = 'media'
IE_TRACE:         Starting var:.. identifiers = ('Number', 'Bandwidth', 'Time')
IE_TRACE:         Starting var:.. representation_id = '2046506'
IE_TRACE:         Starting var:.. representation_ms_info = {'start_number': 0, 'timescale': 1000000, 'segment_duration': 2000000.0, 'media': 'v_$RepresentationID$_$Number$.mp4d', 'initialization': 'vi_$RepresentationID$.mp4d', 'initialization_url': 'vi_2046506.mp4d'}
IE_TRACE:         14:53:21.739877 call      1887                         def prepare_template(template_name, identifiers):
IE_TRACE:         14:53:21.739911 line      1888                             t = representation_ms_info[template_name]
IE_TRACE:         New var:....... t = 'v_$RepresentationID$_$Number$.mp4d'
IE_TRACE:         14:53:21.739929 line      1889                             t = t.replace('$RepresentationID$', representation_id)
IE_TRACE:         Modified var:.. t = 'v_2046506_$Number$.mp4d'
IE_TRACE:         14:53:21.739954 line      1890                             t = re.sub(r'\$(%s)\$' % '|'.join(identifiers), r'%(\1)d', t)
IE_TRACE:         Source path:... /path/to/BugsInPy/workspace/youtube-dl/youtube_dl/extractor/common.py
IE_TRACE:         Modified var:.. t = 'v_2046506_%(Number)d.mp4d'
IE_TRACE:         14:53:21.740151 line      1891                             t = re.sub(r'\$(%s)%%([^$]+)\$' % '|'.join(identifiers), r'%(\1)\2', t)
IE_TRACE:         Source path:... /path/to/BugsInPy/workspace/youtube-dl/youtube_dl/extractor/common.py
IE_TRACE:         14:53:21.740341 line      1892                             t.replace('$$', '$')
IE_TRACE:         14:53:21.740363 line      1893                             return t
IE_TRACE:         14:53:21.740380 return    1893                             return t
IE_TRACE:         Return value:.. 'v_2046506_%(Number)d.mp4d'
IE_TRACE:     Modified var:.. media_template = 'v_2046506_%(Number)d.mp4d'
IE_TRACE:     14:53:21.740402 line      1915                             media_location_key = location_key(media_template)
IE_TRACE:         Starting var:.. location = 'v_2046506_%(Number)d.mp4d'
IE_TRACE:         14:53:21.743963 call      1909                         def location_key(location):
IE_TRACE:         14:53:21.743983 line      1910                             return 'url' if re.match(r'^https?://', location) else 'path'
IE_TRACE:         Source path:... /path/to/BugsInPy/workspace/youtube-dl/youtube_dl/extractor/common.py
IE_TRACE:         14:53:21.744155 return    1910                             return 'url' if re.match(r'^https?://', location) else 'path'
IE_TRACE:         Return value:.. 'path'
IE_TRACE:     14:53:21.744176 line      1919                             if '%(Number' in media_template and 's' not in representation_ms_info:
IE_TRACE:     14:53:21.747774 line      1920                                 segment_duration = None
IE_TRACE:     Modified var:.. segment_duration = None
IE_TRACE:     14:53:21.751327 line      1921                                 if 'total_number' not in representation_ms_info and 'segment_duration' in representation_ms_info:
IE_TRACE:     14:53:21.754887 line      1922                                     segment_duration = float_or_none(representation_ms_info['segment_duration'], representation_ms_info['timescale'])
IE_TRACE:         Source path:... /path/to/BugsInPy/workspace/youtube-dl/youtube_dl/utils.py
IE_TRACE:         Starting var:.. v = 2000000.0
IE_TRACE:         Starting var:.. scale = 1000000
IE_TRACE:         Starting var:.. invscale = 1
IE_TRACE:         Starting var:.. default = None
IE_TRACE:         14:53:21.758453 call      1811 def float_or_none(v, scale=1, invscale=1, default=None):
IE_TRACE:         14:53:21.758487 line      1812     if v is None:
IE_TRACE:         14:53:21.758504 line      1814     try:
IE_TRACE:         14:53:21.758520 line      1815         return float(v) * invscale / scale
IE_TRACE:         14:53:21.758537 return    1815         return float(v) * invscale / scale
IE_TRACE:         Return value:.. 2.0
IE_TRACE:     Source path:... /path/to/BugsInPy/workspace/youtube-dl/youtube_dl/extractor/common.py
IE_TRACE:     Modified var:.. segment_duration = 2.0
IE_TRACE:     14:53:21.758558 line      1923                                     representation_ms_info['total_number'] = int(math.ceil(float(period_duration) / segment_duration))
IE_TRACE:     Modified var:.. representation_ms_info = {'start_number': 0, 'timescale': 1000000, 'segment_duration': 2000000.0, 'media': 'v_$RepresentationID$_$Number$.mp4d', 'initialization': 'vi_$RepresentationID$.mp4d', 'initialization_url': 'vi_2046506.mp4d', 'total_number': 3007}
IE_TRACE:     14:53:21.762132 line      1930                                 } for segment_number in range(
IE_TRACE:     14:53:21.765694 line      1931                                     representation_ms_info['start_number'],
IE_TRACE:     14:53:21.769270 line      1932                                     representation_ms_info['total_number'] + representation_ms_info['start_number'])]
IE_TRACE:     14:53:21.772835 line      1930                                 } for segment_number in range(
IE_TRACE:     14:53:21.776402 line      1924                                 representation_ms_info['fragments'] = [{
IE_TRACE:     14:53:21.780007 line      1930                                 } for segment_number in range(
IE_TRACE:     New var:....... segment_number = 0
IE_TRACE:     14:53:21.783567 line      1925                                     media_location_key: media_template % {
IE_TRACE:     14:53:21.787157 line      1926                                         'Number': segment_number,
IE_TRACE:     14:53:21.790747 line      1927                                         'Bandwidth': bandwidth,
IE_TRACE:     14:53:21.794331 line      1925                                     media_location_key: media_template % {
IE_TRACE:     14:53:21.797923 line      1929                                     'duration': segment_duration,
IE_TRACE:     14:53:21.801507 line      1924                                 representation_ms_info['fragments'] = [{
IE_TRACE:     [CONDENSED] 3005 identical loop iterations skipped (3007 total iterations, showing first and last)
IE_TRACE:     14:54:47.784899 line      1924                                 representation_ms_info['fragments'] = [{
IE_TRACE:     14:54:47.788473 line      1930                                 } for segment_number in range(
IE_TRACE:     Modified var:.. segment_number = 3006
IE_TRACE:     14:54:47.792049 line      1925                                     media_location_key: media_template % {
IE_TRACE:     14:54:47.795622 line      1926                                         'Number': segment_number,
IE_TRACE:     14:54:47.799207 line      1927                                         'Bandwidth': bandwidth,
IE_TRACE:     14:54:47.802761 line      1925                                     media_location_key: media_template % {
IE_TRACE:     14:54:47.806319 line      1929                                     'duration': segment_duration,
IE_TRACE:     14:54:47.809944 line      1924                                 representation_ms_info['fragments'] = [{
IE_TRACE:     14:54:47.813520 line      1924                                 representation_ms_info['fragments'] = [{
IE_TRACE:     Modified var:.. representation_ms_info = {'start_number': 0, 'timescale': 1000000, 'segment_duration': 2000000.0, 'media': 'v_$RepresentationID$_$Number$.mp4d', 'initialization': 'vi_$RepresentationID$.mp4d', 'initialization_url': 'vi_2046506.mp4d', 'total_number': 3007, 'fragments': [{'p...'path': 'v_2046506_3002.mp4d', 'duration': 2.0}, {'path': 'v_2046506_3003.mp4d', 'duration': 2.0}, {'path': 'v_2046506_3004.mp4d', 'duration': 2.0}, {'path': 'v_2046506_3005.mp4d', 'duration': 2.0}, {'path': 'v_2046506_3006.mp4d', 'duration': 2.0}]}
IE_TRACE:     14:54:47.817123 line      1998                         if 'fragments' in representation_ms_info:
IE_TRACE:     14:54:47.821442 line      1999                             f.update({
IE_TRACE:     14:54:47.825716 line      2000                                 'fragment_base_url': base_url,
IE_TRACE:     14:54:47.829985 line      2001                                 'fragments': [],
IE_TRACE:     14:54:47.834248 line      2002                                 'protocol': 'http_dash_segments',
IE_TRACE:     14:54:47.838520 line      1999                             f.update({
IE_TRACE:     Modified var:.. f = {'format_id': '2046506', 'url': '', 'manifest_url': 'http://unknown/manifest.mpd', 'ext': 'mp4', 'width': 1024, 'height': 576, 'tbr': 2046.506, 'asr': None, 'fps': None, 'language': None, 'format_note': 'DASH video', 'filesize': None, 'vcodec': 'avc1.4d001f', 'acodec': 'none', 'fragment_base_url': '', 'fragments': [], 'protocol': 'http_dash_segments'}
IE_TRACE:     14:54:47.842809 line      2004                             if 'initialization_url' in representation_ms_info:
IE_TRACE:     14:54:47.847082 line      2005                                 initialization_url = representation_ms_info['initialization_url']
IE_TRACE:     Modified var:.. initialization_url = 'vi_2046506.mp4d'
IE_TRACE:     14:54:47.851357 line      2006                                 if not f.get('url'):
IE_TRACE:     14:54:47.855673 line      2007                                     f['url'] = initialization_url
IE_TRACE:     Modified var:.. f = {'format_id': '2046506', 'url': 'vi_2046506.mp4d', 'manifest_url': 'http://unknown/manifest.mpd', 'ext': 'mp4', 'width': 1024, 'height': 576, 'tbr': 2046.506, 'asr': None, 'fps': None, 'language': None, 'format_note': 'DASH video', 'filesize': None, 'vcodec': 'avc1.4d001f', 'acodec': 'none', 'fragment_base_url': '', 'fragments': [], 'protocol': 'http_dash_segments'}
IE_TRACE:     14:54:47.859939 line      2008                                 f['fragments'].append({location_key(initialization_url): initialization_url})
IE_TRACE:         Starting var:.. location = 'vi_2046506.mp4d'
IE_TRACE:         14:54:47.864226 call      1909                         def location_key(location):
IE_TRACE:         14:54:47.864253 line      1910                             return 'url' if re.match(r'^https?://', location) else 'path'
IE_TRACE:         Source path:... /path/to/BugsInPy/workspace/youtube-dl/youtube_dl/extractor/common.py
IE_TRACE:         14:54:47.864467 return    1910                             return 'url' if re.match(r'^https?://', location) else 'path'
IE_TRACE:         Return value:.. 'path'
IE_TRACE:     Modified var:.. f = {'format_id': '2046506', 'url': 'vi_2046506.mp4d', 'manifest_url': 'http://unknown/manifest.mpd', 'ext': 'mp4', 'width': 1024, 'height': 576, 'tbr': 2046.506, 'asr': None, 'fps': None, 'language': None, 'format_note': 'DASH video', 'filesize': None, 'vcodec': 'avc1.4d001f', 'acodec': 'none', 'fragment_base_url': '', 'fragments': [{'path': 'vi_2046506.mp4d'}], 'protocol': 'http_dash_segments'}
IE_TRACE:     14:54:47.864496 line      2009                             f['fragments'].extend(representation_ms_info['fragments'])
IE_TRACE:     Modified var:.. f = {'format_id': '2046506', 'url': 'vi_2046506.mp4d', 'manifest_url': 'http://unknown/manifest.mpd', 'ext': 'mp4', 'width': 1024, 'height': 576, 'tbr': 2046.506, 'asr': None, 'fps': None, 'language': None, 'format_note': 'DASH video', 'filesize': None...ration': 2.0}, {'path': 'v_2046506_3003.mp4d', 'duration': 2.0}, {'path': 'v_2046506_3004.mp4d', 'duration': 2.0}, {'path': 'v_2046506_3005.mp4d', 'duration': 2.0}, {'path': 'v_2046506_3006.mp4d', 'duration': 2.0}], 'protocol': 'http_dash_segments'}
IE_TRACE:     14:54:47.868783 line      2010                         try:
IE_TRACE:     14:54:47.873767 line      2011                             existing_format = next(
IE_TRACE:     14:54:47.878720 line      2012                                 fo for fo in formats
IE_TRACE:     14:54:47.883682 line      2011                             existing_format = next(
IE_TRACE:         Starting var:.. .0 = <list_iterator object at 0x7a93f4e73d60>
IE_TRACE:         Starting var:.. representation_id = '2046506'
IE_TRACE:         14:54:47.888628 call      2011                             existing_format = next(
IE_TRACE:         14:54:47.888660 line      2011                             existing_format = next(
IE_TRACE:         14:54:47.888676 line      2012                                 fo for fo in formats
IE_TRACE:         New var:....... fo = {'format_id': '318597', 'url': 'vi_318597.mp4d', 'manifest_url': 'http://unknown/manifest.mpd', 'ext': 'mp4', 'width': 340, 'height': 192, 'tbr': 318.597, 'asr': None, 'fps': None, 'language': None, 'format_note': 'DASH video', 'filesize': None, 'v... 'duration': 2.0}, {'path': 'v_318597_3003.mp4d', 'duration': 2.0}, {'path': 'v_318597_3004.mp4d', 'duration': 2.0}, {'path': 'v_318597_3005.mp4d', 'duration': 2.0}, {'path': 'v_318597_3006.mp4d', 'duration': 2.0}], 'protocol': 'http_dash_segments'}
IE_TRACE:         14:54:47.888691 line      2013                                 if fo['format_id'] == representation_id)
IE_TRACE:         14:54:47.889388 line      2012                                 fo for fo in formats
IE_TRACE:     [CONDENSED] 1 identical loop iterations skipped (3 total iterations, showing first and last)
IE_TRACE:         14:54:47.892855 line      2011                             existing_format = next(
IE_TRACE:         14:54:47.893544 line      2012                                 fo for fo in formats
IE_TRACE:         Modified var:.. fo = {'format_id': '1022565', 'url': 'vi_1022565.mp4d', 'manifest_url': 'http://unknown/manifest.mpd', 'ext': 'mp4', 'width': 688, 'height': 384, 'tbr': 1022.565, 'asr': None, 'fps': None, 'language': None, 'format_note': 'DASH video', 'filesize': None,...ration': 2.0}, {'path': 'v_1022565_3003.mp4d', 'duration': 2.0}, {'path': 'v_1022565_3004.mp4d', 'duration': 2.0}, {'path': 'v_1022565_3005.mp4d', 'duration': 2.0}, {'path': 'v_1022565_3006.mp4d', 'duration': 2.0}], 'protocol': 'http_dash_segments'}
IE_TRACE:         14:54:47.894244 line      2013                                 if fo['format_id'] == representation_id)
IE_TRACE:         14:54:47.894944 line      2012                                 fo for fo in formats
IE_TRACE:         14:54:47.895638 line      2011                             existing_format = next(
IE_TRACE:         14:54:47.896329 return    2011                             existing_format = next(
IE_TRACE:         Return value:.. None
IE_TRACE:     14:54:47.897032 exception 2011                             existing_format = next(
IE_TRACE:     Exception:..... StopIteration
IE_TRACE:     14:54:47.901994 line      2014                         except StopIteration:
IE_TRACE:     14:54:47.906912 line      2015                             full_info = formats_dict.get(representation_id, {}).copy()
IE_TRACE:     Modified var:.. full_info = {}
IE_TRACE:     14:54:47.911798 line      2016                             full_info.update(f)
IE_TRACE:     Modified var:.. full_info = {'format_id': '2046506', 'url': 'vi_2046506.mp4d', 'manifest_url': 'http://unknown/manifest.mpd', 'ext': 'mp4', 'width': 1024, 'height': 576, 'tbr': 2046.506, 'asr': None, 'fps': None, 'language': None, 'format_note': 'DASH video', 'filesize': None...ration': 2.0}, {'path': 'v_2046506_3003.mp4d', 'duration': 2.0}, {'path': 'v_2046506_3004.mp4d', 'duration': 2.0}, {'path': 'v_2046506_3005.mp4d', 'duration': 2.0}, {'path': 'v_2046506_3006.mp4d', 'duration': 2.0}], 'protocol': 'http_dash_segments'}
IE_TRACE:     14:54:47.916056 line      2017                             formats.append(full_info)
IE_TRACE:     Modified var:.. formats = [{'format_id': '318597', 'url': 'vi_318597.mp4d', 'manifest_url': 'http://unknown/manifest.mpd', 'ext': 'mp4', 'width': 340, 'height': 192, 'tbr': 318.597, 'asr': None, 'fps': None, 'language': None, 'format_note': 'DASH video', 'filesize': None, '...ation': 2.0}, {'path': 'v_2046506_3003.mp4d', 'duration': 2.0}, {'path': 'v_2046506_3004.mp4d', 'duration': 2.0}, {'path': 'v_2046506_3005.mp4d', 'duration': 2.0}, {'path': 'v_2046506_3006.mp4d', 'duration': 2.0}], 'protocol': 'http_dash_segments'}]
IE_TRACE:     14:54:47.920968 line      1842                 for representation in adaptation_set.findall(_add_ns('Representation')):
IE_TRACE:     Modified var:.. representation = <Element '{urn:mpeg:dash:schema:mpd:2011}Representation' at 0x7a93f4d543b0>
IE_TRACE:     14:54:47.926677 line      1843                     if is_drm_protected(representation):
IE_TRACE:         Starting var:.. element = <Element '{urn:mpeg:dash:schema:mpd:2011}Representation' at 0x7a93f4d543b0>
IE_TRACE:         Starting var:.. _add_ns = <function InfoExtractor._parse_mpd_formats.<locals>._add_ns at 0x7a93f4c402c0>
IE_TRACE:         14:54:47.932491 call      1769         def is_drm_protected(element):
IE_TRACE:         14:54:47.932519 line      1770             return element.find(_add_ns('ContentProtection')) is not None
IE_TRACE:             Starting var:.. path = 'ContentProtection'
IE_TRACE:             Starting var:.. namespace = 'urn:mpeg:dash:schema:mpd:2011'
IE_TRACE:             Starting var:.. self = <test.test_InfoExtractor.TestIE object at 0x7a93f6053b60>
IE_TRACE:             14:54:47.932537 call      1766         def _add_ns(path):
IE_TRACE:             14:54:47.932566 line      1767             return self._xpath_ns(path, namespace)
IE_TRACE:                 Starting var:.. path = 'ContentProtection'
IE_TRACE:                 Starting var:.. namespace = 'urn:mpeg:dash:schema:mpd:2011'
IE_TRACE:                 14:54:47.932590 call      1507     def _xpath_ns(path, namespace=None):
IE_TRACE:                 14:54:47.932619 line      1508         if not namespace:
IE_TRACE:                 14:54:47.932635 line      1510         out = []
IE_TRACE:                 New var:....... out = []
IE_TRACE:                 14:54:47.932651 line      1511         for c in path.split('/'):
IE_TRACE:                 New var:....... c = 'ContentProtection'
IE_TRACE:                 14:54:47.932672 line      1512             if not c or c == '.':
IE_TRACE:                 14:54:47.932692 line      1515                 out.append('{%s}%s' % (namespace, c))
IE_TRACE:                 Modified var:.. out = ['{urn:mpeg:dash:schema:mpd:2011}ContentProtection']
IE_TRACE:                 14:54:47.932710 line      1511         for c in path.split('/'):
IE_TRACE:                 14:54:47.932729 line      1516         return '/'.join(out)
IE_TRACE:                 14:54:47.932747 return    1516         return '/'.join(out)
IE_TRACE:                 Return value:.. '{urn:mpeg:dash:schema:mpd:2011}ContentProtection'
IE_TRACE:             14:54:47.932770 return    1767             return self._xpath_ns(path, namespace)
IE_TRACE:             Return value:.. '{urn:mpeg:dash:schema:mpd:2011}ContentProtection'
IE_TRACE:         14:54:47.932794 return    1770             return element.find(_add_ns('ContentProtection')) is not None
IE_TRACE:         Return value:.. False
IE_TRACE:     14:54:47.932816 line      1845                     representation_attrib = adaptation_set.attrib.copy()
IE_TRACE:     Modified var:.. representation_attrib = {'mimeType': 'video/mp4', 'startWithSAP': '1', 'segmentAlignment': 'true'}
IE_TRACE:     14:54:47.938470 line      1846                     representation_attrib.update(representation.attrib)
IE_TRACE:     Modified var:.. representation_attrib = {'mimeType': 'video/mp4', 'startWithSAP': '1', 'segmentAlignment': 'true', 'id': '3998017', 'codecs': 'avc1.640029', 'width': '1280', 'height': '720', 'bandwidth': '3998017'}
IE_TRACE:     14:54:47.944074 line      1848                     mime_type = representation_attrib['mimeType']
IE_TRACE:     14:54:47.949767 line      1849                     content_type = mime_type.split('/')[0]
IE_TRACE:     14:54:47.955388 line      1850                     if content_type == 'text':
IE_TRACE:     14:54:47.961036 line      1853                     elif content_type in ('video', 'audio'):
IE_TRACE:     14:54:47.966641 line      1854                         base_url = ''
IE_TRACE:     14:54:47.972319 line      1855                         for element in (representation, adaptation_set, period, mpd_doc):
IE_TRACE:     Modified var:.. element = <Element '{urn:mpeg:dash:schema:mpd:2011}Representation' at 0x7a93f4d543b0>
IE_TRACE:     14:54:47.977926 line      1856                             base_url_e = element.find(_add_ns('BaseURL'))
IE_TRACE:         Starting var:.. path = 'BaseURL'
IE_TRACE:         Starting var:.. namespace = 'urn:mpeg:dash:schema:mpd:2011'
IE_TRACE:         Starting var:.. self = <test.test_InfoExtractor.TestIE object at 0x7a93f6053b60>
IE_TRACE:         14:54:47.983544 call      1766         def _add_ns(path):
IE_TRACE:         14:54:47.983575 line      1767             return self._xpath_ns(path, namespace)
IE_TRACE:             Starting var:.. path = 'BaseURL'
IE_TRACE:             Starting var:.. namespace = 'urn:mpeg:dash:schema:mpd:2011'
IE_TRACE:             14:54:47.983594 call      1507     def _xpath_ns(path, namespace=None):
IE_TRACE:             14:54:47.983617 line      1508         if not namespace:
IE_TRACE:             14:54:47.983633 line      1510         out = []
IE_TRACE:             New var:....... out = []
IE_TRACE:             14:54:47.983648 line      1511         for c in path.split('/'):
IE_TRACE:             New var:....... c = 'BaseURL'
IE_TRACE:             14:54:47.983667 line      1512             if not c or c == '.':
IE_TRACE:             14:54:47.983687 line      1515                 out.append('{%s}%s' % (namespace, c))
IE_TRACE:             Modified var:.. out = ['{urn:mpeg:dash:schema:mpd:2011}BaseURL']
IE_TRACE:             14:54:47.983704 line      1511         for c in path.split('/'):
IE_TRACE:             14:54:47.983724 line      1516         return '/'.join(out)
IE_TRACE:             14:54:47.983740 return    1516         return '/'.join(out)
IE_TRACE:             Return value:.. '{urn:mpeg:dash:schema:mpd:2011}BaseURL'
IE_TRACE:         14:54:47.983763 return    1767             return self._xpath_ns(path, namespace)
IE_TRACE:         Return value:.. '{urn:mpeg:dash:schema:mpd:2011}BaseURL'
IE_TRACE:     14:54:47.983786 line      1857                             if base_url_e is not None:
IE_TRACE:     [CONDENSED] 2 identical loop iterations skipped (4 total iterations, showing first and last)
IE_TRACE:     14:54:48.023721 line      1855                         for element in (representation, adaptation_set, period, mpd_doc):
IE_TRACE:     Modified var:.. element = <Element '{urn:mpeg:dash:schema:mpd:2011}MPD' at 0x7a93f4d5fd30>
IE_TRACE:     14:54:48.029351 line      1856                             base_url_e = element.find(_add_ns('BaseURL'))
IE_TRACE:         Starting var:.. path = 'BaseURL'
IE_TRACE:         Starting var:.. namespace = 'urn:mpeg:dash:schema:mpd:2011'
IE_TRACE:         Starting var:.. self = <test.test_InfoExtractor.TestIE object at 0x7a93f6053b60>
IE_TRACE:         14:54:48.035047 call      1766         def _add_ns(path):
IE_TRACE:         14:54:48.035076 line      1767             return self._xpath_ns(path, namespace)
IE_TRACE:             Starting var:.. path = 'BaseURL'
IE_TRACE:             Starting var:.. namespace = 'urn:mpeg:dash:schema:mpd:2011'
IE_TRACE:             14:54:48.035092 call      1507     def _xpath_ns(path, namespace=None):
IE_TRACE:             14:54:48.035114 line      1508         if not namespace:
IE_TRACE:             14:54:48.035129 line      1510         out = []
IE_TRACE:             New var:....... out = []
IE_TRACE:             14:54:48.035144 line      1511         for c in path.split('/'):
IE_TRACE:             New var:....... c = 'BaseURL'
IE_TRACE:             14:54:48.035163 line      1512             if not c or c == '.':
IE_TRACE:             14:54:48.035182 line      1515                 out.append('{%s}%s' % (namespace, c))
IE_TRACE:             Modified var:.. out = ['{urn:mpeg:dash:schema:mpd:2011}BaseURL']
IE_TRACE:             14:54:48.035199 line      1511         for c in path.split('/'):
IE_TRACE:             14:54:48.035221 line      1516         return '/'.join(out)
IE_TRACE:             14:54:48.035238 return    1516         return '/'.join(out)
IE_TRACE:             Return value:.. '{urn:mpeg:dash:schema:mpd:2011}BaseURL'
IE_TRACE:         14:54:48.035261 return    1767             return self._xpath_ns(path, namespace)
IE_TRACE:         Return value:.. '{urn:mpeg:dash:schema:mpd:2011}BaseURL'
IE_TRACE:     14:54:48.035281 line      1857                             if base_url_e is not None:
IE_TRACE:     14:54:48.040879 line      1855                         for element in (representation, adaptation_set, period, mpd_doc):
IE_TRACE:     14:54:48.046483 line      1861                         if mpd_base_url and not re.match(r'^https?://', base_url):
IE_TRACE:     14:54:48.052099 line      1865                         representation_id = representation_attrib.get('id')
IE_TRACE:     Modified var:.. representation_id = '3998017'
IE_TRACE:     14:54:48.057752 line      1866                         lang = representation_attrib.get('lang')
IE_TRACE:     14:54:48.063375 line      1867                         url_el = representation.find(_add_ns('BaseURL'))
IE_TRACE:         Starting var:.. path = 'BaseURL'
IE_TRACE:         Starting var:.. namespace = 'urn:mpeg:dash:schema:mpd:2011'
IE_TRACE:         Starting var:.. self = <test.test_InfoExtractor.TestIE object at 0x7a93f6053b60>
IE_TRACE:         14:54:48.069022 call      1766         def _add_ns(path):
IE_TRACE:         14:54:48.069051 line      1767             return self._xpath_ns(path, namespace)
IE_TRACE:             Starting var:.. path = 'BaseURL'
IE_TRACE:             Starting var:.. namespace = 'urn:mpeg:dash:schema:mpd:2011'
IE_TRACE:             14:54:48.069068 call      1507     def _xpath_ns(path, namespace=None):
IE_TRACE:             14:54:48.069089 line      1508         if not namespace:
IE_TRACE:             14:54:48.069104 line      1510         out = []
IE_TRACE:             New var:....... out = []
IE_TRACE:             14:54:48.069120 line      1511         for c in path.split('/'):
IE_TRACE:             New var:....... c = 'BaseURL'
IE_TRACE:             14:54:48.069138 line      1512             if not c or c == '.':
IE_TRACE:             14:54:48.069158 line      1515                 out.append('{%s}%s' % (namespace, c))
IE_TRACE:             Modified var:.. out = ['{urn:mpeg:dash:schema:mpd:2011}BaseURL']
IE_TRACE:             14:54:48.069175 line      1511         for c in path.split('/'):
IE_TRACE:             14:54:48.069196 line      1516         return '/'.join(out)
IE_TRACE:             14:54:48.069212 return    1516         return '/'.join(out)
IE_TRACE:             Return value:.. '{urn:mpeg:dash:schema:mpd:2011}BaseURL'
IE_TRACE:         14:54:48.069233 return    1767             return self._xpath_ns(path, namespace)
IE_TRACE:         Return value:.. '{urn:mpeg:dash:schema:mpd:2011}BaseURL'
IE_TRACE:     14:54:48.069253 line      1868                         filesize = int_or_none(url_el.attrib.get('{http://youtube.com/yt/2012/10/10}contentLength') if url_el is not None else None)
IE_TRACE:         Source path:... /path/to/BugsInPy/workspace/youtube-dl/youtube_dl/utils.py
IE_TRACE:         Starting var:.. v = None
IE_TRACE:         Starting var:.. scale = 1
IE_TRACE:         Starting var:.. default = None
IE_TRACE:         Starting var:.. get_attr = None
IE_TRACE:         Starting var:.. invscale = 1
IE_TRACE:         14:54:48.074974 call      1785 def int_or_none(v, scale=1, default=None, get_attr=None, invscale=1):
IE_TRACE:         14:54:48.075015 line      1786     if get_attr:
IE_TRACE:         14:54:48.075033 line      1789     if v == '':
IE_TRACE:         14:54:48.075051 line      1791     if v is None:
IE_TRACE:         14:54:48.075067 line      1792         return default
IE_TRACE:         14:54:48.075085 return    1792         return default
IE_TRACE:         Return value:.. None
IE_TRACE:     Source path:... /path/to/BugsInPy/workspace/youtube-dl/youtube_dl/extractor/common.py
IE_TRACE:     14:54:48.075107 line      1869                         bandwidth = int_or_none(representation_attrib.get('bandwidth'))
IE_TRACE:         Source path:... /path/to/BugsInPy/workspace/youtube-dl/youtube_dl/utils.py
IE_TRACE:         Starting var:.. v = '3998017'
IE_TRACE:         Starting var:.. scale = 1
IE_TRACE:         Starting var:.. default = None
IE_TRACE:         Starting var:.. get_attr = None
IE_TRACE:         Starting var:.. invscale = 1
IE_TRACE:         14:54:48.080772 call      1785 def int_or_none(v, scale=1, default=None, get_attr=None, invscale=1):
IE_TRACE:         14:54:48.080808 line      1786     if get_attr:
IE_TRACE:         14:54:48.080827 line      1789     if v == '':
IE_TRACE:         14:54:48.080844 line      1791     if v is None:
IE_TRACE:         14:54:48.080861 line      1793     try:
IE_TRACE:         14:54:48.080879 line      1794         return int(v) * invscale // scale
IE_TRACE:         14:54:48.080900 return    1794         return int(v) * invscale // scale
IE_TRACE:         Return value:.. 3998017
IE_TRACE:     Source path:... /path/to/BugsInPy/workspace/youtube-dl/youtube_dl/extractor/common.py
IE_TRACE:     Modified var:.. bandwidth = 3998017
IE_TRACE:     14:54:48.080923 line      1871                             'format_id': '%s-%s' % (mpd_id, representation_id) if mpd_id else representation_id,
IE_TRACE:     14:54:48.086587 line      1872                             'url': base_url,
IE_TRACE:     14:54:48.092240 line      1873                             'manifest_url': mpd_url,
IE_TRACE:     14:54:48.097929 line      1874                             'ext': mimetype2ext(mime_type),
IE_TRACE:         Source path:... /path/to/BugsInPy/workspace/youtube-dl/youtube_dl/utils.py
IE_TRACE:         Starting var:.. mt = 'video/mp4'
IE_TRACE:         14:54:48.103588 call      2332 def mimetype2ext(mt):
IE_TRACE:         14:54:48.103614 line      2333     if mt is None:
IE_TRACE:         14:54:48.103629 line      2337         'audio/mp4': 'm4a',
IE_TRACE:         14:54:48.103645 line      2340         'audio/mpeg': 'mp3',
IE_TRACE:         14:54:48.103659 line      2336     ext = {
IE_TRACE:         14:54:48.103674 line      2341     }.get(mt)
IE_TRACE:         14:54:48.103689 line      2336     ext = {
IE_TRACE:         New var:....... ext = None
IE_TRACE:         14:54:48.103705 line      2342     if ext is not None:
IE_TRACE:         14:54:48.103724 line      2345     _, _, res = mt.rpartition('/')
IE_TRACE:         New var:....... _ = '/'
IE_TRACE:         New var:....... res = 'mp4'
IE_TRACE:         14:54:48.103741 line      2346     res = res.split(';')[0].strip().lower()
IE_TRACE:         14:54:48.103765 line      2348     return {
IE_TRACE:         14:54:48.103782 line      2349         '3gpp': '3gp',
IE_TRACE:         14:54:48.103799 line      2348     return {
IE_TRACE:         14:54:48.103816 line      2350         'smptett+xml': 'tt',
IE_TRACE:         14:54:48.103832 line      2348     return {
IE_TRACE:         14:54:48.103848 line      2351         'ttaf+xml': 'dfxp',
IE_TRACE:         14:54:48.103865 line      2348     return {
IE_TRACE:         14:54:48.103881 line      2352         'ttml+xml': 'ttml',
IE_TRACE:         14:54:48.103898 line      2348     return {
IE_TRACE:         14:54:48.103914 line      2353         'x-flv': 'flv',
IE_TRACE:         14:54:48.103930 line      2348     return {
IE_TRACE:         14:54:48.103947 line      2354         'x-mp4-fragmented': 'mp4',
IE_TRACE:         14:54:48.103963 line      2348     return {
IE_TRACE:         14:54:48.103979 line      2355         'x-ms-sami': 'sami',
IE_TRACE:         14:54:48.103996 line      2348     return {
IE_TRACE:         14:54:48.104012 line      2356         'x-ms-wmv': 'wmv',
IE_TRACE:         14:54:48.104028 line      2348     return {
IE_TRACE:         14:54:48.104044 line      2357         'mpegurl': 'm3u8',
IE_TRACE:         14:54:48.104061 line      2348     return {
IE_TRACE:         14:54:48.104077 line      2358         'x-mpegurl': 'm3u8',
IE_TRACE:         14:54:48.104093 line      2348     return {
IE_TRACE:         14:54:48.104109 line      2359         'vnd.apple.mpegurl': 'm3u8',
IE_TRACE:         14:54:48.104125 line      2348     return {
IE_TRACE:         14:54:48.104141 line      2360         'dash+xml': 'mpd',
IE_TRACE:         14:54:48.104158 line      2348     return {
IE_TRACE:         14:54:48.104174 line      2361         'f4m+xml': 'f4m',
IE_TRACE:         14:54:48.104190 line      2348     return {
IE_TRACE:         14:54:48.104206 line      2362         'hds+xml': 'f4m',
IE_TRACE:         14:54:48.104222 line      2348     return {
IE_TRACE:         14:54:48.104238 line      2363         'vnd.ms-sstr+xml': 'ism',
IE_TRACE:         14:54:48.104255 line      2348     return {
IE_TRACE:         14:54:48.104271 line      2364         'quicktime': 'mov',
IE_TRACE:         14:54:48.104287 line      2348     return {
IE_TRACE:         14:54:48.104303 line      2365         'mp2t': 'ts',
IE_TRACE:         14:54:48.104320 line      2348     return {
IE_TRACE:         14:54:48.104336 line      2366     }.get(res, res)
IE_TRACE:         14:54:48.104352 line      2348     return {
IE_TRACE:         14:54:48.104369 return    2348     return {
IE_TRACE:         Return value:.. 'mp4'
IE_TRACE:     Source path:... /path/to/BugsInPy/workspace/youtube-dl/youtube_dl/extractor/common.py
IE_TRACE:     14:54:48.104391 line      1875                             'width': int_or_none(representation_attrib.get('width')),
IE_TRACE:         Source path:... /path/to/BugsInPy/workspace/youtube-dl/youtube_dl/utils.py
IE_TRACE:         Starting var:.. v = '1280'
IE_TRACE:         Starting var:.. scale = 1
IE_TRACE:         Starting var:.. default = None
IE_TRACE:         Starting var:.. get_attr = None
IE_TRACE:         Starting var:.. invscale = 1
IE_TRACE:         14:54:48.110027 call      1785 def int_or_none(v, scale=1, default=None, get_attr=None, invscale=1):
IE_TRACE:         14:54:48.110066 line      1786     if get_attr:
IE_TRACE:         14:54:48.110083 line      1789     if v == '':
IE_TRACE:         14:54:48.110101 line      1791     if v is None:
IE_TRACE:         14:54:48.110118 line      1793     try:
IE_TRACE:         14:54:48.110136 line      1794         return int(v) * invscale // scale
IE_TRACE:         14:54:48.110154 return    1794         return int(v) * invscale // scale
IE_TRACE:         Return value:.. 1280
IE_TRACE:     Source path:... /path/to/BugsInPy/workspace/youtube-dl/youtube_dl/extractor/common.py
IE_TRACE:     14:54:48.110176 line      1876                             'height': int_or_none(representation_attrib.get('height')),
IE_TRACE:         Source path:... /path/to/BugsInPy/workspace/youtube-dl/youtube_dl/utils.py
IE_TRACE:         Starting var:.. v = '720'
IE_TRACE:         Starting var:.. scale = 1
IE_TRACE:         Starting var:.. default = None
IE_TRACE:         Starting var:.. get_attr = None
IE_TRACE:         Starting var:.. invscale = 1
IE_TRACE:         14:54:48.115853 call      1785 def int_or_none(v, scale=1, default=None, get_attr=None, invscale=1):
IE_TRACE:         14:54:48.115892 line      1786     if get_attr:
IE_TRACE:         14:54:48.115910 line      1789     if v == '':
IE_TRACE:         14:54:48.115927 line      1791     if v is None:
IE_TRACE:         14:54:48.115945 line      1793     try:
IE_TRACE:         14:54:48.115962 line      1794         return int(v) * invscale // scale
IE_TRACE:         14:54:48.115980 return    1794         return int(v) * invscale // scale
IE_TRACE:         Return value:.. 720
IE_TRACE:     Source path:... /path/to/BugsInPy/workspace/youtube-dl/youtube_dl/extractor/common.py
IE_TRACE:     14:54:48.116002 line      1877                             'tbr': float_or_none(bandwidth, 1000),
IE_TRACE:         Source path:... /path/to/BugsInPy/workspace/youtube-dl/youtube_dl/utils.py
IE_TRACE:         Starting var:.. v = 3998017
IE_TRACE:         Starting var:.. scale = 1000
IE_TRACE:         Starting var:.. invscale = 1
IE_TRACE:         Starting var:.. default = None
IE_TRACE:         14:54:48.121683 call      1811 def float_or_none(v, scale=1, invscale=1, default=None):
IE_TRACE:         14:54:48.121720 line      1812     if v is None:
IE_TRACE:         14:54:48.121737 line      1814     try:
IE_TRACE:         14:54:48.121754 line      1815         return float(v) * invscale / scale
IE_TRACE:         14:54:48.121772 return    1815         return float(v) * invscale / scale
IE_TRACE:         Return value:.. 3998.017
IE_TRACE:     Source path:... /path/to/BugsInPy/workspace/youtube-dl/youtube_dl/extractor/common.py
IE_TRACE:     14:54:48.121793 line      1878                             'asr': int_or_none(representation_attrib.get('audioSamplingRate')),
IE_TRACE:         Source path:... /path/to/BugsInPy/workspace/youtube-dl/youtube_dl/utils.py
IE_TRACE:         Starting var:.. v = None
IE_TRACE:         Starting var:.. scale = 1
IE_TRACE:         Starting var:.. default = None
IE_TRACE:         Starting var:.. get_attr = None
IE_TRACE:         Starting var:.. invscale = 1
IE_TRACE:         14:54:48.127438 call      1785 def int_or_none(v, scale=1, default=None, get_attr=None, invscale=1):
IE_TRACE:         14:54:48.127476 line      1786     if get_attr:
IE_TRACE:         14:54:48.127494 line      1789     if v == '':
IE_TRACE:         14:54:48.127512 line      1791     if v is None:
IE_TRACE:         14:54:48.127529 line      1792         return default
IE_TRACE:         14:54:48.127545 return    1792         return default
IE_TRACE:         Return value:.. None
IE_TRACE:     Source path:... /path/to/BugsInPy/workspace/youtube-dl/youtube_dl/extractor/common.py
IE_TRACE:     14:54:48.127590 line      1879                             'fps': int_or_none(representation_attrib.get('frameRate')),
IE_TRACE:         Source path:... /path/to/BugsInPy/workspace/youtube-dl/youtube_dl/utils.py
IE_TRACE:         Starting var:.. v = None
IE_TRACE:         Starting var:.. scale = 1
IE_TRACE:         Starting var:.. default = None
IE_TRACE:         Starting var:.. get_attr = None
IE_TRACE:         Starting var:.. invscale = 1
IE_TRACE:         14:54:48.133250 call      1785 def int_or_none(v, scale=1, default=None, get_attr=None, invscale=1):
IE_TRACE:         14:54:48.133289 line      1786     if get_attr:
IE_TRACE:         14:54:48.133306 line      1789     if v == '':
IE_TRACE:         14:54:48.133323 line      1791     if v is None:
IE_TRACE:         14:54:48.133341 line      1792         return default
IE_TRACE:         14:54:48.133358 return    1792         return default
IE_TRACE:         Return value:.. None
IE_TRACE:     Source path:... /path/to/BugsInPy/workspace/youtube-dl/youtube_dl/extractor/common.py
IE_TRACE:     14:54:48.133380 line      1880                             'language': lang if lang not in ('mul', 'und', 'zxx', 'mis') else None,
IE_TRACE:     14:54:48.139062 line      1881                             'format_note': 'DASH %s' % content_type,
IE_TRACE:     14:54:48.144710 line      1882                             'filesize': filesize,
IE_TRACE:     14:54:48.150384 line      1870                         f = {
IE_TRACE:     Modified var:.. f = {'format_id': '3998017', 'url': '', 'manifest_url': 'http://unknown/manifest.mpd', 'ext': 'mp4', 'width': 1280, 'height': 720, 'tbr': 3998.017, 'asr': None, 'fps': None, 'language': None, 'format_note': 'DASH video', 'filesize': None}
IE_TRACE:     14:54:48.156040 line      1884                         f.update(parse_codecs(representation_attrib.get('codecs')))
IE_TRACE:         Source path:... /path/to/BugsInPy/workspace/youtube-dl/youtube_dl/utils.py
IE_TRACE:         Starting var:.. codecs_str = 'avc1.640029'
IE_TRACE:         14:54:48.161067 call      2369 def parse_codecs(codecs_str):
IE_TRACE:         14:54:48.161093 line      2371     if not codecs_str:
IE_TRACE:         14:54:48.161109 line      2373     splited_codecs = list(filter(None, map(
IE_TRACE:         14:54:48.161125 line      2374         lambda str: str.strip(), codecs_str.strip().strip(',').split(','))))
IE_TRACE:         14:54:48.161142 line      2373     splited_codecs = list(filter(None, map(
IE_TRACE:             Starting var:.. str = 'avc1.640029'
IE_TRACE:             14:54:48.161160 call      2374         lambda str: str.strip(), codecs_str.strip().strip(',').split(','))))
IE_TRACE:             14:54:48.161178 line      2374         lambda str: str.strip(), codecs_str.strip().strip(',').split(','))))
IE_TRACE:             14:54:48.161193 return    2374         lambda str: str.strip(), codecs_str.strip().strip(',').split(','))))
IE_TRACE:             Return value:.. 'avc1.640029'
IE_TRACE:         New var:....... splited_codecs = ['avc1.640029']
IE_TRACE:         14:54:48.161213 line      2375     vcodec, acodec = None, None
IE_TRACE:         New var:....... vcodec = None
IE_TRACE:         New var:....... acodec = None
IE_TRACE:         14:54:48.161233 line      2376     for full_codec in splited_codecs:
IE_TRACE:         New var:....... full_codec = 'avc1.640029'
IE_TRACE:         14:54:48.161257 line      2377         codec = full_codec.split('.')[0]
IE_TRACE:         New var:....... codec = 'avc1'
IE_TRACE:         14:54:48.161279 line      2378         if codec in ('avc1', 'avc2', 'avc3', 'avc4', 'vp9', 'vp8', 'hev1', 'hev2', 'h263', 'h264', 'mp4v', 'hvc1'):
IE_TRACE:         14:54:48.161302 line      2379             if not vcodec:
IE_TRACE:         14:54:48.161320 line      2380                 vcodec = full_codec
IE_TRACE:         Modified var:.. vcodec = 'avc1.640029'
IE_TRACE:         14:54:48.161338 line      2376     for full_codec in splited_codecs:
IE_TRACE:         14:54:48.161359 line      2386     if not vcodec and not acodec:
IE_TRACE:         14:54:48.161378 line      2399             'vcodec': vcodec or 'none',
IE_TRACE:         14:54:48.161397 line      2400             'acodec': acodec or 'none',
IE_TRACE:         14:54:48.161415 line      2398         return {
IE_TRACE:         14:54:48.161434 return    2398         return {
IE_TRACE:         Return value:.. {'vcodec': 'avc1.640029', 'acodec': 'none'}
IE_TRACE:     Source path:... /path/to/BugsInPy/workspace/youtube-dl/youtube_dl/extractor/common.py
IE_TRACE:     Modified var:.. f = {'format_id': '3998017', 'url': '', 'manifest_url': 'http://unknown/manifest.mpd', 'ext': 'mp4', 'width': 1280, 'height': 720, 'tbr': 3998.017, 'asr': None, 'fps': None, 'language': None, 'format_note': 'DASH video', 'filesize': None, 'vcodec': 'avc1.640029', 'acodec': 'none'}
IE_TRACE:     14:54:48.161459 line      1885                         representation_ms_info = extract_multisegment_info(representation, adaption_set_ms_info)
IE_TRACE:         Starting var:.. element = <Element '{urn:mpeg:dash:schema:mpd:2011}Representation' at 0x7a93f4d543b0>
IE_TRACE:         Starting var:.. ms_parent_info = {'start_number': 0, 'timescale': 1000000, 'segment_duration': 2000000.0, 'media': 'v_$RepresentationID$_$Number$.mp4d', 'initialization': 'vi_$RepresentationID$.mp4d'}
IE_TRACE:         Starting var:.. _add_ns = <function InfoExtractor._parse_mpd_formats.<locals>._add_ns at 0x7a93f4c402c0>
IE_TRACE:         14:54:48.166426 call      1772         def extract_multisegment_info(element, ms_parent_info):
IE_TRACE:         14:54:48.166461 line      1773             ms_info = ms_parent_info.copy()
IE_TRACE:         New var:....... ms_info = {'start_number': 0, 'timescale': 1000000, 'segment_duration': 2000000.0, 'media': 'v_$RepresentationID$_$Number$.mp4d', 'initialization': 'vi_$RepresentationID$.mp4d'}
IE_TRACE:         14:54:48.166481 line      1778             def extract_common(source):
IE_TRACE:         New var:....... extract_common = <function InfoExtractor._parse_mpd_formats.<locals>.extract_multisegment_info.<locals>.extract_common at 0x7a93f4c40d60>
IE_TRACE:         14:54:48.166506 line      1804             def extract_Initialization(source):
IE_TRACE:         New var:....... extract_Initialization = <function InfoExtractor._parse_mpd_formats.<locals>.extract_multisegment_info.<locals>.extract_Initialization at 0x7a93f4c40cc0>
IE_TRACE:         14:54:48.166532 line      1809             segment_list = element.find(_add_ns('SegmentList'))
IE_TRACE:             Starting var:.. path = 'SegmentList'
IE_TRACE:             Starting var:.. namespace = 'urn:mpeg:dash:schema:mpd:2011'
IE_TRACE:             Starting var:.. self = <test.test_InfoExtractor.TestIE object at 0x7a93f6053b60>
IE_TRACE:             14:54:48.166562 call      1766         def _add_ns(path):
IE_TRACE:             14:54:48.166592 line      1767             return self._xpath_ns(path, namespace)
IE_TRACE:                 Starting var:.. path = 'SegmentList'
IE_TRACE:                 Starting var:.. namespace = 'urn:mpeg:dash:schema:mpd:2011'
IE_TRACE:                 14:54:48.166610 call      1507     def _xpath_ns(path, namespace=None):
IE_TRACE:                 14:54:48.166634 line      1508         if not namespace:
IE_TRACE:                 14:54:48.166652 line      1510         out = []
IE_TRACE:                 New var:....... out = []
IE_TRACE:                 14:54:48.166668 line      1511         for c in path.split('/'):
IE_TRACE:                 New var:....... c = 'SegmentList'
IE_TRACE:                 14:54:48.166688 line      1512             if not c or c == '.':
IE_TRACE:                 14:54:48.166708 line      1515                 out.append('{%s}%s' % (namespace, c))
IE_TRACE:                 Modified var:.. out = ['{urn:mpeg:dash:schema:mpd:2011}SegmentList']
IE_TRACE:                 14:54:48.166727 line      1511         for c in path.split('/'):
IE_TRACE:                 14:54:48.166747 line      1516         return '/'.join(out)
IE_TRACE:                 14:54:48.166764 return    1516         return '/'.join(out)
IE_TRACE:                 Return value:.. '{urn:mpeg:dash:schema:mpd:2011}SegmentList'
IE_TRACE:             14:54:48.166789 return    1767             return self._xpath_ns(path, namespace)
IE_TRACE:             Return value:.. '{urn:mpeg:dash:schema:mpd:2011}SegmentList'
IE_TRACE:         New var:....... segment_list = None
IE_TRACE:         14:54:48.166810 line      1810             if segment_list is not None:
IE_TRACE:         14:54:48.166839 line      1817                 segment_template = element.find(_add_ns('SegmentTemplate'))
IE_TRACE:             Starting var:.. path = 'SegmentTemplate'
IE_TRACE:             Starting var:.. namespace = 'urn:mpeg:dash:schema:mpd:2011'
IE_TRACE:             Starting var:.. self = <test.test_InfoExtractor.TestIE object at 0x7a93f6053b60>
IE_TRACE:             14:54:48.166864 call      1766         def _add_ns(path):
IE_TRACE:             14:54:48.166889 line      1767             return self._xpath_ns(path, namespace)
IE_TRACE:                 Starting var:.. path = 'SegmentTemplate'
IE_TRACE:                 Starting var:.. namespace = 'urn:mpeg:dash:schema:mpd:2011'
IE_TRACE:                 14:54:48.166907 call      1507     def _xpath_ns(path, namespace=None):
IE_TRACE:                 14:54:48.166929 line      1508         if not namespace:
IE_TRACE:                 14:54:48.166945 line      1510         out = []
IE_TRACE:                 New var:....... out = []
IE_TRACE:                 14:54:48.166961 line      1511         for c in path.split('/'):
IE_TRACE:                 New var:....... c = 'SegmentTemplate'
IE_TRACE:                 14:54:48.166981 line      1512             if not c or c == '.':
IE_TRACE:                 14:54:48.167001 line      1515                 out.append('{%s}%s' % (namespace, c))
IE_TRACE:                 Modified var:.. out = ['{urn:mpeg:dash:schema:mpd:2011}SegmentTemplate']
IE_TRACE:                 14:54:48.167019 line      1511         for c in path.split('/'):
IE_TRACE:                 14:54:48.167039 line      1516         return '/'.join(out)
IE_TRACE:                 14:54:48.167056 return    1516         return '/'.join(out)
IE_TRACE:                 Return value:.. '{urn:mpeg:dash:schema:mpd:2011}SegmentTemplate'
IE_TRACE:             14:54:48.167077 return    1767             return self._xpath_ns(path, namespace)
IE_TRACE:             Return value:.. '{urn:mpeg:dash:schema:mpd:2011}SegmentTemplate'
IE_TRACE:         New var:....... segment_template = None
IE_TRACE:         14:54:48.167099 line      1818                 if segment_template is not None:
IE_TRACE:         14:54:48.167127 line      1828             return ms_info
IE_TRACE:         14:54:48.167152 return    1828             return ms_info
IE_TRACE:         Return value:.. {'start_number': 0, 'timescale': 1000000, 'segment_duration': 2000000.0, 'media': 'v_$RepresentationID$_$Number$.mp4d', 'initialization': 'vi_$RepresentationID$.mp4d'}
IE_TRACE:     Modified var:.. representation_ms_info = {'start_number': 0, 'timescale': 1000000, 'segment_duration': 2000000.0, 'media': 'v_$RepresentationID$_$Number$.mp4d', 'initialization': 'vi_$RepresentationID$.mp4d'}
IE_TRACE:     14:54:48.167181 line      1887                         def prepare_template(template_name, identifiers):
IE_TRACE:     Modified var:.. prepare_template = <function InfoExtractor._parse_mpd_formats.<locals>.prepare_template at 0x7a93f4c41260>
IE_TRACE:     14:54:48.171465 line      1898                         if 'initialization' in representation_ms_info:
IE_TRACE:     14:54:48.175758 line      1899                             initialization_template = prepare_template(
IE_TRACE:     14:54:48.180036 line      1900                                 'initialization',
IE_TRACE:     14:54:48.184321 line      1904                                 ('Bandwidth', ))
IE_TRACE:     14:54:48.188624 line      1899                             initialization_template = prepare_template(
IE_TRACE:         Starting var:.. template_name = 'initialization'
IE_TRACE:         Starting var:.. identifiers = ('Bandwidth',)
IE_TRACE:         Starting var:.. representation_id = '3998017'
IE_TRACE:         Starting var:.. representation_ms_info = {'start_number': 0, 'timescale': 1000000, 'segment_duration': 2000000.0, 'media': 'v_$RepresentationID$_$Number$.mp4d', 'initialization': 'vi_$RepresentationID$.mp4d'}
IE_TRACE:         14:54:48.192959 call      1887                         def prepare_template(template_name, identifiers):
IE_TRACE:         14:54:48.192997 line      1888                             t = representation_ms_info[template_name]
IE_TRACE:         New var:....... t = 'vi_$RepresentationID$.mp4d'
IE_TRACE:         14:54:48.193016 line      1889                             t = t.replace('$RepresentationID$', representation_id)
IE_TRACE:         Modified var:.. t = 'vi_3998017.mp4d'
IE_TRACE:         14:54:48.193040 line      1890                             t = re.sub(r'\$(%s)\$' % '|'.join(identifiers), r'%(\1)d', t)
IE_TRACE:         Source path:... /path/to/BugsInPy/workspace/youtube-dl/youtube_dl/extractor/common.py
IE_TRACE:         14:54:48.193252 line      1891                             t = re.sub(r'\$(%s)%%([^$]+)\$' % '|'.join(identifiers), r'%(\1)\2', t)
IE_TRACE:         Source path:... /path/to/BugsInPy/workspace/youtube-dl/youtube_dl/extractor/common.py
IE_TRACE:         14:54:48.193440 line      1892                             t.replace('$$', '$')
IE_TRACE:         14:54:48.193462 line      1893                             return t
IE_TRACE:         14:54:48.193480 return    1893                             return t
IE_TRACE:         Return value:.. 'vi_3998017.mp4d'
IE_TRACE:     Modified var:.. initialization_template = 'vi_3998017.mp4d'
IE_TRACE:     14:54:48.193501 line      1905                             representation_ms_info['initialization_url'] = initialization_template % {
IE_TRACE:     14:54:48.197786 line      1906                                 'Bandwidth': bandwidth,
IE_TRACE:     14:54:48.202080 line      1905                             representation_ms_info['initialization_url'] = initialization_template % {
IE_TRACE:     Modified var:.. representation_ms_info = {'start_number': 0, 'timescale': 1000000, 'segment_duration': 2000000.0, 'media': 'v_$RepresentationID$_$Number$.mp4d', 'initialization': 'vi_$RepresentationID$.mp4d', 'initialization_url': 'vi_3998017.mp4d'}
IE_TRACE:     14:54:48.206376 line      1909                         def location_key(location):
IE_TRACE:     Modified var:.. location_key = <function InfoExtractor._parse_mpd_formats.<locals>.location_key at 0x7a93f4c40e00>
IE_TRACE:     14:54:48.210695 line      1912                         if 'segment_urls' not in representation_ms_info and 'media' in representation_ms_info:
IE_TRACE:     14:54:48.214982 line      1914                             media_template = prepare_template('media', ('Number', 'Bandwidth', 'Time'))
IE_TRACE:         Starting var:.. template_name = 'media'
IE_TRACE:         Starting var:.. identifiers = ('Number', 'Bandwidth', 'Time')
IE_TRACE:         Starting var:.. representation_id = '3998017'
IE_TRACE:         Starting var:.. representation_ms_info = {'start_number': 0, 'timescale': 1000000, 'segment_duration': 2000000.0, 'media': 'v_$RepresentationID$_$Number$.mp4d', 'initialization': 'vi_$RepresentationID$.mp4d', 'initialization_url': 'vi_3998017.mp4d'}
IE_TRACE:         14:54:48.219281 call      1887                         def prepare_template(template_name, identifiers):
IE_TRACE:         14:54:48.219317 line      1888                             t = representation_ms_info[template_name]
IE_TRACE:         New var:....... t = 'v_$RepresentationID$_$Number$.mp4d'
IE_TRACE:         14:54:48.219335 line      1889                             t = t.replace('$RepresentationID$', representation_id)
IE_TRACE:         Modified var:.. t = 'v_3998017_$Number$.mp4d'
IE_TRACE:         14:54:48.219356 line      1890                             t = re.sub(r'\$(%s)\$' % '|'.join(identifiers), r'%(\1)d', t)
IE_TRACE:         Source path:... /path/to/BugsInPy/workspace/youtube-dl/youtube_dl/extractor/common.py
IE_TRACE:         Modified var:.. t = 'v_3998017_%(Number)d.mp4d'
IE_TRACE:         14:54:48.219553 line      1891                             t = re.sub(r'\$(%s)%%([^$]+)\$' % '|'.join(identifiers), r'%(\1)\2', t)
IE_TRACE:         Source path:... /path/to/BugsInPy/workspace/youtube-dl/youtube_dl/extractor/common.py
IE_TRACE:         14:54:48.219744 line      1892                             t.replace('$$', '$')
IE_TRACE:         14:54:48.219766 line      1893                             return t
IE_TRACE:         14:54:48.219783 return    1893                             return t
IE_TRACE:         Return value:.. 'v_3998017_%(Number)d.mp4d'
IE_TRACE:     Modified var:.. media_template = 'v_3998017_%(Number)d.mp4d'
IE_TRACE:     14:54:48.219806 line      1915                             media_location_key = location_key(media_template)
IE_TRACE:         Starting var:.. location = 'v_3998017_%(Number)d.mp4d'
IE_TRACE:         14:54:48.224121 call      1909                         def location_key(location):
IE_TRACE:         14:54:48.224144 line      1910                             return 'url' if re.match(r'^https?://', location) else 'path'
IE_TRACE:         Source path:... /path/to/BugsInPy/workspace/youtube-dl/youtube_dl/extractor/common.py
IE_TRACE:         14:54:48.224320 return    1910                             return 'url' if re.match(r'^https?://', location) else 'path'
IE_TRACE:         Return value:.. 'path'
IE_TRACE:     14:54:48.224342 line      1919                             if '%(Number' in media_template and 's' not in representation_ms_info:
IE_TRACE:     14:54:48.228624 line      1920                                 segment_duration = None
IE_TRACE:     Modified var:.. segment_duration = None
IE_TRACE:     14:54:48.232911 line      1921                                 if 'total_number' not in representation_ms_info and 'segment_duration' in representation_ms_info:
IE_TRACE:     14:54:48.237220 line      1922                                     segment_duration = float_or_none(representation_ms_info['segment_duration'], representation_ms_info['timescale'])
IE_TRACE:         Source path:... /path/to/BugsInPy/workspace/youtube-dl/youtube_dl/utils.py
IE_TRACE:         Starting var:.. v = 2000000.0
IE_TRACE:         Starting var:.. scale = 1000000
IE_TRACE:         Starting var:.. invscale = 1
IE_TRACE:         Starting var:.. default = None
IE_TRACE:         14:54:48.241511 call      1811 def float_or_none(v, scale=1, invscale=1, default=None):
IE_TRACE:         14:54:48.241547 line      1812     if v is None:
IE_TRACE:         14:54:48.241563 line      1814     try:
IE_TRACE:         14:54:48.241582 line      1815         return float(v) * invscale / scale
IE_TRACE:         14:54:48.241600 return    1815         return float(v) * invscale / scale
IE_TRACE:         Return value:.. 2.0
IE_TRACE:     Source path:... /path/to/BugsInPy/workspace/youtube-dl/youtube_dl/extractor/common.py
IE_TRACE:     Modified var:.. segment_duration = 2.0
IE_TRACE:     14:54:48.241621 line      1923                                     representation_ms_info['total_number'] = int(math.ceil(float(period_duration) / segment_duration))
IE_TRACE:     Modified var:.. representation_ms_info = {'start_number': 0, 'timescale': 1000000, 'segment_duration': 2000000.0, 'media': 'v_$RepresentationID$_$Number$.mp4d', 'initialization': 'vi_$RepresentationID$.mp4d', 'initialization_url': 'vi_3998017.mp4d', 'total_number': 3007}
IE_TRACE:     14:54:48.245944 line      1930                                 } for segment_number in range(
IE_TRACE:     14:54:48.250240 line      1931                                     representation_ms_info['start_number'],
IE_TRACE:     14:54:48.254559 line      1932                                     representation_ms_info['total_number'] + representation_ms_info['start_number'])]
IE_TRACE:     14:54:48.258895 line      1930                                 } for segment_number in range(
IE_TRACE:     14:54:48.263204 line      1924                                 representation_ms_info['fragments'] = [{
IE_TRACE:     14:54:48.267516 line      1930                                 } for segment_number in range(
IE_TRACE:     New var:....... segment_number = 0
IE_TRACE:     14:54:48.271867 line      1925                                     media_location_key: media_template % {
IE_TRACE:     14:54:48.276146 line      1926                                         'Number': segment_number,
IE_TRACE:     14:54:48.280493 line      1927                                         'Bandwidth': bandwidth,
IE_TRACE:     14:54:48.284786 line      1925                                     media_location_key: media_template % {
IE_TRACE:     14:54:48.289121 line      1929                                     'duration': segment_duration,
IE_TRACE:     14:54:48.293414 line      1924                                 representation_ms_info['fragments'] = [{
IE_TRACE:     [CONDENSED] 3005 identical loop iterations skipped (3007 total iterations, showing first and last)
IE_TRACE:     14:56:33.295282 line      1924                                 representation_ms_info['fragments'] = [{
IE_TRACE:     14:56:33.299710 line      1930                                 } for segment_number in range(
IE_TRACE:     Modified var:.. segment_number = 3006
IE_TRACE:     14:56:33.304183 line      1925                                     media_location_key: media_template % {
IE_TRACE:     14:56:33.308657 line      1926                                         'Number': segment_number,
IE_TRACE:     14:56:33.313082 line      1927                                         'Bandwidth': bandwidth,
IE_TRACE:     14:56:33.317500 line      1925                                     media_location_key: media_template % {
IE_TRACE:     14:56:33.321969 line      1929                                     'duration': segment_duration,
IE_TRACE:     14:56:33.326370 line      1924                                 representation_ms_info['fragments'] = [{
IE_TRACE:     14:56:33.330791 line      1924                                 representation_ms_info['fragments'] = [{
IE_TRACE:     Modified var:.. representation_ms_info = {'start_number': 0, 'timescale': 1000000, 'segment_duration': 2000000.0, 'media': 'v_$RepresentationID$_$Number$.mp4d', 'initialization': 'vi_$RepresentationID$.mp4d', 'initialization_url': 'vi_3998017.mp4d', 'total_number': 3007, 'fragments': [{'p...'path': 'v_3998017_3002.mp4d', 'duration': 2.0}, {'path': 'v_3998017_3003.mp4d', 'duration': 2.0}, {'path': 'v_3998017_3004.mp4d', 'duration': 2.0}, {'path': 'v_3998017_3005.mp4d', 'duration': 2.0}, {'path': 'v_3998017_3006.mp4d', 'duration': 2.0}]}
IE_TRACE:     14:56:33.335214 line      1998                         if 'fragments' in representation_ms_info:
IE_TRACE:     14:56:33.340434 line      1999                             f.update({
IE_TRACE:     14:56:33.345561 line      2000                                 'fragment_base_url': base_url,
IE_TRACE:     14:56:33.350707 line      2001                                 'fragments': [],
IE_TRACE:     14:56:33.355831 line      2002                                 'protocol': 'http_dash_segments',
IE_TRACE:     14:56:33.361025 line      1999                             f.update({
IE_TRACE:     Modified var:.. f = {'format_id': '3998017', 'url': '', 'manifest_url': 'http://unknown/manifest.mpd', 'ext': 'mp4', 'width': 1280, 'height': 720, 'tbr': 3998.017, 'asr': None, 'fps': None, 'language': None, 'format_note': 'DASH video', 'filesize': None, 'vcodec': 'avc1.640029', 'acodec': 'none', 'fragment_base_url': '', 'fragments': [], 'protocol': 'http_dash_segments'}
IE_TRACE:     14:56:33.366178 line      2004                             if 'initialization_url' in representation_ms_info:
IE_TRACE:     14:56:33.371310 line      2005                                 initialization_url = representation_ms_info['initialization_url']
IE_TRACE:     Modified var:.. initialization_url = 'vi_3998017.mp4d'
IE_TRACE:     14:56:33.376447 line      2006                                 if not f.get('url'):
IE_TRACE:     14:56:33.381628 line      2007                                     f['url'] = initialization_url
IE_TRACE:     Modified var:.. f = {'format_id': '3998017', 'url': 'vi_3998017.mp4d', 'manifest_url': 'http://unknown/manifest.mpd', 'ext': 'mp4', 'width': 1280, 'height': 720, 'tbr': 3998.017, 'asr': None, 'fps': None, 'language': None, 'format_note': 'DASH video', 'filesize': None, 'vcodec': 'avc1.640029', 'acodec': 'none', 'fragment_base_url': '', 'fragments': [], 'protocol': 'http_dash_segments'}
IE_TRACE:     14:56:33.386788 line      2008                                 f['fragments'].append({location_key(initialization_url): initialization_url})
IE_TRACE:         Starting var:.. location = 'vi_3998017.mp4d'
IE_TRACE:         14:56:33.391990 call      1909                         def location_key(location):
IE_TRACE:         14:56:33.392017 line      1910                             return 'url' if re.match(r'^https?://', location) else 'path'
IE_TRACE:         Source path:... /path/to/BugsInPy/workspace/youtube-dl/youtube_dl/extractor/common.py
IE_TRACE:         14:56:33.392234 return    1910                             return 'url' if re.match(r'^https?://', location) else 'path'
IE_TRACE:         Return value:.. 'path'
IE_TRACE:     Modified var:.. f = {'format_id': '3998017', 'url': 'vi_3998017.mp4d', 'manifest_url': 'http://unknown/manifest.mpd', 'ext': 'mp4', 'width': 1280, 'height': 720, 'tbr': 3998.017, 'asr': None, 'fps': None, 'language': None, 'format_note': 'DASH video', 'filesize': None, 'vcodec': 'avc1.640029', 'acodec': 'none', 'fragment_base_url': '', 'fragments': [{'path': 'vi_3998017.mp4d'}], 'protocol': 'http_dash_segments'}
IE_TRACE:     14:56:33.392263 line      2009                             f['fragments'].extend(representation_ms_info['fragments'])
IE_TRACE:     Modified var:.. f = {'format_id': '3998017', 'url': 'vi_3998017.mp4d', 'manifest_url': 'http://unknown/manifest.mpd', 'ext': 'mp4', 'width': 1280, 'height': 720, 'tbr': 3998.017, 'asr': None, 'fps': None, 'language': None, 'format_note': 'DASH video', 'filesize': None...ration': 2.0}, {'path': 'v_3998017_3003.mp4d', 'duration': 2.0}, {'path': 'v_3998017_3004.mp4d', 'duration': 2.0}, {'path': 'v_3998017_3005.mp4d', 'duration': 2.0}, {'path': 'v_3998017_3006.mp4d', 'duration': 2.0}], 'protocol': 'http_dash_segments'}
IE_TRACE:     14:56:33.397409 line      2010                         try:
IE_TRACE:     14:56:33.403281 line      2011                             existing_format = next(
IE_TRACE:     14:56:33.409189 line      2012                                 fo for fo in formats
IE_TRACE:     14:56:33.415089 line      2011                             existing_format = next(
IE_TRACE:         Starting var:.. .0 = <list_iterator object at 0x7a93f4e4bbe0>
IE_TRACE:         Starting var:.. representation_id = '3998017'
IE_TRACE:         14:56:33.420929 call      2011                             existing_format = next(
IE_TRACE:         14:56:33.420964 line      2011                             existing_format = next(
IE_TRACE:         14:56:33.420980 line      2012                                 fo for fo in formats
IE_TRACE:         New var:....... fo = {'format_id': '318597', 'url': 'vi_318597.mp4d', 'manifest_url': 'http://unknown/manifest.mpd', 'ext': 'mp4', 'width': 340, 'height': 192, 'tbr': 318.597, 'asr': None, 'fps': None, 'language': None, 'format_note': 'DASH video', 'filesize': None, 'v... 'duration': 2.0}, {'path': 'v_318597_3003.mp4d', 'duration': 2.0}, {'path': 'v_318597_3004.mp4d', 'duration': 2.0}, {'path': 'v_318597_3005.mp4d', 'duration': 2.0}, {'path': 'v_318597_3006.mp4d', 'duration': 2.0}], 'protocol': 'http_dash_segments'}
IE_TRACE:         14:56:33.420996 line      2013                                 if fo['format_id'] == representation_id)
IE_TRACE:         14:56:33.421717 line      2012                                 fo for fo in formats
IE_TRACE:     [CONDENSED] 2 identical loop iterations skipped (4 total iterations, showing first and last)
IE_TRACE:         14:56:33.428133 line      2011                             existing_format = next(
IE_TRACE:         14:56:33.428848 line      2012                                 fo for fo in formats
IE_TRACE:         Modified var:.. fo = {'format_id': '2046506', 'url': 'vi_2046506.mp4d', 'manifest_url': 'http://unknown/manifest.mpd', 'ext': 'mp4', 'width': 1024, 'height': 576, 'tbr': 2046.506, 'asr': None, 'fps': None, 'language': None, 'format_note': 'DASH video', 'filesize': None...ration': 2.0}, {'path': 'v_2046506_3003.mp4d', 'duration': 2.0}, {'path': 'v_2046506_3004.mp4d', 'duration': 2.0}, {'path': 'v_2046506_3005.mp4d', 'duration': 2.0}, {'path': 'v_2046506_3006.mp4d', 'duration': 2.0}], 'protocol': 'http_dash_segments'}
IE_TRACE:         14:56:33.429561 line      2013                                 if fo['format_id'] == representation_id)
IE_TRACE:         14:56:33.430282 line      2012                                 fo for fo in formats
IE_TRACE:         14:56:33.430995 line      2011                             existing_format = next(
IE_TRACE:         14:56:33.431709 return    2011                             existing_format = next(
IE_TRACE:         Return value:.. None
IE_TRACE:     14:56:33.432433 exception 2011                             existing_format = next(
IE_TRACE:     Exception:..... StopIteration
IE_TRACE:     14:56:33.438301 line      2014                         except StopIteration:
IE_TRACE:     14:56:33.444071 line      2015                             full_info = formats_dict.get(representation_id, {}).copy()
IE_TRACE:     Modified var:.. full_info = {}
IE_TRACE:     14:56:33.449828 line      2016                             full_info.update(f)
IE_TRACE:     Modified var:.. full_info = {'format_id': '3998017', 'url': 'vi_3998017.mp4d', 'manifest_url': 'http://unknown/manifest.mpd', 'ext': 'mp4', 'width': 1280, 'height': 720, 'tbr': 3998.017, 'asr': None, 'fps': None, 'language': None, 'format_note': 'DASH video', 'filesize': None...ration': 2.0}, {'path': 'v_3998017_3003.mp4d', 'duration': 2.0}, {'path': 'v_3998017_3004.mp4d', 'duration': 2.0}, {'path': 'v_3998017_3005.mp4d', 'duration': 2.0}, {'path': 'v_3998017_3006.mp4d', 'duration': 2.0}], 'protocol': 'http_dash_segments'}
IE_TRACE:     14:56:33.454923 line      2017                             formats.append(full_info)
IE_TRACE:     Modified var:.. formats = [{'format_id': '318597', 'url': 'vi_318597.mp4d', 'manifest_url': 'http://unknown/manifest.mpd', 'ext': 'mp4', 'width': 340, 'height': 192, 'tbr': 318.597, 'asr': None, 'fps': None, 'language': None, 'format_note': 'DASH video', 'filesize': None, '...ation': 2.0}, {'path': 'v_3998017_3003.mp4d', 'duration': 2.0}, {'path': 'v_3998017_3004.mp4d', 'duration': 2.0}, {'path': 'v_3998017_3005.mp4d', 'duration': 2.0}, {'path': 'v_3998017_3006.mp4d', 'duration': 2.0}], 'protocol': 'http_dash_segments'}]
IE_TRACE:     14:56:33.460751 line      1842                 for representation in adaptation_set.findall(_add_ns('Representation')):
IE_TRACE:     Modified var:.. representation = <Element '{urn:mpeg:dash:schema:mpd:2011}Representation' at 0x7a93f4d54400>
IE_TRACE:     14:56:33.467362 line      1843                     if is_drm_protected(representation):
IE_TRACE:         Starting var:.. element = <Element '{urn:mpeg:dash:schema:mpd:2011}Representation' at 0x7a93f4d54400>
IE_TRACE:         Starting var:.. _add_ns = <function InfoExtractor._parse_mpd_formats.<locals>._add_ns at 0x7a93f4c402c0>
IE_TRACE:         14:56:33.473923 call      1769         def is_drm_protected(element):
IE_TRACE:         14:56:33.473950 line      1770             return element.find(_add_ns('ContentProtection')) is not None
IE_TRACE:             Starting var:.. path = 'ContentProtection'
IE_TRACE:             Starting var:.. namespace = 'urn:mpeg:dash:schema:mpd:2011'
IE_TRACE:             Starting var:.. self = <test.test_InfoExtractor.TestIE object at 0x7a93f6053b60>
IE_TRACE:             14:56:33.473968 call      1766         def _add_ns(path):
IE_TRACE:             14:56:33.473996 line      1767             return self._xpath_ns(path, namespace)
IE_TRACE:                 Starting var:.. path = 'ContentProtection'
IE_TRACE:                 Starting var:.. namespace = 'urn:mpeg:dash:schema:mpd:2011'
IE_TRACE:                 14:56:33.474018 call      1507     def _xpath_ns(path, namespace=None):
IE_TRACE:                 14:56:33.474048 line      1508         if not namespace:
IE_TRACE:                 14:56:33.474065 line      1510         out = []
IE_TRACE:                 New var:....... out = []
IE_TRACE:                 14:56:33.474081 line      1511         for c in path.split('/'):
IE_TRACE:                 New var:....... c = 'ContentProtection'
IE_TRACE:                 14:56:33.474103 line      1512             if not c or c == '.':
IE_TRACE:                 14:56:33.474124 line      1515                 out.append('{%s}%s' % (namespace, c))
IE_TRACE:                 Modified var:.. out = ['{urn:mpeg:dash:schema:mpd:2011}ContentProtection']
IE_TRACE:                 14:56:33.474142 line      1511         for c in path.split('/'):
IE_TRACE:                 14:56:33.474163 line      1516         return '/'.join(out)
IE_TRACE:                 14:56:33.474181 return    1516         return '/'.join(out)
IE_TRACE:                 Return value:.. '{urn:mpeg:dash:schema:mpd:2011}ContentProtection'
IE_TRACE:             14:56:33.474204 return    1767             return self._xpath_ns(path, namespace)
IE_TRACE:             Return value:.. '{urn:mpeg:dash:schema:mpd:2011}ContentProtection'
IE_TRACE:         14:56:33.474229 return    1770             return element.find(_add_ns('ContentProtection')) is not None
IE_TRACE:         Return value:.. False
IE_TRACE:     14:56:33.474251 line      1845                     representation_attrib = adaptation_set.attrib.copy()
IE_TRACE:     Modified var:.. representation_attrib = {'mimeType': 'video/mp4', 'startWithSAP': '1', 'segmentAlignment': 'true'}
IE_TRACE:     14:56:33.480567 line      1846                     representation_attrib.update(representation.attrib)
IE_TRACE:     Modified var:.. representation_attrib = {'mimeType': 'video/mp4', 'startWithSAP': '1', 'segmentAlignment': 'true', 'id': '5997485', 'codecs': 'avc1.640032', 'width': '1920', 'height': '1080', 'bandwidth': '5997485'}
IE_TRACE:     14:56:33.486909 line      1848                     mime_type = representation_attrib['mimeType']
IE_TRACE:     14:56:33.493287 line      1849                     content_type = mime_type.split('/')[0]
IE_TRACE:     14:56:33.499738 line      1850                     if content_type == 'text':
IE_TRACE:     14:56:33.506127 line      1853                     elif content_type in ('video', 'audio'):
IE_TRACE:     14:56:33.512509 line      1854                         base_url = ''
IE_TRACE:     14:56:33.518911 line      1855                         for element in (representation, adaptation_set, period, mpd_doc):
IE_TRACE:     Modified var:.. element = <Element '{urn:mpeg:dash:schema:mpd:2011}Representation' at 0x7a93f4d54400>
IE_TRACE:     14:56:33.525293 line      1856                             base_url_e = element.find(_add_ns('BaseURL'))
IE_TRACE:         Starting var:.. path = 'BaseURL'
IE_TRACE:         Starting var:.. namespace = 'urn:mpeg:dash:schema:mpd:2011'
IE_TRACE:         Starting var:.. self = <test.test_InfoExtractor.TestIE object at 0x7a93f6053b60>
IE_TRACE:         14:56:33.531714 call      1766         def _add_ns(path):
IE_TRACE:         14:56:33.531743 line      1767             return self._xpath_ns(path, namespace)
IE_TRACE:             Starting var:.. path = 'BaseURL'
IE_TRACE:             Starting var:.. namespace = 'urn:mpeg:dash:schema:mpd:2011'
IE_TRACE:             14:56:33.531762 call      1507     def _xpath_ns(path, namespace=None):
IE_TRACE:             14:56:33.531786 line      1508         if not namespace:
IE_TRACE:             14:56:33.531803 line      1510         out = []
IE_TRACE:             New var:....... out = []
IE_TRACE:             14:56:33.531819 line      1511         for c in path.split('/'):
IE_TRACE:             New var:....... c = 'BaseURL'
IE_TRACE:             14:56:33.531839 line      1512             if not c or c == '.':
IE_TRACE:             14:56:33.531860 line      1515                 out.append('{%s}%s' % (namespace, c))
IE_TRACE:             Modified var:.. out = ['{urn:mpeg:dash:schema:mpd:2011}BaseURL']
IE_TRACE:             14:56:33.531878 line      1511         for c in path.split('/'):
IE_TRACE:             14:56:33.531898 line      1516         return '/'.join(out)
IE_TRACE:             14:56:33.531916 return    1516         return '/'.join(out)
IE_TRACE:             Return value:.. '{urn:mpeg:dash:schema:mpd:2011}BaseURL'
IE_TRACE:         14:56:33.531939 return    1767             return self._xpath_ns(path, namespace)
IE_TRACE:         Return value:.. '{urn:mpeg:dash:schema:mpd:2011}BaseURL'
IE_TRACE:     14:56:33.531963 line      1857                             if base_url_e is not None:
IE_TRACE:     [CONDENSED] 2 identical loop iterations skipped (4 total iterations, showing first and last)
IE_TRACE:     14:56:33.577720 line      1855                         for element in (representation, adaptation_set, period, mpd_doc):
IE_TRACE:     Modified var:.. element = <Element '{urn:mpeg:dash:schema:mpd:2011}MPD' at 0x7a93f4d5fd30>
IE_TRACE:     14:56:33.584258 line      1856                             base_url_e = element.find(_add_ns('BaseURL'))
IE_TRACE:         Starting var:.. path = 'BaseURL'
IE_TRACE:         Starting var:.. namespace = 'urn:mpeg:dash:schema:mpd:2011'
IE_TRACE:         Starting var:.. self = <test.test_InfoExtractor.TestIE object at 0x7a93f6053b60>
IE_TRACE:         14:56:33.590818 call      1766         def _add_ns(path):
IE_TRACE:         14:56:33.590848 line      1767             return self._xpath_ns(path, namespace)
IE_TRACE:             Starting var:.. path = 'BaseURL'
IE_TRACE:             Starting var:.. namespace = 'urn:mpeg:dash:schema:mpd:2011'
IE_TRACE:             14:56:33.590865 call      1507     def _xpath_ns(path, namespace=None):
IE_TRACE:             14:56:33.590887 line      1508         if not namespace:
IE_TRACE:             14:56:33.590903 line      1510         out = []
IE_TRACE:             New var:....... out = []
IE_TRACE:             14:56:33.590918 line      1511         for c in path.split('/'):
IE_TRACE:             New var:....... c = 'BaseURL'
IE_TRACE:             14:56:33.590937 line      1512             if not c or c == '.':
IE_TRACE:             14:56:33.590957 line      1515                 out.append('{%s}%s' % (namespace, c))
IE_TRACE:             Modified var:.. out = ['{urn:mpeg:dash:schema:mpd:2011}BaseURL']
IE_TRACE:             14:56:33.590974 line      1511         for c in path.split('/'):
IE_TRACE:             14:56:33.590993 line      1516         return '/'.join(out)
IE_TRACE:             14:56:33.591010 return    1516         return '/'.join(out)
IE_TRACE:             Return value:.. '{urn:mpeg:dash:schema:mpd:2011}BaseURL'
IE_TRACE:         14:56:33.591033 return    1767             return self._xpath_ns(path, namespace)
IE_TRACE:         Return value:.. '{urn:mpeg:dash:schema:mpd:2011}BaseURL'
IE_TRACE:     14:56:33.591052 line      1857                             if base_url_e is not None:
IE_TRACE:     14:56:33.597430 line      1855                         for element in (representation, adaptation_set, period, mpd_doc):
IE_TRACE:     14:56:33.603843 line      1861                         if mpd_base_url and not re.match(r'^https?://', base_url):
IE_TRACE:     14:56:33.610213 line      1865                         representation_id = representation_attrib.get('id')
IE_TRACE:     Modified var:.. representation_id = '5997485'
IE_TRACE:     14:56:33.616615 line      1866                         lang = representation_attrib.get('lang')
IE_TRACE:     14:56:33.622990 line      1867                         url_el = representation.find(_add_ns('BaseURL'))
IE_TRACE:         Starting var:.. path = 'BaseURL'
IE_TRACE:         Starting var:.. namespace = 'urn:mpeg:dash:schema:mpd:2011'
IE_TRACE:         Starting var:.. self = <test.test_InfoExtractor.TestIE object at 0x7a93f6053b60>
IE_TRACE:         14:56:33.629441 call      1766         def _add_ns(path):
IE_TRACE:         14:56:33.629472 line      1767             return self._xpath_ns(path, namespace)
IE_TRACE:             Starting var:.. path = 'BaseURL'
IE_TRACE:             Starting var:.. namespace = 'urn:mpeg:dash:schema:mpd:2011'
IE_TRACE:             14:56:33.629490 call      1507     def _xpath_ns(path, namespace=None):
IE_TRACE:             14:56:33.629512 line      1508         if not namespace:
IE_TRACE:             14:56:33.629528 line      1510         out = []
IE_TRACE:             New var:....... out = []
IE_TRACE:             14:56:33.629544 line      1511         for c in path.split('/'):
IE_TRACE:             New var:....... c = 'BaseURL'
IE_TRACE:             14:56:33.629566 line      1512             if not c or c == '.':
IE_TRACE:             14:56:33.629586 line      1515                 out.append('{%s}%s' % (namespace, c))
IE_TRACE:             Modified var:.. out = ['{urn:mpeg:dash:schema:mpd:2011}BaseURL']
IE_TRACE:             14:56:33.629603 line      1511         for c in path.split('/'):
IE_TRACE:             14:56:33.629622 line      1516         return '/'.join(out)
IE_TRACE:             14:56:33.629639 return    1516         return '/'.join(out)
IE_TRACE:             Return value:.. '{urn:mpeg:dash:schema:mpd:2011}BaseURL'
IE_TRACE:         14:56:33.629662 return    1767             return self._xpath_ns(path, namespace)
IE_TRACE:         Return value:.. '{urn:mpeg:dash:schema:mpd:2011}BaseURL'
IE_TRACE:     14:56:33.629684 line      1868                         filesize = int_or_none(url_el.attrib.get('{http://youtube.com/yt/2012/10/10}contentLength') if url_el is not None else None)
IE_TRACE:         Source path:... /path/to/BugsInPy/workspace/youtube-dl/youtube_dl/utils.py
IE_TRACE:         Starting var:.. v = None
IE_TRACE:         Starting var:.. scale = 1
IE_TRACE:         Starting var:.. default = None
IE_TRACE:         Starting var:.. get_attr = None
IE_TRACE:         Starting var:.. invscale = 1
IE_TRACE:         14:56:33.636137 call      1785 def int_or_none(v, scale=1, default=None, get_attr=None, invscale=1):
IE_TRACE:         14:56:33.636180 line      1786     if get_attr:
IE_TRACE:         14:56:33.636200 line      1789     if v == '':
IE_TRACE:         14:56:33.636218 line      1791     if v is None:
IE_TRACE:         14:56:33.636236 line      1792         return default
IE_TRACE:         14:56:33.636255 return    1792         return default
IE_TRACE:         Return value:.. None
IE_TRACE:     Source path:... /path/to/BugsInPy/workspace/youtube-dl/youtube_dl/extractor/common.py
IE_TRACE:     14:56:33.636280 line      1869                         bandwidth = int_or_none(representation_attrib.get('bandwidth'))
IE_TRACE:         Source path:... /path/to/BugsInPy/workspace/youtube-dl/youtube_dl/utils.py
IE_TRACE:         Starting var:.. v = '5997485'
IE_TRACE:         Starting var:.. scale = 1
IE_TRACE:         Starting var:.. default = None
IE_TRACE:         Starting var:.. get_attr = None
IE_TRACE:         Starting var:.. invscale = 1
IE_TRACE:         14:56:33.642739 call      1785 def int_or_none(v, scale=1, default=None, get_attr=None, invscale=1):
IE_TRACE:         14:56:33.642778 line      1786     if get_attr:
IE_TRACE:         14:56:33.642796 line      1789     if v == '':
IE_TRACE:         14:56:33.642814 line      1791     if v is None:
IE_TRACE:         14:56:33.642832 line      1793     try:
IE_TRACE:         14:56:33.642850 line      1794         return int(v) * invscale // scale
IE_TRACE:         14:56:33.642872 return    1794         return int(v) * invscale // scale
IE_TRACE:         Return value:.. 5997485
IE_TRACE:     Source path:... /path/to/BugsInPy/workspace/youtube-dl/youtube_dl/extractor/common.py
IE_TRACE:     Modified var:.. bandwidth = 5997485
IE_TRACE:     14:56:33.642895 line      1871                             'format_id': '%s-%s' % (mpd_id, representation_id) if mpd_id else representation_id,
IE_TRACE:     14:56:33.649345 line      1872                             'url': base_url,
IE_TRACE:     14:56:33.655848 line      1873                             'manifest_url': mpd_url,
IE_TRACE:     14:56:33.662326 line      1874                             'ext': mimetype2ext(mime_type),
IE_TRACE:         Source path:... /path/to/BugsInPy/workspace/youtube-dl/youtube_dl/utils.py
IE_TRACE:         Starting var:.. mt = 'video/mp4'
IE_TRACE:         14:56:33.668877 call      2332 def mimetype2ext(mt):
IE_TRACE:         14:56:33.668905 line      2333     if mt is None:
IE_TRACE:         14:56:33.668921 line      2337         'audio/mp4': 'm4a',
IE_TRACE:         14:56:33.668936 line      2340         'audio/mpeg': 'mp3',
IE_TRACE:         14:56:33.668952 line      2336     ext = {
IE_TRACE:         14:56:33.668968 line      2341     }.get(mt)
IE_TRACE:         14:56:33.668984 line      2336     ext = {
IE_TRACE:         New var:....... ext = None
IE_TRACE:         14:56:33.668999 line      2342     if ext is not None:
IE_TRACE:         14:56:33.669019 line      2345     _, _, res = mt.rpartition('/')
IE_TRACE:         New var:....... _ = '/'
IE_TRACE:         New var:....... res = 'mp4'
IE_TRACE:         14:56:33.669035 line      2346     res = res.split(';')[0].strip().lower()
IE_TRACE:         14:56:33.669060 line      2348     return {
IE_TRACE:         14:56:33.669078 line      2349         '3gpp': '3gp',
IE_TRACE:         14:56:33.669095 line      2348     return {
IE_TRACE:         14:56:33.669112 line      2350         'smptett+xml': 'tt',
IE_TRACE:         14:56:33.669129 line      2348     return {
IE_TRACE:         14:56:33.669146 line      2351         'ttaf+xml': 'dfxp',
IE_TRACE:         14:56:33.669163 line      2348     return {
IE_TRACE:         14:56:33.669180 line      2352         'ttml+xml': 'ttml',
IE_TRACE:         14:56:33.669197 line      2348     return {
IE_TRACE:         14:56:33.669214 line      2353         'x-flv': 'flv',
IE_TRACE:         14:56:33.669231 line      2348     return {
IE_TRACE:         14:56:33.669248 line      2354         'x-mp4-fragmented': 'mp4',
IE_TRACE:         14:56:33.669265 line      2348     return {
IE_TRACE:         14:56:33.669283 line      2355         'x-ms-sami': 'sami',
IE_TRACE:         14:56:33.669299 line      2348     return {
IE_TRACE:         14:56:33.669316 line      2356         'x-ms-wmv': 'wmv',
IE_TRACE:         14:56:33.669333 line      2348     return {
IE_TRACE:         14:56:33.669350 line      2357         'mpegurl': 'm3u8',
IE_TRACE:         14:56:33.669367 line      2348     return {
IE_TRACE:         14:56:33.669384 line      2358         'x-mpegurl': 'm3u8',
IE_TRACE:         14:56:33.669401 line      2348     return {
IE_TRACE:         14:56:33.669417 line      2359         'vnd.apple.mpegurl': 'm3u8',
IE_TRACE:         14:56:33.669434 line      2348     return {
IE_TRACE:         14:56:33.669451 line      2360         'dash+xml': 'mpd',
IE_TRACE:         14:56:33.669468 line      2348     return {
IE_TRACE:         14:56:33.669485 line      2361         'f4m+xml': 'f4m',
IE_TRACE:         14:56:33.669502 line      2348     return {
IE_TRACE:         14:56:33.669519 line      2362         'hds+xml': 'f4m',
IE_TRACE:         14:56:33.669535 line      2348     return {
IE_TRACE:         14:56:33.669552 line      2363         'vnd.ms-sstr+xml': 'ism',
IE_TRACE:         14:56:33.669570 line      2348     return {
IE_TRACE:         14:56:33.669589 line      2364         'quicktime': 'mov',
IE_TRACE:         14:56:33.669605 line      2348     return {
IE_TRACE:         14:56:33.669622 line      2365         'mp2t': 'ts',
IE_TRACE:         14:56:33.669639 line      2348     return {
IE_TRACE:         14:56:33.669655 line      2366     }.get(res, res)
IE_TRACE:         14:56:33.669673 line      2348     return {
IE_TRACE:         14:56:33.669689 return    2348     return {
IE_TRACE:         Return value:.. 'mp4'
IE_TRACE:     Source path:... /path/to/BugsInPy/workspace/youtube-dl/youtube_dl/extractor/common.py
IE_TRACE:     14:56:33.669712 line      1875                             'width': int_or_none(representation_attrib.get('width')),
IE_TRACE:         Source path:... /path/to/BugsInPy/workspace/youtube-dl/youtube_dl/utils.py
IE_TRACE:         Starting var:.. v = '1920'
IE_TRACE:         Starting var:.. scale = 1
IE_TRACE:         Starting var:.. default = None
IE_TRACE:         Starting var:.. get_attr = None
IE_TRACE:         Starting var:.. invscale = 1
IE_TRACE:         14:56:33.676148 call      1785 def int_or_none(v, scale=1, default=None, get_attr=None, invscale=1):
IE_TRACE:         14:56:33.676187 line      1786     if get_attr:
IE_TRACE:         14:56:33.676205 line      1789     if v == '':
IE_TRACE:         14:56:33.676223 line      1791     if v is None:
IE_TRACE:         14:56:33.676241 line      1793     try:
IE_TRACE:         14:56:33.676259 line      1794         return int(v) * invscale // scale
IE_TRACE:         14:56:33.676277 return    1794         return int(v) * invscale // scale
IE_TRACE:         Return value:.. 1920
IE_TRACE:     Source path:... /path/to/BugsInPy/workspace/youtube-dl/youtube_dl/extractor/common.py
IE_TRACE:     14:56:33.676300 line      1876                             'height': int_or_none(representation_attrib.get('height')),
IE_TRACE:         Source path:... /path/to/BugsInPy/workspace/youtube-dl/youtube_dl/utils.py
IE_TRACE:         Starting var:.. v = '1080'
IE_TRACE:         Starting var:.. scale = 1
IE_TRACE:         Starting var:.. default = None
IE_TRACE:         Starting var:.. get_attr = None
IE_TRACE:         Starting var:.. invscale = 1
IE_TRACE:         14:56:33.682728 call      1785 def int_or_none(v, scale=1, default=None, get_attr=None, invscale=1):
IE_TRACE:         14:56:33.682766 line      1786     if get_attr:
IE_TRACE:         14:56:33.682784 line      1789     if v == '':
IE_TRACE:         14:56:33.682802 line      1791     if v is None:
IE_TRACE:         14:56:33.682820 line      1793     try:
IE_TRACE:         14:56:33.682838 line      1794         return int(v) * invscale // scale
IE_TRACE:         14:56:33.682856 return    1794         return int(v) * invscale // scale
IE_TRACE:         Return value:.. 1080
IE_TRACE:     Source path:... /path/to/BugsInPy/workspace/youtube-dl/youtube_dl/extractor/common.py
IE_TRACE:     14:56:33.682878 line      1877                             'tbr': float_or_none(bandwidth, 1000),
IE_TRACE:         Source path:... /path/to/BugsInPy/workspace/youtube-dl/youtube_dl/utils.py
IE_TRACE:         Starting var:.. v = 5997485
IE_TRACE:         Starting var:.. scale = 1000
IE_TRACE:         Starting var:.. invscale = 1
IE_TRACE:         Starting var:.. default = None
IE_TRACE:         14:56:33.689341 call      1811 def float_or_none(v, scale=1, invscale=1, default=None):
IE_TRACE:         14:56:33.689377 line      1812     if v is None:
IE_TRACE:         14:56:33.689394 line      1814     try:
IE_TRACE:         14:56:33.689412 line      1815         return float(v) * invscale / scale
IE_TRACE:         14:56:33.689431 return    1815         return float(v) * invscale / scale
IE_TRACE:         Return value:.. 5997.485
IE_TRACE:     Source path:... /path/to/BugsInPy/workspace/youtube-dl/youtube_dl/extractor/common.py
IE_TRACE:     14:56:33.689453 line      1878                             'asr': int_or_none(representation_attrib.get('audioSamplingRate')),
IE_TRACE:         Source path:... /path/to/BugsInPy/workspace/youtube-dl/youtube_dl/utils.py
IE_TRACE:         Starting var:.. v = None
IE_TRACE:         Starting var:.. scale = 1
IE_TRACE:         Starting var:.. default = None
IE_TRACE:         Starting var:.. get_attr = None
IE_TRACE:         Starting var:.. invscale = 1
IE_TRACE:         14:56:33.695952 call      1785 def int_or_none(v, scale=1, default=None, get_attr=None, invscale=1):
IE_TRACE:         14:56:33.695991 line      1786     if get_attr:
IE_TRACE:         14:56:33.696008 line      1789     if v == '':
IE_TRACE:         14:56:33.696026 line      1791     if v is None:
IE_TRACE:         14:56:33.696043 line      1792         return default
IE_TRACE:         14:56:33.696061 return    1792         return default
IE_TRACE:         Return value:.. None
IE_TRACE:     Source path:... /path/to/BugsInPy/workspace/youtube-dl/youtube_dl/extractor/common.py
IE_TRACE:     14:56:33.696085 line      1879                             'fps': int_or_none(representation_attrib.get('frameRate')),
IE_TRACE:         Source path:... /path/to/BugsInPy/workspace/youtube-dl/youtube_dl/utils.py
IE_TRACE:         Starting var:.. v = None
IE_TRACE:         Starting var:.. scale = 1
IE_TRACE:         Starting var:.. default = None
IE_TRACE:         Starting var:.. get_attr = None
IE_TRACE:         Starting var:.. invscale = 1
IE_TRACE:         14:56:33.702625 call      1785 def int_or_none(v, scale=1, default=None, get_attr=None, invscale=1):
IE_TRACE:         14:56:33.702664 line      1786     if get_attr:
IE_TRACE:         14:56:33.702682 line      1789     if v == '':
IE_TRACE:         14:56:33.702700 line      1791     if v is None:
IE_TRACE:         14:56:33.702718 line      1792         return default
IE_TRACE:         14:56:33.702736 return    1792         return default
IE_TRACE:         Return value:.. None
IE_TRACE:     Source path:... /path/to/BugsInPy/workspace/youtube-dl/youtube_dl/extractor/common.py
IE_TRACE:     14:56:33.702758 line      1880                             'language': lang if lang not in ('mul', 'und', 'zxx', 'mis') else None,
IE_TRACE:     14:56:33.709252 line      1881                             'format_note': 'DASH %s' % content_type,
IE_TRACE:     14:56:33.715785 line      1882                             'filesize': filesize,
IE_TRACE:     14:56:33.722277 line      1870                         f = {
IE_TRACE:     Modified var:.. f = {'format_id': '5997485', 'url': '', 'manifest_url': 'http://unknown/manifest.mpd', 'ext': 'mp4', 'width': 1920, 'height': 1080, 'tbr': 5997.485, 'asr': None, 'fps': None, 'language': None, 'format_note': 'DASH video', 'filesize': None}
IE_TRACE:     14:56:33.728791 line      1884                         f.update(parse_codecs(representation_attrib.get('codecs')))
IE_TRACE:         Source path:... /path/to/BugsInPy/workspace/youtube-dl/youtube_dl/utils.py
IE_TRACE:         Starting var:.. codecs_str = 'avc1.640032'
IE_TRACE:         14:56:33.734535 call      2369 def parse_codecs(codecs_str):
IE_TRACE:         14:56:33.734563 line      2371     if not codecs_str:
IE_TRACE:         14:56:33.734581 line      2373     splited_codecs = list(filter(None, map(
IE_TRACE:         14:56:33.734598 line      2374         lambda str: str.strip(), codecs_str.strip().strip(',').split(','))))
IE_TRACE:         14:56:33.734615 line      2373     splited_codecs = list(filter(None, map(
IE_TRACE:             Starting var:.. str = 'avc1.640032'
IE_TRACE:             14:56:33.734633 call      2374         lambda str: str.strip(), codecs_str.strip().strip(',').split(','))))
IE_TRACE:             14:56:33.734653 line      2374         lambda str: str.strip(), codecs_str.strip().strip(',').split(','))))
IE_TRACE:             14:56:33.734669 return    2374         lambda str: str.strip(), codecs_str.strip().strip(',').split(','))))
IE_TRACE:             Return value:.. 'avc1.640032'
IE_TRACE:         New var:....... splited_codecs = ['avc1.640032']
IE_TRACE:         14:56:33.734690 line      2375     vcodec, acodec = None, None
IE_TRACE:         New var:....... vcodec = None
IE_TRACE:         New var:....... acodec = None
IE_TRACE:         14:56:33.734710 line      2376     for full_codec in splited_codecs:
IE_TRACE:         New var:....... full_codec = 'avc1.640032'
IE_TRACE:         14:56:33.734734 line      2377         codec = full_codec.split('.')[0]
IE_TRACE:         New var:....... codec = 'avc1'
IE_TRACE:         14:56:33.734757 line      2378         if codec in ('avc1', 'avc2', 'avc3', 'avc4', 'vp9', 'vp8', 'hev1', 'hev2', 'h263', 'h264', 'mp4v', 'hvc1'):
IE_TRACE:         14:56:33.734781 line      2379             if not vcodec:
IE_TRACE:         14:56:33.734800 line      2380                 vcodec = full_codec
IE_TRACE:         Modified var:.. vcodec = 'avc1.640032'
IE_TRACE:         14:56:33.734819 line      2376     for full_codec in splited_codecs:
IE_TRACE:         14:56:33.734841 line      2386     if not vcodec and not acodec:
IE_TRACE:         14:56:33.734861 line      2399             'vcodec': vcodec or 'none',
IE_TRACE:         14:56:33.734880 line      2400             'acodec': acodec or 'none',
IE_TRACE:         14:56:33.734900 line      2398         return {
IE_TRACE:         14:56:33.734919 return    2398         return {
IE_TRACE:         Return value:.. {'vcodec': 'avc1.640032', 'acodec': 'none'}
IE_TRACE:     Source path:... /path/to/BugsInPy/workspace/youtube-dl/youtube_dl/extractor/common.py
IE_TRACE:     Modified var:.. f = {'format_id': '5997485', 'url': '', 'manifest_url': 'http://unknown/manifest.mpd', 'ext': 'mp4', 'width': 1920, 'height': 1080, 'tbr': 5997.485, 'asr': None, 'fps': None, 'language': None, 'format_note': 'DASH video', 'filesize': None, 'vcodec': 'avc1.640032', 'acodec': 'none'}
IE_TRACE:     14:56:33.734945 line      1885                         representation_ms_info = extract_multisegment_info(representation, adaption_set_ms_info)
IE_TRACE:         Starting var:.. element = <Element '{urn:mpeg:dash:schema:mpd:2011}Representation' at 0x7a93f4d54400>
IE_TRACE:         Starting var:.. ms_parent_info = {'start_number': 0, 'timescale': 1000000, 'segment_duration': 2000000.0, 'media': 'v_$RepresentationID$_$Number$.mp4d', 'initialization': 'vi_$RepresentationID$.mp4d'}
IE_TRACE:         Starting var:.. _add_ns = <function InfoExtractor._parse_mpd_formats.<locals>._add_ns at 0x7a93f4c402c0>
IE_TRACE:         14:56:33.740708 call      1772         def extract_multisegment_info(element, ms_parent_info):
IE_TRACE:         14:56:33.740741 line      1773             ms_info = ms_parent_info.copy()
IE_TRACE:         New var:....... ms_info = {'start_number': 0, 'timescale': 1000000, 'segment_duration': 2000000.0, 'media': 'v_$RepresentationID$_$Number$.mp4d', 'initialization': 'vi_$RepresentationID$.mp4d'}
IE_TRACE:         14:56:33.740762 line      1778             def extract_common(source):
IE_TRACE:         New var:....... extract_common = <function InfoExtractor._parse_mpd_formats.<locals>.extract_multisegment_info.<locals>.extract_common at 0x7a93f4c411c0>
IE_TRACE:         14:56:33.740787 line      1804             def extract_Initialization(source):
IE_TRACE:         New var:....... extract_Initialization = <function InfoExtractor._parse_mpd_formats.<locals>.extract_multisegment_info.<locals>.extract_Initialization at 0x7a93f4c41120>
IE_TRACE:         14:56:33.740815 line      1809             segment_list = element.find(_add_ns('SegmentList'))
IE_TRACE:             Starting var:.. path = 'SegmentList'
IE_TRACE:             Starting var:.. namespace = 'urn:mpeg:dash:schema:mpd:2011'
IE_TRACE:             Starting var:.. self = <test.test_InfoExtractor.TestIE object at 0x7a93f6053b60>
IE_TRACE:             14:56:33.740842 call      1766         def _add_ns(path):
IE_TRACE:             14:56:33.740870 line      1767             return self._xpath_ns(path, namespace)
IE_TRACE:                 Starting var:.. path = 'SegmentList'
IE_TRACE:                 Starting var:.. namespace = 'urn:mpeg:dash:schema:mpd:2011'
IE_TRACE:                 14:56:33.740889 call      1507     def _xpath_ns(path, namespace=None):
IE_TRACE:                 14:56:33.740913 line      1508         if not namespace:
IE_TRACE:                 14:56:33.740930 line      1510         out = []
IE_TRACE:                 New var:....... out = []
IE_TRACE:                 14:56:33.740948 line      1511         for c in path.split('/'):
IE_TRACE:                 New var:....... c = 'SegmentList'
IE_TRACE:                 14:56:33.740969 line      1512             if not c or c == '.':
IE_TRACE:                 14:56:33.740990 line      1515                 out.append('{%s}%s' % (namespace, c))
IE_TRACE:                 Modified var:.. out = ['{urn:mpeg:dash:schema:mpd:2011}SegmentList']
IE_TRACE:                 14:56:33.741009 line      1511         for c in path.split('/'):
IE_TRACE:                 14:56:33.741030 line      1516         return '/'.join(out)
IE_TRACE:                 14:56:33.741048 return    1516         return '/'.join(out)
IE_TRACE:                 Return value:.. '{urn:mpeg:dash:schema:mpd:2011}SegmentList'
IE_TRACE:             14:56:33.741073 return    1767             return self._xpath_ns(path, namespace)
IE_TRACE:             Return value:.. '{urn:mpeg:dash:schema:mpd:2011}SegmentList'
IE_TRACE:         New var:....... segment_list = None
IE_TRACE:         14:56:33.741097 line      1810             if segment_list is not None:
IE_TRACE:         14:56:33.741128 line      1817                 segment_template = element.find(_add_ns('SegmentTemplate'))
IE_TRACE:             Starting var:.. path = 'SegmentTemplate'
IE_TRACE:             Starting var:.. namespace = 'urn:mpeg:dash:schema:mpd:2011'
IE_TRACE:             Starting var:.. self = <test.test_InfoExtractor.TestIE object at 0x7a93f6053b60>
IE_TRACE:             14:56:33.741153 call      1766         def _add_ns(path):
IE_TRACE:             14:56:33.741179 line      1767             return self._xpath_ns(path, namespace)
IE_TRACE:                 Starting var:.. path = 'SegmentTemplate'
IE_TRACE:                 Starting var:.. namespace = 'urn:mpeg:dash:schema:mpd:2011'
IE_TRACE:                 14:56:33.741197 call      1507     def _xpath_ns(path, namespace=None):
IE_TRACE:                 14:56:33.741221 line      1508         if not namespace:
IE_TRACE:                 14:56:33.741238 line      1510         out = []
IE_TRACE:                 New var:....... out = []
IE_TRACE:                 14:56:33.741255 line      1511         for c in path.split('/'):
IE_TRACE:                 New var:....... c = 'SegmentTemplate'
IE_TRACE:                 14:56:33.741275 line      1512             if not c or c == '.':
IE_TRACE:                 14:56:33.741296 line      1515                 out.append('{%s}%s' % (namespace, c))
IE_TRACE:                 Modified var:.. out = ['{urn:mpeg:dash:schema:mpd:2011}SegmentTemplate']
IE_TRACE:                 14:56:33.741314 line      1511         for c in path.split('/'):
IE_TRACE:                 14:56:33.741335 line      1516         return '/'.join(out)
IE_TRACE:                 14:56:33.741353 return    1516         return '/'.join(out)
IE_TRACE:                 Return value:.. '{urn:mpeg:dash:schema:mpd:2011}SegmentTemplate'
IE_TRACE:             14:56:33.741377 return    1767             return self._xpath_ns(path, namespace)
IE_TRACE:             Return value:.. '{urn:mpeg:dash:schema:mpd:2011}SegmentTemplate'
IE_TRACE:         New var:....... segment_template = None
IE_TRACE:         14:56:33.741400 line      1818                 if segment_template is not None:
IE_TRACE:         14:56:33.741430 line      1828             return ms_info
IE_TRACE:         14:56:33.741457 return    1828             return ms_info
IE_TRACE:         Return value:.. {'start_number': 0, 'timescale': 1000000, 'segment_duration': 2000000.0, 'media': 'v_$RepresentationID$_$Number$.mp4d', 'initialization': 'vi_$RepresentationID$.mp4d'}
IE_TRACE:     Modified var:.. representation_ms_info = {'start_number': 0, 'timescale': 1000000, 'segment_duration': 2000000.0, 'media': 'v_$RepresentationID$_$Number$.mp4d', 'initialization': 'vi_$RepresentationID$.mp4d'}
IE_TRACE:     14:56:33.741487 line      1887                         def prepare_template(template_name, identifiers):
IE_TRACE:     Modified var:.. prepare_template = <function InfoExtractor._parse_mpd_formats.<locals>.prepare_template at 0x7a93f4c40cc0>
IE_TRACE:     14:56:33.746528 line      1898                         if 'initialization' in representation_ms_info:
IE_TRACE:     14:56:33.751609 line      1899                             initialization_template = prepare_template(
IE_TRACE:     14:56:33.756658 line      1900                                 'initialization',
IE_TRACE:     14:56:33.761785 line      1904                                 ('Bandwidth', ))
IE_TRACE:     14:56:33.766810 line      1899                             initialization_template = prepare_template(
IE_TRACE:         Starting var:.. template_name = 'initialization'
IE_TRACE:         Starting var:.. identifiers = ('Bandwidth',)
IE_TRACE:         Starting var:.. representation_id = '5997485'
IE_TRACE:         Starting var:.. representation_ms_info = {'start_number': 0, 'timescale': 1000000, 'segment_duration': 2000000.0, 'media': 'v_$RepresentationID$_$Number$.mp4d', 'initialization': 'vi_$RepresentationID$.mp4d'}
IE_TRACE:         14:56:33.771902 call      1887                         def prepare_template(template_name, identifiers):
IE_TRACE:         14:56:33.771940 line      1888                             t = representation_ms_info[template_name]
IE_TRACE:         New var:....... t = 'vi_$RepresentationID$.mp4d'
IE_TRACE:         14:56:33.771960 line      1889                             t = t.replace('$RepresentationID$', representation_id)
IE_TRACE:         Modified var:.. t = 'vi_5997485.mp4d'
IE_TRACE:         14:56:33.771984 line      1890                             t = re.sub(r'\$(%s)\$' % '|'.join(identifiers), r'%(\1)d', t)
IE_TRACE:         Source path:... /path/to/BugsInPy/workspace/youtube-dl/youtube_dl/extractor/common.py
IE_TRACE:         14:56:33.772209 line      1891                             t = re.sub(r'\$(%s)%%([^$]+)\$' % '|'.join(identifiers), r'%(\1)\2', t)
IE_TRACE:         Source path:... /path/to/BugsInPy/workspace/youtube-dl/youtube_dl/extractor/common.py
IE_TRACE:         14:56:33.772404 line      1892                             t.replace('$$', '$')
IE_TRACE:         14:56:33.772428 line      1893                             return t
IE_TRACE:         14:56:33.772447 return    1893                             return t
IE_TRACE:         Return value:.. 'vi_5997485.mp4d'
IE_TRACE:     Modified var:.. initialization_template = 'vi_5997485.mp4d'
IE_TRACE:     14:56:33.772470 line      1905                             representation_ms_info['initialization_url'] = initialization_template % {
IE_TRACE:     14:56:33.777517 line      1906                                 'Bandwidth': bandwidth,
IE_TRACE:     14:56:33.782624 line      1905                             representation_ms_info['initialization_url'] = initialization_template % {
IE_TRACE:     Modified var:.. representation_ms_info = {'start_number': 0, 'timescale': 1000000, 'segment_duration': 2000000.0, 'media': 'v_$RepresentationID$_$Number$.mp4d', 'initialization': 'vi_$RepresentationID$.mp4d', 'initialization_url': 'vi_5997485.mp4d'}
IE_TRACE:     14:56:33.787766 line      1909                         def location_key(location):
IE_TRACE:     Modified var:.. location_key = <function InfoExtractor._parse_mpd_formats.<locals>.location_key at 0x7a93f4c40400>
IE_TRACE:     14:56:33.792834 line      1912                         if 'segment_urls' not in representation_ms_info and 'media' in representation_ms_info:
IE_TRACE:     14:56:33.797949 line      1914                             media_template = prepare_template('media', ('Number', 'Bandwidth', 'Time'))
IE_TRACE:         Starting var:.. template_name = 'media'
IE_TRACE:         Starting var:.. identifiers = ('Number', 'Bandwidth', 'Time')
IE_TRACE:         Starting var:.. representation_id = '5997485'
IE_TRACE:         Starting var:.. representation_ms_info = {'start_number': 0, 'timescale': 1000000, 'segment_duration': 2000000.0, 'media': 'v_$RepresentationID$_$Number$.mp4d', 'initialization': 'vi_$RepresentationID$.mp4d', 'initialization_url': 'vi_5997485.mp4d'}
IE_TRACE:         14:56:33.803066 call      1887                         def prepare_template(template_name, identifiers):
IE_TRACE:         14:56:33.803108 line      1888                             t = representation_ms_info[template_name]
IE_TRACE:         New var:....... t = 'v_$RepresentationID$_$Number$.mp4d'
IE_TRACE:         14:56:33.803128 line      1889                             t = t.replace('$RepresentationID$', representation_id)
IE_TRACE:         Modified var:.. t = 'v_5997485_$Number$.mp4d'
IE_TRACE:         14:56:33.803151 line      1890                             t = re.sub(r'\$(%s)\$' % '|'.join(identifiers), r'%(\1)d', t)
IE_TRACE:         Source path:... /path/to/BugsInPy/workspace/youtube-dl/youtube_dl/extractor/common.py
IE_TRACE:         Modified var:.. t = 'v_5997485_%(Number)d.mp4d'
IE_TRACE:         14:56:33.803378 line      1891                             t = re.sub(r'\$(%s)%%([^$]+)\$' % '|'.join(identifiers), r'%(\1)\2', t)
IE_TRACE:         Source path:... /path/to/BugsInPy/workspace/youtube-dl/youtube_dl/extractor/common.py
IE_TRACE:         14:56:33.803582 line      1892                             t.replace('$$', '$')
IE_TRACE:         14:56:33.803607 line      1893                             return t
IE_TRACE:         14:56:33.803626 return    1893                             return t
IE_TRACE:         Return value:.. 'v_5997485_%(Number)d.mp4d'
IE_TRACE:     Modified var:.. media_template = 'v_5997485_%(Number)d.mp4d'
IE_TRACE:     14:56:33.803649 line      1915                             media_location_key = location_key(media_template)
IE_TRACE:         Starting var:.. location = 'v_5997485_%(Number)d.mp4d'
IE_TRACE:         14:56:33.808732 call      1909                         def location_key(location):
IE_TRACE:         14:56:33.808754 line      1910                             return 'url' if re.match(r'^https?://', location) else 'path'
IE_TRACE:         Source path:... /path/to/BugsInPy/workspace/youtube-dl/youtube_dl/extractor/common.py
IE_TRACE:         14:56:33.808946 return    1910                             return 'url' if re.match(r'^https?://', location) else 'path'
IE_TRACE:         Return value:.. 'path'
IE_TRACE:     14:56:33.808969 line      1919                             if '%(Number' in media_template and 's' not in representation_ms_info:
IE_TRACE:     14:56:33.814034 line      1920                                 segment_duration = None
IE_TRACE:     Modified var:.. segment_duration = None
IE_TRACE:     14:56:33.819135 line      1921                                 if 'total_number' not in representation_ms_info and 'segment_duration' in representation_ms_info:
IE_TRACE:     14:56:33.824187 line      1922                                     segment_duration = float_or_none(representation_ms_info['segment_duration'], representation_ms_info['timescale'])
IE_TRACE:         Source path:... /path/to/BugsInPy/workspace/youtube-dl/youtube_dl/utils.py
IE_TRACE:         Starting var:.. v = 2000000.0
IE_TRACE:         Starting var:.. scale = 1000000
IE_TRACE:         Starting var:.. invscale = 1
IE_TRACE:         Starting var:.. default = None
IE_TRACE:         14:56:33.829292 call      1811 def float_or_none(v, scale=1, invscale=1, default=None):
IE_TRACE:         14:56:33.829329 line      1812     if v is None:
IE_TRACE:         14:56:33.829347 line      1814     try:
IE_TRACE:         14:56:33.829364 line      1815         return float(v) * invscale / scale
IE_TRACE:         14:56:33.829383 return    1815         return float(v) * invscale / scale
IE_TRACE:         Return value:.. 2.0
IE_TRACE:     Source path:... /path/to/BugsInPy/workspace/youtube-dl/youtube_dl/extractor/common.py
IE_TRACE:     Modified var:.. segment_duration = 2.0
IE_TRACE:     14:56:33.829405 line      1923                                     representation_ms_info['total_number'] = int(math.ceil(float(period_duration) / segment_duration))
IE_TRACE:     Modified var:.. representation_ms_info = {'start_number': 0, 'timescale': 1000000, 'segment_duration': 2000000.0, 'media': 'v_$RepresentationID$_$Number$.mp4d', 'initialization': 'vi_$RepresentationID$.mp4d', 'initialization_url': 'vi_5997485.mp4d', 'total_number': 3007}
IE_TRACE:     14:56:33.834518 line      1930                                 } for segment_number in range(
IE_TRACE:     14:56:33.839609 line      1931                                     representation_ms_info['start_number'],
IE_TRACE:     14:56:33.844656 line      1932                                     representation_ms_info['total_number'] + representation_ms_info['start_number'])]
IE_TRACE:     14:56:33.849730 line      1930                                 } for segment_number in range(
IE_TRACE:     14:56:33.854887 line      1924                                 representation_ms_info['fragments'] = [{
IE_TRACE:     14:56:33.859958 line      1930                                 } for segment_number in range(
IE_TRACE:     New var:....... segment_number = 0
IE_TRACE:     14:56:33.865050 line      1925                                     media_location_key: media_template % {
IE_TRACE:     14:56:33.870143 line      1926                                         'Number': segment_number,
IE_TRACE:     14:56:33.875209 line      1927                                         'Bandwidth': bandwidth,
IE_TRACE:     14:56:33.880285 line      1925                                     media_location_key: media_template % {
IE_TRACE:     14:56:33.885448 line      1929                                     'duration': segment_duration,
IE_TRACE:     14:56:33.890543 line      1924                                 representation_ms_info['fragments'] = [{
IE_TRACE:     [CONDENSED] 3005 identical loop iterations skipped (3007 total iterations, showing first and last)
IE_TRACE:     14:58:35.687993 line      1924                                 representation_ms_info['fragments'] = [{
IE_TRACE:     14:58:35.692845 line      1930                                 } for segment_number in range(
IE_TRACE:     Modified var:.. segment_number = 3006
IE_TRACE:     14:58:35.697767 line      1925                                     media_location_key: media_template % {
IE_TRACE:     14:58:35.702648 line      1926                                         'Number': segment_number,
IE_TRACE:     14:58:35.707514 line      1927                                         'Bandwidth': bandwidth,
IE_TRACE:     14:58:35.712451 line      1925                                     media_location_key: media_template % {
IE_TRACE:     14:58:35.717370 line      1929                                     'duration': segment_duration,
IE_TRACE:     14:58:35.722242 line      1924                                 representation_ms_info['fragments'] = [{
IE_TRACE:     14:58:35.727162 line      1924                                 representation_ms_info['fragments'] = [{
IE_TRACE:     Modified var:.. representation_ms_info = {'start_number': 0, 'timescale': 1000000, 'segment_duration': 2000000.0, 'media': 'v_$RepresentationID$_$Number$.mp4d', 'initialization': 'vi_$RepresentationID$.mp4d', 'initialization_url': 'vi_5997485.mp4d', 'total_number': 3007, 'fragments': [{'p...'path': 'v_5997485_3002.mp4d', 'duration': 2.0}, {'path': 'v_5997485_3003.mp4d', 'duration': 2.0}, {'path': 'v_5997485_3004.mp4d', 'duration': 2.0}, {'path': 'v_5997485_3005.mp4d', 'duration': 2.0}, {'path': 'v_5997485_3006.mp4d', 'duration': 2.0}]}
IE_TRACE:     14:58:35.732126 line      1998                         if 'fragments' in representation_ms_info:
IE_TRACE:     14:58:35.737756 line      1999                             f.update({
IE_TRACE:     14:58:35.743343 line      2000                                 'fragment_base_url': base_url,
IE_TRACE:     14:58:35.748896 line      2001                                 'fragments': [],
IE_TRACE:     14:58:35.754442 line      2002                                 'protocol': 'http_dash_segments',
IE_TRACE:     14:58:35.760005 line      1999                             f.update({
IE_TRACE:     Modified var:.. f = {'format_id': '5997485', 'url': '', 'manifest_url': 'http://unknown/manifest.mpd', 'ext': 'mp4', 'width': 1920, 'height': 1080, 'tbr': 5997.485, 'asr': None, 'fps': None, 'language': None, 'format_note': 'DASH video', 'filesize': None, 'vcodec': 'avc1.640032', 'acodec': 'none', 'fragment_base_url': '', 'fragments': [], 'protocol': 'http_dash_segments'}
IE_TRACE:     14:58:35.765550 line      2004                             if 'initialization_url' in representation_ms_info:
IE_TRACE:     14:58:35.771106 line      2005                                 initialization_url = representation_ms_info['initialization_url']
IE_TRACE:     Modified var:.. initialization_url = 'vi_5997485.mp4d'
IE_TRACE:     14:58:35.776669 line      2006                                 if not f.get('url'):
IE_TRACE:     14:58:35.782199 line      2007                                     f['url'] = initialization_url
IE_TRACE:     Modified var:.. f = {'format_id': '5997485', 'url': 'vi_5997485.mp4d', 'manifest_url': 'http://unknown/manifest.mpd', 'ext': 'mp4', 'width': 1920, 'height': 1080, 'tbr': 5997.485, 'asr': None, 'fps': None, 'language': None, 'format_note': 'DASH video', 'filesize': None, 'vcodec': 'avc1.640032', 'acodec': 'none', 'fragment_base_url': '', 'fragments': [], 'protocol': 'http_dash_segments'}
IE_TRACE:     14:58:35.787734 line      2008                                 f['fragments'].append({location_key(initialization_url): initialization_url})
IE_TRACE:         Starting var:.. location = 'vi_5997485.mp4d'
IE_TRACE:         14:58:35.793307 call      1909                         def location_key(location):
IE_TRACE:         14:58:35.793335 line      1910                             return 'url' if re.match(r'^https?://', location) else 'path'
IE_TRACE:         Source path:... /path/to/BugsInPy/workspace/youtube-dl/youtube_dl/extractor/common.py
IE_TRACE:         14:58:35.793555 return    1910                             return 'url' if re.match(r'^https?://', location) else 'path'
IE_TRACE:         Return value:.. 'path'
IE_TRACE:     Modified var:.. f = {'format_id': '5997485', 'url': 'vi_5997485.mp4d', 'manifest_url': 'http://unknown/manifest.mpd', 'ext': 'mp4', 'width': 1920, 'height': 1080, 'tbr': 5997.485, 'asr': None, 'fps': None, 'language': None, 'format_note': 'DASH video', 'filesize': None, 'vcodec': 'avc1.640032', 'acodec': 'none', 'fragment_base_url': '', 'fragments': [{'path': 'vi_5997485.mp4d'}], 'protocol': 'http_dash_segments'}
IE_TRACE:     14:58:35.793585 line      2009                             f['fragments'].extend(representation_ms_info['fragments'])
IE_TRACE:     Modified var:.. f = {'format_id': '5997485', 'url': 'vi_5997485.mp4d', 'manifest_url': 'http://unknown/manifest.mpd', 'ext': 'mp4', 'width': 1920, 'height': 1080, 'tbr': 5997.485, 'asr': None, 'fps': None, 'language': None, 'format_note': 'DASH video', 'filesize': Non...ration': 2.0}, {'path': 'v_5997485_3003.mp4d', 'duration': 2.0}, {'path': 'v_5997485_3004.mp4d', 'duration': 2.0}, {'path': 'v_5997485_3005.mp4d', 'duration': 2.0}, {'path': 'v_5997485_3006.mp4d', 'duration': 2.0}], 'protocol': 'http_dash_segments'}
IE_TRACE:     14:58:35.799130 line      2010                         try:
IE_TRACE:     14:58:35.805342 line      2011                             existing_format = next(
IE_TRACE:     14:58:35.811613 line      2012                                 fo for fo in formats
IE_TRACE:     14:58:35.817847 line      2011                             existing_format = next(
IE_TRACE:         Starting var:.. .0 = <list_iterator object at 0x7a93f4dfe410>
IE_TRACE:         Starting var:.. representation_id = '5997485'
IE_TRACE:         14:58:35.824115 call      2011                             existing_format = next(
IE_TRACE:         14:58:35.824150 line      2011                             existing_format = next(
IE_TRACE:         14:58:35.824166 line      2012                                 fo for fo in formats
IE_TRACE:         New var:....... fo = {'format_id': '318597', 'url': 'vi_318597.mp4d', 'manifest_url': 'http://unknown/manifest.mpd', 'ext': 'mp4', 'width': 340, 'height': 192, 'tbr': 318.597, 'asr': None, 'fps': None, 'language': None, 'format_note': 'DASH video', 'filesize': None, 'v... 'duration': 2.0}, {'path': 'v_318597_3003.mp4d', 'duration': 2.0}, {'path': 'v_318597_3004.mp4d', 'duration': 2.0}, {'path': 'v_318597_3005.mp4d', 'duration': 2.0}, {'path': 'v_318597_3006.mp4d', 'duration': 2.0}], 'protocol': 'http_dash_segments'}
IE_TRACE:         14:58:35.824181 line      2013                                 if fo['format_id'] == representation_id)
IE_TRACE:         14:58:35.824870 line      2012                                 fo for fo in formats
IE_TRACE:     [CONDENSED] 3 identical loop iterations skipped (5 total iterations, showing first and last)
IE_TRACE:         14:58:35.833778 line      2011                             existing_format = next(
IE_TRACE:         14:58:35.834464 line      2012                                 fo for fo in formats
IE_TRACE:         Modified var:.. fo = {'format_id': '3998017', 'url': 'vi_3998017.mp4d', 'manifest_url': 'http://unknown/manifest.mpd', 'ext': 'mp4', 'width': 1280, 'height': 720, 'tbr': 3998.017, 'asr': None, 'fps': None, 'language': None, 'format_note': 'DASH video', 'filesize': None...ration': 2.0}, {'path': 'v_3998017_3003.mp4d', 'duration': 2.0}, {'path': 'v_3998017_3004.mp4d', 'duration': 2.0}, {'path': 'v_3998017_3005.mp4d', 'duration': 2.0}, {'path': 'v_3998017_3006.mp4d', 'duration': 2.0}], 'protocol': 'http_dash_segments'}
IE_TRACE:         14:58:35.835152 line      2013                                 if fo['format_id'] == representation_id)
IE_TRACE:         14:58:35.835849 line      2012                                 fo for fo in formats
IE_TRACE:         14:58:35.836541 line      2011                             existing_format = next(
IE_TRACE:         14:58:35.837230 return    2011                             existing_format = next(
IE_TRACE:         Return value:.. None
IE_TRACE:     14:58:35.837931 exception 2011                             existing_format = next(
IE_TRACE:     Exception:..... StopIteration
IE_TRACE:     14:58:35.844152 line      2014                         except StopIteration:
IE_TRACE:     14:58:35.850287 line      2015                             full_info = formats_dict.get(representation_id, {}).copy()
IE_TRACE:     Modified var:.. full_info = {}
IE_TRACE:     14:58:35.856446 line      2016                             full_info.update(f)
IE_TRACE:     Modified var:.. full_info = {'format_id': '5997485', 'url': 'vi_5997485.mp4d', 'manifest_url': 'http://unknown/manifest.mpd', 'ext': 'mp4', 'width': 1920, 'height': 1080, 'tbr': 5997.485, 'asr': None, 'fps': None, 'language': None, 'format_note': 'DASH video', 'filesize': Non...ration': 2.0}, {'path': 'v_5997485_3003.mp4d', 'duration': 2.0}, {'path': 'v_5997485_3004.mp4d', 'duration': 2.0}, {'path': 'v_5997485_3005.mp4d', 'duration': 2.0}, {'path': 'v_5997485_3006.mp4d', 'duration': 2.0}], 'protocol': 'http_dash_segments'}
IE_TRACE:     14:58:35.861902 line      2017                             formats.append(full_info)
IE_TRACE:     Modified var:.. formats = [{'format_id': '318597', 'url': 'vi_318597.mp4d', 'manifest_url': 'http://unknown/manifest.mpd', 'ext': 'mp4', 'width': 340, 'height': 192, 'tbr': 318.597, 'asr': None, 'fps': None, 'language': None, 'format_note': 'DASH video', 'filesize': None, '...ation': 2.0}, {'path': 'v_5997485_3003.mp4d', 'duration': 2.0}, {'path': 'v_5997485_3004.mp4d', 'duration': 2.0}, {'path': 'v_5997485_3005.mp4d', 'duration': 2.0}, {'path': 'v_5997485_3006.mp4d', 'duration': 2.0}], 'protocol': 'http_dash_segments'}]
IE_TRACE:     14:58:35.868015 line      1842                 for representation in adaptation_set.findall(_add_ns('Representation')):
IE_TRACE:     14:58:35.875004 line      1838             for adaptation_set in period.findall(_add_ns('AdaptationSet')):
IE_TRACE:     14:58:35.882089 line      1832         for period in mpd_doc.findall(_add_ns('Period')):
IE_TRACE:     14:58:35.889076 line      2022         return formats
IE_TRACE:     14:58:35.896058 return    2022         return formats
IE_TRACE:     Return value:.. [{'format_id': '318597', 'url': 'vi_318597.mp4d', 'manifest_url': 'http://unknown/manifest.mpd', 'ext': 'mp4', 'width': 340, 'height': 192, 'tbr': 318.597, 'asr': None, 'fps': None, 'language': None, 'format_note': 'DASH video', 'filesize': None, '...ation': 2.0}, {'path': 'v_5997485_3003.mp4d', 'duration': 2.0}, {'path': 'v_5997485_3004.mp4d', 'duration': 2.0}, {'path': 'v_5997485_3005.mp4d', 'duration': 2.0}, {'path': 'v_5997485_3006.mp4d', 'duration': 2.0}], 'protocol': 'http_dash_segments'}]
IE_TRACE: Source path:... /path/to/BugsInPy/workspace/youtube-dl/test/test_InfoExtractor.py
IE_TRACE: New var:....... formats = [{'format_id': '318597', 'url': 'vi_318597.mp4d', 'manifest_url': 'http://unknown/manifest.mpd', 'ext': 'mp4', 'width': 340, 'height': 192, 'tbr': 318.597, 'asr': None, 'fps': None, 'language': None, 'format_note': 'DASH video', 'filesize': None, '...ation': 2.0}, {'path': 'v_5997485_3003.mp4d', 'duration': 2.0}, {'path': 'v_5997485_3004.mp4d', 'duration': 2.0}, {'path': 'v_5997485_3005.mp4d', 'duration': 2.0}, {'path': 'v_5997485_3006.mp4d', 'duration': 2.0}], 'protocol': 'http_dash_segments'}]
IE_TRACE: 14:58:35.907241 line       670                 self.ie._sort_formats(formats)
IE_TRACE:     Source path:... /path/to/BugsInPy/workspace/youtube-dl/youtube_dl/extractor/common.py
IE_TRACE:     Starting var:.. self = <test.test_InfoExtractor.TestIE object at 0x7a93f6053b60>
IE_TRACE:     Starting var:.. formats = [{'format_id': '318597', 'url': 'vi_318597.mp4d', 'manifest_url': 'http://unknown/manifest.mpd', 'ext': 'mp4', 'width': 340, 'height': 192, 'tbr': 318.597, 'asr': None, 'fps': None, 'language': None, 'format_note': 'DASH video', 'filesize': None, '...ation': 2.0}, {'path': 'v_5997485_3003.mp4d', 'duration': 2.0}, {'path': 'v_5997485_3004.mp4d', 'duration': 2.0}, {'path': 'v_5997485_3005.mp4d', 'duration': 2.0}, {'path': 'v_5997485_3006.mp4d', 'duration': 2.0}], 'protocol': 'http_dash_segments'}]
IE_TRACE:     Starting var:.. field_preference = None
IE_TRACE:     14:58:35.911477 call      1067     def _sort_formats(self, formats, field_preference=None):
IE_TRACE:     14:58:35.915574 line      1068         if not formats:
IE_TRACE:     14:58:35.919714 line      1071         for f in formats:
IE_TRACE:     New var:....... f = {'format_id': '318597', 'url': 'vi_318597.mp4d', 'manifest_url': 'http://unknown/manifest.mpd', 'ext': 'mp4', 'width': 340, 'height': 192, 'tbr': 318.597, 'asr': None, 'fps': None, 'language': None, 'format_note': 'DASH video', 'filesize': None, 'v... 'duration': 2.0}, {'path': 'v_318597_3003.mp4d', 'duration': 2.0}, {'path': 'v_318597_3004.mp4d', 'duration': 2.0}, {'path': 'v_318597_3005.mp4d', 'duration': 2.0}, {'path': 'v_318597_3006.mp4d', 'duration': 2.0}], 'protocol': 'http_dash_segments'}
IE_TRACE:     14:58:35.923819 line      1074             if 'tbr' not in f and f.get('abr') is not None and f.get('vbr') is not None:
IE_TRACE:     [CONDENSED] 4 identical loop iterations skipped (6 total iterations, showing first and last)
IE_TRACE:     14:58:35.966833 line      1071         for f in formats:
IE_TRACE:     Modified var:.. f = {'format_id': '5997485', 'url': 'vi_5997485.mp4d', 'manifest_url': 'http://unknown/manifest.mpd', 'ext': 'mp4', 'width': 1920, 'height': 1080, 'tbr': 5997.485, 'asr': None, 'fps': None, 'language': None, 'format_note': 'DASH video', 'filesize': Non...ration': 2.0}, {'path': 'v_5997485_3003.mp4d', 'duration': 2.0}, {'path': 'v_5997485_3004.mp4d', 'duration': 2.0}, {'path': 'v_5997485_3005.mp4d', 'duration': 2.0}, {'path': 'v_5997485_3006.mp4d', 'duration': 2.0}], 'protocol': 'http_dash_segments'}
IE_TRACE:     14:58:35.971587 line      1074             if 'tbr' not in f and f.get('abr') is not None and f.get('vbr') is not None:
IE_TRACE:     14:58:35.976364 line      1071         for f in formats:
IE_TRACE:     14:58:35.981139 line      1077         def _formats_key(f):
IE_TRACE:     New var:....... _formats_key = <function InfoExtractor._sort_formats.<locals>._formats_key at 0x7a93f4dba660>
IE_TRACE:     14:58:35.985933 line      1141         formats.sort(key=_formats_key)
IE_TRACE:         Starting var:.. f = {'format_id': '318597', 'url': 'vi_318597.mp4d', 'manifest_url': 'http://unknown/manifest.mpd', 'ext': 'mp4', 'width': 340, 'height': 192, 'tbr': 318.597, 'asr': None, 'fps': None, 'language': None, 'format_note': 'DASH video', 'filesize': None, 'v... 'duration': 2.0}, {'path': 'v_318597_3003.mp4d', 'duration': 2.0}, {'path': 'v_318597_3004.mp4d', 'duration': 2.0}, {'path': 'v_318597_3005.mp4d', 'duration': 2.0}, {'path': 'v_318597_3006.mp4d', 'duration': 2.0}], 'protocol': 'http_dash_segments'}
IE_TRACE:         Starting var:.. field_preference = None
IE_TRACE:         Starting var:.. self = <test.test_InfoExtractor.TestIE object at 0x7a93f6053b60>
IE_TRACE:         14:58:35.990715 call      1077         def _formats_key(f):
IE_TRACE:         14:58:35.991427 line      1079             from ..utils import determine_ext
IE_TRACE:             Source path:... <frozen importlib._bootstrap>
IE_TRACE:             Starting var:.. self = ModuleSpec(name='youtube_dl.extractor.common', loader=<_frozen_importlib_external.SourceFileLoader object at 0x7a93f59d1190>, origin='/path/to/BugsInPy/workspace/youtube-dl/youtube_dl/extractor/common.py')
IE_TRACE:             14:58:35.992128 call       645 SOURCE IS UNAVAILABLE
IE_TRACE:             14:58:35.992262 line       648 SOURCE IS UNAVAILABLE
IE_TRACE:             14:58:35.992279 line       649 SOURCE IS UNAVAILABLE
IE_TRACE:             14:58:35.992295 return     649 SOURCE IS UNAVAILABLE
IE_TRACE:             Return value:.. 'youtube_dl.extractor'
IE_TRACE:         Source path:... /path/to/BugsInPy/workspace/youtube-dl/youtube_dl/extractor/common.py
IE_TRACE:         New var:....... determine_ext = <function determine_ext at 0x7a93f568cc20>
IE_TRACE:         14:58:35.992323 line      1080             if not f.get('ext') and 'url' in f:
IE_TRACE:         14:58:35.993027 line      1083             if isinstance(field_preference, (list, tuple)):
IE_TRACE:         14:58:35.993721 line      1090             preference = f.get('preference')
IE_TRACE:         New var:....... preference = None
IE_TRACE:         14:58:35.994409 line      1091             if preference is None:
IE_TRACE:         14:58:35.995099 line      1092                 preference = 0
IE_TRACE:         Modified var:.. preference = 0
IE_TRACE:         14:58:35.995786 line      1093                 if f.get('ext') in ['f4f', 'f4m']:  # Not yet supported
IE_TRACE:         14:58:35.996474 line      1096             protocol = f.get('protocol') or determine_protocol(f)
IE_TRACE:         New var:....... protocol = 'http_dash_segments'
IE_TRACE:         14:58:35.997163 line      1097             proto_preference = 0 if protocol in ['http', 'https'] else (-0.5 if protocol == 'rtsp' else -0.1)
IE_TRACE:         New var:....... proto_preference = -0.1
IE_TRACE:         14:58:35.997860 line      1099             if f.get('vcodec') == 'none':  # audio only
IE_TRACE:         14:58:35.998555 line      1111                 if f.get('acodec') == 'none':  # video only
IE_TRACE:         14:58:35.999248 line      1112                     preference -= 40
IE_TRACE:         Modified var:.. preference = -40
IE_TRACE:         14:58:35.999940 line      1113                 if self._downloader.params.get('prefer_free_formats'):
IE_TRACE:         14:58:36.000641 line      1116                     ORDER = ['webm', 'flv', 'mp4']
IE_TRACE:         New var:....... ORDER = ['webm', 'flv', 'mp4']
IE_TRACE:         14:58:36.001337 line      1117                 try:
IE_TRACE:         14:58:36.002035 line      1118                     ext_preference = ORDER.index(f['ext'])
IE_TRACE:         New var:....... ext_preference = 2
IE_TRACE:         14:58:36.002737 line      1121                 audio_ext_preference = 0
IE_TRACE:         New var:....... audio_ext_preference = 0
IE_TRACE:         14:58:36.003434 line      1124                 preference,
IE_TRACE:         14:58:36.004142 line      1125                 f.get('language_preference') if f.get('language_preference') is not None else -1,
IE_TRACE:         14:58:36.004842 line      1126                 f.get('quality') if f.get('quality') is not None else -1,
IE_TRACE:         14:58:36.005551 line      1127                 f.get('tbr') if f.get('tbr') is not None else -1,
IE_TRACE:         14:58:36.006248 line      1128                 f.get('filesize') if f.get('filesize') is not None else -1,
IE_TRACE:         14:58:36.006943 line      1129                 f.get('vbr') if f.get('vbr') is not None else -1,
IE_TRACE:         14:58:36.007638 line      1130                 f.get('height') if f.get('height') is not None else -1,
IE_TRACE:         14:58:36.008335 line      1131                 f.get('width') if f.get('width') is not None else -1,
IE_TRACE:         14:58:36.009034 line      1132                 proto_preference,
IE_TRACE:         14:58:36.009734 line      1133                 ext_preference,
IE_TRACE:         14:58:36.010425 line      1134                 f.get('abr') if f.get('abr') is not None else -1,
IE_TRACE:         14:58:36.011125 line      1135                 audio_ext_preference,
IE_TRACE:         14:58:36.011822 line      1136                 f.get('fps') if f.get('fps') is not None else -1,
IE_TRACE:         14:58:36.012517 line      1137                 f.get('filesize_approx') if f.get('filesize_approx') is not None else -1,
IE_TRACE:         14:58:36.013212 line      1138                 f.get('source_preference') if f.get('source_preference') is not None else -1,
IE_TRACE:         14:58:36.013909 line      1139                 f.get('format_id') if f.get('format_id') is not None else '',
IE_TRACE:         14:58:36.014603 line      1123             return (
IE_TRACE:         14:58:36.015299 return    1123             return (
IE_TRACE:         Return value:.. (-40, -1, -1, 318.597, -1, -1, 192, 340, -0.1, 2, -1, 0, -1, -1, -1, '318597')
IE_TRACE:         Starting var:.. f = {'format_id': '638590', 'url': 'vi_638590.mp4d', 'manifest_url': 'http://unknown/manifest.mpd', 'ext': 'mp4', 'width': 512, 'height': 288, 'tbr': 638.59, 'asr': None, 'fps': None, 'language': None, 'format_note': 'DASH video', 'filesize': None, 'vc... 'duration': 2.0}, {'path': 'v_638590_3003.mp4d', 'duration': 2.0}, {'path': 'v_638590_3004.mp4d', 'duration': 2.0}, {'path': 'v_638590_3005.mp4d', 'duration': 2.0}, {'path': 'v_638590_3006.mp4d', 'duration': 2.0}], 'protocol': 'http_dash_segments'}
IE_TRACE:         Starting var:.. field_preference = None
IE_TRACE:         Starting var:.. self = <test.test_InfoExtractor.TestIE object at 0x7a93f6053b60>
IE_TRACE:         14:58:36.016031 call      1077         def _formats_key(f):
IE_TRACE:     [CONDENSED] 4 identical loop iterations skipped (6 total iterations, showing first and last)
IE_TRACE:         14:58:36.117318 line      1079             from ..utils import determine_ext
IE_TRACE:             Source path:... <frozen importlib._bootstrap>
IE_TRACE:             Starting var:.. self = ModuleSpec(name='youtube_dl.extractor.common', loader=<_frozen_importlib_external.SourceFileLoader object at 0x7a93f59d1190>, origin='/path/to/BugsInPy/workspace/youtube-dl/youtube_dl/extractor/common.py')
IE_TRACE:             14:58:36.118010 call       645 SOURCE IS UNAVAILABLE
IE_TRACE:             14:58:36.118029 line       648 SOURCE IS UNAVAILABLE
IE_TRACE:             14:58:36.118042 line       649 SOURCE IS UNAVAILABLE
IE_TRACE:             14:58:36.118054 return     649 SOURCE IS UNAVAILABLE
IE_TRACE:             Return value:.. 'youtube_dl.extractor'
IE_TRACE:         Source path:... /path/to/BugsInPy/workspace/youtube-dl/youtube_dl/extractor/common.py
IE_TRACE:         New var:....... determine_ext = <function determine_ext at 0x7a93f568cc20>
IE_TRACE:         14:58:36.118071 line      1080             if not f.get('ext') and 'url' in f:
IE_TRACE:         14:58:36.118771 line      1083             if isinstance(field_preference, (list, tuple)):
IE_TRACE:         14:58:36.119463 line      1090             preference = f.get('preference')
IE_TRACE:         New var:....... preference = None
IE_TRACE:         14:58:36.120157 line      1091             if preference is None:
IE_TRACE:         14:58:36.120853 line      1092                 preference = 0
IE_TRACE:         Modified var:.. preference = 0
IE_TRACE:         14:58:36.121547 line      1093                 if f.get('ext') in ['f4f', 'f4m']:  # Not yet supported
IE_TRACE:         14:58:36.122243 line      1096             protocol = f.get('protocol') or determine_protocol(f)
IE_TRACE:         New var:....... protocol = 'http_dash_segments'
IE_TRACE:         14:58:36.122937 line      1097             proto_preference = 0 if protocol in ['http', 'https'] else (-0.5 if protocol == 'rtsp' else -0.1)
IE_TRACE:         New var:....... proto_preference = -0.1
IE_TRACE:         14:58:36.123635 line      1099             if f.get('vcodec') == 'none':  # audio only
IE_TRACE:         14:58:36.124332 line      1111                 if f.get('acodec') == 'none':  # video only
IE_TRACE:         14:58:36.125025 line      1112                     preference -= 40
IE_TRACE:         Modified var:.. preference = -40
IE_TRACE:         14:58:36.125718 line      1113                 if self._downloader.params.get('prefer_free_formats'):
IE_TRACE:         14:58:36.126412 line      1116                     ORDER = ['webm', 'flv', 'mp4']
IE_TRACE:         New var:....... ORDER = ['webm', 'flv', 'mp4']
IE_TRACE:         14:58:36.127109 line      1117                 try:
IE_TRACE:         14:58:36.127807 line      1118                     ext_preference = ORDER.index(f['ext'])
IE_TRACE:         New var:....... ext_preference = 2
IE_TRACE:         14:58:36.128501 line      1121                 audio_ext_preference = 0
IE_TRACE:         New var:....... audio_ext_preference = 0
IE_TRACE:         14:58:36.129198 line      1124                 preference,
IE_TRACE:         14:58:36.129898 line      1125                 f.get('language_preference') if f.get('language_preference') is not None else -1,
IE_TRACE:         14:58:36.130597 line      1126                 f.get('quality') if f.get('quality') is not None else -1,
IE_TRACE:         14:58:36.131291 line      1127                 f.get('tbr') if f.get('tbr') is not None else -1,
IE_TRACE:         14:58:36.131987 line      1128                 f.get('filesize') if f.get('filesize') is not None else -1,
IE_TRACE:         14:58:36.132685 line      1129                 f.get('vbr') if f.get('vbr') is not None else -1,
IE_TRACE:         14:58:36.133381 line      1130                 f.get('height') if f.get('height') is not None else -1,
IE_TRACE:         14:58:36.134080 line      1131                 f.get('width') if f.get('width') is not None else -1,
IE_TRACE:         14:58:36.134780 line      1132                 proto_preference,
IE_TRACE:         14:58:36.135475 line      1133                 ext_preference,
IE_TRACE:         14:58:36.136171 line      1134                 f.get('abr') if f.get('abr') is not None else -1,
IE_TRACE:         14:58:36.136869 line      1135                 audio_ext_preference,
IE_TRACE:         14:58:36.137565 line      1136                 f.get('fps') if f.get('fps') is not None else -1,
IE_TRACE:         14:58:36.138259 line      1137                 f.get('filesize_approx') if f.get('filesize_approx') is not None else -1,
IE_TRACE:         14:58:36.138958 line      1138                 f.get('source_preference') if f.get('source_preference') is not None else -1,
IE_TRACE:         14:58:36.139655 line      1139                 f.get('format_id') if f.get('format_id') is not None else '',
IE_TRACE:         14:58:36.140348 line      1123             return (
IE_TRACE:         14:58:36.141045 return    1123             return (
IE_TRACE:         Return value:.. (-40, -1, -1, 5997.485, -1, -1, 1080, 1920, -0.1, 2, -1, 0, -1, -1, -1, '5997485')
IE_TRACE:     14:58:36.141744 return    1141         formats.sort(key=_formats_key)
IE_TRACE:     Return value:.. None
IE_TRACE: Source path:... /path/to/BugsInPy/workspace/youtube-dl/test/test_InfoExtractor.py
IE_TRACE: 14:58:36.146535 line       671                 expect_value(self, formats, expected_formats, None)
IE_TRACE:     Source path:... /path/to/BugsInPy/workspace/youtube-dl/test/helper.py
IE_TRACE:     Starting var:.. self = <test.test_InfoExtractor.TestInfoExtractor testMethod=test_parse_mpd_formats>
IE_TRACE:     Starting var:.. got = [{'format_id': '318597', 'url': 'vi_318597.mp4d', 'manifest_url': 'http://unknown/manifest.mpd', 'ext': 'mp4', 'width': 340, 'height': 192, 'tbr': 318.597, 'asr': None, 'fps': None, 'language': None, 'format_note': 'DASH video', 'filesize': None, '...ation': 2.0}, {'path': 'v_5997485_3003.mp4d', 'duration': 2.0}, {'path': 'v_5997485_3004.mp4d', 'duration': 2.0}, {'path': 'v_5997485_3005.mp4d', 'duration': 2.0}, {'path': 'v_5997485_3006.mp4d', 'duration': 2.0}], 'protocol': 'http_dash_segments'}]
IE_TRACE:     Starting var:.. expected = [{'manifest_url': 'http://unknown/manifest.mpd', 'ext': 'm4a', 'format_id': '318597', 'format_note': 'DASH audio', 'protocol': 'http_dash_segments', 'acodec': 'mp4a.40.2', 'vcodec': 'none', 'tbr': 61.587}, {'manifest_url': 'http://unknown/manifest....': 720}, {'manifest_url': 'http://unknown/manifest.mpd', 'ext': 'mp4', 'format_id': '5997485', 'format_note': 'DASH video', 'protocol': 'http_dash_segments', 'acodec': 'none', 'vcodec': 'avc1.640032', 'tbr': 5997.485, 'width': 1920, 'height': 1080}]
IE_TRACE:     Starting var:.. field = None
IE_TRACE:     14:58:36.150693 call       100 def expect_value(self, got, expected, field):
IE_TRACE:     14:58:36.154891 line       101     if isinstance(expected, compat_str) and expected.startswith('re:'):
IE_TRACE:     14:58:36.158975 line       112     elif isinstance(expected, compat_str) and expected.startswith('startswith:'):
IE_TRACE:     14:58:36.163046 line       121     elif isinstance(expected, compat_str) and expected.startswith('contains:'):
IE_TRACE:     14:58:36.167117 line       130     elif isinstance(expected, type):
IE_TRACE:     14:58:36.171185 line       134     elif isinstance(expected, dict) and isinstance(got, dict):
IE_TRACE:     14:58:36.175266 line       136     elif isinstance(expected, list) and isinstance(got, list):
IE_TRACE:     14:58:36.179352 line       137         self.assertEqual(
IE_TRACE:     14:58:36.183403 line       138             len(expected), len(got),
IE_TRACE:     14:58:36.187458 line       139             'Expect a list of length %d, but got a list of length %d for field %s' % (
IE_TRACE:     14:58:36.191528 line       140                 len(expected), len(got), field))
IE_TRACE:     14:58:36.195610 line       139             'Expect a list of length %d, but got a list of length %d for field %s' % (
IE_TRACE:     14:58:36.199682 line       137         self.assertEqual(
IE_TRACE:     Source path:... /path/to/BugsInPy/workspace/youtube-dl/test/helper.py
IE_TRACE:     14:58:36.204730 exception  137         self.assertEqual(
IE_TRACE:     Exception:..... AssertionError: 7 != 6 : Expect a list of length 7, but got a list of length 6 for field None
IE_TRACE:     Call ended by exception
IE_TRACE: Source path:... /path/to/BugsInPy/workspace/youtube-dl/test/test_InfoExtractor.py
IE_TRACE: 14:58:36.212901 exception  671                 expect_value(self, formats, expected_formats, None)
IE_TRACE: Exception:..... AssertionError: 7 != 6 : Expect a list of length 7, but got a list of length 6 for field None
IE_TRACE: 14:58:36.217038 line       665             with io.open('./test/testdata/mpd/%s.mpd' % mpd_file,
IE_TRACE: Call ended by exception
IE_TRACE: Elapsed time: 00:07:49.060536
======================================================================
FAIL: test_parse_mpd_formats (test.test_InfoExtractor.TestInfoExtractor.test_parse_mpd_formats)
----------------------------------------------------------------------
Traceback (most recent call last):
  File "/path/to/.venv/lib/python3.12/site-packages/pysnooper/tracer.py", line 320, in simple_wrapper
    return function(*args, **kwargs)
           ^^^^^^^^^^^^^^^^^^^^^^^^^
  File "/path/to/BugsInPy/workspace/youtube-dl/test/test_InfoExtractor.py", line 671, in test_parse_mpd_formats
    expect_value(self, formats, expected_formats, None)
  File "/path/to/BugsInPy/workspace/youtube-dl/test/helper.py", line 137, in expect_value
    self.assertEqual(
AssertionError: 7 != 6 : Expect a list of length 7, but got a list of length 6 for field None

----------------------------------------------------------------------
Ran 1 test in 469.074s

FAILED (failures=1)


Exit code: 1
