Cleared: /path/to/results/scrapy/bug27
Running: python -m unittest -q tests.test_downloadermiddleware_redirect.RedirectMiddlewareTest.test_request_meta_handling
Workdir: /path/to/BugsInPy/workspace/scrapy
PYTHONPATH: /path/to/BugsInPy/workspace/scrapy::
IE_TRACE: Source path:... /path/to/BugsInPy/workspace/scrapy/tests/test_downloadermiddleware_redirect.py
IE_TRACE: Starting var:.. self = <tests.test_downloadermiddleware_redirect.RedirectMiddlewareTest testMethod=test_request_meta_handling>
IE_TRACE: 12:39:20.023965 call        15     def setUp(self):
IE_TRACE: 12:39:20.024151 line        16         self.crawler = get_crawler(Spider)
IE_TRACE:     Source path:... /path/to/BugsInPy/workspace/scrapy/scrapy/utils/test.py
IE_TRACE:     Starting var:.. spidercls = <class 'scrapy.spiders.Spider'>
IE_TRACE:     Starting var:.. settings_dict = None
IE_TRACE:     12:39:20.024184 call        23 def get_crawler(spidercls=None, settings_dict=None):
IE_TRACE:     12:39:20.024266 line        28     from scrapy.crawler import CrawlerRunner
IE_TRACE:         Source path:... <frozen importlib._bootstrap>
IE_TRACE:         Starting var:.. name = 'scrapy.crawler'
IE_TRACE:         Starting var:.. import_ = <built-in function __import__>
IE_TRACE:         12:39:20.024294 call      1349 SOURCE IS UNAVAILABLE
IE_TRACE:         12:39:20.024353 line      1354 SOURCE IS UNAVAILABLE
IE_TRACE:         New var:....... module = <object object at 0x7e5d73f78060>
IE_TRACE:         12:39:20.024371 line      1355 SOURCE IS UNAVAILABLE
IE_TRACE:         12:39:20.024392 line      1357 SOURCE IS UNAVAILABLE
IE_TRACE:             Starting var:.. self = <_frozen_importlib._ModuleLockManager object at 0x7e5d71475e20>
IE_TRACE:             Starting var:.. name = 'scrapy.crawler'
IE_TRACE:             12:39:20.024410 call       412 SOURCE IS UNAVAILABLE
IE_TRACE:             12:39:20.024433 line       413 SOURCE IS UNAVAILABLE
IE_TRACE:             12:39:20.024447 line       414 SOURCE IS UNAVAILABLE
IE_TRACE:             12:39:20.024461 return     414 SOURCE IS UNAVAILABLE
IE_TRACE:             Return value:.. None
IE_TRACE:             Starting var:.. self = <_frozen_importlib._ModuleLockManager object at 0x7e5d71475e20>
IE_TRACE:             12:39:20.024486 call       416 SOURCE IS UNAVAILABLE
IE_TRACE:             12:39:20.024504 line       417 SOURCE IS UNAVAILABLE
IE_TRACE:                 Starting var:.. name = 'scrapy.crawler'
IE_TRACE:                 12:39:20.024522 call       426 SOURCE IS UNAVAILABLE
IE_TRACE:                 12:39:20.024541 line       432 SOURCE IS UNAVAILABLE
IE_TRACE:                 12:39:20.024554 line       433 SOURCE IS UNAVAILABLE
IE_TRACE:                 12:39:20.024566 line       434 SOURCE IS UNAVAILABLE
IE_TRACE:                 12:39:20.024578 line       435 SOURCE IS UNAVAILABLE
IE_TRACE:                 12:39:20.024590 exception  435 SOURCE IS UNAVAILABLE
IE_TRACE:                 Exception:..... KeyError: 'scrapy.crawler'
IE_TRACE:                 12:39:20.024667 line       436 SOURCE IS UNAVAILABLE
IE_TRACE:                 12:39:20.024682 line       437 SOURCE IS UNAVAILABLE
IE_TRACE:                 New var:....... lock = None
IE_TRACE:                 12:39:20.024695 line       439 SOURCE IS UNAVAILABLE
IE_TRACE:                 12:39:20.024712 line       440 SOURCE IS UNAVAILABLE
IE_TRACE:                 12:39:20.024725 line       443 SOURCE IS UNAVAILABLE
IE_TRACE:                     Starting var:.. self = REPR FAILED
IE_TRACE:                     Starting var:.. name = 'scrapy.crawler'
IE_TRACE:                     12:39:20.024741 call       232 SOURCE IS UNAVAILABLE
IE_TRACE:                     12:39:20.024768 line       253 SOURCE IS UNAVAILABLE
IE_TRACE:                     12:39:20.024786 line       254 SOURCE IS UNAVAILABLE
IE_TRACE:                     12:39:20.024801 line       257 SOURCE IS UNAVAILABLE
IE_TRACE:                     Modified var:.. self = _ModuleLock('scrapy.crawler') at 138939797562112
IE_TRACE:                     12:39:20.024815 line       261 SOURCE IS UNAVAILABLE
IE_TRACE:                     12:39:20.024835 line       272 SOURCE IS UNAVAILABLE
IE_TRACE:                     12:39:20.024849 line       286 SOURCE IS UNAVAILABLE
IE_TRACE:                     12:39:20.024862 return     286 SOURCE IS UNAVAILABLE
IE_TRACE:                     Return value:.. None
IE_TRACE:                 Modified var:.. lock = _ModuleLock('scrapy.crawler') at 138939797562112
IE_TRACE:                 12:39:20.024882 line       445 SOURCE IS UNAVAILABLE
IE_TRACE:                 New var:....... cb = <function _get_module_lock.<locals>.cb at 0x7e5d71485da0>
IE_TRACE:                 12:39:20.024900 line       456 SOURCE IS UNAVAILABLE
IE_TRACE:                 12:39:20.024919 line       458 SOURCE IS UNAVAILABLE
IE_TRACE:                 12:39:20.024934 line       460 SOURCE IS UNAVAILABLE
IE_TRACE:                 12:39:20.024948 return     460 SOURCE IS UNAVAILABLE
IE_TRACE:                 Return value:.. _ModuleLock('scrapy.crawler') at 138939797562112
IE_TRACE:             12:39:20.024969 line       418 SOURCE IS UNAVAILABLE
IE_TRACE:                 Starting var:.. self = _ModuleLock('scrapy.crawler') at 138939797562112
IE_TRACE:                 12:39:20.024988 call       304 SOURCE IS UNAVAILABLE
IE_TRACE:                 12:39:20.025006 line       310 SOURCE IS UNAVAILABLE
IE_TRACE:                 New var:....... tid = 138939851845760
IE_TRACE:                 12:39:20.025019 line       311 SOURCE IS UNAVAILABLE
IE_TRACE:                     Starting var:.. self = <_frozen_importlib._BlockingOnManager object at 0x7e5d7162e3f0>
IE_TRACE:                     Starting var:.. thread_id = 138939851845760
IE_TRACE:                     Starting var:.. lock = _ModuleLock('scrapy.crawler') at 138939797562112
IE_TRACE:                     12:39:20.025037 call       158 SOURCE IS UNAVAILABLE
IE_TRACE:                     12:39:20.025064 line       159 SOURCE IS UNAVAILABLE
IE_TRACE:                     12:39:20.025079 line       160 SOURCE IS UNAVAILABLE
IE_TRACE:                     12:39:20.025094 return     160 SOURCE IS UNAVAILABLE
IE_TRACE:                     Return value:.. None
IE_TRACE:                     Starting var:.. self = <_frozen_importlib._BlockingOnManager object at 0x7e5d7162e3f0>
IE_TRACE:                     12:39:20.025116 call       162 SOURCE IS UNAVAILABLE
IE_TRACE:                     12:39:20.025134 line       170 SOURCE IS UNAVAILABLE
IE_TRACE:                         Starting var:.. self = <_frozen_importlib._WeakValueDictionary object at 0x7e5d73f9b2c0>
IE_TRACE:                         Starting var:.. key = 138939851845760
IE_TRACE:                         Starting var:.. default = []
IE_TRACE:                         12:39:20.025150 call       124 SOURCE IS UNAVAILABLE
IE_TRACE:                         12:39:20.025177 line       125 SOURCE IS UNAVAILABLE
IE_TRACE:                         12:39:20.025221 line       126 SOURCE IS UNAVAILABLE
IE_TRACE:                         12:39:20.025236 exception  126 SOURCE IS UNAVAILABLE
IE_TRACE:                         Exception:..... KeyError: 138939851845760
IE_TRACE:                         12:39:20.025270 line       127 SOURCE IS UNAVAILABLE
IE_TRACE:                         12:39:20.025286 line       128 SOURCE IS UNAVAILABLE
IE_TRACE:                         New var:....... o = None
IE_TRACE:                         12:39:20.025301 line       129 SOURCE IS UNAVAILABLE
IE_TRACE:                         12:39:20.025321 line       130 SOURCE IS UNAVAILABLE
IE_TRACE:                         12:39:20.025337 line       132 SOURCE IS UNAVAILABLE
IE_TRACE:                             Starting var:.. type = <class '_frozen_importlib._WeakValueDictionary.__init__.<locals>.KeyedRef'>
IE_TRACE:                             Starting var:.. ob = []
IE_TRACE:                             Starting var:.. key = 138939851845760
IE_TRACE:                             Starting var:.. __class__ = <class '_frozen_importlib._WeakValueDictionary.__init__.<locals>.KeyedRef'>
IE_TRACE:                             12:39:20.025355 call        74 SOURCE IS UNAVAILABLE
IE_TRACE:                             12:39:20.025389 line        75 SOURCE IS UNAVAILABLE
IE_TRACE:                             New var:....... self = <weakref at 0x7e5d71472980; to '_List' at 0x7e5d71490780>
IE_TRACE:                             12:39:20.025407 line        76 SOURCE IS UNAVAILABLE
IE_TRACE:                             12:39:20.025430 line        77 SOURCE IS UNAVAILABLE
IE_TRACE:                             12:39:20.025447 return      77 SOURCE IS UNAVAILABLE
IE_TRACE:                             Return value:.. <weakref at 0x7e5d71472980; to '_List' at 0x7e5d71490780>
IE_TRACE:                             Starting var:.. self = <weakref at 0x7e5d71472980; to '_List' at 0x7e5d71490780>
IE_TRACE:                             Starting var:.. ob = []
IE_TRACE:                             Starting var:.. key = 138939851845760
IE_TRACE:                             Starting var:.. __class__ = <class '_frozen_importlib._WeakValueDictionary.__init__.<locals>.KeyedRef'>
IE_TRACE:                             12:39:20.025471 call        79 SOURCE IS UNAVAILABLE
IE_TRACE:                             12:39:20.025501 line        80 SOURCE IS UNAVAILABLE
IE_TRACE:                             12:39:20.025518 return      80 SOURCE IS UNAVAILABLE
IE_TRACE:                             Return value:.. None
IE_TRACE:                         12:39:20.025541 line       133 SOURCE IS UNAVAILABLE
IE_TRACE:                         12:39:20.025558 return     133 SOURCE IS UNAVAILABLE
IE_TRACE:                         Return value:.. []
IE_TRACE:                     12:39:20.025579 line       171 SOURCE IS UNAVAILABLE
IE_TRACE:                     12:39:20.025591 return     171 SOURCE IS UNAVAILABLE
IE_TRACE:                     Return value:.. None
IE_TRACE:                 12:39:20.025608 line       312 SOURCE IS UNAVAILABLE
IE_TRACE:                 12:39:20.025622 line       316 SOURCE IS UNAVAILABLE
IE_TRACE:                 12:39:20.025635 line       317 SOURCE IS UNAVAILABLE
IE_TRACE:                 12:39:20.025648 line       324 SOURCE IS UNAVAILABLE
IE_TRACE:                 12:39:20.025661 line       325 SOURCE IS UNAVAILABLE
IE_TRACE:                 12:39:20.025673 line       326 SOURCE IS UNAVAILABLE
IE_TRACE:                 12:39:20.025685 line       316 SOURCE IS UNAVAILABLE
IE_TRACE:                 12:39:20.025698 line       311 SOURCE IS UNAVAILABLE
IE_TRACE:                     Starting var:.. self = <_frozen_importlib._BlockingOnManager object at 0x7e5d7162e3f0>
IE_TRACE:                     Starting var:.. args = (None, None, None)
IE_TRACE:                     Starting var:.. kwargs = {}
IE_TRACE:                     12:39:20.025712 call       173 SOURCE IS UNAVAILABLE
IE_TRACE:                     12:39:20.025739 line       175 SOURCE IS UNAVAILABLE
IE_TRACE:                     12:39:20.025754 return     175 SOURCE IS UNAVAILABLE
IE_TRACE:                     Return value:.. None
IE_TRACE:                     Starting var:.. wr = <weakref at 0x7e5d71472980; dead>
IE_TRACE:                     Starting var:.. self_weakref = <weakref at 0x7e5d73fa8770; to '_WeakValueDictionary' at 0x7e5d73f9b2c0>
IE_TRACE:                     12:39:20.025775 call        82 SOURCE IS UNAVAILABLE
IE_TRACE:                     12:39:20.025801 line        86 SOURCE IS UNAVAILABLE
IE_TRACE:                     New var:....... self = <_frozen_importlib._WeakValueDictionary object at 0x7e5d73f9b2c0>
IE_TRACE:                     12:39:20.025815 line        87 SOURCE IS UNAVAILABLE
IE_TRACE:                     12:39:20.025834 line        88 SOURCE IS UNAVAILABLE
IE_TRACE:                     12:39:20.025849 line        91 SOURCE IS UNAVAILABLE
IE_TRACE:                     12:39:20.025863 return      91 SOURCE IS UNAVAILABLE
IE_TRACE:                     Return value:.. None
IE_TRACE:                 12:39:20.025883 return     311 SOURCE IS UNAVAILABLE
IE_TRACE:                 Return value:.. True
IE_TRACE:             12:39:20.025904 return     418 SOURCE IS UNAVAILABLE
IE_TRACE:             Return value:.. None
IE_TRACE:         12:39:20.025921 line      1358 SOURCE IS UNAVAILABLE
IE_TRACE:         12:39:20.025937 line      1359 SOURCE IS UNAVAILABLE
IE_TRACE:         12:39:20.025951 line      1360 SOURCE IS UNAVAILABLE
IE_TRACE:             Starting var:.. name = 'scrapy.crawler'
IE_TRACE:             Starting var:.. import_ = <built-in function __import__>
IE_TRACE:             12:39:20.025975 call      1304 SOURCE IS UNAVAILABLE
IE_TRACE:             12:39:20.025999 line      1305 SOURCE IS UNAVAILABLE
IE_TRACE:             New var:....... path = None
IE_TRACE:             12:39:20.026013 line      1306 SOURCE IS UNAVAILABLE
IE_TRACE:             New var:....... parent = 'scrapy'
IE_TRACE:             12:39:20.026032 line      1307 SOURCE IS UNAVAILABLE
IE_TRACE:             New var:....... parent_spec = None
IE_TRACE:             12:39:20.026053 line      1308 SOURCE IS UNAVAILABLE
IE_TRACE:             12:39:20.026075 line      1309 SOURCE IS UNAVAILABLE
IE_TRACE:             12:39:20.026093 line      1312 SOURCE IS UNAVAILABLE
IE_TRACE:             12:39:20.026110 line      1314 SOURCE IS UNAVAILABLE
IE_TRACE:             New var:....... parent_module = <module 'scrapy' from '/path/to/BugsInPy/workspace/scrapy/scrapy/__init__.py'>
IE_TRACE:             12:39:20.026126 line      1315 SOURCE IS UNAVAILABLE
IE_TRACE:             12:39:20.026162 line      1316 SOURCE IS UNAVAILABLE
IE_TRACE:             Modified var:.. path = ['/path/to/BugsInPy/workspace/scrapy/scrapy']
IE_TRACE:             12:39:20.026183 line      1320 SOURCE IS UNAVAILABLE
IE_TRACE:             Modified var:.. parent_spec = ModuleSpec(name='scrapy', loader=<_frozen_importlib_external.SourceFileLoader object at 0x7e5d73b988c0>, origin='/path/to/BugsInPy/workspace/scrapy/scrapy/__init__.py', submodule_search_locations=['/path/to/BugsInPy/workspace/scrapy/scrapy'])
IE_TRACE:             12:39:20.026224 line      1321 SOURCE IS UNAVAILABLE
IE_TRACE:             New var:....... child = 'crawler'
IE_TRACE:             12:39:20.026256 line      1322 SOURCE IS UNAVAILABLE
IE_TRACE:                 Starting var:.. name = 'scrapy.crawler'
IE_TRACE:                 Starting var:.. path = ['/path/to/BugsInPy/workspace/scrapy/scrapy']
IE_TRACE:                 Starting var:.. target = None
IE_TRACE:                 12:39:20.026292 call      1240 SOURCE IS UNAVAILABLE
IE_TRACE:                 12:39:20.026321 line      1242 SOURCE IS UNAVAILABLE
IE_TRACE:                 New var:....... meta_path = [<_distutils_hack.DistutilsMetaFinder object at 0x7e5d73d704a0>, <class '_frozen_importlib.BuiltinImporter'>, <class '_frozen_importlib.FrozenImporter'>, <class '_frozen_importlib_external.PathFinder'>, <class '__editable___cookiecutter_2_0_0_finder._EditableFinder'>, <six._SixMetaPathImporter object at 0x7e5d7310edb0>]
IE_TRACE:                 12:39:20.026337 line      1243 SOURCE IS UNAVAILABLE
IE_TRACE:                 12:39:20.026362 line      1248 SOURCE IS UNAVAILABLE
IE_TRACE:                 12:39:20.026381 line      1254 SOURCE IS UNAVAILABLE
IE_TRACE:                 New var:....... is_reload = False
IE_TRACE:                 12:39:20.026399 line      1255 SOURCE IS UNAVAILABLE
IE_TRACE:                 New var:....... finder = <_distutils_hack.DistutilsMetaFinder object at 0x7e5d73d704a0>
IE_TRACE:                 12:39:20.026423 line      1256 SOURCE IS UNAVAILABLE
IE_TRACE:                     Starting var:.. self = <_frozen_importlib._ImportLockContext object at 0x7e5d71477200>
IE_TRACE:                     12:39:20.026450 call      1222 SOURCE IS UNAVAILABLE
IE_TRACE:                     12:39:20.026470 line      1224 SOURCE IS UNAVAILABLE
IE_TRACE:                     12:39:20.026484 return    1224 SOURCE IS UNAVAILABLE
IE_TRACE:                     Return value:.. None
IE_TRACE:                 12:39:20.026501 line      1257 SOURCE IS UNAVAILABLE
IE_TRACE:                 12:39:20.026522 line      1258 SOURCE IS UNAVAILABLE
IE_TRACE:                 New var:....... find_spec = <bound method DistutilsMetaFinder.find_spec of <_distutils_hack.DistutilsMetaFinder object at 0x7e5d73d704a0>>
IE_TRACE:                 12:39:20.026542 line      1262 SOURCE IS UNAVAILABLE
IE_TRACE:                     Source path:... /path/to/.venv/lib/python3.12/site-packages/_distutils_hack/__init__.py
IE_TRACE:                     Starting var:.. self = <_distutils_hack.DistutilsMetaFinder object at 0x7e5d73d704a0>
IE_TRACE:                     Starting var:.. fullname = 'scrapy.crawler'
IE_TRACE:                     Starting var:.. path = ['/path/to/BugsInPy/workspace/scrapy/scrapy']
IE_TRACE:                     Starting var:.. target = None
IE_TRACE:                     12:39:20.026572 call       101     def find_spec(self, fullname, path, target=None):
IE_TRACE:                     12:39:20.026657 line       104         if path is not None and not fullname.startswith('test.'):
IE_TRACE:                     12:39:20.026676 line       105             return None
IE_TRACE:                     12:39:20.026694 return     105             return None
IE_TRACE:                     Return value:.. None
IE_TRACE:                 Source path:... <frozen importlib._bootstrap>
IE_TRACE:                 New var:....... spec = None
IE_TRACE:                 12:39:20.026718 line      1256 SOURCE IS UNAVAILABLE
IE_TRACE:                     Starting var:.. self = <_frozen_importlib._ImportLockContext object at 0x7e5d71477200>
IE_TRACE:                     Starting var:.. exc_type = None
IE_TRACE:                     Starting var:.. exc_value = None
IE_TRACE:                     Starting var:.. exc_traceback = None
IE_TRACE:                     12:39:20.026752 call      1226 SOURCE IS UNAVAILABLE
IE_TRACE:                     12:39:20.026783 line      1228 SOURCE IS UNAVAILABLE
IE_TRACE:                     12:39:20.026799 return    1228 SOURCE IS UNAVAILABLE
IE_TRACE:                     Return value:.. None
IE_TRACE:                 12:39:20.026820 line      1263 SOURCE IS UNAVAILABLE
IE_TRACE:                 12:39:20.026844 line      1255 SOURCE IS UNAVAILABLE
IE_TRACE:                 Modified var:.. finder = <class '_frozen_importlib.BuiltinImporter'>
IE_TRACE:                 12:39:20.026866 line      1256 SOURCE IS UNAVAILABLE
IE_TRACE:                     Starting var:.. self = <_frozen_importlib._ImportLockContext object at 0x7e5d71477b60>
IE_TRACE:                     12:39:20.026892 call      1222 SOURCE IS UNAVAILABLE
IE_TRACE:                     12:39:20.026908 line      1224 SOURCE IS UNAVAILABLE
IE_TRACE:                     12:39:20.026921 return    1224 SOURCE IS UNAVAILABLE
IE_TRACE:                     Return value:.. None
IE_TRACE:                 12:39:20.026939 line      1257 SOURCE IS UNAVAILABLE
IE_TRACE:                 12:39:20.026961 line      1258 SOURCE IS UNAVAILABLE
IE_TRACE:                 Modified var:.. find_spec = <bound method BuiltinImporter.find_spec of <class '_frozen_importlib.BuiltinImporter'>>
IE_TRACE:                 12:39:20.026982 line      1262 SOURCE IS UNAVAILABLE
IE_TRACE:                     Starting var:.. cls = <class '_frozen_importlib.BuiltinImporter'>
IE_TRACE:                     Starting var:.. fullname = 'scrapy.crawler'
IE_TRACE:                     Starting var:.. path = ['/path/to/BugsInPy/workspace/scrapy/scrapy']
IE_TRACE:                     Starting var:.. target = None
IE_TRACE:                     12:39:20.027009 call       982 SOURCE IS UNAVAILABLE
IE_TRACE:                     12:39:20.027039 line       984 SOURCE IS UNAVAILABLE
IE_TRACE:                     12:39:20.027056 line       987 SOURCE IS UNAVAILABLE
IE_TRACE:                     12:39:20.027072 return     987 SOURCE IS UNAVAILABLE
IE_TRACE:                     Return value:.. None
IE_TRACE:                 12:39:20.027093 line      1256 SOURCE IS UNAVAILABLE
IE_TRACE:                     Starting var:.. self = <_frozen_importlib._ImportLockContext object at 0x7e5d71477b60>
IE_TRACE:                     Starting var:.. exc_type = None
IE_TRACE:                     Starting var:.. exc_value = None
IE_TRACE:                     Starting var:.. exc_traceback = None
IE_TRACE:                     12:39:20.027115 call      1226 SOURCE IS UNAVAILABLE
IE_TRACE:                     12:39:20.027144 line      1228 SOURCE IS UNAVAILABLE
IE_TRACE:                     12:39:20.027162 return    1228 SOURCE IS UNAVAILABLE
IE_TRACE:                     Return value:.. None
IE_TRACE:                 12:39:20.027183 line      1263 SOURCE IS UNAVAILABLE
IE_TRACE:                 12:39:20.027211 line      1255 SOURCE IS UNAVAILABLE
IE_TRACE:                 Modified var:.. finder = <class '_frozen_importlib.FrozenImporter'>
IE_TRACE:                 12:39:20.027234 line      1256 SOURCE IS UNAVAILABLE
IE_TRACE:                     Starting var:.. self = <_frozen_importlib._ImportLockContext object at 0x7e5d71477ec0>
IE_TRACE:                     12:39:20.027260 call      1222 SOURCE IS UNAVAILABLE
IE_TRACE:                     12:39:20.027276 line      1224 SOURCE IS UNAVAILABLE
IE_TRACE:                     12:39:20.027289 return    1224 SOURCE IS UNAVAILABLE
IE_TRACE:                     Return value:.. None
IE_TRACE:                 12:39:20.027306 line      1257 SOURCE IS UNAVAILABLE
IE_TRACE:                 12:39:20.027328 line      1258 SOURCE IS UNAVAILABLE
IE_TRACE:                 Modified var:.. find_spec = <bound method FrozenImporter.find_spec of <class '_frozen_importlib.FrozenImporter'>>
IE_TRACE:                 12:39:20.027351 line      1262 SOURCE IS UNAVAILABLE
IE_TRACE:                     Starting var:.. cls = <class '_frozen_importlib.FrozenImporter'>
IE_TRACE:                     Starting var:.. fullname = 'scrapy.crawler'
IE_TRACE:                     Starting var:.. path = ['/path/to/BugsInPy/workspace/scrapy/scrapy']
IE_TRACE:                     Starting var:.. target = None
IE_TRACE:                     12:39:20.027380 call      1128 SOURCE IS UNAVAILABLE
IE_TRACE:                     12:39:20.027412 line      1130 SOURCE IS UNAVAILABLE
IE_TRACE:                         Starting var:.. f = <built-in function find_frozen>
IE_TRACE:                         Starting var:.. args = ('scrapy.crawler',)
IE_TRACE:                         Starting var:.. kwds = {}
IE_TRACE:                         12:39:20.027432 call       480 SOURCE IS UNAVAILABLE
IE_TRACE:                         12:39:20.027460 line       488 SOURCE IS UNAVAILABLE
IE_TRACE:                         12:39:20.027477 return     488 SOURCE IS UNAVAILABLE
IE_TRACE:                         Return value:.. None
IE_TRACE:                     New var:....... info = None
IE_TRACE:                     12:39:20.027498 line      1131 SOURCE IS UNAVAILABLE
IE_TRACE:                     12:39:20.027521 line      1132 SOURCE IS UNAVAILABLE
IE_TRACE:                     12:39:20.027539 return    1132 SOURCE IS UNAVAILABLE
IE_TRACE:                     Return value:.. None
IE_TRACE:                 12:39:20.027562 line      1256 SOURCE IS UNAVAILABLE
IE_TRACE:                     Starting var:.. self = <_frozen_importlib._ImportLockContext object at 0x7e5d71477ec0>
IE_TRACE:                     Starting var:.. exc_type = None
IE_TRACE:                     Starting var:.. exc_value = None
IE_TRACE:                     Starting var:.. exc_traceback = None
IE_TRACE:                     12:39:20.027586 call      1226 SOURCE IS UNAVAILABLE
IE_TRACE:                     12:39:20.027616 line      1228 SOURCE IS UNAVAILABLE
IE_TRACE:                     12:39:20.027632 return    1228 SOURCE IS UNAVAILABLE
IE_TRACE:                     Return value:.. None
IE_TRACE:                 12:39:20.027652 line      1263 SOURCE IS UNAVAILABLE
IE_TRACE:                 12:39:20.027675 line      1255 SOURCE IS UNAVAILABLE
IE_TRACE:                 Modified var:.. finder = <class '_frozen_importlib_external.PathFinder'>
IE_TRACE:                 12:39:20.027696 line      1256 SOURCE IS UNAVAILABLE
IE_TRACE:                     Starting var:.. self = <_frozen_importlib._ImportLockContext object at 0x7e5d7149c170>
IE_TRACE:                     12:39:20.027721 call      1222 SOURCE IS UNAVAILABLE
IE_TRACE:                     12:39:20.027737 line      1224 SOURCE IS UNAVAILABLE
IE_TRACE:                     12:39:20.027750 return    1224 SOURCE IS UNAVAILABLE
IE_TRACE:                     Return value:.. None
IE_TRACE:                 12:39:20.027767 line      1257 SOURCE IS UNAVAILABLE
IE_TRACE:                 12:39:20.027789 line      1258 SOURCE IS UNAVAILABLE
IE_TRACE:                 Modified var:.. find_spec = <bound method PathFinder.find_spec of <class '_frozen_importlib_external.PathFinder'>>
IE_TRACE:                 12:39:20.027811 line      1262 SOURCE IS UNAVAILABLE
IE_TRACE:                     Source path:... <frozen importlib._bootstrap_external>
IE_TRACE:                     Starting var:.. cls = <class '_frozen_importlib_external.PathFinder'>
IE_TRACE:                     Starting var:.. fullname = 'scrapy.crawler'
IE_TRACE:                     Starting var:.. path = ['/path/to/BugsInPy/workspace/scrapy/scrapy']
IE_TRACE:                     Starting var:.. target = None
IE_TRACE:                     12:39:20.027839 call      1520 SOURCE IS UNAVAILABLE
IE_TRACE:                     12:39:20.027888 line      1526 SOURCE IS UNAVAILABLE
IE_TRACE:                     12:39:20.027905 line      1528 SOURCE IS UNAVAILABLE
IE_TRACE:                         Starting var:.. cls = <class '_frozen_importlib_external.PathFinder'>
IE_TRACE:                         Starting var:.. fullname = 'scrapy.crawler'
IE_TRACE:                         Starting var:.. path = ['/path/to/BugsInPy/workspace/scrapy/scrapy']
IE_TRACE:                         Starting var:.. target = None
IE_TRACE:                         12:39:20.027926 call      1491 SOURCE IS UNAVAILABLE
IE_TRACE:                         12:39:20.027958 line      1496 SOURCE IS UNAVAILABLE
IE_TRACE:                         New var:....... namespace_path = []
IE_TRACE:                         12:39:20.027976 line      1497 SOURCE IS UNAVAILABLE
IE_TRACE:                         New var:....... entry = '/path/to/BugsInPy/workspace/scrapy/scrapy'
IE_TRACE:                         12:39:20.027998 line      1498 SOURCE IS UNAVAILABLE
IE_TRACE:                         12:39:20.028022 line      1500 SOURCE IS UNAVAILABLE
IE_TRACE:                             Starting var:.. cls = <class '_frozen_importlib_external.PathFinder'>
IE_TRACE:                             Starting var:.. path = '/path/to/BugsInPy/workspace/scrapy/scrapy'
IE_TRACE:                             12:39:20.028045 call      1469 SOURCE IS UNAVAILABLE
IE_TRACE:                             12:39:20.028068 line      1477 SOURCE IS UNAVAILABLE
IE_TRACE:                             12:39:20.028083 line      1484 SOURCE IS UNAVAILABLE
IE_TRACE:                             12:39:20.028098 line      1485 SOURCE IS UNAVAILABLE
IE_TRACE:                             New var:....... finder = FileFinder('/path/to/BugsInPy/workspace/scrapy/scrapy')
IE_TRACE:                             12:39:20.028112 line      1489 SOURCE IS UNAVAILABLE
IE_TRACE:                             12:39:20.028134 return    1489 SOURCE IS UNAVAILABLE
IE_TRACE:                             Return value:.. FileFinder('/path/to/BugsInPy/workspace/scrapy/scrapy')
IE_TRACE:                         New var:....... finder = FileFinder('/path/to/BugsInPy/workspace/scrapy/scrapy')
IE_TRACE:                         12:39:20.028156 line      1501 SOURCE IS UNAVAILABLE
IE_TRACE:                         12:39:20.028180 line      1502 SOURCE IS UNAVAILABLE
IE_TRACE:                             Starting var:.. self = FileFinder('/path/to/BugsInPy/workspace/scrapy/scrapy')
IE_TRACE:                             Starting var:.. fullname = 'scrapy.crawler'
IE_TRACE:                             Starting var:.. target = None
IE_TRACE:                             12:39:20.028215 call      1593 SOURCE IS UNAVAILABLE
IE_TRACE:                             12:39:20.028247 line      1598 SOURCE IS UNAVAILABLE
IE_TRACE:                             New var:....... is_namespace = False
IE_TRACE:                             12:39:20.028266 line      1599 SOURCE IS UNAVAILABLE
IE_TRACE:                             New var:....... tail_module = 'crawler'
IE_TRACE:                             12:39:20.028290 line      1600 SOURCE IS UNAVAILABLE
IE_TRACE:                             12:39:20.028314 line      1601 SOURCE IS UNAVAILABLE
IE_TRACE:                                 Starting var:.. path = '/path/to/BugsInPy/workspace/scrapy/scrapy'
IE_TRACE:                                 12:39:20.028336 call       140 SOURCE IS UNAVAILABLE
IE_TRACE:                                 12:39:20.028356 line       147 SOURCE IS UNAVAILABLE
IE_TRACE:                                 12:39:20.028374 return     147 SOURCE IS UNAVAILABLE
IE_TRACE:                                 Return value:.. os.stat_result(st_mode=16893, st_ino=3560529, st_dev=66309, st_nlink=21, st_uid=1000, st_gid=1000, st_size=4096, st_atime=1780556959, st_mtime=1780556959, st_ctime=1780556959)
IE_TRACE:                             New var:....... mtime = 1780556959.6750202
IE_TRACE:                             12:39:20.028399 line      1604 SOURCE IS UNAVAILABLE
IE_TRACE:                             12:39:20.028432 line      1608 SOURCE IS UNAVAILABLE
IE_TRACE:                                 12:39:20.028455 call        71 SOURCE IS UNAVAILABLE
IE_TRACE:                                 12:39:20.028470 line        73 SOURCE IS UNAVAILABLE
IE_TRACE:                                 12:39:20.028483 return      73 SOURCE IS UNAVAILABLE
IE_TRACE:                                 Return value:.. False
IE_TRACE:                             12:39:20.028502 line      1612 SOURCE IS UNAVAILABLE
IE_TRACE:                             New var:....... cache = set(len=55)
IE_TRACE:                             12:39:20.028524 line      1613 SOURCE IS UNAVAILABLE
IE_TRACE:                             New var:....... cache_module = 'crawler'
IE_TRACE:                             12:39:20.028551 line      1615 SOURCE IS UNAVAILABLE
IE_TRACE:                             12:39:20.028580 line      1627 SOURCE IS UNAVAILABLE
IE_TRACE:                             New var:....... suffix = '.cpython-312-x86_64-linux-gnu.so'
IE_TRACE:                             New var:....... loader_class = <class '_frozen_importlib_external.ExtensionFileLoader'>
IE_TRACE:                             12:39:20.028604 line      1628 SOURCE IS UNAVAILABLE
IE_TRACE:                             12:39:20.028637 line      1629 SOURCE IS UNAVAILABLE
IE_TRACE:                                 Starting var:.. path_parts = ('/path/to/BugsInPy/workspace/scrapy/scrapy', 'crawler.cpython-312-x86_64-linux-gnu.so')
IE_TRACE:                                 12:39:20.028665 call       126 SOURCE IS UNAVAILABLE
IE_TRACE:                                 12:39:20.028686 line       128 SOURCE IS UNAVAILABLE
IE_TRACE:                                 12:39:20.028702 line       129 SOURCE IS UNAVAILABLE
IE_TRACE:                                 12:39:20.028716 line       128 SOURCE IS UNAVAILABLE
IE_TRACE:                                 12:39:20.028731 line       129 SOURCE IS UNAVAILABLE
IE_TRACE:                                 New var:....... part = '/path/to/BugsInPy/workspace/scrapy/scrapy'
IE_TRACE:                                 12:39:20.028746 line       128 SOURCE IS UNAVAILABLE
IE_TRACE:                                 12:39:20.028766 line       128 SOURCE IS UNAVAILABLE
IE_TRACE:                                 12:39:20.028782 line       129 SOURCE IS UNAVAILABLE
IE_TRACE:                                 Modified var:.. part = 'crawler.cpython-312-x86_64-linux-gnu.so'
IE_TRACE:                                 12:39:20.028797 line       128 SOURCE IS UNAVAILABLE
IE_TRACE:                                 12:39:20.028816 line       128 SOURCE IS UNAVAILABLE
IE_TRACE:                                 12:39:20.028832 return     128 SOURCE IS UNAVAILABLE
IE_TRACE:                                 Return value:.. '/path/to/BugsInPy/workspace/scrapy/scrapy/crawler.cpython-312-x86_64-linux-gnu.so'
IE_TRACE:                             New var:....... full_path = '/path/to/BugsInPy/workspace/scrapy/scrapy/crawler.cpython-312-x86_64-linux-gnu.so'
IE_TRACE:                             12:39:20.028853 line      1632 SOURCE IS UNAVAILABLE
IE_TRACE:                                 Source path:... <frozen importlib._bootstrap>
IE_TRACE:                                 Starting var:.. message = 'trying {}'
IE_TRACE:                                 Starting var:.. verbosity = 2
IE_TRACE:                                 Starting var:.. args = ('/path/to/BugsInPy/workspace/scrapy/scrapy/crawler.cpython-312-x86_64-linux-gnu.so',)
IE_TRACE:                                 12:39:20.028887 call       491 SOURCE IS UNAVAILABLE
IE_TRACE:                                 12:39:20.028921 line       493 SOURCE IS UNAVAILABLE
IE_TRACE:                                 12:39:20.028940 return     493 SOURCE IS UNAVAILABLE
IE_TRACE:                                 Return value:.. None
IE_TRACE:                             Source path:... <frozen importlib._bootstrap_external>
IE_TRACE:                             12:39:20.028962 line      1633 SOURCE IS UNAVAILABLE
IE_TRACE:     [CONDENSED] 2 identical loop iterations skipped (4 total iterations, showing first and last)
IE_TRACE:                             12:39:20.029793 line      1627 SOURCE IS UNAVAILABLE
IE_TRACE:                             Modified var:.. suffix = '.py'
IE_TRACE:                             Modified var:.. loader_class = <class '_frozen_importlib_external.SourceFileLoader'>
IE_TRACE:                             12:39:20.029820 line      1628 SOURCE IS UNAVAILABLE
IE_TRACE:                             12:39:20.029853 line      1629 SOURCE IS UNAVAILABLE
IE_TRACE:                                 Starting var:.. path_parts = ('/path/to/BugsInPy/workspace/scrapy/scrapy', 'crawler.py')
IE_TRACE:                                 12:39:20.029880 call       126 SOURCE IS UNAVAILABLE
IE_TRACE:                                 12:39:20.029898 line       128 SOURCE IS UNAVAILABLE
IE_TRACE:                                 12:39:20.029913 line       129 SOURCE IS UNAVAILABLE
IE_TRACE:                                 12:39:20.029928 line       128 SOURCE IS UNAVAILABLE
IE_TRACE:                                 12:39:20.029942 line       129 SOURCE IS UNAVAILABLE
IE_TRACE:                                 New var:....... part = '/path/to/BugsInPy/workspace/scrapy/scrapy'
IE_TRACE:                                 12:39:20.029957 line       128 SOURCE IS UNAVAILABLE
IE_TRACE:                                 12:39:20.029976 line       128 SOURCE IS UNAVAILABLE
IE_TRACE:                                 12:39:20.029991 line       129 SOURCE IS UNAVAILABLE
IE_TRACE:                                 Modified var:.. part = 'crawler.py'
IE_TRACE:                                 12:39:20.030007 line       128 SOURCE IS UNAVAILABLE
IE_TRACE:                                 12:39:20.030025 line       128 SOURCE IS UNAVAILABLE
IE_TRACE:                                 12:39:20.030040 return     128 SOURCE IS UNAVAILABLE
IE_TRACE:                                 Return value:.. '/path/to/BugsInPy/workspace/scrapy/scrapy/crawler.py'
IE_TRACE:                             Modified var:.. full_path = '/path/to/BugsInPy/workspace/scrapy/scrapy/crawler.py'
IE_TRACE:                             12:39:20.030060 line      1632 SOURCE IS UNAVAILABLE
IE_TRACE:                                 Source path:... <frozen importlib._bootstrap>
IE_TRACE:                                 Starting var:.. message = 'trying {}'
IE_TRACE:                                 Starting var:.. verbosity = 2
IE_TRACE:                                 Starting var:.. args = ('/path/to/BugsInPy/workspace/scrapy/scrapy/crawler.py',)
IE_TRACE:                                 12:39:20.030090 call       491 SOURCE IS UNAVAILABLE
IE_TRACE:                                 12:39:20.030120 line       493 SOURCE IS UNAVAILABLE
IE_TRACE:                                 12:39:20.030137 return     493 SOURCE IS UNAVAILABLE
IE_TRACE:                                 Return value:.. None
IE_TRACE:                             Source path:... <frozen importlib._bootstrap_external>
IE_TRACE:                             12:39:20.030158 line      1633 SOURCE IS UNAVAILABLE
IE_TRACE:                             12:39:20.030189 line      1634 SOURCE IS UNAVAILABLE
IE_TRACE:                                 Starting var:.. path = '/path/to/BugsInPy/workspace/scrapy/scrapy/crawler.py'
IE_TRACE:                                 12:39:20.030218 call       159 SOURCE IS UNAVAILABLE
IE_TRACE:                                 12:39:20.030237 line       161 SOURCE IS UNAVAILABLE
IE_TRACE:                                     Starting var:.. path = '/path/to/BugsInPy/workspace/scrapy/scrapy/crawler.py'
IE_TRACE:                                     Starting var:.. mode = 32768
IE_TRACE:                                     12:39:20.030254 call       150 SOURCE IS UNAVAILABLE
IE_TRACE:                                     12:39:20.030277 line       152 SOURCE IS UNAVAILABLE
IE_TRACE:                                     12:39:20.030294 line       153 SOURCE IS UNAVAILABLE
IE_TRACE:                                     New var:....... stat_info = os.stat_result(st_mode=33204, st_ino=3555188, st_dev=66309, st_nlink=1, st_uid=1000, st_gid=1000, st_size=11182, st_atime=1780556959, st_mtime=1780556959, st_ctime=1780556959)
IE_TRACE:                                     12:39:20.030319 line       156 SOURCE IS UNAVAILABLE
IE_TRACE:                                     12:39:20.030342 return     156 SOURCE IS UNAVAILABLE
IE_TRACE:                                     Return value:.. True
IE_TRACE:                                 12:39:20.030366 return     161 SOURCE IS UNAVAILABLE
IE_TRACE:                                 Return value:.. True
IE_TRACE:                             12:39:20.030385 line      1635 SOURCE IS UNAVAILABLE
IE_TRACE:                             12:39:20.030412 line      1636 SOURCE IS UNAVAILABLE
IE_TRACE:                             12:39:20.030438 line      1635 SOURCE IS UNAVAILABLE
IE_TRACE:                                 Starting var:.. self = FileFinder('/path/to/BugsInPy/workspace/scrapy/scrapy')
IE_TRACE:                                 Starting var:.. loader_class = <class '_frozen_importlib_external.SourceFileLoader'>
IE_TRACE:                                 Starting var:.. fullname = 'scrapy.crawler'
IE_TRACE:                                 Starting var:.. path = '/path/to/BugsInPy/workspace/scrapy/scrapy/crawler.py'
IE_TRACE:                                 Starting var:.. smsl = None
IE_TRACE:                                 Starting var:.. target = None
IE_TRACE:                                 12:39:20.030466 call      1588 SOURCE IS UNAVAILABLE
IE_TRACE:                                 12:39:20.030508 line      1589 SOURCE IS UNAVAILABLE
IE_TRACE:                                     Starting var:.. self = <_frozen_importlib_external.SourceFileLoader object at 0x7e5d7158ef90>
IE_TRACE:                                     Starting var:.. fullname = 'scrapy.crawler'
IE_TRACE:                                     Starting var:.. path = '/path/to/BugsInPy/workspace/scrapy/scrapy/crawler.py'
IE_TRACE:                                     12:39:20.030531 call      1153 SOURCE IS UNAVAILABLE
IE_TRACE:                                     12:39:20.030558 line      1156 SOURCE IS UNAVAILABLE
IE_TRACE:                                     12:39:20.030576 line      1157 SOURCE IS UNAVAILABLE
IE_TRACE:                                     12:39:20.030592 return    1157 SOURCE IS UNAVAILABLE
IE_TRACE:                                     Return value:.. None
IE_TRACE:                                 New var:....... loader = <_frozen_importlib_external.SourceFileLoader object at 0x7e5d7158ef90>
IE_TRACE:                                 12:39:20.030614 line      1590 SOURCE IS UNAVAILABLE
IE_TRACE:                                 12:39:20.030639 line      1591 SOURCE IS UNAVAILABLE
IE_TRACE:                                 12:39:20.030661 line      1590 SOURCE IS UNAVAILABLE
IE_TRACE:                                     Starting var:.. name = 'scrapy.crawler'
IE_TRACE:                                     Starting var:.. location = '/path/to/BugsInPy/workspace/scrapy/scrapy/crawler.py'
IE_TRACE:                                     Starting var:.. loader = <_frozen_importlib_external.SourceFileLoader object at 0x7e5d7158ef90>
IE_TRACE:                                     Starting var:.. submodule_search_locations = None
IE_TRACE:                                     12:39:20.030691 call       802 SOURCE IS UNAVAILABLE
IE_TRACE:                                     12:39:20.030726 line       814 SOURCE IS UNAVAILABLE
IE_TRACE:                                     12:39:20.030746 line       826 SOURCE IS UNAVAILABLE
IE_TRACE:                                     12:39:20.030766 line       827 SOURCE IS UNAVAILABLE
IE_TRACE:                                     12:39:20.030786 line       828 SOURCE IS UNAVAILABLE
IE_TRACE:                                     12:39:20.030822 line       838 SOURCE IS UNAVAILABLE
IE_TRACE:                                     New var:....... spec = ModuleSpec(name='scrapy.crawler', loader=<_frozen_importlib_external.SourceFileLoader object at 0x7e5d7158ef90>, origin='/path/to/BugsInPy/workspace/scrapy/scrapy/crawler.py')
IE_TRACE:                                     12:39:20.030851 line       839 SOURCE IS UNAVAILABLE
IE_TRACE:                                     12:39:20.030879 line       842 SOURCE IS UNAVAILABLE
IE_TRACE:                                     12:39:20.030901 line       852 SOURCE IS UNAVAILABLE
IE_TRACE:                                     12:39:20.030923 line       863 SOURCE IS UNAVAILABLE
IE_TRACE:                                     12:39:20.030944 line       864 SOURCE IS UNAVAILABLE
IE_TRACE:                                     12:39:20.030966 line       869 SOURCE IS UNAVAILABLE
IE_TRACE:                                     12:39:20.030987 return     869 SOURCE IS UNAVAILABLE
IE_TRACE:                                     Return value:.. ModuleSpec(name='scrapy.crawler', loader=<_frozen_importlib_external.SourceFileLoader object at 0x7e5d7158ef90>, origin='/path/to/BugsInPy/workspace/scrapy/scrapy/crawler.py')
IE_TRACE:                                 12:39:20.031015 return    1590 SOURCE IS UNAVAILABLE
IE_TRACE:                                 Return value:.. ModuleSpec(name='scrapy.crawler', loader=<_frozen_importlib_external.SourceFileLoader object at 0x7e5d7158ef90>, origin='/path/to/BugsInPy/workspace/scrapy/scrapy/crawler.py')
IE_TRACE:                             12:39:20.031043 return    1635 SOURCE IS UNAVAILABLE
IE_TRACE:                             Return value:.. ModuleSpec(name='scrapy.crawler', loader=<_frozen_importlib_external.SourceFileLoader object at 0x7e5d7158ef90>, origin='/path/to/BugsInPy/workspace/scrapy/scrapy/crawler.py')
IE_TRACE:                         New var:....... spec = ModuleSpec(name='scrapy.crawler', loader=<_frozen_importlib_external.SourceFileLoader object at 0x7e5d7158ef90>, origin='/path/to/BugsInPy/workspace/scrapy/scrapy/crawler.py')
IE_TRACE:                         12:39:20.031077 line      1503 SOURCE IS UNAVAILABLE
IE_TRACE:                         12:39:20.031105 line      1505 SOURCE IS UNAVAILABLE
IE_TRACE:                         12:39:20.031128 line      1506 SOURCE IS UNAVAILABLE
IE_TRACE:                         12:39:20.031150 return    1506 SOURCE IS UNAVAILABLE
IE_TRACE:                         Return value:.. ModuleSpec(name='scrapy.crawler', loader=<_frozen_importlib_external.SourceFileLoader object at 0x7e5d7158ef90>, origin='/path/to/BugsInPy/workspace/scrapy/scrapy/crawler.py')
IE_TRACE:                     New var:....... spec = ModuleSpec(name='scrapy.crawler', loader=<_frozen_importlib_external.SourceFileLoader object at 0x7e5d7158ef90>, origin='/path/to/BugsInPy/workspace/scrapy/scrapy/crawler.py')
IE_TRACE:                     12:39:20.031178 line      1529 SOURCE IS UNAVAILABLE
IE_TRACE:                     12:39:20.031205 line      1531 SOURCE IS UNAVAILABLE
IE_TRACE:                     12:39:20.031224 line      1542 SOURCE IS UNAVAILABLE
IE_TRACE:                     12:39:20.031242 return    1542 SOURCE IS UNAVAILABLE
IE_TRACE:                     Return value:.. ModuleSpec(name='scrapy.crawler', loader=<_frozen_importlib_external.SourceFileLoader object at 0x7e5d7158ef90>, origin='/path/to/BugsInPy/workspace/scrapy/scrapy/crawler.py')
IE_TRACE:                 Source path:... <frozen importlib._bootstrap>
IE_TRACE:                 Modified var:.. spec = ModuleSpec(name='scrapy.crawler', loader=<_frozen_importlib_external.SourceFileLoader object at 0x7e5d7158ef90>, origin='/path/to/BugsInPy/workspace/scrapy/scrapy/crawler.py')
IE_TRACE:                 12:39:20.031267 line      1256 SOURCE IS UNAVAILABLE
IE_TRACE:                     Starting var:.. self = <_frozen_importlib._ImportLockContext object at 0x7e5d7149c170>
IE_TRACE:                     Starting var:.. exc_type = None
IE_TRACE:                     Starting var:.. exc_value = None
IE_TRACE:                     Starting var:.. exc_traceback = None
IE_TRACE:                     12:39:20.031301 call      1226 SOURCE IS UNAVAILABLE
IE_TRACE:                     12:39:20.031332 line      1228 SOURCE IS UNAVAILABLE
IE_TRACE:                     12:39:20.031348 return    1228 SOURCE IS UNAVAILABLE
IE_TRACE:                     Return value:.. None
IE_TRACE:                 12:39:20.031369 line      1263 SOURCE IS UNAVAILABLE
IE_TRACE:                 12:39:20.031393 line      1265 SOURCE IS UNAVAILABLE
IE_TRACE:                 12:39:20.031417 line      1280 SOURCE IS UNAVAILABLE
IE_TRACE:                 12:39:20.031439 return    1280 SOURCE IS UNAVAILABLE
IE_TRACE:                 Return value:.. ModuleSpec(name='scrapy.crawler', loader=<_frozen_importlib_external.SourceFileLoader object at 0x7e5d7158ef90>, origin='/path/to/BugsInPy/workspace/scrapy/scrapy/crawler.py')
IE_TRACE:             New var:....... spec = ModuleSpec(name='scrapy.crawler', loader=<_frozen_importlib_external.SourceFileLoader object at 0x7e5d7158ef90>, origin='/path/to/BugsInPy/workspace/scrapy/scrapy/crawler.py')
IE_TRACE:             12:39:20.031469 line      1323 SOURCE IS UNAVAILABLE
IE_TRACE:             12:39:20.031500 line      1326 SOURCE IS UNAVAILABLE
IE_TRACE:             12:39:20.031525 line      1329 SOURCE IS UNAVAILABLE
IE_TRACE:             12:39:20.031549 line      1330 SOURCE IS UNAVAILABLE
IE_TRACE:             12:39:20.031573 line      1331 SOURCE IS UNAVAILABLE
IE_TRACE:                 Starting var:.. spec = ModuleSpec(name='scrapy.crawler', loader=<_frozen_importlib_external.SourceFileLoader object at 0x7e5d7158ef90>, origin='/path/to/BugsInPy/workspace/scrapy/scrapy/crawler.py')
IE_TRACE:                 12:39:20.031604 call       911 SOURCE IS UNAVAILABLE
IE_TRACE:                 12:39:20.031624 line       913 SOURCE IS UNAVAILABLE
IE_TRACE:                 12:39:20.031638 line       915 SOURCE IS UNAVAILABLE
IE_TRACE:                 12:39:20.031652 line       921 SOURCE IS UNAVAILABLE
IE_TRACE:                     Starting var:.. spec = ModuleSpec(name='scrapy.crawler', loader=<_frozen_importlib_external.SourceFileLoader object at 0x7e5d7158ef90>, origin='/path/to/BugsInPy/workspace/scrapy/scrapy/crawler.py')
IE_TRACE:                     12:39:20.031669 call       806 SOURCE IS UNAVAILABLE
IE_TRACE:                     12:39:20.031687 line       809 SOURCE IS UNAVAILABLE
IE_TRACE:                     New var:....... module = None
IE_TRACE:                     12:39:20.031701 line       810 SOURCE IS UNAVAILABLE
IE_TRACE:                     12:39:20.031719 line       813 SOURCE IS UNAVAILABLE
IE_TRACE:                         Source path:... <frozen importlib._bootstrap_external>
IE_TRACE:                         Starting var:.. self = <_frozen_importlib_external.SourceFileLoader object at 0x7e5d7158ef90>
IE_TRACE:                         Starting var:.. spec = ModuleSpec(name='scrapy.crawler', loader=<_frozen_importlib_external.SourceFileLoader object at 0x7e5d7158ef90>, origin='/path/to/BugsInPy/workspace/scrapy/scrapy/crawler.py')
IE_TRACE:                         12:39:20.031735 call       986 SOURCE IS UNAVAILABLE
IE_TRACE:                         12:39:20.031762 line       986 SOURCE IS UNAVAILABLE
IE_TRACE:                         12:39:20.031777 return     986 SOURCE IS UNAVAILABLE
IE_TRACE:                         Return value:.. None
IE_TRACE:                     Source path:... <frozen importlib._bootstrap>
IE_TRACE:                     12:39:20.031798 line       817 SOURCE IS UNAVAILABLE
IE_TRACE:                     12:39:20.031816 line       818 SOURCE IS UNAVAILABLE
IE_TRACE:                         Starting var:.. name = 'scrapy.crawler'
IE_TRACE:                         12:39:20.031832 call        48 SOURCE IS UNAVAILABLE
IE_TRACE:                         12:39:20.031849 line        49 SOURCE IS UNAVAILABLE
IE_TRACE:                         12:39:20.031863 return      49 SOURCE IS UNAVAILABLE
IE_TRACE:                         Return value:.. <module 'scrapy.crawler'>
IE_TRACE:                     Modified var:.. module = <module 'scrapy.crawler'>
IE_TRACE:                     12:39:20.031885 line       819 SOURCE IS UNAVAILABLE
IE_TRACE:                         Starting var:.. spec = ModuleSpec(name='scrapy.crawler', loader=<_frozen_importlib_external.SourceFileLoader object at 0x7e5d7158ef90>, origin='/path/to/BugsInPy/workspace/scrapy/scrapy/crawler.py')
IE_TRACE:                         Starting var:.. module = <module 'scrapy.crawler'>
IE_TRACE:                         Starting var:.. override = False
IE_TRACE:                         12:39:20.031915 call       733 SOURCE IS UNAVAILABLE
IE_TRACE:                         12:39:20.031949 line       737 SOURCE IS UNAVAILABLE
IE_TRACE:                         12:39:20.031969 line       743 SOURCE IS UNAVAILABLE
IE_TRACE:                         12:39:20.031988 line       744 SOURCE IS UNAVAILABLE
IE_TRACE:                         New var:....... loader = <_frozen_importlib_external.SourceFileLoader object at 0x7e5d7158ef90>
IE_TRACE:                         12:39:20.032007 line       745 SOURCE IS UNAVAILABLE
IE_TRACE:                         12:39:20.032031 line       766 SOURCE IS UNAVAILABLE
IE_TRACE:                         12:39:20.032051 line       767 SOURCE IS UNAVAILABLE
IE_TRACE:                         Modified var:.. module = <module 'scrapy.crawler' (<_frozen_importlib_external.SourceFileLoader object at 0x7e5d7158ef90>)>
IE_TRACE:                         12:39:20.032071 line       771 SOURCE IS UNAVAILABLE
IE_TRACE:                         12:39:20.032096 line       772 SOURCE IS UNAVAILABLE
IE_TRACE:                         12:39:20.032116 line       773 SOURCE IS UNAVAILABLE
IE_TRACE:                             Starting var:.. self = ModuleSpec(name='scrapy.crawler', loader=<_frozen_importlib_external.SourceFileLoader object at 0x7e5d7158ef90>, origin='/path/to/BugsInPy/workspace/scrapy/scrapy/crawler.py')
IE_TRACE:                             12:39:20.032138 call       645 SOURCE IS UNAVAILABLE
IE_TRACE:                             12:39:20.032157 line       648 SOURCE IS UNAVAILABLE
IE_TRACE:                             12:39:20.032172 line       649 SOURCE IS UNAVAILABLE
IE_TRACE:                             12:39:20.032187 return     649 SOURCE IS UNAVAILABLE
IE_TRACE:                             Return value:.. 'scrapy'
IE_TRACE:                         12:39:20.032213 line       777 SOURCE IS UNAVAILABLE
IE_TRACE:                         12:39:20.032233 line       778 SOURCE IS UNAVAILABLE
IE_TRACE:                         Modified var:.. module = <module 'scrapy.crawler' from '/path/to/BugsInPy/workspace/scrapy/scrapy/crawler.py'>
IE_TRACE:                         12:39:20.032253 line       782 SOURCE IS UNAVAILABLE
IE_TRACE:                         12:39:20.032276 line       783 SOURCE IS UNAVAILABLE
IE_TRACE:                         12:39:20.032295 line       790 SOURCE IS UNAVAILABLE
IE_TRACE:                             Starting var:.. self = ModuleSpec(name='scrapy.crawler', loader=<_frozen_importlib_external.SourceFileLoader object at 0x7e5d7158ef90>, origin='/path/to/BugsInPy/workspace/scrapy/scrapy/crawler.py')
IE_TRACE:                             12:39:20.032315 call       653 SOURCE IS UNAVAILABLE
IE_TRACE:                             12:39:20.032333 line       655 SOURCE IS UNAVAILABLE
IE_TRACE:                             12:39:20.032348 return     655 SOURCE IS UNAVAILABLE
IE_TRACE:                             Return value:.. True
IE_TRACE:                         12:39:20.032367 line       791 SOURCE IS UNAVAILABLE
IE_TRACE:                         12:39:20.032386 line       792 SOURCE IS UNAVAILABLE
IE_TRACE:                         12:39:20.032405 line       793 SOURCE IS UNAVAILABLE
IE_TRACE:                         12:39:20.032424 line       797 SOURCE IS UNAVAILABLE
IE_TRACE:                         12:39:20.032443 line       798 SOURCE IS UNAVAILABLE
IE_TRACE:                             Starting var:.. self = ModuleSpec(name='scrapy.crawler', loader=<_frozen_importlib_external.SourceFileLoader object at 0x7e5d7158ef90>, origin='/path/to/BugsInPy/workspace/scrapy/scrapy/crawler.py')
IE_TRACE:                             12:39:20.032463 call       632 SOURCE IS UNAVAILABLE
IE_TRACE:                             12:39:20.032482 line       634 SOURCE IS UNAVAILABLE
IE_TRACE:                             12:39:20.032497 line       635 SOURCE IS UNAVAILABLE
IE_TRACE:                             12:39:20.032511 line       636 SOURCE IS UNAVAILABLE
IE_TRACE:                             12:39:20.032526 line       638 SOURCE IS UNAVAILABLE
IE_TRACE:                                 Source path:... <frozen importlib._bootstrap_external>
IE_TRACE:                                 Starting var:.. filename = '/path/to/BugsInPy/workspace/scrapy/scrapy/crawler.py'
IE_TRACE:                                 12:39:20.032543 call       611 SOURCE IS UNAVAILABLE
IE_TRACE:                                 12:39:20.032566 line       612 SOURCE IS UNAVAILABLE
IE_TRACE:                                 12:39:20.032581 line       613 SOURCE IS UNAVAILABLE
IE_TRACE:                                 12:39:20.032595 line       614 SOURCE IS UNAVAILABLE
IE_TRACE:                                     Starting var:.. path = '/path/to/BugsInPy/workspace/scrapy/scrapy/crawler.py'
IE_TRACE:                                     Starting var:.. debug_override = None
IE_TRACE:                                     Starting var:.. optimization = None
IE_TRACE:                                     12:39:20.032619 call       482 SOURCE IS UNAVAILABLE
IE_TRACE:                                     12:39:20.032653 line       500 SOURCE IS UNAVAILABLE
IE_TRACE:                                     12:39:20.032673 line       507 SOURCE IS UNAVAILABLE
IE_TRACE:                                     12:39:20.032693 line       508 SOURCE IS UNAVAILABLE
IE_TRACE:                                     New var:....... head = '/path/to/BugsInPy/workspace/scrapy/scrapy'
IE_TRACE:                                     New var:....... tail = 'crawler.py'
IE_TRACE:                                     12:39:20.032739 line       509 SOURCE IS UNAVAILABLE
IE_TRACE:                                     New var:....... base = 'crawler'
IE_TRACE:                                     New var:....... sep = '.'
IE_TRACE:                                     New var:....... rest = 'py'
IE_TRACE:                                     12:39:20.032769 line       510 SOURCE IS UNAVAILABLE
IE_TRACE:                                     New var:....... tag = 'cpython-312'
IE_TRACE:                                     12:39:20.032806 line       511 SOURCE IS UNAVAILABLE
IE_TRACE:                                     12:39:20.032836 line       513 SOURCE IS UNAVAILABLE
IE_TRACE:                                     New var:....... almost_filename = 'crawler.cpython-312'
IE_TRACE:                                     12:39:20.032862 line       514 SOURCE IS UNAVAILABLE
IE_TRACE:                                     12:39:20.032891 line       515 SOURCE IS UNAVAILABLE
IE_TRACE:                                     12:39:20.032917 line       516 SOURCE IS UNAVAILABLE
IE_TRACE:                                     Modified var:.. optimization = ''
IE_TRACE:                                     12:39:20.032942 line       519 SOURCE IS UNAVAILABLE
IE_TRACE:                                     12:39:20.032972 line       520 SOURCE IS UNAVAILABLE
IE_TRACE:                                     12:39:20.032998 line       524 SOURCE IS UNAVAILABLE
IE_TRACE:                                     New var:....... filename = 'crawler.cpython-312.pyc'
IE_TRACE:                                     12:39:20.033023 line       525 SOURCE IS UNAVAILABLE
IE_TRACE:                                     12:39:20.033054 line       549 SOURCE IS UNAVAILABLE
IE_TRACE:                                     12:39:20.033089 return     549 SOURCE IS UNAVAILABLE
IE_TRACE:                                     Return value:.. '/path/to/BugsInPy/workspace/scrapy/scrapy/__pycache__/crawler.cpython-312.pyc'
IE_TRACE:                                 12:39:20.033122 return     614 SOURCE IS UNAVAILABLE
IE_TRACE:                                 Return value:.. '/path/to/BugsInPy/workspace/scrapy/scrapy/__pycache__/crawler.cpython-312.pyc'
IE_TRACE:                             Source path:... <frozen importlib._bootstrap>
IE_TRACE:                             12:39:20.033142 line       639 SOURCE IS UNAVAILABLE
IE_TRACE:                             12:39:20.033162 return     639 SOURCE IS UNAVAILABLE
IE_TRACE:                             Return value:.. '/path/to/BugsInPy/workspace/scrapy/scrapy/__pycache__/crawler.cpython-312.pyc'
IE_TRACE:                         12:39:20.033181 line       799 SOURCE IS UNAVAILABLE
IE_TRACE:                         12:39:20.033204 line       800 SOURCE IS UNAVAILABLE
IE_TRACE:                             Starting var:.. self = ModuleSpec(name='scrapy.crawler', loader=<_frozen_importlib_external.SourceFileLoader object at 0x7e5d7158ef90>, origin='/path/to/BugsInPy/workspace/scrapy/scrapy/crawler.py')
IE_TRACE:                             12:39:20.033225 call       632 SOURCE IS UNAVAILABLE
IE_TRACE:                             12:39:20.033244 line       634 SOURCE IS UNAVAILABLE
IE_TRACE:                             12:39:20.033259 line       639 SOURCE IS UNAVAILABLE
IE_TRACE:                             12:39:20.033273 return     639 SOURCE IS UNAVAILABLE
IE_TRACE:                             Return value:.. '/path/to/BugsInPy/workspace/scrapy/scrapy/__pycache__/crawler.cpython-312.pyc'
IE_TRACE:                         12:39:20.033293 line       803 SOURCE IS UNAVAILABLE
IE_TRACE:                         12:39:20.033312 return     803 SOURCE IS UNAVAILABLE
IE_TRACE:                         Return value:.. <module 'scrapy.crawler' from '/path/to/BugsInPy/workspace/scrapy/scrapy/crawler.py'>
IE_TRACE:                     Modified var:.. module = <module 'scrapy.crawler' from '/path/to/BugsInPy/workspace/scrapy/scrapy/crawler.py'>
IE_TRACE:                     12:39:20.033337 line       820 SOURCE IS UNAVAILABLE
IE_TRACE:                     12:39:20.033356 return     820 SOURCE IS UNAVAILABLE
IE_TRACE:                     Return value:.. <module 'scrapy.crawler' from '/path/to/BugsInPy/workspace/scrapy/scrapy/crawler.py'>
IE_TRACE:                 New var:....... module = <module 'scrapy.crawler' from '/path/to/BugsInPy/workspace/scrapy/scrapy/crawler.py'>
IE_TRACE:                 12:39:20.033377 line       926 SOURCE IS UNAVAILABLE
IE_TRACE:                 12:39:20.033396 line       927 SOURCE IS UNAVAILABLE
IE_TRACE:                 12:39:20.033411 line       928 SOURCE IS UNAVAILABLE
IE_TRACE:                 12:39:20.033426 line       929 SOURCE IS UNAVAILABLE
IE_TRACE:                 12:39:20.033441 line       930 SOURCE IS UNAVAILABLE
IE_TRACE:                 12:39:20.033456 line       935 SOURCE IS UNAVAILABLE
IE_TRACE:                     Source path:... <frozen importlib._bootstrap_external>
IE_TRACE:                     Starting var:.. self = <_frozen_importlib_external.SourceFileLoader object at 0x7e5d7158ef90>
IE_TRACE:                     Starting var:.. module = <module 'scrapy.crawler' from '/path/to/BugsInPy/workspace/scrapy/scrapy/crawler.py'>
IE_TRACE:                     12:39:20.033473 call       989 SOURCE IS UNAVAILABLE
IE_TRACE:                     12:39:20.033500 line       991 SOURCE IS UNAVAILABLE
IE_TRACE:                         Starting var:.. self = <_frozen_importlib_external.SourceFileLoader object at 0x7e5d7158ef90>
IE_TRACE:                         Starting var:.. fullname = 'scrapy.crawler'
IE_TRACE:                         12:39:20.033529 call      1062 SOURCE IS UNAVAILABLE
IE_TRACE:                         12:39:20.033557 line      1069 SOURCE IS UNAVAILABLE
IE_TRACE:                             Starting var:.. self = <_frozen_importlib_external.SourceFileLoader object at 0x7e5d7158ef90>
IE_TRACE:                             Starting var:.. name = 'scrapy.crawler'
IE_TRACE:                             Starting var:.. args = ()
IE_TRACE:                             Starting var:.. kwargs = {}
IE_TRACE:                             Starting var:.. method = <function FileLoader.get_filename at 0x7e5d73fa6ca0>
IE_TRACE:                             12:39:20.033576 call       643 SOURCE IS UNAVAILABLE
IE_TRACE:                             12:39:20.033616 line       644 SOURCE IS UNAVAILABLE
IE_TRACE:                             12:39:20.033636 line       646 SOURCE IS UNAVAILABLE
IE_TRACE:                             12:39:20.033655 line       649 SOURCE IS UNAVAILABLE
IE_TRACE:                                 Starting var:.. self = <_frozen_importlib_external.SourceFileLoader object at 0x7e5d7158ef90>
IE_TRACE:                                 Starting var:.. fullname = 'scrapy.crawler'
IE_TRACE:                                 12:39:20.033675 call      1178 SOURCE IS UNAVAILABLE
IE_TRACE:                                 12:39:20.033698 line      1181 SOURCE IS UNAVAILABLE
IE_TRACE:                                 12:39:20.033714 return    1181 SOURCE IS UNAVAILABLE
IE_TRACE:                                 Return value:.. '/path/to/BugsInPy/workspace/scrapy/scrapy/crawler.py'
IE_TRACE:                             12:39:20.033735 return     649 SOURCE IS UNAVAILABLE
IE_TRACE:                             Return value:.. '/path/to/BugsInPy/workspace/scrapy/scrapy/crawler.py'
IE_TRACE:                         New var:....... source_path = '/path/to/BugsInPy/workspace/scrapy/scrapy/crawler.py'
IE_TRACE:                         12:39:20.033760 line      1070 SOURCE IS UNAVAILABLE
IE_TRACE:                         New var:....... source_mtime = None
IE_TRACE:                         12:39:20.033782 line      1071 SOURCE IS UNAVAILABLE
IE_TRACE:                         New var:....... source_bytes = None
IE_TRACE:                         12:39:20.033805 line      1072 SOURCE IS UNAVAILABLE
IE_TRACE:                         New var:....... source_hash = None
IE_TRACE:                         12:39:20.033830 line      1073 SOURCE IS UNAVAILABLE
IE_TRACE:                         New var:....... hash_based = False
IE_TRACE:                         12:39:20.033855 line      1074 SOURCE IS UNAVAILABLE
IE_TRACE:                         New var:....... check_source = True
IE_TRACE:                         12:39:20.033881 line      1075 SOURCE IS UNAVAILABLE
IE_TRACE:                         12:39:20.033907 line      1076 SOURCE IS UNAVAILABLE
IE_TRACE:                             Starting var:.. path = '/path/to/BugsInPy/workspace/scrapy/scrapy/crawler.py'
IE_TRACE:                             Starting var:.. debug_override = None
IE_TRACE:                             Starting var:.. optimization = None
IE_TRACE:                             12:39:20.033932 call       482 SOURCE IS UNAVAILABLE
IE_TRACE:                             12:39:20.033960 line       500 SOURCE IS UNAVAILABLE
IE_TRACE:                             12:39:20.033979 line       507 SOURCE IS UNAVAILABLE
IE_TRACE:                             12:39:20.033998 line       508 SOURCE IS UNAVAILABLE
IE_TRACE:                                 Starting var:.. path = '/path/to/BugsInPy/workspace/scrapy/scrapy/crawler.py'
IE_TRACE:                                 12:39:20.034017 call       132 SOURCE IS UNAVAILABLE
IE_TRACE:                                 12:39:20.034038 line       134 SOURCE IS UNAVAILABLE
IE_TRACE:                                     Starting var:.. .0 = <str_ascii_iterator object at 0x7e5d714769e0>
IE_TRACE:                                     Starting var:.. path = '/path/to/BugsInPy/workspace/scrapy/scrapy/crawler.py'
IE_TRACE:                                     12:39:20.034055 call       134 SOURCE IS UNAVAILABLE
IE_TRACE:                                     12:39:20.034082 line       134 SOURCE IS UNAVAILABLE
IE_TRACE:                                     New var:....... p = '/'
IE_TRACE:                                     12:39:20.034100 return     134 SOURCE IS UNAVAILABLE
IE_TRACE:                                     Return value:.. 51
IE_TRACE:                                     Starting var:.. .0 = <str_ascii_iterator object at 0x7e5d714769e0>
IE_TRACE:                                     Starting var:.. p = '/'
IE_TRACE:                                     Starting var:.. path = '/path/to/BugsInPy/workspace/scrapy/scrapy/crawler.py'
IE_TRACE:                                     12:39:20.034128 call       134 SOURCE IS UNAVAILABLE
IE_TRACE:                                     12:39:20.034156 line       134 SOURCE IS UNAVAILABLE
IE_TRACE:                                     12:39:20.034174 return     134 SOURCE IS UNAVAILABLE
IE_TRACE:                                     Return value:.. None
IE_TRACE:                                 New var:....... i = 51
IE_TRACE:                                 12:39:20.034216 line       135 SOURCE IS UNAVAILABLE
IE_TRACE:                                 12:39:20.034237 line       137 SOURCE IS UNAVAILABLE
IE_TRACE:                                 12:39:20.034254 return     137 SOURCE IS UNAVAILABLE
IE_TRACE:                                 Return value:.. ('/path/to/BugsInPy/workspace/scrapy/scrapy', 'crawler.py')
IE_TRACE:                             New var:....... head = '/path/to/BugsInPy/workspace/scrapy/scrapy'
IE_TRACE:                             New var:....... tail = 'crawler.py'
IE_TRACE:                             12:39:20.034276 line       509 SOURCE IS UNAVAILABLE
IE_TRACE:                             New var:....... base = 'crawler'
IE_TRACE:                             New var:....... sep = '.'
IE_TRACE:                             New var:....... rest = 'py'
IE_TRACE:                             12:39:20.034304 line       510 SOURCE IS UNAVAILABLE
IE_TRACE:                             New var:....... tag = 'cpython-312'
IE_TRACE:                             12:39:20.034339 line       511 SOURCE IS UNAVAILABLE
IE_TRACE:                             12:39:20.034368 line       513 SOURCE IS UNAVAILABLE
IE_TRACE:                             New var:....... almost_filename = 'crawler.cpython-312'
IE_TRACE:                             12:39:20.034393 line       514 SOURCE IS UNAVAILABLE
IE_TRACE:                             12:39:20.034422 line       515 SOURCE IS UNAVAILABLE
IE_TRACE:                             12:39:20.034447 line       516 SOURCE IS UNAVAILABLE
IE_TRACE:                             Modified var:.. optimization = ''
IE_TRACE:                             12:39:20.034472 line       519 SOURCE IS UNAVAILABLE
IE_TRACE:                             12:39:20.034501 line       520 SOURCE IS UNAVAILABLE
IE_TRACE:                             12:39:20.034525 line       524 SOURCE IS UNAVAILABLE
IE_TRACE:                             New var:....... filename = 'crawler.cpython-312.pyc'
IE_TRACE:                             12:39:20.034550 line       525 SOURCE IS UNAVAILABLE
IE_TRACE:                             12:39:20.034580 line       549 SOURCE IS UNAVAILABLE
IE_TRACE:                                 Starting var:.. path_parts = ('/path/to/BugsInPy/workspace/scrapy/scrapy', '__pycache__', 'crawler.cpython-312.pyc')
IE_TRACE:                                 12:39:20.034607 call       126 SOURCE IS UNAVAILABLE
IE_TRACE:                                 12:39:20.034627 line       128 SOURCE IS UNAVAILABLE
IE_TRACE:                                 12:39:20.034643 line       129 SOURCE IS UNAVAILABLE
IE_TRACE:                                 12:39:20.034658 line       128 SOURCE IS UNAVAILABLE
IE_TRACE:                                 12:39:20.034674 line       129 SOURCE IS UNAVAILABLE
IE_TRACE:                                 New var:....... part = '/path/to/BugsInPy/workspace/scrapy/scrapy'
IE_TRACE:                                 12:39:20.034689 line       128 SOURCE IS UNAVAILABLE
IE_TRACE:     [CONDENSED] 1 identical loop iterations skipped (3 total iterations, showing first and last)
IE_TRACE:                                 12:39:20.034762 line       128 SOURCE IS UNAVAILABLE
IE_TRACE:                                 12:39:20.034779 line       129 SOURCE IS UNAVAILABLE
IE_TRACE:                                 Modified var:.. part = 'crawler.cpython-312.pyc'
IE_TRACE:                                 12:39:20.034795 line       128 SOURCE IS UNAVAILABLE
IE_TRACE:                                 12:39:20.034815 line       128 SOURCE IS UNAVAILABLE
IE_TRACE:                                 12:39:20.034831 return     128 SOURCE IS UNAVAILABLE
IE_TRACE:                                 Return value:.. '/path/to/BugsInPy/workspace/scrapy/scrapy/__pycache__/crawler.cpython-312.pyc'
IE_TRACE:                             12:39:20.034852 return     549 SOURCE IS UNAVAILABLE
IE_TRACE:                             Return value:.. '/path/to/BugsInPy/workspace/scrapy/scrapy/__pycache__/crawler.cpython-312.pyc'
IE_TRACE:                         New var:....... bytecode_path = '/path/to/BugsInPy/workspace/scrapy/scrapy/__pycache__/crawler.cpython-312.pyc'
IE_TRACE:                         12:39:20.034884 line      1080 SOURCE IS UNAVAILABLE
IE_TRACE:                         12:39:20.034913 line      1081 SOURCE IS UNAVAILABLE
IE_TRACE:                             Starting var:.. self = <_frozen_importlib_external.SourceFileLoader object at 0x7e5d7158ef90>
IE_TRACE:                             Starting var:.. path = '/path/to/BugsInPy/workspace/scrapy/scrapy/crawler.py'
IE_TRACE:                             12:39:20.034939 call      1202 SOURCE IS UNAVAILABLE
IE_TRACE:                             12:39:20.034963 line      1204 SOURCE IS UNAVAILABLE
IE_TRACE:                                 Starting var:.. path = '/path/to/BugsInPy/workspace/scrapy/scrapy/crawler.py'
IE_TRACE:                                 12:39:20.034980 call       140 SOURCE IS UNAVAILABLE
IE_TRACE:                                 12:39:20.034998 line       147 SOURCE IS UNAVAILABLE
IE_TRACE:                                 12:39:20.035015 return     147 SOURCE IS UNAVAILABLE
IE_TRACE:                                 Return value:.. os.stat_result(st_mode=33204, st_ino=3555188, st_dev=66309, st_nlink=1, st_uid=1000, st_gid=1000, st_size=11182, st_atime=1780556959, st_mtime=1780556959, st_ctime=1780556959)
IE_TRACE:                             New var:....... st = os.stat_result(st_mode=33204, st_ino=3555188, st_dev=66309, st_nlink=1, st_uid=1000, st_gid=1000, st_size=11182, st_atime=1780556959, st_mtime=1780556959, st_ctime=1780556959)
IE_TRACE:                             12:39:20.035036 line      1205 SOURCE IS UNAVAILABLE
IE_TRACE:                             12:39:20.035059 return    1205 SOURCE IS UNAVAILABLE
IE_TRACE:                             Return value:.. {'mtime': 1780556959.6730201, 'size': 11182}
IE_TRACE:                         New var:....... st = {'mtime': 1780556959.6730201, 'size': 11182}
IE_TRACE:                         12:39:20.035084 line      1085 SOURCE IS UNAVAILABLE
IE_TRACE:                         Modified var:.. source_mtime = 1780556959
IE_TRACE:                         12:39:20.035115 line      1086 SOURCE IS UNAVAILABLE
IE_TRACE:                         12:39:20.035146 line      1087 SOURCE IS UNAVAILABLE
IE_TRACE:                             Starting var:.. self = <_frozen_importlib_external.SourceFileLoader object at 0x7e5d7158ef90>
IE_TRACE:                             Starting var:.. path = '/path/to/BugsInPy/workspace/scrapy/scrapy/__pycache__/crawler.cpython-312.pyc'
IE_TRACE:                             12:39:20.035173 call      1183 SOURCE IS UNAVAILABLE
IE_TRACE:                             12:39:20.035199 line      1185 SOURCE IS UNAVAILABLE
IE_TRACE:                             12:39:20.035216 line      1186 SOURCE IS UNAVAILABLE
IE_TRACE:                             New var:....... file = <_io.BufferedReader name='/path/to/BugsInPy/workspace/scrapy/scrapy/__pycache__/crawler.cpython-312.pyc'>
IE_TRACE:                             12:39:20.035241 line      1187 SOURCE IS UNAVAILABLE
IE_TRACE:                             12:39:20.035276 line      1186 SOURCE IS UNAVAILABLE
IE_TRACE:                             12:39:20.035297 return    1186 SOURCE IS UNAVAILABLE
IE_TRACE:                             Return value:.. bytes(len=17750)
IE_TRACE:                         New var:....... data = bytes(len=17750)
IE_TRACE:                         12:39:20.035320 line      1092 SOURCE IS UNAVAILABLE
IE_TRACE:                         12:39:20.035353 line      1093 SOURCE IS UNAVAILABLE
IE_TRACE:                         12:39:20.035380 line      1091 SOURCE IS UNAVAILABLE
IE_TRACE:                         New var:....... exc_details = {'name': 'scrapy.crawler', 'path': '/path/to/BugsInPy/workspace/scrapy/scrapy/__pycache__/crawler.cpython-312.pyc'}
IE_TRACE:                         12:39:20.035407 line      1095 SOURCE IS UNAVAILABLE
IE_TRACE:                         12:39:20.035439 line      1096 SOURCE IS UNAVAILABLE
IE_TRACE:                             Starting var:.. data = bytes(len=17750)
IE_TRACE:                             Starting var:.. name = 'scrapy.crawler'
IE_TRACE:                             Starting var:.. exc_details = {'name': 'scrapy.crawler', 'path': '/path/to/BugsInPy/workspace/scrapy/scrapy/__pycache__/crawler.cpython-312.pyc'}
IE_TRACE:                             12:39:20.035473 call       666 SOURCE IS UNAVAILABLE
IE_TRACE:                             12:39:20.035504 line       682 SOURCE IS UNAVAILABLE
IE_TRACE:                             New var:....... magic = b'\xcb\r\r\n'
IE_TRACE:                             12:39:20.035523 line       683 SOURCE IS UNAVAILABLE
IE_TRACE:                             12:39:20.035546 line       687 SOURCE IS UNAVAILABLE
IE_TRACE:                             12:39:20.035566 line       691 SOURCE IS UNAVAILABLE
IE_TRACE:                                 Starting var:.. data = b'\x00\x00\x00\x00'
IE_TRACE:                                 12:39:20.035586 call        84 SOURCE IS UNAVAILABLE
IE_TRACE:                                 12:39:20.035606 line        86 SOURCE IS UNAVAILABLE
IE_TRACE:                                 12:39:20.035621 line        87 SOURCE IS UNAVAILABLE
IE_TRACE:                                 12:39:20.035636 return      87 SOURCE IS UNAVAILABLE
IE_TRACE:                                 Return value:.. 0
IE_TRACE:                             New var:....... flags = 0
IE_TRACE:                             12:39:20.035656 line       693 SOURCE IS UNAVAILABLE
IE_TRACE:                             12:39:20.035680 line       696 SOURCE IS UNAVAILABLE
IE_TRACE:                             12:39:20.035700 return     696 SOURCE IS UNAVAILABLE
IE_TRACE:                             Return value:.. 0
IE_TRACE:                         New var:....... flags = 0
IE_TRACE:                         12:39:20.035725 line      1097 SOURCE IS UNAVAILABLE
IE_TRACE:                         New var:....... bytes_data = <memory at 0x7e5d71582440>
IE_TRACE:                         12:39:20.035760 line      1098 SOURCE IS UNAVAILABLE
IE_TRACE:                         12:39:20.035795 line      1099 SOURCE IS UNAVAILABLE
IE_TRACE:                         12:39:20.035826 line      1112 SOURCE IS UNAVAILABLE
IE_TRACE:                         12:39:20.035856 line      1113 SOURCE IS UNAVAILABLE
IE_TRACE:                         12:39:20.035886 line      1114 SOURCE IS UNAVAILABLE
IE_TRACE:                         12:39:20.035916 line      1115 SOURCE IS UNAVAILABLE
IE_TRACE:                         12:39:20.035946 line      1116 SOURCE IS UNAVAILABLE
IE_TRACE:                         12:39:20.035976 line      1117 SOURCE IS UNAVAILABLE
IE_TRACE:                         12:39:20.036006 line      1112 SOURCE IS UNAVAILABLE
IE_TRACE:                             Starting var:.. data = bytes(len=17750)
IE_TRACE:                             Starting var:.. source_mtime = 1780556959
IE_TRACE:                             Starting var:.. source_size = 11182
IE_TRACE:                             Starting var:.. name = 'scrapy.crawler'
IE_TRACE:                             Starting var:.. exc_details = {'name': 'scrapy.crawler', 'path': '/path/to/BugsInPy/workspace/scrapy/scrapy/__pycache__/crawler.cpython-312.pyc'}
IE_TRACE:                             12:39:20.036039 call       699 SOURCE IS UNAVAILABLE
IE_TRACE:                             12:39:20.036076 line       718 SOURCE IS UNAVAILABLE
IE_TRACE:                                 Starting var:.. data = b'\xb7"!j'
IE_TRACE:                                 12:39:20.036097 call        84 SOURCE IS UNAVAILABLE
IE_TRACE:                                 12:39:20.036115 line        86 SOURCE IS UNAVAILABLE
IE_TRACE:                                 12:39:20.036130 line        87 SOURCE IS UNAVAILABLE
IE_TRACE:                                 12:39:20.036144 return      87 SOURCE IS UNAVAILABLE
IE_TRACE:                                 Return value:.. 1780556471
IE_TRACE:                             12:39:20.036164 line       719 SOURCE IS UNAVAILABLE
IE_TRACE:                             New var:....... message = "bytecode is stale for 'scrapy.crawler'"
IE_TRACE:                             12:39:20.036184 line       720 SOURCE IS UNAVAILABLE
IE_TRACE:                                 Source path:... <frozen importlib._bootstrap>
IE_TRACE:                                 Starting var:.. message = '{}'
IE_TRACE:                                 Starting var:.. verbosity = 1
IE_TRACE:                                 Starting var:.. args = ("bytecode is stale for 'scrapy.crawler'",)
IE_TRACE:                                 12:39:20.036212 call       491 SOURCE IS UNAVAILABLE
IE_TRACE:                                 12:39:20.036243 line       493 SOURCE IS UNAVAILABLE
IE_TRACE:                                 12:39:20.036261 return     493 SOURCE IS UNAVAILABLE
IE_TRACE:                                 Return value:.. None
IE_TRACE:                             Source path:... <frozen importlib._bootstrap_external>
IE_TRACE:                             12:39:20.036283 line       721 SOURCE IS UNAVAILABLE
IE_TRACE:                             12:39:20.036310 exception  721 SOURCE IS UNAVAILABLE
IE_TRACE:                             Exception:..... ImportError: bytecode is stale for 'scrapy.crawler'
IE_TRACE:                             Call ended by exception
IE_TRACE:                         12:39:20.036376 exception 1112 SOURCE IS UNAVAILABLE
IE_TRACE:                         Exception:..... ImportError: bytecode is stale for 'scrapy.crawler'
IE_TRACE:                         12:39:20.036423 line      1119 SOURCE IS UNAVAILABLE
IE_TRACE:                         12:39:20.036456 line      1120 SOURCE IS UNAVAILABLE
IE_TRACE:                         12:39:20.036488 line      1127 SOURCE IS UNAVAILABLE
IE_TRACE:                         12:39:20.036518 line      1128 SOURCE IS UNAVAILABLE
IE_TRACE:                             Starting var:.. self = <_frozen_importlib_external.SourceFileLoader object at 0x7e5d7158ef90>
IE_TRACE:                             Starting var:.. path = '/path/to/BugsInPy/workspace/scrapy/scrapy/crawler.py'
IE_TRACE:                             12:39:20.036549 call      1183 SOURCE IS UNAVAILABLE
IE_TRACE:                             12:39:20.036573 line      1185 SOURCE IS UNAVAILABLE
IE_TRACE:                             12:39:20.036589 line      1186 SOURCE IS UNAVAILABLE
IE_TRACE:                             New var:....... file = <_io.BufferedReader name='/path/to/BugsInPy/workspace/scrapy/scrapy/crawler.py'>
IE_TRACE:                             12:39:20.036611 line      1187 SOURCE IS UNAVAILABLE
IE_TRACE:                             12:39:20.036638 line      1186 SOURCE IS UNAVAILABLE
IE_TRACE:                             12:39:20.036657 return    1186 SOURCE IS UNAVAILABLE
IE_TRACE:                             Return value:.. bytes(len=11182)
IE_TRACE:                         Modified var:.. source_bytes = bytes(len=11182)
IE_TRACE:                         12:39:20.036680 line      1129 SOURCE IS UNAVAILABLE
IE_TRACE:                             Starting var:.. self = <_frozen_importlib_external.SourceFileLoader object at 0x7e5d7158ef90>
IE_TRACE:                             Starting var:.. data = bytes(len=11182)
IE_TRACE:                             Starting var:.. path = '/path/to/BugsInPy/workspace/scrapy/scrapy/crawler.py'
IE_TRACE:                             Starting var:.. _optimize = -1
IE_TRACE:                             12:39:20.036717 call      1054 SOURCE IS UNAVAILABLE
IE_TRACE:                             12:39:20.036749 line      1059 SOURCE IS UNAVAILABLE
IE_TRACE:                             12:39:20.036768 line      1060 SOURCE IS UNAVAILABLE
IE_TRACE:                             12:39:20.036786 line      1059 SOURCE IS UNAVAILABLE
IE_TRACE:                                 Source path:... <frozen importlib._bootstrap>
IE_TRACE:                                 Starting var:.. f = <built-in function compile>
IE_TRACE:                                 Starting var:.. args = (b'import six\nimport signal\nimport logging\nimport warnings\n\nfrom twisted.internet import reactor, defer\nfrom zope.interface.verify import verifyClass, DoesNotImplement\n\nfrom scrapy.core.engine import ExecutionEngine\nfrom scrapy.resolver im... to avoid unexpected runtime errors.\',\n            category=ScrapyDeprecationWarning, stacklevel=2\n        )\n    return loader_cls.from_settings(settings.frozencopy())\n', '/path/to/BugsInPy/workspace/scrapy/scrapy/crawler.py', 'exec')
IE_TRACE:                                 Starting var:.. kwds = {'dont_inherit': True, 'optimize': -1}
IE_TRACE:                                 12:39:20.036805 call       480 SOURCE IS UNAVAILABLE
IE_TRACE:                                 12:39:20.036896 line       488 SOURCE IS UNAVAILABLE
IE_TRACE:                                 12:39:20.038338 return     488 SOURCE IS UNAVAILABLE
IE_TRACE:                                 Return value:.. <code object <module> at 0x7e5d7154b630, file "/path/to/BugsInPy/workspace/scrapy/scrapy/crawler.py", line 1>
IE_TRACE:                             Source path:... <frozen importlib._bootstrap_external>
IE_TRACE:                             12:39:20.038444 return    1059 SOURCE IS UNAVAILABLE
IE_TRACE:                             Return value:.. <code object <module> at 0x7e5d7154b630, file "/path/to/BugsInPy/workspace/scrapy/scrapy/crawler.py", line 1>
IE_TRACE:                         New var:....... code_object = <code object <module> at 0x7e5d7154b630, file "/path/to/BugsInPy/workspace/scrapy/scrapy/crawler.py", line 1>
IE_TRACE:                         12:39:20.038481 line      1130 SOURCE IS UNAVAILABLE
IE_TRACE:                             Source path:... <frozen importlib._bootstrap>
IE_TRACE:                             Starting var:.. message = 'code object from {}'
IE_TRACE:                             Starting var:.. verbosity = 1
IE_TRACE:                             Starting var:.. args = ('/path/to/BugsInPy/workspace/scrapy/scrapy/crawler.py',)
IE_TRACE:                             12:39:20.038528 call       491 SOURCE IS UNAVAILABLE
IE_TRACE:                             12:39:20.038564 line       493 SOURCE IS UNAVAILABLE
IE_TRACE:                             12:39:20.038583 return     493 SOURCE IS UNAVAILABLE
IE_TRACE:                             Return value:.. None
IE_TRACE:                         Source path:... <frozen importlib._bootstrap_external>
IE_TRACE:                         12:39:20.038608 line      1131 SOURCE IS UNAVAILABLE
IE_TRACE:                         12:39:20.038649 line      1132 SOURCE IS UNAVAILABLE
IE_TRACE:                         12:39:20.038683 line      1133 SOURCE IS UNAVAILABLE
IE_TRACE:                         12:39:20.038717 line      1139 SOURCE IS UNAVAILABLE
IE_TRACE:                         12:39:20.038749 line      1140 SOURCE IS UNAVAILABLE
IE_TRACE:                         12:39:20.038782 line      1139 SOURCE IS UNAVAILABLE
IE_TRACE:                             Starting var:.. code = <code object <module> at 0x7e5d7154b630, file "/path/to/BugsInPy/workspace/scrapy/scrapy/crawler.py", line 1>
IE_TRACE:                             Starting var:.. mtime = 1780556959
IE_TRACE:                             Starting var:.. source_size = 11182
IE_TRACE:                             12:39:20.038817 call       764 SOURCE IS UNAVAILABLE
IE_TRACE:                             12:39:20.038849 line       766 SOURCE IS UNAVAILABLE
IE_TRACE:                             New var:....... data = bytearray(b'\xcb\r\r\n')
IE_TRACE:                             12:39:20.038868 line       767 SOURCE IS UNAVAILABLE
IE_TRACE:                                 Starting var:.. x = 0
IE_TRACE:                                 12:39:20.038893 call        79 SOURCE IS UNAVAILABLE
IE_TRACE:                                 12:39:20.038914 line        81 SOURCE IS UNAVAILABLE
IE_TRACE:                                 12:39:20.038930 return      81 SOURCE IS UNAVAILABLE
IE_TRACE:                                 Return value:.. b'\x00\x00\x00\x00'
IE_TRACE:                             Modified var:.. data = bytearray(b'\xcb\r\r\n\x00\x00\x00\x00')
IE_TRACE:                             12:39:20.038952 line       768 SOURCE IS UNAVAILABLE
IE_TRACE:                                 Starting var:.. x = 1780556959
IE_TRACE:                                 12:39:20.038975 call        79 SOURCE IS UNAVAILABLE
IE_TRACE:                                 12:39:20.038994 line        81 SOURCE IS UNAVAILABLE
IE_TRACE:                                 12:39:20.039009 return      81 SOURCE IS UNAVAILABLE
IE_TRACE:                                 Return value:.. b'\x9f$!j'
IE_TRACE:                             Modified var:.. data = bytearray(b'\xcb\r\r\n\x00\x00\x00\x00\x9f$!j')
IE_TRACE:                             12:39:20.039029 line       769 SOURCE IS UNAVAILABLE
IE_TRACE:                                 Starting var:.. x = 11182
IE_TRACE:                                 12:39:20.039051 call        79 SOURCE IS UNAVAILABLE
IE_TRACE:                                 12:39:20.039069 line        81 SOURCE IS UNAVAILABLE
IE_TRACE:                                 12:39:20.039084 return      81 SOURCE IS UNAVAILABLE
IE_TRACE:                                 Return value:.. b'\xae+\x00\x00'
IE_TRACE:                             Modified var:.. data = bytearray(b'\xcb\r\r\n\x00\x00\x00\x00\x9f$!j\xae+\x00\x00')
IE_TRACE:                             12:39:20.039103 line       770 SOURCE IS UNAVAILABLE
IE_TRACE:                             Modified var:.. data = bytearray(b'\xcb\r\r\n\x00\x00\x00\x00\x9f$!j\xae+\x00\x00\xe3\x00\x00\x00\x00\x00\x00\x00\x00\x00\x00\x00\x00\x05\x00\x00\x00\x00\x00\x00\x00\xf3@\x01\x00\x00\x97\x00d\x00d\x01l\x00Z\x00d\x00d\x01l\x01Z\x01d\x00d\x01l\x02Z\x02d\x00d\x01l\x03Z\x03d...\x00R\xd1\x00R\xdd\x00\x1a\xe0\t\x1a\x88\x17\xd7\t\x1a\xd1\t\x1a\x988\xd3\t$\x80\x06\xf4\x06A\x01\x018\x88f\xf4\x00A\x01\x018\xf4H\x02_\x01\x013\x90F\xf4\x00_\x01\x013\xf4D\x03U\x01\x01\x11\x90]\xf4\x00U\x01\x01\x11\xf3p\x02\x14\x01;r$\x00\x00\x00')
IE_TRACE:                             12:39:20.039162 line       771 SOURCE IS UNAVAILABLE
IE_TRACE:                             12:39:20.039278 return     771 SOURCE IS UNAVAILABLE
IE_TRACE:                             Return value:.. bytearray(b'\xcb\r\r\n\x00\x00\x00\x00\x9f$!j\xae+\x00\x00\xe3\x00\x00\x00\x00\x00\x00\x00\x00\x00\x00\x00\x00\x05\x00\x00\x00\x00\x00\x00\x00\xf3@\x01\x00\x00\x97\x00d\x00d\x01l\x00Z\x00d\x00d\x01l\x01Z\x01d\x00d\x01l\x02Z\x02d\x00d\x01l\x03Z\x03d...\x00R\xd1\x00R\xdd\x00\x1a\xe0\t\x1a\x88\x17\xd7\t\x1a\xd1\t\x1a\x988\xd3\t$\x80\x06\xf4\x06A\x01\x018\x88f\xf4\x00A\x01\x018\xf4H\x02_\x01\x013\x90F\xf4\x00_\x01\x013\xf4D\x03U\x01\x01\x11\x90]\xf4\x00U\x01\x01\x11\xf3p\x02\x14\x01;r$\x00\x00\x00')
IE_TRACE:                         Modified var:.. data = bytearray(b'\xcb\r\r\n\x00\x00\x00\x00\x9f$!j\xae+\x00\x00\xe3\x00\x00\x00\x00\x00\x00\x00\x00\x00\x00\x00\x00\x05\x00\x00\x00\x00\x00\x00\x00\xf3@\x01\x00\x00\x97\x00d\x00d\x01l\x00Z\x00d\x00d\x01l\x01Z\x01d\x00d\x01l\x02Z\x02d\x00d\x01l\x03Z\x03d...\x00R\xd1\x00R\xdd\x00\x1a\xe0\t\x1a\x88\x17\xd7\t\x1a\xd1\t\x1a\x988\xd3\t$\x80\x06\xf4\x06A\x01\x018\x88f\xf4\x00A\x01\x018\xf4H\x02_\x01\x013\x90F\xf4\x00_\x01\x013\xf4D\x03U\x01\x01\x11\x90]\xf4\x00U\x01\x01\x11\xf3p\x02\x14\x01;r$\x00\x00\x00')
IE_TRACE:                         12:39:20.039442 line      1141 SOURCE IS UNAVAILABLE
IE_TRACE:                         12:39:20.039542 line      1142 SOURCE IS UNAVAILABLE
IE_TRACE:                             Starting var:.. self = <_frozen_importlib_external.SourceFileLoader object at 0x7e5d7158ef90>
IE_TRACE:                             Starting var:.. source_path = '/path/to/BugsInPy/workspace/scrapy/scrapy/crawler.py'
IE_TRACE:                             Starting var:.. bytecode_path = '/path/to/BugsInPy/workspace/scrapy/scrapy/__pycache__/crawler.cpython-312.pyc'
IE_TRACE:                             Starting var:.. data = bytearray(b'\xcb\r\r\n\x00\x00\x00\x00\x9f$!j\xae+\x00\x00\xe3\x00\x00\x00\x00\x00\x00\x00\x00\x00\x00\x00\x00\x05\x00\x00\x00\x00\x00\x00\x00\xf3@\x01\x00\x00\x97\x00d\x00d\x01l\x00Z\x00d\x00d\x01l\x01Z\x01d\x00d\x01l\x02Z\x02d\x00d\x01l\x03Z\x03d...\x00R\xd1\x00R\xdd\x00\x1a\xe0\t\x1a\x88\x17\xd7\t\x1a\xd1\t\x1a\x988\xd3\t$\x80\x06\xf4\x06A\x01\x018\x88f\xf4\x00A\x01\x018\xf4H\x02_\x01\x013\x90F\xf4\x00_\x01\x013\xf4D\x03U\x01\x01\x11\x90]\xf4\x00U\x01\x01\x11\xf3p\x02\x14\x01;r$\x00\x00\x00')
IE_TRACE:                             12:39:20.039633 call      1207 SOURCE IS UNAVAILABLE
IE_TRACE:                             12:39:20.039725 line      1209 SOURCE IS UNAVAILABLE
IE_TRACE:                                 Starting var:.. path = '/path/to/BugsInPy/workspace/scrapy/scrapy/crawler.py'
IE_TRACE:                                 12:39:20.039800 call       623 SOURCE IS UNAVAILABLE
IE_TRACE:                                 12:39:20.039820 line       625 SOURCE IS UNAVAILABLE
IE_TRACE:                                 12:39:20.039836 line       626 SOURCE IS UNAVAILABLE
IE_TRACE:                                     Starting var:.. path = '/path/to/BugsInPy/workspace/scrapy/scrapy/crawler.py'
IE_TRACE:                                     12:39:20.039851 call       140 SOURCE IS UNAVAILABLE
IE_TRACE:                                     12:39:20.039870 line       147 SOURCE IS UNAVAILABLE
IE_TRACE:                                     12:39:20.039891 return     147 SOURCE IS UNAVAILABLE
IE_TRACE:                                     Return value:.. os.stat_result(st_mode=33204, st_ino=3555188, st_dev=66309, st_nlink=1, st_uid=1000, st_gid=1000, st_size=11182, st_atime=1780556959, st_mtime=1780556959, st_ctime=1780556959)
IE_TRACE:                                 New var:....... mode = 33204
IE_TRACE:                                 12:39:20.039915 line       631 SOURCE IS UNAVAILABLE
IE_TRACE:                                 12:39:20.039935 line       632 SOURCE IS UNAVAILABLE
IE_TRACE:                                 12:39:20.039951 return     632 SOURCE IS UNAVAILABLE
IE_TRACE:                                 Return value:.. 33204
IE_TRACE:                             New var:....... mode = 33204
IE_TRACE:                             12:39:20.039972 line      1210 SOURCE IS UNAVAILABLE
IE_TRACE:                                 Starting var:.. self = <_frozen_importlib_external.SourceFileLoader object at 0x7e5d7158ef90>
IE_TRACE:                                 Starting var:.. path = '/path/to/BugsInPy/workspace/scrapy/scrapy/__pycache__/crawler.cpython-312.pyc'
IE_TRACE:                                 Starting var:.. data = bytearray(b'\xcb\r\r\n\x00\x00\x00\x00\x9f$!j\xae+\x00\x00\xe3\x00\x00\x00\x00\x00\x00\x00\x00\x00\x00\x00\x00\x05\x00\x00\x00\x00\x00\x00\x00\xf3@\x01\x00\x00\x97\x00d\x00d\x01l\x00Z\x00d\x00d\x01l\x01Z\x01d\x00d\x01l\x02Z\x02d\x00d\x01l\x03Z\x03d...\x00R\xd1\x00R\xdd\x00\x1a\xe0\t\x1a\x88\x17\xd7\t\x1a\xd1\t\x1a\x988\xd3\t$\x80\x06\xf4\x06A\x01\x018\x88f\xf4\x00A\x01\x018\xf4H\x02_\x01\x013\x90F\xf4\x00_\x01\x013\xf4D\x03U\x01\x01\x11\x90]\xf4\x00U\x01\x01\x11\xf3p\x02\x14\x01;r$\x00\x00\x00')
IE_TRACE:                                 Starting var:.. _mode = 33204
IE_TRACE:                                 12:39:20.040058 call      1212 SOURCE IS UNAVAILABLE
IE_TRACE:                                 12:39:20.040150 line      1214 SOURCE IS UNAVAILABLE
IE_TRACE:                                     Starting var:.. path = '/path/to/BugsInPy/workspace/scrapy/scrapy/__pycache__/crawler.cpython-312.pyc'
IE_TRACE:                                     12:39:20.040229 call       132 SOURCE IS UNAVAILABLE
IE_TRACE:                                     12:39:20.040253 line       134 SOURCE IS UNAVAILABLE
IE_TRACE:                                     New var:....... i = 63
IE_TRACE:                                     12:39:20.040285 line       135 SOURCE IS UNAVAILABLE
IE_TRACE:                                     12:39:20.040306 line       137 SOURCE IS UNAVAILABLE
IE_TRACE:                                     12:39:20.040323 return     137 SOURCE IS UNAVAILABLE
IE_TRACE:                                     Return value:.. ('/path/to/BugsInPy/workspace/scrapy/scrapy/__pycache__', 'crawler.cpython-312.pyc')
IE_TRACE:                                 New var:....... parent = '/path/to/BugsInPy/workspace/scrapy/scrapy/__pycache__'
IE_TRACE:                                 New var:....... filename = 'crawler.cpython-312.pyc'
IE_TRACE:                                 12:39:20.040346 line      1215 SOURCE IS UNAVAILABLE
IE_TRACE:                                 New var:....... path_parts = []
IE_TRACE:                                 12:39:20.040430 line      1217 SOURCE IS UNAVAILABLE
IE_TRACE:                                     Starting var:.. path = '/path/to/BugsInPy/workspace/scrapy/scrapy/__pycache__'
IE_TRACE:                                     12:39:20.040512 call       164 SOURCE IS UNAVAILABLE
IE_TRACE:                                     12:39:20.040532 line       166 SOURCE IS UNAVAILABLE
IE_TRACE:                                     12:39:20.040547 line       168 SOURCE IS UNAVAILABLE
IE_TRACE:                                     12:39:20.040579 return     168 SOURCE IS UNAVAILABLE
IE_TRACE:                                     Return value:.. True
IE_TRACE:                                 12:39:20.040600 line      1221 SOURCE IS UNAVAILABLE
IE_TRACE:                                 12:39:20.040678 line      1234 SOURCE IS UNAVAILABLE
IE_TRACE:                                 12:39:20.040755 line      1235 SOURCE IS UNAVAILABLE
IE_TRACE:                                     Starting var:.. path = '/path/to/BugsInPy/workspace/scrapy/scrapy/__pycache__/crawler.cpython-312.pyc'
IE_TRACE:                                     Starting var:.. data = bytearray(b'\xcb\r\r\n\x00\x00\x00\x00\x9f$!j\xae+\x00\x00\xe3\x00\x00\x00\x00\x00\x00\x00\x00\x00\x00\x00\x00\x05\x00\x00\x00\x00\x00\x00\x00\xf3@\x01\x00\x00\x97\x00d\x00d\x01l\x00Z\x00d\x00d\x01l\x01Z\x01d\x00d\x01l\x02Z\x02d\x00d\x01l\x03Z\x03d...\x00R\xd1\x00R\xdd\x00\x1a\xe0\t\x1a\x88\x17\xd7\t\x1a\xd1\t\x1a\x988\xd3\t$\x80\x06\xf4\x06A\x01\x018\x88f\xf4\x00A\x01\x018\xf4H\x02_\x01\x013\x90F\xf4\x00_\x01\x013\xf4D\x03U\x01\x01\x11\x90]\xf4\x00U\x01\x01\x11\xf3p\x02\x14\x01;r$\x00\x00\x00')
IE_TRACE:                                     Starting var:.. mode = 33204
IE_TRACE:                                     12:39:20.040836 call       195 SOURCE IS UNAVAILABLE
IE_TRACE:                                     12:39:20.040921 line       200 SOURCE IS UNAVAILABLE
IE_TRACE:                                     New var:....... path_tmp = '/path/to/BugsInPy/workspace/scrapy/scrapy/__pycache__/crawler.cpython-312.pyc.138939797658416'
IE_TRACE:                                     12:39:20.040994 line       201 SOURCE IS UNAVAILABLE
IE_TRACE:                                     12:39:20.041070 line       202 SOURCE IS UNAVAILABLE
IE_TRACE:                                     12:39:20.041143 line       201 SOURCE IS UNAVAILABLE
IE_TRACE:                                     New var:....... fd = 3
IE_TRACE:                                     12:39:20.041243 line       203 SOURCE IS UNAVAILABLE
IE_TRACE:                                     12:39:20.041325 line       206 SOURCE IS UNAVAILABLE
IE_TRACE:                                     New var:....... file = <_io.FileIO name=3 mode='wb' closefd=True>
IE_TRACE:                                     12:39:20.041401 line       207 SOURCE IS UNAVAILABLE
IE_TRACE:                                     12:39:20.041501 line       206 SOURCE IS UNAVAILABLE
IE_TRACE:                                     Modified var:.. file = <_io.FileIO [closed]>
IE_TRACE:                                     12:39:20.041581 line       208 SOURCE IS UNAVAILABLE
IE_TRACE:                                     12:39:20.041738 return     208 SOURCE IS UNAVAILABLE
IE_TRACE:                                     Return value:.. None
IE_TRACE:                                 12:39:20.041843 line      1236 SOURCE IS UNAVAILABLE
IE_TRACE:                                     Source path:... <frozen importlib._bootstrap>
IE_TRACE:                                     Starting var:.. message = 'created {!r}'
IE_TRACE:                                     Starting var:.. verbosity = 1
IE_TRACE:                                     Starting var:.. args = ('/path/to/BugsInPy/workspace/scrapy/scrapy/__pycache__/crawler.cpython-312.pyc',)
IE_TRACE:                                     12:39:20.041925 call       491 SOURCE IS UNAVAILABLE
IE_TRACE:                                     12:39:20.041960 line       493 SOURCE IS UNAVAILABLE
IE_TRACE:                                     12:39:20.041979 return     493 SOURCE IS UNAVAILABLE
IE_TRACE:                                     Return value:.. None
IE_TRACE:                                 Source path:... <frozen importlib._bootstrap_external>
IE_TRACE:                                 12:39:20.042003 return    1236 SOURCE IS UNAVAILABLE
IE_TRACE:                                 Return value:.. None
IE_TRACE:                             12:39:20.042089 return    1210 SOURCE IS UNAVAILABLE
IE_TRACE:                             Return value:.. None
IE_TRACE:                         12:39:20.042167 line      1145 SOURCE IS UNAVAILABLE
IE_TRACE:                         12:39:20.042263 return    1145 SOURCE IS UNAVAILABLE
IE_TRACE:                         Return value:.. <code object <module> at 0x7e5d7154b630, file "/path/to/BugsInPy/workspace/scrapy/scrapy/crawler.py", line 1>
IE_TRACE:                     New var:....... code = <code object <module> at 0x7e5d7154b630, file "/path/to/BugsInPy/workspace/scrapy/scrapy/crawler.py", line 1>
IE_TRACE:                     12:39:20.042359 line       992 SOURCE IS UNAVAILABLE
IE_TRACE:                     12:39:20.042384 line       995 SOURCE IS UNAVAILABLE
IE_TRACE:                         Source path:... <frozen importlib._bootstrap>
IE_TRACE:                         Starting var:.. f = <built-in function exec>
IE_TRACE:                         Starting var:.. args = (<code object <module> at 0x7e5d7154b630, file "/path/to/BugsInPy/workspace/scrapy/scrapy/crawler.py", line 1>, {'__name__': 'scrapy.crawler', '__doc__': None, '__package__': 'scrapy', '__loader__': <_frozen_importlib_external.SourceFileL.../path/to/BugsInPy/workspace/scrapy/scrapy/crawler.py'), '__file__': '/path/to/BugsInPy/workspace/scrapy/scrapy/crawler.py', '__cached__': '/path/to/BugsInPy/workspace/scrapy/scrapy/__pycache__/crawler.cpython-312.pyc'})
IE_TRACE:                         Starting var:.. kwds = {}
IE_TRACE:                         12:39:20.042402 call       480 SOURCE IS UNAVAILABLE
IE_TRACE:                         12:39:20.042442 line       488 SOURCE IS UNAVAILABLE
IE_TRACE:                             Source path:... /path/to/BugsInPy/workspace/scrapy/scrapy/crawler.py
IE_TRACE:                             Starting var:.. __name__ = 'scrapy.crawler'
IE_TRACE:                             Starting var:.. __doc__ = None
IE_TRACE:                             Starting var:.. __package__ = 'scrapy'
IE_TRACE:                             Starting var:.. __loader__ = <_frozen_importlib_external.SourceFileLoader object at 0x7e5d7158ef90>
IE_TRACE:                             Starting var:.. __spec__ = ModuleSpec(name='scrapy.crawler', loader=<_frozen_importlib_external.SourceFileLoader object at 0x7e5d7158ef90>, origin='/path/to/BugsInPy/workspace/scrapy/scrapy/crawler.py')
IE_TRACE:                             Starting var:.. __file__ = '/path/to/BugsInPy/workspace/scrapy/scrapy/crawler.py'
IE_TRACE:                             Starting var:.. __cached__ = '/path/to/BugsInPy/workspace/scrapy/scrapy/__pycache__/crawler.cpython-312.pyc'
IE_TRACE:                             Starting var:.. __builtins__ = dict(len=157)
IE_TRACE:                             12:39:20.042477 call         0     return loader_cls.from_settings(settings.frozencopy())
IE_TRACE:                             12:39:20.042599 line         1 import six
IE_TRACE:                             New var:....... six = <module 'six' from '/path/to/.venv/lib/python3.12/site-packages/six.py'>
IE_TRACE:                             12:39:20.042632 line         2 import signal
IE_TRACE:                             New var:....... signal = <module 'signal' from '/usr/lib/python3.12/signal.py'>
IE_TRACE:                             12:39:20.042668 line         3 import logging
IE_TRACE:                             New var:....... logging = <module 'logging' from '/usr/lib/python3.12/logging/__init__.py'>
IE_TRACE:                             12:39:20.042706 line         4 import warnings
IE_TRACE:                             New var:....... warnings = <module 'warnings' from '/usr/lib/python3.12/warnings.py'>
IE_TRACE:                             12:39:20.042744 line         6 from twisted.internet import reactor, defer
IE_TRACE:                                 Source path:... <frozen importlib._bootstrap>
IE_TRACE:                                 Starting var:.. module = <module 'twisted.internet' from '/path/to/.venv/lib/python3.12/site-packages/twisted/internet/__init__.py'>
IE_TRACE:                                 Starting var:.. fromlist = ('reactor', 'defer')
IE_TRACE:                                 Starting var:.. import_ = <built-in function __import__>
IE_TRACE:                                 Starting var:.. recursive = False
IE_TRACE:                                 12:39:20.042793 call      1390 SOURCE IS UNAVAILABLE
IE_TRACE:                                 12:39:20.042843 line      1400 SOURCE IS UNAVAILABLE
IE_TRACE:                                 New var:....... x = 'reactor'
IE_TRACE:                                 12:39:20.042870 line      1401 SOURCE IS UNAVAILABLE
IE_TRACE:                                 12:39:20.042901 line      1408 SOURCE IS UNAVAILABLE
IE_TRACE:                                 12:39:20.042928 line      1412 SOURCE IS UNAVAILABLE
IE_TRACE:                                 12:39:20.042954 line      1413 SOURCE IS UNAVAILABLE
IE_TRACE:                                 New var:....... from_name = 'twisted.internet.reactor'
IE_TRACE:                                 12:39:20.042980 line      1414 SOURCE IS UNAVAILABLE
IE_TRACE:                                 12:39:20.043011 line      1415 SOURCE IS UNAVAILABLE
IE_TRACE:                                     Starting var:.. f = <built-in function __import__>
IE_TRACE:                                     Starting var:.. args = ('twisted.internet.reactor',)
IE_TRACE:                                     Starting var:.. kwds = {}
IE_TRACE:                                     12:39:20.043039 call       480 SOURCE IS UNAVAILABLE
IE_TRACE:                                     12:39:20.043072 line       488 SOURCE IS UNAVAILABLE
IE_TRACE:                                     12:39:20.533864 return     488 SOURCE IS UNAVAILABLE
IE_TRACE:                                     Return value:.. <module 'twisted' from '/path/to/.venv/lib/python3.12/site-packages/twisted/__init__.py'>
IE_TRACE:                                 12:39:20.533968 line      1400 SOURCE IS UNAVAILABLE
IE_TRACE:                                 Modified var:.. x = 'defer'
IE_TRACE:                                 12:39:20.534002 line      1401 SOURCE IS UNAVAILABLE
IE_TRACE:                                 12:39:20.534031 line      1408 SOURCE IS UNAVAILABLE
IE_TRACE:                                 12:39:20.534054 line      1412 SOURCE IS UNAVAILABLE
IE_TRACE:                                 12:39:20.534078 line      1400 SOURCE IS UNAVAILABLE
IE_TRACE:                                 12:39:20.534100 line      1424 SOURCE IS UNAVAILABLE
IE_TRACE:                                 12:39:20.534122 return    1424 SOURCE IS UNAVAILABLE
IE_TRACE:                                 Return value:.. <module 'twisted.internet' from '/path/to/.venv/lib/python3.12/site-packages/twisted/internet/__init__.py'>
IE_TRACE:                             Source path:... /path/to/BugsInPy/workspace/scrapy/scrapy/crawler.py
IE_TRACE:                             New var:....... reactor = <twisted.internet.epollreactor.EPollReactor object at 0x7e5d7213f7d0>
IE_TRACE:                             New var:....... defer = <module 'twisted.internet.defer' from '/path/to/.venv/lib/python3.12/site-packages/twisted/internet/defer.py'>
IE_TRACE:                             12:39:20.534151 line         7 from zope.interface.verify import verifyClass, DoesNotImplement
IE_TRACE:                                 Source path:... <frozen importlib._bootstrap>
IE_TRACE:                                 Starting var:.. name = 'zope.interface.verify'
IE_TRACE:                                 Starting var:.. import_ = <built-in function __import__>
IE_TRACE:                                 12:39:20.534219 call      1349 SOURCE IS UNAVAILABLE
IE_TRACE:                                 12:39:20.534249 line      1354 SOURCE IS UNAVAILABLE
IE_TRACE:                                 New var:....... module = <object object at 0x7e5d73f78060>
IE_TRACE:                                 12:39:20.534268 line      1355 SOURCE IS UNAVAILABLE
IE_TRACE:                                 12:39:20.534290 line      1357 SOURCE IS UNAVAILABLE
IE_TRACE:                                     Starting var:.. self = <_frozen_importlib._ModuleLockManager object at 0x7e5d70574c50>
IE_TRACE:                                     Starting var:.. name = 'zope.interface.verify'
IE_TRACE:                                     12:39:20.534309 call       412 SOURCE IS UNAVAILABLE
IE_TRACE:                                     12:39:20.534333 line       413 SOURCE IS UNAVAILABLE
IE_TRACE:                                     12:39:20.534350 line       414 SOURCE IS UNAVAILABLE
IE_TRACE:                                     12:39:20.534368 return     414 SOURCE IS UNAVAILABLE
IE_TRACE:                                     Return value:.. None
IE_TRACE:                                     Starting var:.. self = <_frozen_importlib._ModuleLockManager object at 0x7e5d70574c50>
IE_TRACE:                                     12:39:20.534392 call       416 SOURCE IS UNAVAILABLE
IE_TRACE:                                     12:39:20.534411 line       417 SOURCE IS UNAVAILABLE
IE_TRACE:                                     12:39:20.534449 line       418 SOURCE IS UNAVAILABLE
IE_TRACE:                                     12:39:20.534542 return     418 SOURCE IS UNAVAILABLE
IE_TRACE:                                     Return value:.. None
IE_TRACE:                                 12:39:20.534565 line      1358 SOURCE IS UNAVAILABLE
IE_TRACE:                                 12:39:20.534583 line      1359 SOURCE IS UNAVAILABLE
IE_TRACE:                                 12:39:20.534601 line      1360 SOURCE IS UNAVAILABLE
IE_TRACE:                                     Starting var:.. name = 'zope.interface.verify'
IE_TRACE:                                     Starting var:.. import_ = <built-in function __import__>
IE_TRACE:                                     12:39:20.534619 call      1304 SOURCE IS UNAVAILABLE
IE_TRACE:                                     12:39:20.534642 line      1305 SOURCE IS UNAVAILABLE
IE_TRACE:                                     New var:....... path = None
IE_TRACE:                                     12:39:20.534660 line      1306 SOURCE IS UNAVAILABLE
IE_TRACE:                                     New var:....... parent = 'zope.interface'
IE_TRACE:                                     12:39:20.534682 line      1307 SOURCE IS UNAVAILABLE
IE_TRACE:                                     New var:....... parent_spec = None
IE_TRACE:                                     12:39:20.534705 line      1308 SOURCE IS UNAVAILABLE
IE_TRACE:                                     12:39:20.534728 line      1309 SOURCE IS UNAVAILABLE
IE_TRACE:                                     12:39:20.534750 line      1312 SOURCE IS UNAVAILABLE
IE_TRACE:                                     12:39:20.534770 line      1314 SOURCE IS UNAVAILABLE
IE_TRACE:                                     New var:....... parent_module = <module 'zope.interface' from '/path/to/.venv/lib/python3.12/site-packages/zope/interface/__init__.py'>
IE_TRACE:                                     12:39:20.534789 line      1315 SOURCE IS UNAVAILABLE
IE_TRACE:                                     12:39:20.534815 line      1316 SOURCE IS UNAVAILABLE
IE_TRACE:                                     Modified var:.. path = ['/path/to/.venv/lib/python3.12/site-packages/zope/interface']
IE_TRACE:                                     12:39:20.534837 line      1320 SOURCE IS UNAVAILABLE
IE_TRACE:                                     Modified var:.. parent_spec = ModuleSpec(name='zope.interface', loader=<_frozen_importlib_external.SourceFileLoader object at 0x7e5d723d0f50>, origin='/path/to/.venv/lib/python3.12/site-packages/zope/interface/__init__.py', submodule_search_locations=['/path/to/.venv/lib/python3.12/site-packages/zope/interface'])
IE_TRACE:                                     12:39:20.534864 line      1321 SOURCE IS UNAVAILABLE
IE_TRACE:                                     New var:....... child = 'verify'
IE_TRACE:                                     12:39:20.534893 line      1322 SOURCE IS UNAVAILABLE
IE_TRACE:                                     New var:....... spec = ModuleSpec(name='zope.interface.verify', loader=<_frozen_importlib_external.SourceFileLoader object at 0x7e5d70575130>, origin='/path/to/.venv/lib/python3.12/site-packages/zope/interface/verify.py')
IE_TRACE:                                     12:39:20.535290 line      1323 SOURCE IS UNAVAILABLE
IE_TRACE:                                     12:39:20.535324 line      1326 SOURCE IS UNAVAILABLE
IE_TRACE:                                     12:39:20.535350 line      1329 SOURCE IS UNAVAILABLE
IE_TRACE:                                     12:39:20.535375 line      1330 SOURCE IS UNAVAILABLE
IE_TRACE:                                     12:39:20.535400 line      1331 SOURCE IS UNAVAILABLE
IE_TRACE:                                     New var:....... module = <module 'zope.interface.verify' from '/path/to/.venv/lib/python3.12/site-packages/zope/interface/verify.py'>
IE_TRACE:                                     12:39:20.535888 line      1333 SOURCE IS UNAVAILABLE
IE_TRACE:                                     12:39:20.535928 line      1334 SOURCE IS UNAVAILABLE
IE_TRACE:                                     12:39:20.535956 line      1335 SOURCE IS UNAVAILABLE
IE_TRACE:                                     12:39:20.535984 line      1337 SOURCE IS UNAVAILABLE
IE_TRACE:                                     12:39:20.536011 line      1338 SOURCE IS UNAVAILABLE
IE_TRACE:                                     12:39:20.536038 line      1339 SOURCE IS UNAVAILABLE
IE_TRACE:                                     12:39:20.536064 line      1343 SOURCE IS UNAVAILABLE
IE_TRACE:                                     12:39:20.536090 return    1343 SOURCE IS UNAVAILABLE
IE_TRACE:                                     Return value:.. <module 'zope.interface.verify' from '/path/to/.venv/lib/python3.12/site-packages/zope/interface/verify.py'>
IE_TRACE:                                 12:39:20.536123 line      1357 SOURCE IS UNAVAILABLE
IE_TRACE:                                     Starting var:.. self = <_frozen_importlib._ModuleLockManager object at 0x7e5d70574c50>
IE_TRACE:                                     Starting var:.. args = (None, None, None)
IE_TRACE:                                     Starting var:.. kwargs = {}
IE_TRACE:                                     12:39:20.536142 call       420 SOURCE IS UNAVAILABLE
IE_TRACE:                                     12:39:20.536170 line       421 SOURCE IS UNAVAILABLE
IE_TRACE:                                     12:39:20.536201 return     421 SOURCE IS UNAVAILABLE
IE_TRACE:                                     Return value:.. None
IE_TRACE:                                     Starting var:.. ref = <weakref at 0x7e5d714d10d0; dead>
IE_TRACE:                                     Starting var:.. name = 'zope.interface.verify'
IE_TRACE:                                     12:39:20.536223 call       445 SOURCE IS UNAVAILABLE
IE_TRACE:                                     12:39:20.536248 line       446 SOURCE IS UNAVAILABLE
IE_TRACE:                                     12:39:20.536265 line       447 SOURCE IS UNAVAILABLE
IE_TRACE:                                     12:39:20.536282 line       451 SOURCE IS UNAVAILABLE
IE_TRACE:                                     12:39:20.536297 line       452 SOURCE IS UNAVAILABLE
IE_TRACE:                                     12:39:20.536313 line       454 SOURCE IS UNAVAILABLE
IE_TRACE:                                     12:39:20.536329 return     454 SOURCE IS UNAVAILABLE
IE_TRACE:                                     Return value:.. None
IE_TRACE:                                 12:39:20.536350 return    1357 SOURCE IS UNAVAILABLE
IE_TRACE:                                 Return value:.. <module 'zope.interface.verify' from '/path/to/.venv/lib/python3.12/site-packages/zope/interface/verify.py'>
IE_TRACE:                             Source path:... /path/to/BugsInPy/workspace/scrapy/scrapy/crawler.py
IE_TRACE:                             New var:....... verifyClass = <function verifyClass at 0x7e5d7057e8e0>
IE_TRACE:                             New var:....... DoesNotImplement = <class 'zope.interface.exceptions.DoesNotImplement'>
IE_TRACE:                             12:39:20.536373 line         9 from scrapy.core.engine import ExecutionEngine
IE_TRACE:                                 Source path:... <frozen importlib._bootstrap>
IE_TRACE:                                 Starting var:.. name = 'scrapy.core.engine'
IE_TRACE:                                 Starting var:.. import_ = <built-in function __import__>
IE_TRACE:                                 12:39:20.536422 call      1349 SOURCE IS UNAVAILABLE
IE_TRACE:                                 12:39:20.536448 line      1354 SOURCE IS UNAVAILABLE
IE_TRACE:                                 New var:....... module = <object object at 0x7e5d73f78060>
IE_TRACE:                                 12:39:20.536464 line      1355 SOURCE IS UNAVAILABLE
IE_TRACE:                                 12:39:20.536484 line      1357 SOURCE IS UNAVAILABLE
IE_TRACE:                                     Starting var:.. self = <_frozen_importlib._ModuleLockManager object at 0x7e5d70574e60>
IE_TRACE:                                     Starting var:.. name = 'scrapy.core.engine'
IE_TRACE:                                     12:39:20.536501 call       412 SOURCE IS UNAVAILABLE
IE_TRACE:                                     12:39:20.536522 line       413 SOURCE IS UNAVAILABLE
IE_TRACE:                                     12:39:20.536538 line       414 SOURCE IS UNAVAILABLE
IE_TRACE:                                     12:39:20.536553 return     414 SOURCE IS UNAVAILABLE
IE_TRACE:                                     Return value:.. None
IE_TRACE:                                     Starting var:.. self = <_frozen_importlib._ModuleLockManager object at 0x7e5d70574e60>
IE_TRACE:                                     12:39:20.536573 call       416 SOURCE IS UNAVAILABLE
IE_TRACE:                                     12:39:20.536591 line       417 SOURCE IS UNAVAILABLE
IE_TRACE:                                     12:39:20.536625 line       418 SOURCE IS UNAVAILABLE
IE_TRACE:                                     12:39:20.536710 return     418 SOURCE IS UNAVAILABLE
IE_TRACE:                                     Return value:.. None
IE_TRACE:                                 12:39:20.536729 line      1358 SOURCE IS UNAVAILABLE
IE_TRACE:                                 12:39:20.536747 line      1359 SOURCE IS UNAVAILABLE
IE_TRACE:                                 12:39:20.536763 line      1360 SOURCE IS UNAVAILABLE
IE_TRACE:                                     Starting var:.. name = 'scrapy.core.engine'
IE_TRACE:                                     Starting var:.. import_ = <built-in function __import__>
IE_TRACE:                                     12:39:20.536781 call      1304 SOURCE IS UNAVAILABLE
IE_TRACE:                                     12:39:20.536804 line      1305 SOURCE IS UNAVAILABLE
IE_TRACE:                                     New var:....... path = None
IE_TRACE:                                     12:39:20.536822 line      1306 SOURCE IS UNAVAILABLE
IE_TRACE:                                     New var:....... parent = 'scrapy.core'
IE_TRACE:                                     12:39:20.536843 line      1307 SOURCE IS UNAVAILABLE
IE_TRACE:                                     New var:....... parent_spec = None
IE_TRACE:                                     12:39:20.536865 line      1308 SOURCE IS UNAVAILABLE
IE_TRACE:                                     12:39:20.536888 line      1309 SOURCE IS UNAVAILABLE
IE_TRACE:                                     12:39:20.536907 line      1310 SOURCE IS UNAVAILABLE
IE_TRACE:                                     12:39:20.537704 line      1312 SOURCE IS UNAVAILABLE
IE_TRACE:                                     12:39:20.537730 line      1314 SOURCE IS UNAVAILABLE
IE_TRACE:                                     New var:....... parent_module = <module 'scrapy.core' from '/path/to/BugsInPy/workspace/scrapy/scrapy/core/__init__.py'>
IE_TRACE:                                     12:39:20.537751 line      1315 SOURCE IS UNAVAILABLE
IE_TRACE:                                     12:39:20.537777 line      1316 SOURCE IS UNAVAILABLE
IE_TRACE:                                     Modified var:.. path = ['/path/to/BugsInPy/workspace/scrapy/scrapy/core']
IE_TRACE:                                     12:39:20.537799 line      1320 SOURCE IS UNAVAILABLE
IE_TRACE:                                     Modified var:.. parent_spec = ModuleSpec(name='scrapy.core', loader=<_frozen_importlib_external.SourceFileLoader object at 0x7e5d705755e0>, origin='/path/to/BugsInPy/workspace/scrapy/scrapy/core/__init__.py', submodule_search_locations=['/path/to/BugsInPy/workspace/scrapy/scrapy/core'])
IE_TRACE:                                     12:39:20.537823 line      1321 SOURCE IS UNAVAILABLE
IE_TRACE:                                     New var:....... child = 'engine'
IE_TRACE:                                     12:39:20.537850 line      1322 SOURCE IS UNAVAILABLE
IE_TRACE:                                     New var:....... spec = ModuleSpec(name='scrapy.core.engine', loader=<_frozen_importlib_external.SourceFileLoader object at 0x7e5d70575550>, origin='/path/to/BugsInPy/workspace/scrapy/scrapy/core/engine.py')
IE_TRACE:                                     12:39:20.538341 line      1323 SOURCE IS UNAVAILABLE
IE_TRACE:                                     12:39:20.538375 line      1326 SOURCE IS UNAVAILABLE
IE_TRACE:                                     12:39:20.538401 line      1329 SOURCE IS UNAVAILABLE
IE_TRACE:                                     12:39:20.538426 line      1330 SOURCE IS UNAVAILABLE
IE_TRACE:                                     12:39:20.538450 line      1331 SOURCE IS UNAVAILABLE
IE_TRACE:                                     New var:....... module = <module 'scrapy.core.engine' from '/path/to/BugsInPy/workspace/scrapy/scrapy/core/engine.py'>
IE_TRACE:                                     12:39:21.318897 line      1333 SOURCE IS UNAVAILABLE
IE_TRACE:                                     12:39:21.319005 line      1334 SOURCE IS UNAVAILABLE
IE_TRACE:                                     12:39:21.319041 line      1335 SOURCE IS UNAVAILABLE
IE_TRACE:                                     12:39:21.319070 line      1337 SOURCE IS UNAVAILABLE
IE_TRACE:                                     12:39:21.319098 line      1338 SOURCE IS UNAVAILABLE
IE_TRACE:                                     12:39:21.319125 line      1339 SOURCE IS UNAVAILABLE
IE_TRACE:                                     12:39:21.319152 line      1343 SOURCE IS UNAVAILABLE
IE_TRACE:                                     12:39:21.319179 return    1343 SOURCE IS UNAVAILABLE
IE_TRACE:                                     Return value:.. <module 'scrapy.core.engine' from '/path/to/BugsInPy/workspace/scrapy/scrapy/core/engine.py'>
IE_TRACE:                                 12:39:21.319218 line      1357 SOURCE IS UNAVAILABLE
IE_TRACE:                                     Starting var:.. self = <_frozen_importlib._ModuleLockManager object at 0x7e5d70574e60>
IE_TRACE:                                     Starting var:.. args = (None, None, None)
IE_TRACE:                                     Starting var:.. kwargs = {}
IE_TRACE:                                     12:39:21.319240 call       420 SOURCE IS UNAVAILABLE
IE_TRACE:                                     12:39:21.319272 line       421 SOURCE IS UNAVAILABLE
IE_TRACE:                                     12:39:21.319300 return     421 SOURCE IS UNAVAILABLE
IE_TRACE:                                     Return value:.. None
IE_TRACE:                                     Starting var:.. ref = <weakref at 0x7e5d714d0e00; dead>
IE_TRACE:                                     Starting var:.. name = 'scrapy.core.engine'
IE_TRACE:                                     12:39:21.319324 call       445 SOURCE IS UNAVAILABLE
IE_TRACE:                                     12:39:21.319348 line       446 SOURCE IS UNAVAILABLE
IE_TRACE:                                     12:39:21.319365 line       447 SOURCE IS UNAVAILABLE
IE_TRACE:                                     12:39:21.319380 line       451 SOURCE IS UNAVAILABLE
IE_TRACE:                                     12:39:21.319396 line       452 SOURCE IS UNAVAILABLE
IE_TRACE:                                     12:39:21.319411 line       454 SOURCE IS UNAVAILABLE
IE_TRACE:                                     12:39:21.319426 return     454 SOURCE IS UNAVAILABLE
IE_TRACE:                                     Return value:.. None
IE_TRACE:                                 12:39:21.319447 return    1357 SOURCE IS UNAVAILABLE
IE_TRACE:                                 Return value:.. <module 'scrapy.core.engine' from '/path/to/BugsInPy/workspace/scrapy/scrapy/core/engine.py'>
IE_TRACE:                             Source path:... /path/to/BugsInPy/workspace/scrapy/scrapy/crawler.py
IE_TRACE:                             New var:....... ExecutionEngine = <class 'scrapy.core.engine.ExecutionEngine'>
IE_TRACE:                             12:39:21.319473 line        10 from scrapy.resolver import CachingThreadedResolver
IE_TRACE:                                 Source path:... <frozen importlib._bootstrap>
IE_TRACE:                                 Starting var:.. name = 'scrapy.resolver'
IE_TRACE:                                 Starting var:.. import_ = <built-in function __import__>
IE_TRACE:                                 12:39:21.319527 call      1349 SOURCE IS UNAVAILABLE
IE_TRACE:                                 12:39:21.319553 line      1354 SOURCE IS UNAVAILABLE
IE_TRACE:                                 New var:....... module = <object object at 0x7e5d73f78060>
IE_TRACE:                                 12:39:21.319569 line      1355 SOURCE IS UNAVAILABLE
IE_TRACE:                                 12:39:21.319588 line      1357 SOURCE IS UNAVAILABLE
IE_TRACE:                                     Starting var:.. self = <_frozen_importlib._ModuleLockManager object at 0x7e5d70574c50>
IE_TRACE:                                     Starting var:.. name = 'scrapy.resolver'
IE_TRACE:                                     12:39:21.319605 call       412 SOURCE IS UNAVAILABLE
IE_TRACE:                                     12:39:21.319627 line       413 SOURCE IS UNAVAILABLE
IE_TRACE:                                     12:39:21.319643 line       414 SOURCE IS UNAVAILABLE
IE_TRACE:                                     12:39:21.319658 return     414 SOURCE IS UNAVAILABLE
IE_TRACE:                                     Return value:.. None
IE_TRACE:                                     Starting var:.. self = <_frozen_importlib._ModuleLockManager object at 0x7e5d70574c50>
IE_TRACE:                                     12:39:21.319678 call       416 SOURCE IS UNAVAILABLE
IE_TRACE:                                     12:39:21.319695 line       417 SOURCE IS UNAVAILABLE
IE_TRACE:                                     12:39:21.319730 line       418 SOURCE IS UNAVAILABLE
IE_TRACE:                                     12:39:21.319817 return     418 SOURCE IS UNAVAILABLE
IE_TRACE:                                     Return value:.. None
IE_TRACE:                                 12:39:21.319838 line      1358 SOURCE IS UNAVAILABLE
IE_TRACE:                                 12:39:21.319856 line      1359 SOURCE IS UNAVAILABLE
IE_TRACE:                                 12:39:21.319873 line      1360 SOURCE IS UNAVAILABLE
IE_TRACE:                                     Starting var:.. name = 'scrapy.resolver'
IE_TRACE:                                     Starting var:.. import_ = <built-in function __import__>
IE_TRACE:                                     12:39:21.319890 call      1304 SOURCE IS UNAVAILABLE
IE_TRACE:                                     12:39:21.319912 line      1305 SOURCE IS UNAVAILABLE
IE_TRACE:                                     New var:....... path = None
IE_TRACE:                                     12:39:21.319929 line      1306 SOURCE IS UNAVAILABLE
IE_TRACE:                                     New var:....... parent = 'scrapy'
IE_TRACE:                                     12:39:21.319950 line      1307 SOURCE IS UNAVAILABLE
IE_TRACE:                                     New var:....... parent_spec = None
IE_TRACE:                                     12:39:21.319971 line      1308 SOURCE IS UNAVAILABLE
IE_TRACE:                                     12:39:21.319993 line      1309 SOURCE IS UNAVAILABLE
IE_TRACE:                                     12:39:21.320012 line      1312 SOURCE IS UNAVAILABLE
IE_TRACE:                                     12:39:21.320031 line      1314 SOURCE IS UNAVAILABLE
IE_TRACE:                                     New var:....... parent_module = <module 'scrapy' from '/path/to/BugsInPy/workspace/scrapy/scrapy/__init__.py'>
IE_TRACE:                                     12:39:21.320049 line      1315 SOURCE IS UNAVAILABLE
IE_TRACE:                                     12:39:21.320073 line      1316 SOURCE IS UNAVAILABLE
IE_TRACE:                                     Modified var:.. path = ['/path/to/BugsInPy/workspace/scrapy/scrapy']
IE_TRACE:                                     12:39:21.320093 line      1320 SOURCE IS UNAVAILABLE
IE_TRACE:                                     Modified var:.. parent_spec = ModuleSpec(name='scrapy', loader=<_frozen_importlib_external.SourceFileLoader object at 0x7e5d73b988c0>, origin='/path/to/BugsInPy/workspace/scrapy/scrapy/__init__.py', submodule_search_locations=['/path/to/BugsInPy/workspace/scrapy/scrapy'])
IE_TRACE:                                     12:39:21.320117 line      1321 SOURCE IS UNAVAILABLE
IE_TRACE:                                     New var:....... child = 'resolver'
IE_TRACE:                                     12:39:21.320142 line      1322 SOURCE IS UNAVAILABLE
IE_TRACE:                                     New var:....... spec = ModuleSpec(name='scrapy.resolver', loader=<_frozen_importlib_external.SourceFileLoader object at 0x7e5d7058d850>, origin='/path/to/BugsInPy/workspace/scrapy/scrapy/resolver.py')
IE_TRACE:                                     12:39:21.320500 line      1323 SOURCE IS UNAVAILABLE
IE_TRACE:                                     12:39:21.320531 line      1326 SOURCE IS UNAVAILABLE
IE_TRACE:                                     12:39:21.320556 line      1329 SOURCE IS UNAVAILABLE
IE_TRACE:                                     12:39:21.320580 line      1330 SOURCE IS UNAVAILABLE
IE_TRACE:                                     12:39:21.320603 line      1331 SOURCE IS UNAVAILABLE
IE_TRACE:                                     New var:....... module = <module 'scrapy.resolver' from '/path/to/BugsInPy/workspace/scrapy/scrapy/resolver.py'>
IE_TRACE:                                     12:39:21.321058 line      1333 SOURCE IS UNAVAILABLE
IE_TRACE:                                     12:39:21.321096 line      1334 SOURCE IS UNAVAILABLE
IE_TRACE:                                     12:39:21.321123 line      1335 SOURCE IS UNAVAILABLE
IE_TRACE:                                     12:39:21.321149 line      1337 SOURCE IS UNAVAILABLE
IE_TRACE:                                     12:39:21.321173 line      1338 SOURCE IS UNAVAILABLE
IE_TRACE:                                     12:39:21.321202 line      1339 SOURCE IS UNAVAILABLE
IE_TRACE:                                     12:39:21.321229 line      1343 SOURCE IS UNAVAILABLE
IE_TRACE:                                     12:39:21.321254 return    1343 SOURCE IS UNAVAILABLE
IE_TRACE:                                     Return value:.. <module 'scrapy.resolver' from '/path/to/BugsInPy/workspace/scrapy/scrapy/resolver.py'>
IE_TRACE:                                 12:39:21.321285 line      1357 SOURCE IS UNAVAILABLE
IE_TRACE:                                     Starting var:.. self = <_frozen_importlib._ModuleLockManager object at 0x7e5d70574c50>
IE_TRACE:                                     Starting var:.. args = (None, None, None)
IE_TRACE:                                     Starting var:.. kwargs = {}
IE_TRACE:                                     12:39:21.321304 call       420 SOURCE IS UNAVAILABLE
IE_TRACE:                                     12:39:21.321331 line       421 SOURCE IS UNAVAILABLE
IE_TRACE:                                     12:39:21.321358 return     421 SOURCE IS UNAVAILABLE
IE_TRACE:                                     Return value:.. None
IE_TRACE:                                     Starting var:.. ref = <weakref at 0x7e5d714d10d0; dead>
IE_TRACE:                                     Starting var:.. name = 'scrapy.resolver'
IE_TRACE:                                     12:39:21.321380 call       445 SOURCE IS UNAVAILABLE
IE_TRACE:                                     12:39:21.321403 line       446 SOURCE IS UNAVAILABLE
IE_TRACE:                                     12:39:21.321420 line       447 SOURCE IS UNAVAILABLE
IE_TRACE:                                     12:39:21.321436 line       451 SOURCE IS UNAVAILABLE
IE_TRACE:                                     12:39:21.321451 line       452 SOURCE IS UNAVAILABLE
IE_TRACE:                                     12:39:21.321466 line       454 SOURCE IS UNAVAILABLE
IE_TRACE:                                     12:39:21.321480 return     454 SOURCE IS UNAVAILABLE
IE_TRACE:                                     Return value:.. None
IE_TRACE:                                 12:39:21.321500 return    1357 SOURCE IS UNAVAILABLE
IE_TRACE:                                 Return value:.. <module 'scrapy.resolver' from '/path/to/BugsInPy/workspace/scrapy/scrapy/resolver.py'>
IE_TRACE:                             Source path:... /path/to/BugsInPy/workspace/scrapy/scrapy/crawler.py
IE_TRACE:                             New var:....... CachingThreadedResolver = <class 'scrapy.resolver.CachingThreadedResolver'>
IE_TRACE:                             12:39:21.321524 line        11 from scrapy.interfaces import ISpiderLoader
IE_TRACE:                                 Source path:... <frozen importlib._bootstrap>
IE_TRACE:                                 Starting var:.. name = 'scrapy.interfaces'
IE_TRACE:                                 Starting var:.. import_ = <built-in function __import__>
IE_TRACE:                                 12:39:21.321571 call      1349 SOURCE IS UNAVAILABLE
IE_TRACE:                                 12:39:21.321596 line      1354 SOURCE IS UNAVAILABLE
IE_TRACE:                                 New var:....... module = <object object at 0x7e5d73f78060>
IE_TRACE:                                 12:39:21.321612 line      1355 SOURCE IS UNAVAILABLE
IE_TRACE:                                 12:39:21.321631 line      1357 SOURCE IS UNAVAILABLE
IE_TRACE:                                     Starting var:.. self = <_frozen_importlib._ModuleLockManager object at 0x7e5d70575460>
IE_TRACE:                                     Starting var:.. name = 'scrapy.interfaces'
IE_TRACE:                                     12:39:21.321648 call       412 SOURCE IS UNAVAILABLE
IE_TRACE:                                     12:39:21.321670 line       413 SOURCE IS UNAVAILABLE
IE_TRACE:                                     12:39:21.321686 line       414 SOURCE IS UNAVAILABLE
IE_TRACE:                                     12:39:21.321701 return     414 SOURCE IS UNAVAILABLE
IE_TRACE:                                     Return value:.. None
IE_TRACE:                                     Starting var:.. self = <_frozen_importlib._ModuleLockManager object at 0x7e5d70575460>
IE_TRACE:                                     12:39:21.321721 call       416 SOURCE IS UNAVAILABLE
IE_TRACE:                                     12:39:21.321739 line       417 SOURCE IS UNAVAILABLE
IE_TRACE:                                     12:39:21.321772 line       418 SOURCE IS UNAVAILABLE
IE_TRACE:                                     12:39:21.321855 return     418 SOURCE IS UNAVAILABLE
IE_TRACE:                                     Return value:.. None
IE_TRACE:                                 12:39:21.321874 line      1358 SOURCE IS UNAVAILABLE
IE_TRACE:                                 12:39:21.321891 line      1359 SOURCE IS UNAVAILABLE
IE_TRACE:                                 12:39:21.321907 line      1360 SOURCE IS UNAVAILABLE
IE_TRACE:                                     Starting var:.. name = 'scrapy.interfaces'
IE_TRACE:                                     Starting var:.. import_ = <built-in function __import__>
IE_TRACE:                                     12:39:21.321924 call      1304 SOURCE IS UNAVAILABLE
IE_TRACE:                                     12:39:21.321946 line      1305 SOURCE IS UNAVAILABLE
IE_TRACE:                                     New var:....... path = None
IE_TRACE:                                     12:39:21.321963 line      1306 SOURCE IS UNAVAILABLE
IE_TRACE:                                     New var:....... parent = 'scrapy'
IE_TRACE:                                     12:39:21.321984 line      1307 SOURCE IS UNAVAILABLE
IE_TRACE:                                     New var:....... parent_spec = None
IE_TRACE:                                     12:39:21.322005 line      1308 SOURCE IS UNAVAILABLE
IE_TRACE:                                     12:39:21.322027 line      1309 SOURCE IS UNAVAILABLE
IE_TRACE:                                     12:39:21.322046 line      1312 SOURCE IS UNAVAILABLE
IE_TRACE:                                     12:39:21.322065 line      1314 SOURCE IS UNAVAILABLE
IE_TRACE:                                     New var:....... parent_module = <module 'scrapy' from '/path/to/BugsInPy/workspace/scrapy/scrapy/__init__.py'>
IE_TRACE:                                     12:39:21.322084 line      1315 SOURCE IS UNAVAILABLE
IE_TRACE:                                     12:39:21.322108 line      1316 SOURCE IS UNAVAILABLE
IE_TRACE:                                     Modified var:.. path = ['/path/to/BugsInPy/workspace/scrapy/scrapy']
IE_TRACE:                                     12:39:21.322128 line      1320 SOURCE IS UNAVAILABLE
IE_TRACE:                                     Modified var:.. parent_spec = ModuleSpec(name='scrapy', loader=<_frozen_importlib_external.SourceFileLoader object at 0x7e5d73b988c0>, origin='/path/to/BugsInPy/workspace/scrapy/scrapy/__init__.py', submodule_search_locations=['/path/to/BugsInPy/workspace/scrapy/scrapy'])
IE_TRACE:                                     12:39:21.322152 line      1321 SOURCE IS UNAVAILABLE
IE_TRACE:                                     New var:....... child = 'interfaces'
IE_TRACE:                                     12:39:21.322177 line      1322 SOURCE IS UNAVAILABLE
IE_TRACE:                                     New var:....... spec = ModuleSpec(name='scrapy.interfaces', loader=<_frozen_importlib_external.SourceFileLoader object at 0x7e5d7058da30>, origin='/path/to/BugsInPy/workspace/scrapy/scrapy/interfaces.py')
IE_TRACE:                                     12:39:21.322531 line      1323 SOURCE IS UNAVAILABLE
IE_TRACE:                                     12:39:21.322561 line      1326 SOURCE IS UNAVAILABLE
IE_TRACE:                                     12:39:21.322585 line      1329 SOURCE IS UNAVAILABLE
IE_TRACE:                                     12:39:21.322609 line      1330 SOURCE IS UNAVAILABLE
IE_TRACE:                                     12:39:21.322633 line      1331 SOURCE IS UNAVAILABLE
IE_TRACE:                                     New var:....... module = <module 'scrapy.interfaces' from '/path/to/BugsInPy/workspace/scrapy/scrapy/interfaces.py'>
IE_TRACE:                                     12:39:21.323374 line      1333 SOURCE IS UNAVAILABLE
IE_TRACE:                                     12:39:21.323414 line      1334 SOURCE IS UNAVAILABLE
IE_TRACE:                                     12:39:21.323441 line      1335 SOURCE IS UNAVAILABLE
IE_TRACE:                                     12:39:21.323467 line      1337 SOURCE IS UNAVAILABLE
IE_TRACE:                                     12:39:21.323493 line      1338 SOURCE IS UNAVAILABLE
IE_TRACE:                                     12:39:21.323519 line      1339 SOURCE IS UNAVAILABLE
IE_TRACE:                                     12:39:21.323545 line      1343 SOURCE IS UNAVAILABLE
IE_TRACE:                                     12:39:21.323570 return    1343 SOURCE IS UNAVAILABLE
IE_TRACE:                                     Return value:.. <module 'scrapy.interfaces' from '/path/to/BugsInPy/workspace/scrapy/scrapy/interfaces.py'>
IE_TRACE:                                 12:39:21.323602 line      1357 SOURCE IS UNAVAILABLE
IE_TRACE:                                     Starting var:.. self = <_frozen_importlib._ModuleLockManager object at 0x7e5d70575460>
IE_TRACE:                                     Starting var:.. args = (None, None, None)
IE_TRACE:                                     Starting var:.. kwargs = {}
IE_TRACE:                                     12:39:21.323620 call       420 SOURCE IS UNAVAILABLE
IE_TRACE:                                     12:39:21.323647 line       421 SOURCE IS UNAVAILABLE
IE_TRACE:                                     12:39:21.323674 return     421 SOURCE IS UNAVAILABLE
IE_TRACE:                                     Return value:.. None
IE_TRACE:                                     Starting var:.. ref = <weakref at 0x7e5d705728e0; dead>
IE_TRACE:                                     Starting var:.. name = 'scrapy.interfaces'
IE_TRACE:                                     12:39:21.323695 call       445 SOURCE IS UNAVAILABLE
IE_TRACE:                                     12:39:21.323718 line       446 SOURCE IS UNAVAILABLE
IE_TRACE:                                     12:39:21.323735 line       447 SOURCE IS UNAVAILABLE
IE_TRACE:                                     12:39:21.323750 line       451 SOURCE IS UNAVAILABLE
IE_TRACE:                                     12:39:21.323765 line       452 SOURCE IS UNAVAILABLE
IE_TRACE:                                     12:39:21.323780 line       454 SOURCE IS UNAVAILABLE
IE_TRACE:                                     12:39:21.323795 return     454 SOURCE IS UNAVAILABLE
IE_TRACE:                                     Return value:.. None
IE_TRACE:                                 12:39:21.323814 return    1357 SOURCE IS UNAVAILABLE
IE_TRACE:                                 Return value:.. <module 'scrapy.interfaces' from '/path/to/BugsInPy/workspace/scrapy/scrapy/interfaces.py'>
IE_TRACE:                             Source path:... /path/to/BugsInPy/workspace/scrapy/scrapy/crawler.py
IE_TRACE:                             New var:....... ISpiderLoader = <InterfaceClass scrapy.interfaces.ISpiderLoader>
IE_TRACE:                             12:39:21.323837 line        12 from scrapy.extension import ExtensionManager
IE_TRACE:                                 Source path:... <frozen importlib._bootstrap>
IE_TRACE:                                 Starting var:.. name = 'scrapy.extension'
IE_TRACE:                                 Starting var:.. import_ = <built-in function __import__>
IE_TRACE:                                 12:39:21.323891 call      1349 SOURCE IS UNAVAILABLE
IE_TRACE:                                 12:39:21.323915 line      1354 SOURCE IS UNAVAILABLE
IE_TRACE:                                 New var:....... module = <object object at 0x7e5d73f78060>
IE_TRACE:                                 12:39:21.323931 line      1355 SOURCE IS UNAVAILABLE
IE_TRACE:                                 12:39:21.323950 line      1357 SOURCE IS UNAVAILABLE
IE_TRACE:                                     Starting var:.. self = <_frozen_importlib._ModuleLockManager object at 0x7e5d7144eb10>
IE_TRACE:                                     Starting var:.. name = 'scrapy.extension'
IE_TRACE:                                     12:39:21.323967 call       412 SOURCE IS UNAVAILABLE
IE_TRACE:                                     12:39:21.323988 line       413 SOURCE IS UNAVAILABLE
IE_TRACE:                                     12:39:21.324003 line       414 SOURCE IS UNAVAILABLE
IE_TRACE:                                     12:39:21.324018 return     414 SOURCE IS UNAVAILABLE
IE_TRACE:                                     Return value:.. None
IE_TRACE:                                     Starting var:.. self = <_frozen_importlib._ModuleLockManager object at 0x7e5d7144eb10>
IE_TRACE:                                     12:39:21.324038 call       416 SOURCE IS UNAVAILABLE
IE_TRACE:                                     12:39:21.324056 line       417 SOURCE IS UNAVAILABLE
IE_TRACE:                                     12:39:21.324089 line       418 SOURCE IS UNAVAILABLE
IE_TRACE:                                     12:39:21.324171 return     418 SOURCE IS UNAVAILABLE
IE_TRACE:                                     Return value:.. None
IE_TRACE:                                 12:39:21.324191 line      1358 SOURCE IS UNAVAILABLE
IE_TRACE:                                 12:39:21.324235 line      1359 SOURCE IS UNAVAILABLE
IE_TRACE:                                 12:39:21.324252 line      1360 SOURCE IS UNAVAILABLE
IE_TRACE:                                     Starting var:.. name = 'scrapy.extension'
IE_TRACE:                                     Starting var:.. import_ = <built-in function __import__>
IE_TRACE:                                     12:39:21.324268 call      1304 SOURCE IS UNAVAILABLE
IE_TRACE:                                     12:39:21.324291 line      1305 SOURCE IS UNAVAILABLE
IE_TRACE:                                     New var:....... path = None
IE_TRACE:                                     12:39:21.324307 line      1306 SOURCE IS UNAVAILABLE
IE_TRACE:                                     New var:....... parent = 'scrapy'
IE_TRACE:                                     12:39:21.324328 line      1307 SOURCE IS UNAVAILABLE
IE_TRACE:                                     New var:....... parent_spec = None
IE_TRACE:                                     12:39:21.324349 line      1308 SOURCE IS UNAVAILABLE
IE_TRACE:                                     12:39:21.324372 line      1309 SOURCE IS UNAVAILABLE
IE_TRACE:                                     12:39:21.324391 line      1312 SOURCE IS UNAVAILABLE
IE_TRACE:                                     12:39:21.324409 line      1314 SOURCE IS UNAVAILABLE
IE_TRACE:                                     New var:....... parent_module = <module 'scrapy' from '/path/to/BugsInPy/workspace/scrapy/scrapy/__init__.py'>
IE_TRACE:                                     12:39:21.324427 line      1315 SOURCE IS UNAVAILABLE
IE_TRACE:                                     12:39:21.324451 line      1316 SOURCE IS UNAVAILABLE
IE_TRACE:                                     Modified var:.. path = ['/path/to/BugsInPy/workspace/scrapy/scrapy']
IE_TRACE:                                     12:39:21.324471 line      1320 SOURCE IS UNAVAILABLE
IE_TRACE:                                     Modified var:.. parent_spec = ModuleSpec(name='scrapy', loader=<_frozen_importlib_external.SourceFileLoader object at 0x7e5d73b988c0>, origin='/path/to/BugsInPy/workspace/scrapy/scrapy/__init__.py', submodule_search_locations=['/path/to/BugsInPy/workspace/scrapy/scrapy'])
IE_TRACE:                                     12:39:21.324495 line      1321 SOURCE IS UNAVAILABLE
IE_TRACE:                                     New var:....... child = 'extension'
IE_TRACE:                                     12:39:21.324520 line      1322 SOURCE IS UNAVAILABLE
IE_TRACE:                                     New var:....... spec = ModuleSpec(name='scrapy.extension', loader=<_frozen_importlib_external.SourceFileLoader object at 0x7e5d7058dbe0>, origin='/path/to/BugsInPy/workspace/scrapy/scrapy/extension.py')
IE_TRACE:                                     12:39:21.324867 line      1323 SOURCE IS UNAVAILABLE
IE_TRACE:                                     12:39:21.324897 line      1326 SOURCE IS UNAVAILABLE
IE_TRACE:                                     12:39:21.324921 line      1329 SOURCE IS UNAVAILABLE
IE_TRACE:                                     12:39:21.324945 line      1330 SOURCE IS UNAVAILABLE
IE_TRACE:                                     12:39:21.324968 line      1331 SOURCE IS UNAVAILABLE
IE_TRACE:                                     New var:....... module = <module 'scrapy.extension' from '/path/to/BugsInPy/workspace/scrapy/scrapy/extension.py'>
IE_TRACE:                                     12:39:21.325709 line      1333 SOURCE IS UNAVAILABLE
IE_TRACE:                                     12:39:21.325764 line      1334 SOURCE IS UNAVAILABLE
IE_TRACE:                                     12:39:21.325792 line      1335 SOURCE IS UNAVAILABLE
IE_TRACE:                                     12:39:21.325819 line      1337 SOURCE IS UNAVAILABLE
IE_TRACE:                                     12:39:21.325844 line      1338 SOURCE IS UNAVAILABLE
IE_TRACE:                                     12:39:21.325869 line      1339 SOURCE IS UNAVAILABLE
IE_TRACE:                                     12:39:21.325894 line      1343 SOURCE IS UNAVAILABLE
IE_TRACE:                                     12:39:21.325918 return    1343 SOURCE IS UNAVAILABLE
IE_TRACE:                                     Return value:.. <module 'scrapy.extension' from '/path/to/BugsInPy/workspace/scrapy/scrapy/extension.py'>
IE_TRACE:                                 12:39:21.325949 line      1357 SOURCE IS UNAVAILABLE
IE_TRACE:                                     Starting var:.. self = <_frozen_importlib._ModuleLockManager object at 0x7e5d7144eb10>
IE_TRACE:                                     Starting var:.. args = (None, None, None)
IE_TRACE:                                     Starting var:.. kwargs = {}
IE_TRACE:                                     12:39:21.325968 call       420 SOURCE IS UNAVAILABLE
IE_TRACE:                                     12:39:21.325995 line       421 SOURCE IS UNAVAILABLE
IE_TRACE:                                     12:39:21.326022 return     421 SOURCE IS UNAVAILABLE
IE_TRACE:                                     Return value:.. None
IE_TRACE:                                     Starting var:.. ref = <weakref at 0x7e5d705728e0; dead>
IE_TRACE:                                     Starting var:.. name = 'scrapy.extension'
IE_TRACE:                                     12:39:21.326044 call       445 SOURCE IS UNAVAILABLE
IE_TRACE:                                     12:39:21.326067 line       446 SOURCE IS UNAVAILABLE
IE_TRACE:                                     12:39:21.326083 line       447 SOURCE IS UNAVAILABLE
IE_TRACE:                                     12:39:21.326099 line       451 SOURCE IS UNAVAILABLE
IE_TRACE:                                     12:39:21.326114 line       452 SOURCE IS UNAVAILABLE
IE_TRACE:                                     12:39:21.326129 line       454 SOURCE IS UNAVAILABLE
IE_TRACE:                                     12:39:21.326144 return     454 SOURCE IS UNAVAILABLE
IE_TRACE:                                     Return value:.. None
IE_TRACE:                                 12:39:21.326163 return    1357 SOURCE IS UNAVAILABLE
IE_TRACE:                                 Return value:.. <module 'scrapy.extension' from '/path/to/BugsInPy/workspace/scrapy/scrapy/extension.py'>
IE_TRACE:                             Source path:... /path/to/BugsInPy/workspace/scrapy/scrapy/crawler.py
IE_TRACE:                             New var:....... ExtensionManager = <class 'scrapy.extension.ExtensionManager'>
IE_TRACE:                             12:39:21.326188 line        13 from scrapy.settings import Settings
IE_TRACE:                                 Source path:... <frozen importlib._bootstrap>
IE_TRACE:                                 Starting var:.. module = <module 'scrapy.settings' from '/path/to/BugsInPy/workspace/scrapy/scrapy/settings/__init__.py'>
IE_TRACE:                                 Starting var:.. fromlist = ('Settings',)
IE_TRACE:                                 Starting var:.. import_ = <built-in function __import__>
IE_TRACE:                                 Starting var:.. recursive = False
IE_TRACE:                                 12:39:21.326244 call      1390 SOURCE IS UNAVAILABLE
IE_TRACE:                                 12:39:21.326281 line      1400 SOURCE IS UNAVAILABLE
IE_TRACE:                                 New var:....... x = 'Settings'
IE_TRACE:                                 12:39:21.326301 line      1401 SOURCE IS UNAVAILABLE
IE_TRACE:                                 12:39:21.326325 line      1408 SOURCE IS UNAVAILABLE
IE_TRACE:                                 12:39:21.326344 line      1412 SOURCE IS UNAVAILABLE
IE_TRACE:                                 12:39:21.326363 line      1400 SOURCE IS UNAVAILABLE
IE_TRACE:                                 12:39:21.326382 line      1424 SOURCE IS UNAVAILABLE
IE_TRACE:                                 12:39:21.326401 return    1424 SOURCE IS UNAVAILABLE
IE_TRACE:                                 Return value:.. <module 'scrapy.settings' from '/path/to/BugsInPy/workspace/scrapy/scrapy/settings/__init__.py'>
IE_TRACE:                             Source path:... /path/to/BugsInPy/workspace/scrapy/scrapy/crawler.py
IE_TRACE:                             New var:....... Settings = <class 'scrapy.settings.Settings'>
IE_TRACE:                             12:39:21.326424 line        14 from scrapy.signalmanager import SignalManager
IE_TRACE:                                 Source path:... <frozen importlib._bootstrap>
IE_TRACE:                                 Starting var:.. name = 'scrapy.signalmanager'
IE_TRACE:                                 Starting var:.. import_ = <built-in function __import__>
IE_TRACE:                                 12:39:21.326469 call      1349 SOURCE IS UNAVAILABLE
IE_TRACE:                                 12:39:21.326494 line      1354 SOURCE IS UNAVAILABLE
IE_TRACE:                                 New var:....... module = <object object at 0x7e5d73f78060>
IE_TRACE:                                 12:39:21.326509 line      1355 SOURCE IS UNAVAILABLE
IE_TRACE:                                 12:39:21.326529 line      1357 SOURCE IS UNAVAILABLE
IE_TRACE:                                     Starting var:.. self = <_frozen_importlib._ModuleLockManager object at 0x7e5d71476b10>
IE_TRACE:                                     Starting var:.. name = 'scrapy.signalmanager'
IE_TRACE:                                     12:39:21.326545 call       412 SOURCE IS UNAVAILABLE
IE_TRACE:                                     12:39:21.326566 line       413 SOURCE IS UNAVAILABLE
IE_TRACE:                                     12:39:21.326582 line       414 SOURCE IS UNAVAILABLE
IE_TRACE:                                     12:39:21.326597 return     414 SOURCE IS UNAVAILABLE
IE_TRACE:                                     Return value:.. None
IE_TRACE:                                     Starting var:.. self = <_frozen_importlib._ModuleLockManager object at 0x7e5d71476b10>
IE_TRACE:                                     12:39:21.326617 call       416 SOURCE IS UNAVAILABLE
IE_TRACE:                                     12:39:21.326635 line       417 SOURCE IS UNAVAILABLE
IE_TRACE:                                     12:39:21.326669 line       418 SOURCE IS UNAVAILABLE
IE_TRACE:                                     12:39:21.326753 return     418 SOURCE IS UNAVAILABLE
IE_TRACE:                                     Return value:.. None
IE_TRACE:                                 12:39:21.326772 line      1358 SOURCE IS UNAVAILABLE
IE_TRACE:                                 12:39:21.326789 line      1359 SOURCE IS UNAVAILABLE
IE_TRACE:                                 12:39:21.326805 line      1360 SOURCE IS UNAVAILABLE
IE_TRACE:                                     Starting var:.. name = 'scrapy.signalmanager'
IE_TRACE:                                     Starting var:.. import_ = <built-in function __import__>
IE_TRACE:                                     12:39:21.326822 call      1304 SOURCE IS UNAVAILABLE
IE_TRACE:                                     12:39:21.326845 line      1305 SOURCE IS UNAVAILABLE
IE_TRACE:                                     New var:....... path = None
IE_TRACE:                                     12:39:21.326862 line      1306 SOURCE IS UNAVAILABLE
IE_TRACE:                                     New var:....... parent = 'scrapy'
IE_TRACE:                                     12:39:21.326882 line      1307 SOURCE IS UNAVAILABLE
IE_TRACE:                                     New var:....... parent_spec = None
IE_TRACE:                                     12:39:21.326903 line      1308 SOURCE IS UNAVAILABLE
IE_TRACE:                                     12:39:21.326925 line      1309 SOURCE IS UNAVAILABLE
IE_TRACE:                                     12:39:21.326944 line      1312 SOURCE IS UNAVAILABLE
IE_TRACE:                                     12:39:21.326963 line      1314 SOURCE IS UNAVAILABLE
IE_TRACE:                                     New var:....... parent_module = <module 'scrapy' from '/path/to/BugsInPy/workspace/scrapy/scrapy/__init__.py'>
IE_TRACE:                                     12:39:21.326982 line      1315 SOURCE IS UNAVAILABLE
IE_TRACE:                                     12:39:21.327005 line      1316 SOURCE IS UNAVAILABLE
IE_TRACE:                                     Modified var:.. path = ['/path/to/BugsInPy/workspace/scrapy/scrapy']
IE_TRACE:                                     12:39:21.327025 line      1320 SOURCE IS UNAVAILABLE
IE_TRACE:                                     Modified var:.. parent_spec = ModuleSpec(name='scrapy', loader=<_frozen_importlib_external.SourceFileLoader object at 0x7e5d73b988c0>, origin='/path/to/BugsInPy/workspace/scrapy/scrapy/__init__.py', submodule_search_locations=['/path/to/BugsInPy/workspace/scrapy/scrapy'])
IE_TRACE:                                     12:39:21.327048 line      1321 SOURCE IS UNAVAILABLE
IE_TRACE:                                     New var:....... child = 'signalmanager'
IE_TRACE:                                     12:39:21.327074 line      1322 SOURCE IS UNAVAILABLE
IE_TRACE:                                     New var:....... spec = ModuleSpec(name='scrapy.signalmanager', loader=<_frozen_importlib_external.SourceFileLoader object at 0x7e5d7058e000>, origin='/path/to/BugsInPy/workspace/scrapy/scrapy/signalmanager.py')
IE_TRACE:                                     12:39:21.327425 line      1323 SOURCE IS UNAVAILABLE
IE_TRACE:                                     12:39:21.327455 line      1326 SOURCE IS UNAVAILABLE
IE_TRACE:                                     12:39:21.327479 line      1329 SOURCE IS UNAVAILABLE
IE_TRACE:                                     12:39:21.327503 line      1330 SOURCE IS UNAVAILABLE
IE_TRACE:                                     12:39:21.327526 line      1331 SOURCE IS UNAVAILABLE
IE_TRACE:                                     New var:....... module = <module 'scrapy.signalmanager' from '/path/to/BugsInPy/workspace/scrapy/scrapy/signalmanager.py'>
IE_TRACE:                                     12:39:21.332576 line      1333 SOURCE IS UNAVAILABLE
IE_TRACE:                                     12:39:21.332632 line      1334 SOURCE IS UNAVAILABLE
IE_TRACE:                                     12:39:21.332664 line      1335 SOURCE IS UNAVAILABLE
IE_TRACE:                                     12:39:21.332690 line      1337 SOURCE IS UNAVAILABLE
IE_TRACE:                                     12:39:21.332717 line      1338 SOURCE IS UNAVAILABLE
IE_TRACE:                                     12:39:21.332743 line      1339 SOURCE IS UNAVAILABLE
IE_TRACE:                                     12:39:21.332769 line      1343 SOURCE IS UNAVAILABLE
IE_TRACE:                                     12:39:21.332794 return    1343 SOURCE IS UNAVAILABLE
IE_TRACE:                                     Return value:.. <module 'scrapy.signalmanager' from '/path/to/BugsInPy/workspace/scrapy/scrapy/signalmanager.py'>
IE_TRACE:                                 12:39:21.332826 line      1357 SOURCE IS UNAVAILABLE
IE_TRACE:                                     Starting var:.. self = <_frozen_importlib._ModuleLockManager object at 0x7e5d71476b10>
IE_TRACE:                                     Starting var:.. args = (None, None, None)
IE_TRACE:                                     Starting var:.. kwargs = {}
IE_TRACE:                                     12:39:21.332845 call       420 SOURCE IS UNAVAILABLE
IE_TRACE:                                     12:39:21.332873 line       421 SOURCE IS UNAVAILABLE
IE_TRACE:                                     12:39:21.332900 return     421 SOURCE IS UNAVAILABLE
IE_TRACE:                                     Return value:.. None
IE_TRACE:                                     Starting var:.. ref = <weakref at 0x7e5d705728e0; dead>
IE_TRACE:                                     Starting var:.. name = 'scrapy.signalmanager'
IE_TRACE:                                     12:39:21.332923 call       445 SOURCE IS UNAVAILABLE
IE_TRACE:                                     12:39:21.332947 line       446 SOURCE IS UNAVAILABLE
IE_TRACE:                                     12:39:21.332963 line       447 SOURCE IS UNAVAILABLE
IE_TRACE:                                     12:39:21.332978 line       451 SOURCE IS UNAVAILABLE
IE_TRACE:                                     12:39:21.332993 line       452 SOURCE IS UNAVAILABLE
IE_TRACE:                                     12:39:21.333008 line       454 SOURCE IS UNAVAILABLE
IE_TRACE:                                     12:39:21.333023 return     454 SOURCE IS UNAVAILABLE
IE_TRACE:                                     Return value:.. None
IE_TRACE:                                 12:39:21.333045 return    1357 SOURCE IS UNAVAILABLE
IE_TRACE:                                 Return value:.. <module 'scrapy.signalmanager' from '/path/to/BugsInPy/workspace/scrapy/scrapy/signalmanager.py'>
IE_TRACE:                             Source path:... /path/to/BugsInPy/workspace/scrapy/scrapy/crawler.py
IE_TRACE:                             New var:....... SignalManager = <class 'scrapy.signalmanager.SignalManager'>
IE_TRACE:                             12:39:21.333070 line        15 from scrapy.exceptions import ScrapyDeprecationWarning
IE_TRACE:                             New var:....... ScrapyDeprecationWarning = <class 'scrapy.exceptions.ScrapyDeprecationWarning'>
IE_TRACE:                             12:39:21.333120 line        16 from scrapy.utils.ossignal import install_shutdown_handlers, signal_names
IE_TRACE:                                 Source path:... <frozen importlib._bootstrap>
IE_TRACE:                                 Starting var:.. name = 'scrapy.utils.ossignal'
IE_TRACE:                                 Starting var:.. import_ = <built-in function __import__>
IE_TRACE:                                 12:39:21.333164 call      1349 SOURCE IS UNAVAILABLE
IE_TRACE:                                 12:39:21.333190 line      1354 SOURCE IS UNAVAILABLE
IE_TRACE:                                 New var:....... module = <object object at 0x7e5d73f78060>
IE_TRACE:                                 12:39:21.333210 line      1355 SOURCE IS UNAVAILABLE
IE_TRACE:                                 12:39:21.333229 line      1357 SOURCE IS UNAVAILABLE
IE_TRACE:                                     Starting var:.. self = <_frozen_importlib._ModuleLockManager object at 0x7e5d71476b10>
IE_TRACE:                                     Starting var:.. name = 'scrapy.utils.ossignal'
IE_TRACE:                                     12:39:21.333245 call       412 SOURCE IS UNAVAILABLE
IE_TRACE:                                     12:39:21.333266 line       413 SOURCE IS UNAVAILABLE
IE_TRACE:                                     12:39:21.333282 line       414 SOURCE IS UNAVAILABLE
IE_TRACE:                                     12:39:21.333298 return     414 SOURCE IS UNAVAILABLE
IE_TRACE:                                     Return value:.. None
IE_TRACE:                                     Starting var:.. self = <_frozen_importlib._ModuleLockManager object at 0x7e5d71476b10>
IE_TRACE:                                     12:39:21.333322 call       416 SOURCE IS UNAVAILABLE
IE_TRACE:                                     12:39:21.333340 line       417 SOURCE IS UNAVAILABLE
IE_TRACE:                                     12:39:21.333373 line       418 SOURCE IS UNAVAILABLE
IE_TRACE:                                     12:39:21.333455 return     418 SOURCE IS UNAVAILABLE
IE_TRACE:                                     Return value:.. None
IE_TRACE:                                 12:39:21.333475 line      1358 SOURCE IS UNAVAILABLE
IE_TRACE:                                 12:39:21.333492 line      1359 SOURCE IS UNAVAILABLE
IE_TRACE:                                 12:39:21.333509 line      1360 SOURCE IS UNAVAILABLE
IE_TRACE:                                     Starting var:.. name = 'scrapy.utils.ossignal'
IE_TRACE:                                     Starting var:.. import_ = <built-in function __import__>
IE_TRACE:                                     12:39:21.333525 call      1304 SOURCE IS UNAVAILABLE
IE_TRACE:                                     12:39:21.333548 line      1305 SOURCE IS UNAVAILABLE
IE_TRACE:                                     New var:....... path = None
IE_TRACE:                                     12:39:21.333565 line      1306 SOURCE IS UNAVAILABLE
IE_TRACE:                                     New var:....... parent = 'scrapy.utils'
IE_TRACE:                                     12:39:21.333585 line      1307 SOURCE IS UNAVAILABLE
IE_TRACE:                                     New var:....... parent_spec = None
IE_TRACE:                                     12:39:21.333606 line      1308 SOURCE IS UNAVAILABLE
IE_TRACE:                                     12:39:21.333628 line      1309 SOURCE IS UNAVAILABLE
IE_TRACE:                                     12:39:21.333647 line      1312 SOURCE IS UNAVAILABLE
IE_TRACE:                                     12:39:21.333665 line      1314 SOURCE IS UNAVAILABLE
IE_TRACE:                                     New var:....... parent_module = <module 'scrapy.utils' from '/path/to/BugsInPy/workspace/scrapy/scrapy/utils/__init__.py'>
IE_TRACE:                                     12:39:21.333683 line      1315 SOURCE IS UNAVAILABLE
IE_TRACE:                                     12:39:21.333707 line      1316 SOURCE IS UNAVAILABLE
IE_TRACE:                                     Modified var:.. path = ['/path/to/BugsInPy/workspace/scrapy/scrapy/utils']
IE_TRACE:                                     12:39:21.333728 line      1320 SOURCE IS UNAVAILABLE
IE_TRACE:                                     Modified var:.. parent_spec = ModuleSpec(name='scrapy.utils', loader=<_frozen_importlib_external.SourceFileLoader object at 0x7e5d722fd2e0>, origin='/path/to/BugsInPy/workspace/scrapy/scrapy/utils/__init__.py', submodule_search_locations=['/path/to/BugsInPy/workspace/scrapy/scrapy/utils'])
IE_TRACE:                                     12:39:21.333752 line      1321 SOURCE IS UNAVAILABLE
IE_TRACE:                                     New var:....... child = 'ossignal'
IE_TRACE:                                     12:39:21.333779 line      1322 SOURCE IS UNAVAILABLE
IE_TRACE:                                     New var:....... spec = ModuleSpec(name='scrapy.utils.ossignal', loader=<_frozen_importlib_external.SourceFileLoader object at 0x7e5d7058fb30>, origin='/path/to/BugsInPy/workspace/scrapy/scrapy/utils/ossignal.py')
IE_TRACE:                                     12:39:21.334122 line      1323 SOURCE IS UNAVAILABLE
IE_TRACE:                                     12:39:21.334152 line      1326 SOURCE IS UNAVAILABLE
IE_TRACE:                                     12:39:21.334176 line      1329 SOURCE IS UNAVAILABLE
IE_TRACE:                                     12:39:21.334200 line      1330 SOURCE IS UNAVAILABLE
IE_TRACE:                                     12:39:21.334225 line      1331 SOURCE IS UNAVAILABLE
IE_TRACE:                                     New var:....... module = <module 'scrapy.utils.ossignal' from '/path/to/BugsInPy/workspace/scrapy/scrapy/utils/ossignal.py'>
IE_TRACE:                                     12:39:21.334664 line      1333 SOURCE IS UNAVAILABLE
IE_TRACE:                                     12:39:21.334699 line      1334 SOURCE IS UNAVAILABLE
IE_TRACE:                                     12:39:21.334726 line      1335 SOURCE IS UNAVAILABLE
IE_TRACE:                                     12:39:21.334753 line      1337 SOURCE IS UNAVAILABLE
IE_TRACE:                                     12:39:21.334778 line      1338 SOURCE IS UNAVAILABLE
IE_TRACE:                                     12:39:21.334803 line      1339 SOURCE IS UNAVAILABLE
IE_TRACE:                                     12:39:21.334828 line      1343 SOURCE IS UNAVAILABLE
IE_TRACE:                                     12:39:21.334853 return    1343 SOURCE IS UNAVAILABLE
IE_TRACE:                                     Return value:.. <module 'scrapy.utils.ossignal' from '/path/to/BugsInPy/workspace/scrapy/scrapy/utils/ossignal.py'>
IE_TRACE:                                 12:39:21.334883 line      1357 SOURCE IS UNAVAILABLE
IE_TRACE:                                     Starting var:.. self = <_frozen_importlib._ModuleLockManager object at 0x7e5d71476b10>
IE_TRACE:                                     Starting var:.. args = (None, None, None)
IE_TRACE:                                     Starting var:.. kwargs = {}
IE_TRACE:                                     12:39:21.334900 call       420 SOURCE IS UNAVAILABLE
IE_TRACE:                                     12:39:21.334927 line       421 SOURCE IS UNAVAILABLE
IE_TRACE:                                     12:39:21.334953 return     421 SOURCE IS UNAVAILABLE
IE_TRACE:                                     Return value:.. None
IE_TRACE:                                     Starting var:.. ref = <weakref at 0x7e5d705728e0; dead>
IE_TRACE:                                     Starting var:.. name = 'scrapy.utils.ossignal'
IE_TRACE:                                     12:39:21.334975 call       445 SOURCE IS UNAVAILABLE
IE_TRACE:                                     12:39:21.334998 line       446 SOURCE IS UNAVAILABLE
IE_TRACE:                                     12:39:21.335014 line       447 SOURCE IS UNAVAILABLE
IE_TRACE:                                     12:39:21.335030 line       451 SOURCE IS UNAVAILABLE
IE_TRACE:                                     12:39:21.335046 line       452 SOURCE IS UNAVAILABLE
IE_TRACE:                                     12:39:21.335061 line       454 SOURCE IS UNAVAILABLE
IE_TRACE:                                     12:39:21.335076 return     454 SOURCE IS UNAVAILABLE
IE_TRACE:                                     Return value:.. None
IE_TRACE:                                 12:39:21.335095 return    1357 SOURCE IS UNAVAILABLE
IE_TRACE:                                 Return value:.. <module 'scrapy.utils.ossignal' from '/path/to/BugsInPy/workspace/scrapy/scrapy/utils/ossignal.py'>
IE_TRACE:                             Source path:... /path/to/BugsInPy/workspace/scrapy/scrapy/crawler.py
IE_TRACE:                             New var:....... install_shutdown_handlers = <function install_shutdown_handlers at 0x7e5d704693a0>
IE_TRACE:                             New var:....... signal_names = dict(len=34)
IE_TRACE:                             12:39:21.335117 line        17 from scrapy.utils.misc import load_object
IE_TRACE:                             New var:....... load_object = <function load_object at 0x7e5d715537e0>
IE_TRACE:                             12:39:21.335171 line        18 from scrapy.utils.log import LogCounterHandler, configure_logging, log_scrapy_info
IE_TRACE:                             New var:....... LogCounterHandler = <class 'scrapy.utils.log.LogCounterHandler'>
IE_TRACE:                             New var:....... configure_logging = <function configure_logging at 0x7e5d7057eb60>
IE_TRACE:                             New var:....... log_scrapy_info = <function log_scrapy_info at 0x7e5d705f7ba0>
IE_TRACE:                             12:39:21.335219 line        19 from scrapy import signals
IE_TRACE:                                 Source path:... <frozen importlib._bootstrap>
IE_TRACE:                                 Starting var:.. module = <module 'scrapy' from '/path/to/BugsInPy/workspace/scrapy/scrapy/__init__.py'>
IE_TRACE:                                 Starting var:.. fromlist = ('signals',)
IE_TRACE:                                 Starting var:.. import_ = <built-in function __import__>
IE_TRACE:                                 Starting var:.. recursive = False
IE_TRACE:                                 12:39:21.335272 call      1390 SOURCE IS UNAVAILABLE
IE_TRACE:                                 12:39:21.335305 line      1400 SOURCE IS UNAVAILABLE
IE_TRACE:                                 New var:....... x = 'signals'
IE_TRACE:                                 12:39:21.335324 line      1401 SOURCE IS UNAVAILABLE
IE_TRACE:                                 12:39:21.335347 line      1408 SOURCE IS UNAVAILABLE
IE_TRACE:                                 12:39:21.335366 line      1412 SOURCE IS UNAVAILABLE
IE_TRACE:                                 12:39:21.335385 line      1400 SOURCE IS UNAVAILABLE
IE_TRACE:                                 12:39:21.335404 line      1424 SOURCE IS UNAVAILABLE
IE_TRACE:                                 12:39:21.335422 return    1424 SOURCE IS UNAVAILABLE
IE_TRACE:                                 Return value:.. <module 'scrapy' from '/path/to/BugsInPy/workspace/scrapy/scrapy/__init__.py'>
IE_TRACE:                             Source path:... /path/to/BugsInPy/workspace/scrapy/scrapy/crawler.py
IE_TRACE:                             New var:....... signals = <module 'scrapy.signals' from '/path/to/BugsInPy/workspace/scrapy/scrapy/signals.py'>
IE_TRACE:                             12:39:21.335445 line        21 logger = logging.getLogger(__name__)
IE_TRACE:                             Source path:... /path/to/BugsInPy/workspace/scrapy/scrapy/crawler.py
IE_TRACE:                             New var:....... logger = <Logger scrapy.crawler (WARNING)>
IE_TRACE:                             12:39:21.336007 line        24 class Crawler(object):
IE_TRACE:                                 12:39:21.336067 call        24 class Crawler(object):
IE_TRACE:                                 12:39:21.336083 line        24 class Crawler(object):
IE_TRACE:                                 New var:....... __module__ = 'scrapy.crawler'
IE_TRACE:                                 New var:....... __qualname__ = 'Crawler'
IE_TRACE:                                 12:39:21.336097 line        26     def __init__(self, spidercls, settings=None):
IE_TRACE:                                 New var:....... __init__ = <function Crawler.__init__ at 0x7e5d704694e0>
IE_TRACE:                                 12:39:21.336120 line        53     @property
IE_TRACE:                                 12:39:21.336140 line        54     def spiders(self):
IE_TRACE:                                 12:39:21.336157 line        53     @property
IE_TRACE:                                 12:39:21.336174 line        54     def spiders(self):
IE_TRACE:                                 New var:....... spiders = <property object at 0x7e5d70572930>
IE_TRACE:                                 12:39:21.336191 line        64     @defer.inlineCallbacks
IE_TRACE:                                 12:39:21.336239 line        65     def crawl(self, *args, **kwargs):
IE_TRACE:                                 12:39:21.336257 line        64     @defer.inlineCallbacks
IE_TRACE:                                     Source path:... /path/to/.venv/lib/python3.12/site-packages/twisted/internet/defer.py
IE_TRACE:                                     Starting var:.. f = <function Crawler.crawl at 0x7e5d70469620>
IE_TRACE:                                     12:39:21.336275 call      2027 def inlineCallbacks(
IE_TRACE:                                     12:39:21.336421 line      2091     @wraps(f)
IE_TRACE:                                     12:39:21.336450 line      2092     def unwindGenerator(*args: _P.args, **kwargs: _P.kwargs) -> Deferred[_T]:
IE_TRACE:                                     12:39:21.336466 line      2091     @wraps(f)
IE_TRACE:                                     12:39:21.336495 line      2092     def unwindGenerator(*args: _P.args, **kwargs: _P.kwargs) -> Deferred[_T]:
IE_TRACE:                                     New var:....... unwindGenerator = <function Crawler.crawl at 0x7e5d70469800>
IE_TRACE:                                     12:39:21.336511 line      2107     return unwindGenerator
IE_TRACE:                                     12:39:21.336530 return    2107     return unwindGenerator
IE_TRACE:                                     Return value:.. <function Crawler.crawl at 0x7e5d70469800>
IE_TRACE:                                 Source path:... /path/to/BugsInPy/workspace/scrapy/scrapy/crawler.py
IE_TRACE:                                 12:39:21.336551 line        65     def crawl(self, *args, **kwargs):
IE_TRACE:                                 New var:....... crawl = <function Crawler.crawl at 0x7e5d70469800>
IE_TRACE:                                 12:39:21.336573 line        79     def _create_spider(self, *args, **kwargs):
IE_TRACE:                                 New var:....... _create_spider = <function Crawler._create_spider at 0x7e5d704698a0>
IE_TRACE:                                 12:39:21.336596 line        82     def _create_engine(self):
IE_TRACE:                                 New var:....... _create_engine = <function Crawler._create_engine at 0x7e5d70469940>
IE_TRACE:                                 12:39:21.336619 line        85     @defer.inlineCallbacks
IE_TRACE:                                 12:39:21.336643 line        86     def stop(self):
IE_TRACE:                                 12:39:21.336663 line        85     @defer.inlineCallbacks
IE_TRACE:                                     Source path:... /path/to/.venv/lib/python3.12/site-packages/twisted/internet/defer.py
IE_TRACE:                                     Starting var:.. f = <function Crawler.stop at 0x7e5d704699e0>
IE_TRACE:                                     12:39:21.336684 call      2027 def inlineCallbacks(
IE_TRACE:                                     12:39:21.336706 line      2091     @wraps(f)
IE_TRACE:                                     12:39:21.336731 line      2092     def unwindGenerator(*args: _P.args, **kwargs: _P.kwargs) -> Deferred[_T]:
IE_TRACE:                                     12:39:21.336746 line      2091     @wraps(f)
IE_TRACE:                                     12:39:21.336772 line      2092     def unwindGenerator(*args: _P.args, **kwargs: _P.kwargs) -> Deferred[_T]:
IE_TRACE:                                     New var:....... unwindGenerator = <function Crawler.stop at 0x7e5d70469a80>
IE_TRACE:                                     12:39:21.336788 line      2107     return unwindGenerator
IE_TRACE:                                     12:39:21.336807 return    2107     return unwindGenerator
IE_TRACE:                                     Return value:.. <function Crawler.stop at 0x7e5d70469a80>
IE_TRACE:                                 Source path:... /path/to/BugsInPy/workspace/scrapy/scrapy/crawler.py
IE_TRACE:                                 12:39:21.336827 line        86     def stop(self):
IE_TRACE:                                 New var:....... stop = <function Crawler.stop at 0x7e5d70469a80>
IE_TRACE:                                 12:39:21.336850 return      86     def stop(self):
IE_TRACE:                                 Return value:.. None
IE_TRACE:                             New var:....... Crawler = <class 'scrapy.crawler.Crawler'>
IE_TRACE:                             12:39:21.336884 line        92 class CrawlerRunner(object):
IE_TRACE:                                 12:39:21.336943 call        92 class CrawlerRunner(object):
IE_TRACE:                                 12:39:21.336958 line        92 class CrawlerRunner(object):
IE_TRACE:                                 New var:....... __module__ = 'scrapy.crawler'
IE_TRACE:                                 New var:....... __qualname__ = 'CrawlerRunner'
IE_TRACE:                                 12:39:21.336972 line        93     """
IE_TRACE:                                 New var:....... __doc__ = "\n    This is a convenient helper class that keeps track of, manages and runs\n    crawlers inside an already setup Twisted `reactor`_.\n\n    The CrawlerRunner object must be instantiated with a\n    :class:`~scrapy.settings.Settings` object.\n\n    This class shouldn't be needed (since Scrapy is responsible of using it\n    accordingly) unless writing scripts that manually handle the crawling\n    process. See :ref:`run-from-script` for an example.\n    "
IE_TRACE:                                 12:39:21.336993 line       105     crawlers = property(
IE_TRACE:                                 12:39:21.337016 line       106         lambda self: self._crawlers,
IE_TRACE:                                 12:39:21.337034 line       107         doc="Set of :class:`crawlers <scrapy.crawler.Crawler>` started by "
IE_TRACE:                                 12:39:21.337051 line       105     crawlers = property(
IE_TRACE:                                 New var:....... crawlers = <property object at 0x7e5d70490b80>
IE_TRACE:                                 12:39:21.337069 line       111     def __init__(self, settings=None):
IE_TRACE:                                 New var:....... __init__ = <function CrawlerRunner.__init__ at 0x7e5d70469b20>
IE_TRACE:                                 12:39:21.337090 line       119     @property
IE_TRACE:                                 12:39:21.337112 line       120     def spiders(self):
IE_TRACE:                                 12:39:21.337131 line       119     @property
IE_TRACE:                                 12:39:21.337150 line       120     def spiders(self):
IE_TRACE:                                 New var:....... spiders = <property object at 0x7e5d70490e50>
IE_TRACE:                                 12:39:21.337168 line       126     def crawl(self, crawler_or_spidercls, *args, **kwargs):
IE_TRACE:                                 New var:....... crawl = <function CrawlerRunner.crawl at 0x7e5d70469c60>
IE_TRACE:                                 12:39:21.337195 line       153     def _crawl(self, crawler, *args, **kwargs):
IE_TRACE:                                 New var:....... _crawl = <function CrawlerRunner._crawl at 0x7e5d70469d00>
IE_TRACE:                                 12:39:21.337218 line       165     def _create_crawler(self, spidercls):
IE_TRACE:                                 New var:....... _create_crawler = <function CrawlerRunner._create_crawler at 0x7e5d70469da0>
IE_TRACE:                                 12:39:21.337241 line       170     def stop(self):
IE_TRACE:                                 New var:....... stop = <function CrawlerRunner.stop at 0x7e5d70469e40>
IE_TRACE:                                 12:39:21.337266 line       178     @defer.inlineCallbacks
IE_TRACE:                                 12:39:21.337293 line       179     def join(self):
IE_TRACE:                                 12:39:21.337315 line       178     @defer.inlineCallbacks
IE_TRACE:                                     Source path:... /path/to/.venv/lib/python3.12/site-packages/twisted/internet/defer.py
IE_TRACE:                                     Starting var:.. f = <function CrawlerRunner.join at 0x7e5d70469ee0>
IE_TRACE:                                     12:39:21.337339 call      2027 def inlineCallbacks(
IE_TRACE:                                     12:39:21.337360 line      2091     @wraps(f)
IE_TRACE:                                     12:39:21.337384 line      2092     def unwindGenerator(*args: _P.args, **kwargs: _P.kwargs) -> Deferred[_T]:
IE_TRACE:                                     12:39:21.337399 line      2091     @wraps(f)
IE_TRACE:                                     12:39:21.337424 line      2092     def unwindGenerator(*args: _P.args, **kwargs: _P.kwargs) -> Deferred[_T]:
IE_TRACE:                                     New var:....... unwindGenerator = <function CrawlerRunner.join at 0x7e5d70469f80>
IE_TRACE:                                     12:39:21.337439 line      2107     return unwindGenerator
IE_TRACE:                                     12:39:21.337457 return    2107     return unwindGenerator
IE_TRACE:                                     Return value:.. <function CrawlerRunner.join at 0x7e5d70469f80>
IE_TRACE:                                 Source path:... /path/to/BugsInPy/workspace/scrapy/scrapy/crawler.py
IE_TRACE:                                 12:39:21.337476 line       179     def join(self):
IE_TRACE:                                 New var:....... join = <function CrawlerRunner.join at 0x7e5d70469f80>
IE_TRACE:                                 12:39:21.337502 return     179     def join(self):
IE_TRACE:                                 Return value:.. None
IE_TRACE:                             New var:....... CrawlerRunner = <class 'scrapy.crawler.CrawlerRunner'>
IE_TRACE:                             12:39:21.337538 line       190 class CrawlerProcess(CrawlerRunner):
IE_TRACE:                                 12:39:21.337594 call       190 class CrawlerProcess(CrawlerRunner):
IE_TRACE:                                 12:39:21.337610 line       190 class CrawlerProcess(CrawlerRunner):
IE_TRACE:                                 New var:....... __module__ = 'scrapy.crawler'
IE_TRACE:                                 New var:....... __qualname__ = 'CrawlerProcess'
IE_TRACE:                                 12:39:21.337624 line       191     """
IE_TRACE:                                 New var:....... __doc__ = "\n    A class to run multiple scrapy crawlers in a process simultaneously.\n\n    This class extends :class:`~scrapy.crawler.CrawlerRunner` by adding support\n    for starting a Twisted `reactor`_ and handling shutdown signals, like the\n    keybo...rapy.settings.Settings` object.\n\n    This class shouldn't be needed (since Scrapy is responsible of using it\n    accordingly) unless writing scripts that manually handle the crawling\n    process. See :ref:`run-from-script` for an example.\n    "
IE_TRACE:                                 12:39:21.337645 line       210     def __init__(self, settings=None):
IE_TRACE:                                 New var:....... __init__ = <function CrawlerProcess.__init__ at 0x7e5d7046a020>
IE_TRACE:                                 12:39:21.337670 line       216     def _signal_shutdown(self, signum, _):
IE_TRACE:                                 New var:....... _signal_shutdown = <function CrawlerProcess._signal_shutdown at 0x7e5d7046a0c0>
IE_TRACE:                                 12:39:21.337694 line       223     def _signal_kill(self, signum, _):
IE_TRACE:                                 New var:....... _signal_kill = <function CrawlerProcess._signal_kill at 0x7e5d7046a160>
IE_TRACE:                                 12:39:21.337717 line       230     def start(self, stop_after_crawl=True):
IE_TRACE:                                 New var:....... start = <function CrawlerProcess.start at 0x7e5d7046a200>
IE_TRACE:                                 12:39:21.337741 line       255     def _get_dns_resolver(self):
IE_TRACE:                                 New var:....... _get_dns_resolver = <function CrawlerProcess._get_dns_resolver at 0x7e5d7046a2a0>
IE_TRACE:                                 12:39:21.337766 line       266     def _graceful_stop_reactor(self):
IE_TRACE:                                 New var:....... _graceful_stop_reactor = <function CrawlerProcess._graceful_stop_reactor at 0x7e5d7046a340>
IE_TRACE:                                 12:39:21.337791 line       271     def _stop_reactor(self, _=None):
IE_TRACE:                                 New var:....... _stop_reactor = <function CrawlerProcess._stop_reactor at 0x7e5d7046a3e0>
IE_TRACE:                                 New var:....... __classcell__ = <cell at 0x7e5d705ab310: empty>
IE_TRACE:                                 12:39:21.337818 return     271     def _stop_reactor(self, _=None):
IE_TRACE:                                 Return value:.. <cell at 0x7e5d705ab310: empty>
IE_TRACE:                             New var:....... CrawlerProcess = <class 'scrapy.crawler.CrawlerProcess'>
IE_TRACE:                             12:39:21.337860 line       278 def _get_spider_loader(settings):
IE_TRACE:                             New var:....... _get_spider_loader = <function _get_spider_loader at 0x7e5d70469440>
IE_TRACE:                             12:39:21.337912 return     278 def _get_spider_loader(settings):
IE_TRACE:                             Return value:.. None
IE_TRACE:                         Source path:... <frozen importlib._bootstrap>
IE_TRACE:                         Modified var:.. args = (<code object <module> at 0x7e5d7154b630, file "/path/to/BugsInPy/workspace/scrapy/scrapy/crawler.py", line 1>, {'__name__': 'scrapy.crawler', '__doc__': None, '__package__': 'scrapy', '__loader__': <_frozen_importlib_external.SourceFileL...wler (WARNING)>, 'Crawler': <class 'scrapy.crawler.Crawler'>, 'CrawlerRunner': <class 'scrapy.crawler.CrawlerRunner'>, 'CrawlerProcess': <class 'scrapy.crawler.CrawlerProcess'>, '_get_spider_loader': <function _get_spider_loader at 0x7e5d70469440>})
IE_TRACE:                         12:39:21.337966 return     488 SOURCE IS UNAVAILABLE
IE_TRACE:                         Return value:.. None
IE_TRACE:                     Source path:... <frozen importlib._bootstrap_external>
IE_TRACE:                     12:39:21.338148 return     995 SOURCE IS UNAVAILABLE
IE_TRACE:                     Return value:.. None
IE_TRACE:                 Source path:... <frozen importlib._bootstrap>
IE_TRACE:                 12:39:21.338175 line       946 SOURCE IS UNAVAILABLE
IE_TRACE:                 12:39:21.338200 line       947 SOURCE IS UNAVAILABLE
IE_TRACE:                 12:39:21.338213 line       948 SOURCE IS UNAVAILABLE
IE_TRACE:                     Starting var:.. message = 'import {!r} # {!r}'
IE_TRACE:                     Starting var:.. verbosity = 1
IE_TRACE:                     Starting var:.. args = ('scrapy.crawler', <_frozen_importlib_external.SourceFileLoader object at 0x7e5d7158ef90>)
IE_TRACE:                     12:39:21.338225 call       491 SOURCE IS UNAVAILABLE
IE_TRACE:                     12:39:21.338247 line       493 SOURCE IS UNAVAILABLE
IE_TRACE:                     12:39:21.338260 return     493 SOURCE IS UNAVAILABLE
IE_TRACE:                     Return value:.. None
IE_TRACE:                 12:39:21.338275 line       950 SOURCE IS UNAVAILABLE
IE_TRACE:                 12:39:21.338287 line       952 SOURCE IS UNAVAILABLE
IE_TRACE:                 12:39:21.338298 return     952 SOURCE IS UNAVAILABLE
IE_TRACE:                 Return value:.. <module 'scrapy.crawler' from '/path/to/BugsInPy/workspace/scrapy/scrapy/crawler.py'>
IE_TRACE:             New var:....... module = <module 'scrapy.crawler' from '/path/to/BugsInPy/workspace/scrapy/scrapy/crawler.py'>
IE_TRACE:             12:39:21.338314 line      1333 SOURCE IS UNAVAILABLE
IE_TRACE:             12:39:21.338340 line      1334 SOURCE IS UNAVAILABLE
IE_TRACE:             12:39:21.338359 line      1335 SOURCE IS UNAVAILABLE
IE_TRACE:             12:39:21.338378 line      1337 SOURCE IS UNAVAILABLE
IE_TRACE:             12:39:21.338396 line      1338 SOURCE IS UNAVAILABLE
IE_TRACE:             12:39:21.338414 line      1339 SOURCE IS UNAVAILABLE
IE_TRACE:             12:39:21.338433 line      1343 SOURCE IS UNAVAILABLE
IE_TRACE:             12:39:21.338450 return    1343 SOURCE IS UNAVAILABLE
IE_TRACE:             Return value:.. <module 'scrapy.crawler' from '/path/to/BugsInPy/workspace/scrapy/scrapy/crawler.py'>
IE_TRACE:         12:39:21.338473 line      1357 SOURCE IS UNAVAILABLE
IE_TRACE:             Starting var:.. self = <_frozen_importlib._ModuleLockManager object at 0x7e5d71475e20>
IE_TRACE:             Starting var:.. args = (None, None, None)
IE_TRACE:             Starting var:.. kwargs = {}
IE_TRACE:             12:39:21.338485 call       420 SOURCE IS UNAVAILABLE
IE_TRACE:             12:39:21.338504 line       421 SOURCE IS UNAVAILABLE
IE_TRACE:                 Starting var:.. self = _ModuleLock('scrapy.crawler') at 138939797562112
IE_TRACE:                 12:39:21.338516 call       372 SOURCE IS UNAVAILABLE
IE_TRACE:                 12:39:21.338530 line       373 SOURCE IS UNAVAILABLE
IE_TRACE:                 New var:....... tid = 138939851845760
IE_TRACE:                 12:39:21.338539 line       374 SOURCE IS UNAVAILABLE
IE_TRACE:                 12:39:21.338552 line       375 SOURCE IS UNAVAILABLE
IE_TRACE:                 12:39:21.338562 line       377 SOURCE IS UNAVAILABLE
IE_TRACE:                 12:39:21.338571 line       378 SOURCE IS UNAVAILABLE
IE_TRACE:                 12:39:21.338580 line       379 SOURCE IS UNAVAILABLE
IE_TRACE:                 12:39:21.338589 line       380 SOURCE IS UNAVAILABLE
IE_TRACE:                 12:39:21.338598 line       381 SOURCE IS UNAVAILABLE
IE_TRACE:                 12:39:21.338607 line       374 SOURCE IS UNAVAILABLE
IE_TRACE:                 12:39:21.338616 return     374 SOURCE IS UNAVAILABLE
IE_TRACE:                 Return value:.. None
IE_TRACE:             12:39:21.338629 return     421 SOURCE IS UNAVAILABLE
IE_TRACE:             Return value:.. None
IE_TRACE:             Starting var:.. ref = <weakref at 0x7e5d71490590; dead>
IE_TRACE:             Starting var:.. name = 'scrapy.crawler'
IE_TRACE:             12:39:21.338644 call       445 SOURCE IS UNAVAILABLE
IE_TRACE:             12:39:21.338660 line       446 SOURCE IS UNAVAILABLE
IE_TRACE:             12:39:21.338670 line       447 SOURCE IS UNAVAILABLE
IE_TRACE:             12:39:21.338678 line       451 SOURCE IS UNAVAILABLE
IE_TRACE:             12:39:21.338687 line       452 SOURCE IS UNAVAILABLE
IE_TRACE:             12:39:21.338695 line       454 SOURCE IS UNAVAILABLE
IE_TRACE:             12:39:21.338703 return     454 SOURCE IS UNAVAILABLE
IE_TRACE:             Return value:.. None
IE_TRACE:         12:39:21.338716 return    1357 SOURCE IS UNAVAILABLE
IE_TRACE:         Return value:.. <module 'scrapy.crawler' from '/path/to/BugsInPy/workspace/scrapy/scrapy/crawler.py'>
IE_TRACE:     Source path:... /path/to/BugsInPy/workspace/scrapy/scrapy/utils/test.py
IE_TRACE:     New var:....... CrawlerRunner = <class 'scrapy.crawler.CrawlerRunner'>
IE_TRACE:     12:39:21.338733 line        29     from scrapy.settings import Settings
IE_TRACE:         Source path:... <frozen importlib._bootstrap>
IE_TRACE:         Starting var:.. module = <module 'scrapy.settings' from '/path/to/BugsInPy/workspace/scrapy/scrapy/settings/__init__.py'>
IE_TRACE:         Starting var:.. fromlist = ('Settings',)
IE_TRACE:         Starting var:.. import_ = <built-in function __import__>
IE_TRACE:         Starting var:.. recursive = False
IE_TRACE:         12:39:21.338754 call      1390 SOURCE IS UNAVAILABLE
IE_TRACE:         12:39:21.338782 line      1400 SOURCE IS UNAVAILABLE
IE_TRACE:         New var:....... x = 'Settings'
IE_TRACE:         12:39:21.338795 line      1401 SOURCE IS UNAVAILABLE
IE_TRACE:         12:39:21.338812 line      1408 SOURCE IS UNAVAILABLE
IE_TRACE:         12:39:21.338824 line      1412 SOURCE IS UNAVAILABLE
IE_TRACE:         12:39:21.338837 line      1400 SOURCE IS UNAVAILABLE
IE_TRACE:         12:39:21.338849 line      1424 SOURCE IS UNAVAILABLE
IE_TRACE:         12:39:21.338861 return    1424 SOURCE IS UNAVAILABLE
IE_TRACE:         Return value:.. <module 'scrapy.settings' from '/path/to/BugsInPy/workspace/scrapy/scrapy/settings/__init__.py'>
IE_TRACE:     Source path:... /path/to/BugsInPy/workspace/scrapy/scrapy/utils/test.py
IE_TRACE:     New var:....... Settings = <class 'scrapy.settings.Settings'>
IE_TRACE:     12:39:21.338878 line        30     from scrapy.spiders import Spider
IE_TRACE:         Source path:... <frozen importlib._bootstrap>
IE_TRACE:         Starting var:.. module = <module 'scrapy.spiders' from '/path/to/BugsInPy/workspace/scrapy/scrapy/spiders/__init__.py'>
IE_TRACE:         Starting var:.. fromlist = ('Spider',)
IE_TRACE:         Starting var:.. import_ = <built-in function __import__>
IE_TRACE:         Starting var:.. recursive = False
IE_TRACE:         12:39:21.338896 call      1390 SOURCE IS UNAVAILABLE
IE_TRACE:         12:39:21.338921 line      1400 SOURCE IS UNAVAILABLE
IE_TRACE:         New var:....... x = 'Spider'
IE_TRACE:         12:39:21.338933 line      1401 SOURCE IS UNAVAILABLE
IE_TRACE:         12:39:21.338948 line      1408 SOURCE IS UNAVAILABLE
IE_TRACE:         12:39:21.338961 line      1412 SOURCE IS UNAVAILABLE
IE_TRACE:         12:39:21.338973 line      1400 SOURCE IS UNAVAILABLE
IE_TRACE:         12:39:21.338985 line      1424 SOURCE IS UNAVAILABLE
IE_TRACE:         12:39:21.338997 return    1424 SOURCE IS UNAVAILABLE
IE_TRACE:         Return value:.. <module 'scrapy.spiders' from '/path/to/BugsInPy/workspace/scrapy/scrapy/spiders/__init__.py'>
IE_TRACE:     Source path:... /path/to/BugsInPy/workspace/scrapy/scrapy/utils/test.py
IE_TRACE:     New var:....... Spider = <class 'scrapy.spiders.Spider'>
IE_TRACE:     12:39:21.339013 line        32     runner = CrawlerRunner(Settings(settings_dict))
IE_TRACE:         Source path:... /path/to/BugsInPy/workspace/scrapy/scrapy/settings/__init__.py
IE_TRACE:         Starting var:.. self = <scrapy.settings.Settings object at 0x7e5d714c5a90>
IE_TRACE:         Starting var:.. values = None
IE_TRACE:         Starting var:.. priority = 'project'
IE_TRACE:         12:39:21.339032 call        50     def __init__(self, values=None, priority='project'):
IE_TRACE:         12:39:21.339087 line        51         self.frozen = False
IE_TRACE:         12:39:21.339099 line        52         self.attributes = {}
IE_TRACE:         12:39:21.339109 line        53         self.setmodule(default_settings, priority='default')
IE_TRACE:             Starting var:.. self = <scrapy.settings.Settings object at 0x7e5d714c5a90>
IE_TRACE:             Starting var:.. module = <module 'scrapy.settings.default_settings' from '/path/to/BugsInPy/workspace/scrapy/scrapy/settings/default_settings.py'>
IE_TRACE:             Starting var:.. priority = 'default'
IE_TRACE:             12:39:21.339121 call       105     def setmodule(self, module, priority='project'):
IE_TRACE:             12:39:21.339142 line       106         self._assert_mutability()
IE_TRACE:                 Starting var:.. self = <scrapy.settings.Settings object at 0x7e5d714c5a90>
IE_TRACE:                 12:39:21.339154 call       113     def _assert_mutability(self):
IE_TRACE:                 12:39:21.339166 line       114         if self.frozen:
IE_TRACE:                 12:39:21.339175 return     114         if self.frozen:
IE_TRACE:                 Return value:.. None
IE_TRACE:             12:39:21.339187 line       107         if isinstance(module, six.string_types):
IE_TRACE:             12:39:21.339201 line       109         for key in dir(module):
IE_TRACE:             New var:....... key = 'AJAXCRAWL_ENABLED'
IE_TRACE:             12:39:21.339221 line       110             if key.isupper():
IE_TRACE:             12:39:21.339236 line       111                 self.set(key, getattr(module, key), priority)
IE_TRACE:                 Starting var:.. self = <scrapy.settings.Settings object at 0x7e5d714c5a90>
IE_TRACE:                 Starting var:.. name = 'AJAXCRAWL_ENABLED'
IE_TRACE:                 Starting var:.. value = False
IE_TRACE:                 Starting var:.. priority = 'default'
IE_TRACE:                 12:39:21.339249 call        91     def set(self, name, value, priority='project'):
IE_TRACE:                 12:39:21.339272 line        92         self._assert_mutability()
IE_TRACE:                     Starting var:.. self = <scrapy.settings.Settings object at 0x7e5d714c5a90>
IE_TRACE:                     12:39:21.339284 call       113     def _assert_mutability(self):
IE_TRACE:                     12:39:21.339294 line       114         if self.frozen:
IE_TRACE:                     12:39:21.339303 return     114         if self.frozen:
IE_TRACE:                     Return value:.. None
IE_TRACE:                 12:39:21.339315 line        93         if isinstance(priority, six.string_types):
IE_TRACE:                 12:39:21.339326 line        94             priority = SETTINGS_PRIORITIES[priority]
IE_TRACE:                 Modified var:.. priority = 0
IE_TRACE:                 12:39:21.339337 line        95         if name not in self.attributes:
IE_TRACE:                 12:39:21.339350 line        96             self.attributes[name] = SettingsAttribute(value, priority)
IE_TRACE:                     Starting var:.. self = REPR FAILED
IE_TRACE:                     Starting var:.. value = False
IE_TRACE:                     Starting var:.. priority = 0
IE_TRACE:                     12:39:21.339361 call        31     def __init__(self, value, priority):
IE_TRACE:                     12:39:21.339384 line        32         self.value = value
IE_TRACE:                     12:39:21.339395 line        33         self.priority = priority
IE_TRACE:                     Modified var:.. self = <SettingsAttribute value=False priority=0>
IE_TRACE:                     12:39:21.339406 return      33         self.priority = priority
IE_TRACE:                     Return value:.. None
IE_TRACE:                 12:39:21.339424 return      96             self.attributes[name] = SettingsAttribute(value, priority)
IE_TRACE:                 Return value:.. None
IE_TRACE:     [CONDENSED] 120 identical loop iterations skipped (122 total iterations, showing first and last)
IE_TRACE:             12:39:21.364054 line       109         for key in dir(module):
IE_TRACE:             Modified var:.. key = 'USER_AGENT'
IE_TRACE:             12:39:21.364064 line       110             if key.isupper():
IE_TRACE:             12:39:21.364077 line       111                 self.set(key, getattr(module, key), priority)
IE_TRACE:                 Starting var:.. self = <scrapy.settings.Settings object at 0x7e5d714c5a90>
IE_TRACE:                 Starting var:.. name = 'USER_AGENT'
IE_TRACE:                 Starting var:.. value = 'Scrapy/1.1.0dev1 (+http://scrapy.org)'
IE_TRACE:                 Starting var:.. priority = 'default'
IE_TRACE:                 12:39:21.364088 call        91     def set(self, name, value, priority='project'):
IE_TRACE:                 12:39:21.364109 line        92         self._assert_mutability()
IE_TRACE:                     Starting var:.. self = <scrapy.settings.Settings object at 0x7e5d714c5a90>
IE_TRACE:                     12:39:21.364119 call       113     def _assert_mutability(self):
IE_TRACE:                     12:39:21.364129 line       114         if self.frozen:
IE_TRACE:                     12:39:21.364137 return     114         if self.frozen:
IE_TRACE:                     Return value:.. None
IE_TRACE:                 12:39:21.364147 line        93         if isinstance(priority, six.string_types):
IE_TRACE:                 12:39:21.364158 line        94             priority = SETTINGS_PRIORITIES[priority]
IE_TRACE:                 Modified var:.. priority = 0
IE_TRACE:                 12:39:21.364168 line        95         if name not in self.attributes:
IE_TRACE:                 12:39:21.364180 line        96             self.attributes[name] = SettingsAttribute(value, priority)
IE_TRACE:                     Starting var:.. self = REPR FAILED
IE_TRACE:                     Starting var:.. value = 'Scrapy/1.1.0dev1 (+http://scrapy.org)'
IE_TRACE:                     Starting var:.. priority = 0
IE_TRACE:                     12:39:21.364190 call        31     def __init__(self, value, priority):
IE_TRACE:                     12:39:21.364210 line        32         self.value = value
IE_TRACE:                     12:39:21.364220 line        33         self.priority = priority
IE_TRACE:                     Modified var:.. self = <SettingsAttribute value='Scrapy/1.1.0dev1 (+http://scrapy.org)' priority=0>
IE_TRACE:                     12:39:21.364230 return      33         self.priority = priority
IE_TRACE:                     Return value:.. None
IE_TRACE:                 12:39:21.364245 return      96             self.attributes[name] = SettingsAttribute(value, priority)
IE_TRACE:                 Return value:.. None
IE_TRACE:             12:39:21.364258 line       109         for key in dir(module):
IE_TRACE:             Modified var:.. key = '__builtins__'
IE_TRACE:             12:39:21.364269 line       110             if key.isupper():
IE_TRACE:     [CONDENSED] 12 identical loop iterations skipped (14 total iterations, showing first and last)
IE_TRACE:             12:39:21.364556 line       109         for key in dir(module):
IE_TRACE:             Modified var:.. key = 'sys'
IE_TRACE:             12:39:21.364567 line       110             if key.isupper():
IE_TRACE:             12:39:21.364580 line       109         for key in dir(module):
IE_TRACE:             12:39:21.364591 return     109         for key in dir(module):
IE_TRACE:             Return value:.. None
IE_TRACE:         12:39:21.364605 line        54         if values is not None:
IE_TRACE:         12:39:21.364614 return      54         if values is not None:
IE_TRACE:         Return value:.. None
IE_TRACE:         Source path:... /path/to/BugsInPy/workspace/scrapy/scrapy/crawler.py
IE_TRACE:         Starting var:.. self = <scrapy.crawler.CrawlerRunner object at 0x7e5d704ca180>
IE_TRACE:         Starting var:.. settings = <scrapy.settings.Settings object at 0x7e5d714c5a90>
IE_TRACE:         12:39:21.364629 call       111     def __init__(self, settings=None):
IE_TRACE:         12:39:21.364647 line       112         if isinstance(settings, dict) or settings is None:
IE_TRACE:         12:39:21.364657 line       114         self.settings = settings
IE_TRACE:         12:39:21.364666 line       115         self.spider_loader = _get_spider_loader(settings)
IE_TRACE:             Starting var:.. settings = <scrapy.settings.Settings object at 0x7e5d714c5a90>
IE_TRACE:             12:39:21.364678 call       278 def _get_spider_loader(settings):
IE_TRACE:             12:39:21.364691 line       280     if settings.get('SPIDER_MANAGER_CLASS'):
IE_TRACE:                 Source path:... /path/to/BugsInPy/workspace/scrapy/scrapy/settings/__init__.py
IE_TRACE:                 Starting var:.. self = <scrapy.settings.Settings object at 0x7e5d714c5a90>
IE_TRACE:                 Starting var:.. name = 'SPIDER_MANAGER_CLASS'
IE_TRACE:                 Starting var:.. default = None
IE_TRACE:                 12:39:21.364701 call        63     def get(self, name, default=None):
IE_TRACE:                 12:39:21.364722 line        64         return self[name] if self[name] is not None else default
IE_TRACE:                     Starting var:.. self = <scrapy.settings.Settings object at 0x7e5d714c5a90>
IE_TRACE:                     Starting var:.. opt_name = 'SPIDER_MANAGER_CLASS'
IE_TRACE:                     12:39:21.364734 call        57     def __getitem__(self, opt_name):
IE_TRACE:                     12:39:21.364749 line        58         value = None
IE_TRACE:                     New var:....... value = None
IE_TRACE:                     12:39:21.364759 line        59         if opt_name in self.attributes:
IE_TRACE:                     12:39:21.364771 line        61         return value
IE_TRACE:                     12:39:21.364781 return      61         return value
IE_TRACE:                     Return value:.. None
IE_TRACE:                 12:39:21.364794 return      64         return self[name] if self[name] is not None else default
IE_TRACE:                 Return value:.. None
IE_TRACE:             Source path:... /path/to/BugsInPy/workspace/scrapy/scrapy/crawler.py
IE_TRACE:             12:39:21.364807 line       286     cls_path = settings.get('SPIDER_MANAGER_CLASS',
IE_TRACE:             12:39:21.364818 line       287                             settings.get('SPIDER_LOADER_CLASS'))
IE_TRACE:                 Source path:... /path/to/BugsInPy/workspace/scrapy/scrapy/settings/__init__.py
IE_TRACE:                 Starting var:.. self = <scrapy.settings.Settings object at 0x7e5d714c5a90>
IE_TRACE:                 Starting var:.. name = 'SPIDER_LOADER_CLASS'
IE_TRACE:                 Starting var:.. default = None
IE_TRACE:                 12:39:21.364827 call        63     def get(self, name, default=None):
IE_TRACE:                 12:39:21.364848 line        64         return self[name] if self[name] is not None else default
IE_TRACE:                     Starting var:.. self = <scrapy.settings.Settings object at 0x7e5d714c5a90>
IE_TRACE:                     Starting var:.. opt_name = 'SPIDER_LOADER_CLASS'
IE_TRACE:                     12:39:21.364857 call        57     def __getitem__(self, opt_name):
IE_TRACE:                     12:39:21.364871 line        58         value = None
IE_TRACE:                     New var:....... value = None
IE_TRACE:                     12:39:21.364880 line        59         if opt_name in self.attributes:
IE_TRACE:                     12:39:21.364892 line        60             value = self.attributes[opt_name].value
IE_TRACE:                     Modified var:.. value = 'scrapy.spiderloader.SpiderLoader'
IE_TRACE:                     12:39:21.364902 line        61         return value
IE_TRACE:                     12:39:21.364914 return      61         return value
IE_TRACE:                     Return value:.. 'scrapy.spiderloader.SpiderLoader'
IE_TRACE:                     Starting var:.. self = <scrapy.settings.Settings object at 0x7e5d714c5a90>
IE_TRACE:                     Starting var:.. opt_name = 'SPIDER_LOADER_CLASS'
IE_TRACE:                     12:39:21.364928 call        57     def __getitem__(self, opt_name):
IE_TRACE:                     12:39:21.364943 line        58         value = None
IE_TRACE:                     New var:....... value = None
IE_TRACE:                     12:39:21.364952 line        59         if opt_name in self.attributes:
IE_TRACE:                     12:39:21.364964 line        60             value = self.attributes[opt_name].value
IE_TRACE:                     Modified var:.. value = 'scrapy.spiderloader.SpiderLoader'
IE_TRACE:                     12:39:21.364973 line        61         return value
IE_TRACE:                     12:39:21.364986 return      61         return value
IE_TRACE:                     Return value:.. 'scrapy.spiderloader.SpiderLoader'
IE_TRACE:                 12:39:21.364999 return      64         return self[name] if self[name] is not None else default
IE_TRACE:                 Return value:.. 'scrapy.spiderloader.SpiderLoader'
IE_TRACE:             Source path:... /path/to/BugsInPy/workspace/scrapy/scrapy/crawler.py
IE_TRACE:             12:39:21.365011 line       286     cls_path = settings.get('SPIDER_MANAGER_CLASS',
IE_TRACE:                 Source path:... /path/to/BugsInPy/workspace/scrapy/scrapy/settings/__init__.py
IE_TRACE:                 Starting var:.. self = <scrapy.settings.Settings object at 0x7e5d714c5a90>
IE_TRACE:                 Starting var:.. name = 'SPIDER_MANAGER_CLASS'
IE_TRACE:                 Starting var:.. default = 'scrapy.spiderloader.SpiderLoader'
IE_TRACE:                 12:39:21.365023 call        63     def get(self, name, default=None):
IE_TRACE:                 12:39:21.365043 line        64         return self[name] if self[name] is not None else default
IE_TRACE:                     Starting var:.. self = <scrapy.settings.Settings object at 0x7e5d714c5a90>
IE_TRACE:                     Starting var:.. opt_name = 'SPIDER_MANAGER_CLASS'
IE_TRACE:                     12:39:21.365052 call        57     def __getitem__(self, opt_name):
IE_TRACE:                     12:39:21.365067 line        58         value = None
IE_TRACE:                     New var:....... value = None
IE_TRACE:                     12:39:21.365075 line        59         if opt_name in self.attributes:
IE_TRACE:                     12:39:21.365087 line        61         return value
IE_TRACE:                     12:39:21.365097 return      61         return value
IE_TRACE:                     Return value:.. None
IE_TRACE:                 12:39:21.365109 return      64         return self[name] if self[name] is not None else default
IE_TRACE:                 Return value:.. 'scrapy.spiderloader.SpiderLoader'
IE_TRACE:             Source path:... /path/to/BugsInPy/workspace/scrapy/scrapy/crawler.py
IE_TRACE:             New var:....... cls_path = 'scrapy.spiderloader.SpiderLoader'
IE_TRACE:             12:39:21.365122 line       288     loader_cls = load_object(cls_path)
IE_TRACE:                 Source path:... /path/to/BugsInPy/workspace/scrapy/scrapy/utils/misc.py
IE_TRACE:                 Starting var:.. path = 'scrapy.spiderloader.SpiderLoader'
IE_TRACE:                 12:39:21.365140 call        31 def load_object(path):
IE_TRACE:                 12:39:21.365181 line        38     try:
IE_TRACE:                 12:39:21.365191 line        39         dot = path.rindex('.')
IE_TRACE:                 New var:....... dot = 19
IE_TRACE:                 12:39:21.365202 line        43     module, name = path[:dot], path[dot+1:]
IE_TRACE:                 New var:....... module = 'scrapy.spiderloader'
IE_TRACE:                 New var:....... name = 'SpiderLoader'
IE_TRACE:                 12:39:21.365216 line        44     mod = import_module(module)
IE_TRACE:                 Source path:... /path/to/BugsInPy/workspace/scrapy/scrapy/utils/misc.py
IE_TRACE:                 New var:....... mod = <module 'scrapy.spiderloader' from '/path/to/BugsInPy/workspace/scrapy/scrapy/spiderloader.py'>
IE_TRACE:                 12:39:21.370683 line        46     try:
IE_TRACE:                 12:39:21.370703 line        47         obj = getattr(mod, name)
IE_TRACE:                 New var:....... obj = <class 'scrapy.spiderloader.SpiderLoader'>
IE_TRACE:                 12:39:21.370717 line        51     return obj
IE_TRACE:                 12:39:21.370734 return      51     return obj
IE_TRACE:                 Return value:.. <class 'scrapy.spiderloader.SpiderLoader'>
IE_TRACE:             Source path:... /path/to/BugsInPy/workspace/scrapy/scrapy/crawler.py
IE_TRACE:             New var:....... loader_cls = <class 'scrapy.spiderloader.SpiderLoader'>
IE_TRACE:             12:39:21.370751 line       289     try:
IE_TRACE:             12:39:21.370768 line       290         verifyClass(ISpiderLoader, loader_cls)
IE_TRACE:                 Source path:... /path/to/.venv/lib/python3.12/site-packages/zope/interface/verify.py
IE_TRACE:                 Starting var:.. iface = <InterfaceClass scrapy.interfaces.ISpiderLoader>
IE_TRACE:                 Starting var:.. candidate = <class 'scrapy.spiderloader.SpiderLoader'>
IE_TRACE:                 Starting var:.. tentative = False
IE_TRACE:                 12:39:21.370780 call       175 def verifyClass(iface, candidate, tentative=False):
IE_TRACE:                 12:39:21.370847 line       179     return _verify(iface, candidate, tentative, vtype='c')
IE_TRACE:                     Starting var:.. iface = <InterfaceClass scrapy.interfaces.ISpiderLoader>
IE_TRACE:                     Starting var:.. candidate = <class 'scrapy.spiderloader.SpiderLoader'>
IE_TRACE:                     Starting var:.. tentative = False
IE_TRACE:                     Starting var:.. vtype = 'c'
IE_TRACE:                     12:39:21.370865 call        41 def _verify(iface, candidate, tentative=False, vtype=None):
IE_TRACE:                     12:39:21.370892 line        74     if vtype == 'c':
IE_TRACE:                     12:39:21.370905 line        75         tester = iface.implementedBy
IE_TRACE:                     New var:....... tester = <built-in method implementedBy of InterfaceClass object at 0x7e5d705795d0>
IE_TRACE:                     12:39:21.370918 line        79     excs = []
IE_TRACE:                     New var:....... excs = []
IE_TRACE:                     12:39:21.370935 line        80     if not tentative and not tester(candidate):
IE_TRACE:                     12:39:21.370953 line        83     for name, desc in iface.namesAndDescriptions(all=True):
IE_TRACE:                         Source path:... /path/to/.venv/lib/python3.12/site-packages/zope/interface/interface.py
IE_TRACE:                         Starting var:.. self = <InterfaceClass scrapy.interfaces.ISpiderLoader>
IE_TRACE:                         Starting var:.. all = True
IE_TRACE:                         12:39:21.370970 call       863     def namesAndDescriptions(
IE_TRACE:                         12:39:21.371052 line       867         if not all:
IE_TRACE:                         12:39:21.371063 line       870         r = {}
IE_TRACE:                         New var:....... r = {}
IE_TRACE:                         12:39:21.371073 line       871         for base in self.__bases__[::-1]:
IE_TRACE:                             Starting var:.. self = <InterfaceClass scrapy.interfaces.ISpiderLoader>
IE_TRACE:                             12:39:21.371088 call       418         lambda self: self._bases, __setBases,
IE_TRACE:                             12:39:21.371101 line       418         lambda self: self._bases, __setBases,
IE_TRACE:                             12:39:21.371109 return     418         lambda self: self._bases, __setBases,
IE_TRACE:                             Return value:.. (<InterfaceClass zope.interface.Interface>,)
IE_TRACE:                         New var:....... base = <InterfaceClass zope.interface.Interface>
IE_TRACE:                         12:39:21.371127 line       872             r.update(dict(base.namesAndDescriptions(all)))
IE_TRACE:                             Starting var:.. self = <InterfaceClass zope.interface.Interface>
IE_TRACE:                             Starting var:.. all = True
IE_TRACE:                             12:39:21.371144 call       863     def namesAndDescriptions(
IE_TRACE:                             12:39:21.371160 line       867         if not all:
IE_TRACE:                             12:39:21.371170 line       870         r = {}
IE_TRACE:                             New var:....... r = {}
IE_TRACE:                             12:39:21.371179 line       871         for base in self.__bases__[::-1]:
IE_TRACE:                                 Starting var:.. self = <InterfaceClass zope.interface.Interface>
IE_TRACE:                                 12:39:21.371196 call       418         lambda self: self._bases, __setBases,
IE_TRACE:                                 12:39:21.371207 line       418         lambda self: self._bases, __setBases,
IE_TRACE:                                 12:39:21.371217 return     418         lambda self: self._bases, __setBases,
IE_TRACE:                                 Return value:.. ()
IE_TRACE:                             12:39:21.371230 line       874         r.update(self.__attrs)
IE_TRACE:                             12:39:21.371241 line       876         return r.items()
IE_TRACE:                             12:39:21.371251 return     876         return r.items()
IE_TRACE:                             Return value:.. dict_items([])
IE_TRACE:                         12:39:21.371269 line       871         for base in self.__bases__[::-1]:
IE_TRACE:                         12:39:21.371280 line       874         r.update(self.__attrs)
IE_TRACE:                         Modified var:.. r = {'from_settings': <zope.interface.interface.Method object at 0x7e5d7058dd90 scrapy.interfaces.ISpiderLoader.from_settings(settings)>, 'load': <zope.interface.interface.Method object at 0x7e5d7058dcd0 scrapy.interfaces.ISpiderLoader.load(spider_name)>, 'list': <zope.interface.interface.Method object at 0x7e5d7058dd60 scrapy.interfaces.ISpiderLoader.list()>, 'find_by_request': <zope.interface.interface.Method object at 0x7e5d7058dca0 scrapy.interfaces.ISpiderLoader.find_by_request(request)>}
IE_TRACE:                         12:39:21.371292 line       876         return r.items()
IE_TRACE:                         12:39:21.371333 return     876         return r.items()
IE_TRACE:                         Return value:.. dict_items([('from_settings', <zope.interface.interface.Method object at 0x7e5d7058dd90 scrapy.interfaces.ISpiderLoader.from_settings(settings)>), ('load', <zope.interface.interface.Method object at 0x7e5d7058dcd0 scrapy.interfaces.ISpiderLoader.lo..., ('list', <zope.interface.interface.Method object at 0x7e5d7058dd60 scrapy.interfaces.ISpiderLoader.list()>), ('find_by_request', <zope.interface.interface.Method object at 0x7e5d7058dca0 scrapy.interfaces.ISpiderLoader.find_by_request(request)>)])
IE_TRACE:                     Source path:... /path/to/.venv/lib/python3.12/site-packages/zope/interface/verify.py
IE_TRACE:                     New var:....... name = 'from_settings'
IE_TRACE:                     New var:....... desc = <zope.interface.interface.Method object at 0x7e5d7058dd90 scrapy.interfaces.ISpiderLoader.from_settings(settings)>
IE_TRACE:                     12:39:21.371366 line        84         try:
IE_TRACE:                     12:39:21.371394 line        85             _verify_element(iface, name, desc, candidate, vtype)
IE_TRACE:                         Starting var:.. iface = <InterfaceClass scrapy.interfaces.ISpiderLoader>
IE_TRACE:                         Starting var:.. name = 'from_settings'
IE_TRACE:                         Starting var:.. desc = <zope.interface.interface.Method object at 0x7e5d7058dd90 scrapy.interfaces.ISpiderLoader.from_settings(settings)>
IE_TRACE:                         Starting var:.. candidate = <class 'scrapy.spiderloader.SpiderLoader'>
IE_TRACE:                         Starting var:.. vtype = 'c'
IE_TRACE:                         12:39:21.371419 call        97 def _verify_element(iface, name, desc, candidate, vtype):
IE_TRACE:                         12:39:21.371450 line        99     try:
IE_TRACE:                         12:39:21.371465 line       100         attr = getattr(candidate, name)
IE_TRACE:                         New var:....... attr = <bound method SpiderLoader.from_settings of <class 'scrapy.spiderloader.SpiderLoader'>>
IE_TRACE:                         12:39:21.371480 line       111     if not isinstance(desc, Method):
IE_TRACE:                         12:39:21.371500 line       115     if inspect.ismethoddescriptor(attr) or inspect.isbuiltin(attr):
IE_TRACE:                         Source path:... /path/to/.venv/lib/python3.12/site-packages/zope/interface/verify.py
IE_TRACE:                         12:39:21.371872 line       130     if isinstance(attr, FunctionType):
IE_TRACE:                         12:39:21.371896 line       143         isinstance(attr, MethodTypes) and
IE_TRACE:                         12:39:21.371912 line       144         type(attr.__func__) is FunctionType
IE_TRACE:                         12:39:21.371928 line       146         meth = fromMethod(attr, iface, name)
IE_TRACE:                             Source path:... /path/to/.venv/lib/python3.12/site-packages/zope/interface/interface.py
IE_TRACE:                             Starting var:.. meth = <bound method SpiderLoader.from_settings of <class 'scrapy.spiderloader.SpiderLoader'>>
IE_TRACE:                             Starting var:.. interface = <InterfaceClass scrapy.interfaces.ISpiderLoader>
IE_TRACE:                             Starting var:.. name = 'from_settings'
IE_TRACE:                             12:39:21.371946 call      1146 def fromMethod(meth, interface=None, name=None):
IE_TRACE:                             12:39:21.371969 line      1147     if isinstance(meth, MethodType):
IE_TRACE:                             12:39:21.371981 line      1148         func = meth.__func__
IE_TRACE:                             New var:....... func = <function SpiderLoader.from_settings at 0x7e5d7054d760>
IE_TRACE:                             12:39:21.371994 line      1151     return fromFunction(func, interface, imlevel=1, name=name)
IE_TRACE:                                 Starting var:.. func = <function SpiderLoader.from_settings at 0x7e5d7054d760>
IE_TRACE:                                 Starting var:.. interface = <InterfaceClass scrapy.interfaces.ISpiderLoader>
IE_TRACE:                                 Starting var:.. imlevel = 1
IE_TRACE:                                 Starting var:.. name = 'from_settings'
IE_TRACE:                                 12:39:21.372012 call      1094 def fromFunction(func, interface=None, imlevel=0, name=None):
IE_TRACE:                                 12:39:21.372038 line      1095     name = name or func.__name__
IE_TRACE:                                 12:39:21.372053 line      1096     method = Method(name, func.__doc__)
IE_TRACE:                                     Starting var:.. self = REPR FAILED
IE_TRACE:                                     Starting var:.. __name__ = 'from_settings'
IE_TRACE:                                     Starting var:.. __doc__ = None
IE_TRACE:                                     12:39:21.372068 call        76     def __init__(
IE_TRACE:                                     12:39:21.372092 line        79         if not __doc__ and __name__.find(' ') >= 0:
IE_TRACE:                                     12:39:21.372106 line        83         self.__name__ = __name__
IE_TRACE:                                     Modified var:.. self = <zope.interface.interface.Method object at 0x7e5d705ced50 from_settings()>
IE_TRACE:                                     12:39:21.372120 line        84         self.__doc__ = __doc__
IE_TRACE:                                     12:39:21.372136 line        87         self.__tagged_values = None
IE_TRACE:                                     12:39:21.372149 return      87         self.__tagged_values = None
IE_TRACE:                                     Return value:.. None
IE_TRACE:                                 New var:....... method = <zope.interface.interface.Method object at 0x7e5d705ced50 from_settings()>
IE_TRACE:                                 12:39:21.372167 line      1097     defaults = getattr(func, '__defaults__', None) or ()
IE_TRACE:                                 New var:....... defaults = ()
IE_TRACE:                                 12:39:21.372187 line      1098     code = func.__code__
IE_TRACE:                                 New var:....... code = <code object from_settings at 0x7e5d71442a30, file "/path/to/BugsInPy/workspace/scrapy/scrapy/spiderloader.py", line 28>
IE_TRACE:                                 12:39:21.372211 line      1100     na = code.co_argcount - imlevel
IE_TRACE:                                 New var:....... na = 1
IE_TRACE:                                 12:39:21.372231 line      1101     names = code.co_varnames[imlevel:]
IE_TRACE:                                 New var:....... names = ('settings',)
IE_TRACE:                                 12:39:21.372252 line      1102     opt = {}
IE_TRACE:                                 New var:....... opt = {}
IE_TRACE:                                 12:39:21.372293 line      1104     defaults_count = len(defaults)
IE_TRACE:                                 New var:....... defaults_count = 0
IE_TRACE:                                 12:39:21.372315 line      1105     if not defaults_count:
IE_TRACE:                                 12:39:21.372338 line      1109         defaults_count = getattr(func, '__defaults_count__', 0)
IE_TRACE:                                 12:39:21.372359 line      1111     nr = na - defaults_count
IE_TRACE:                                 New var:....... nr = 1
IE_TRACE:                                 12:39:21.372379 line      1112     if nr < 0:
IE_TRACE:                                 12:39:21.372401 line      1117     opt.update(dict(zip(names[nr:], defaults)))
IE_TRACE:                                 12:39:21.372423 line      1119     method.positional = names[:na]
IE_TRACE:                                 Modified var:.. method = <zope.interface.interface.Method object at 0x7e5d705ced50 from_settings(settings)>
IE_TRACE:                                 12:39:21.372443 line      1120     method.required = names[:nr]
IE_TRACE:                                 12:39:21.372468 line      1121     method.optional = opt
IE_TRACE:                                     Starting var:.. self = <zope.interface.interface.Method object at 0x7e5d705ced50 from_settings(settings)>
IE_TRACE:                                     Starting var:.. opt = {}
IE_TRACE:                                     12:39:21.372490 call      1059     def _set_optional(self, opt):
IE_TRACE:                                     12:39:21.372507 line      1060         self._optional = opt
IE_TRACE:                                     12:39:21.372519 return    1060         self._optional = opt
IE_TRACE:                                     Return value:.. None
IE_TRACE:                                 12:39:21.372536 line      1123     argno = na
IE_TRACE:                                 New var:....... argno = 1
IE_TRACE:                                 12:39:21.372556 line      1126     if code.co_flags & CO_VARARGS:
IE_TRACE:                                 12:39:21.372581 line      1130         method.varargs = None
IE_TRACE:                                 12:39:21.372602 line      1133     if code.co_flags & CO_VARKEYWORDS:
IE_TRACE:                                 12:39:21.372623 line      1136         method.kwargs = None
IE_TRACE:                                 12:39:21.372644 line      1138     method.interface = interface
IE_TRACE:                                 Modified var:.. method = <zope.interface.interface.Method object at 0x7e5d705ced50 scrapy.interfaces.ISpiderLoader.from_settings(settings)>
IE_TRACE:                                 12:39:21.372665 line      1140     for key, value in func.__dict__.items():
IE_TRACE:                                 12:39:21.372691 line      1143     return method
IE_TRACE:                                 12:39:21.372712 return    1143     return method
IE_TRACE:                                 Return value:.. <zope.interface.interface.Method object at 0x7e5d705ced50 scrapy.interfaces.ISpiderLoader.from_settings(settings)>
IE_TRACE:                             12:39:21.372739 return    1151     return fromFunction(func, interface, imlevel=1, name=name)
IE_TRACE:                             Return value:.. <zope.interface.interface.Method object at 0x7e5d705ced50 scrapy.interfaces.ISpiderLoader.from_settings(settings)>
IE_TRACE:                         Source path:... /path/to/.venv/lib/python3.12/site-packages/zope/interface/verify.py
IE_TRACE:                         New var:....... meth = <zope.interface.interface.Method object at 0x7e5d705ced50 scrapy.interfaces.ISpiderLoader.from_settings(settings)>
IE_TRACE:                         12:39:21.372757 line       170     mess = _incompat(desc.getSignatureInfo(), meth.getSignatureInfo())
IE_TRACE:                             Source path:... /path/to/.venv/lib/python3.12/site-packages/zope/interface/interface.py
IE_TRACE:                             Starting var:.. self = <zope.interface.interface.Method object at 0x7e5d7058dd90 scrapy.interfaces.ISpiderLoader.from_settings(settings)>
IE_TRACE:                             12:39:21.372782 call      1070     def getSignatureInfo(self):
IE_TRACE:                             12:39:21.372802 line      1071         return {'positional': self.positional,
IE_TRACE:                             12:39:21.372812 line      1072                 'required': self.required,
IE_TRACE:                             12:39:21.372823 line      1073                 'optional': self.optional,
IE_TRACE:                                 Starting var:.. self = <zope.interface.interface.Method object at 0x7e5d7058dd90 scrapy.interfaces.ISpiderLoader.from_settings(settings)>
IE_TRACE:                                 12:39:21.372833 call      1054     def _get_optional(self):
IE_TRACE:                                 12:39:21.372847 line      1055         if self._optional is None:
IE_TRACE:                                 12:39:21.372857 line      1057         return self._optional
IE_TRACE:                                 12:39:21.372867 return    1057         return self._optional
IE_TRACE:                                 Return value:.. {}
IE_TRACE:                             12:39:21.372883 line      1074                 'varargs': self.varargs,
IE_TRACE:                             12:39:21.372893 line      1075                 'kwargs': self.kwargs,
IE_TRACE:                             12:39:21.372903 line      1071         return {'positional': self.positional,
IE_TRACE:                             12:39:21.372913 return    1071         return {'positional': self.positional,
IE_TRACE:                             Return value:.. {'positional': ('settings',), 'required': ('settings',), 'optional': {}, 'varargs': None, 'kwargs': None}
IE_TRACE:                             Starting var:.. self = <zope.interface.interface.Method object at 0x7e5d705ced50 scrapy.interfaces.ISpiderLoader.from_settings(settings)>
IE_TRACE:                             12:39:21.372928 call      1070     def getSignatureInfo(self):
IE_TRACE:                             12:39:21.372941 line      1071         return {'positional': self.positional,
IE_TRACE:                             12:39:21.372950 line      1072                 'required': self.required,
IE_TRACE:                             12:39:21.372960 line      1073                 'optional': self.optional,
IE_TRACE:                                 Starting var:.. self = <zope.interface.interface.Method object at 0x7e5d705ced50 scrapy.interfaces.ISpiderLoader.from_settings(settings)>
IE_TRACE:                                 12:39:21.372970 call      1054     def _get_optional(self):
IE_TRACE:                                 12:39:21.372983 line      1055         if self._optional is None:
IE_TRACE:                                 12:39:21.372993 line      1057         return self._optional
IE_TRACE:                                 12:39:21.373003 return    1057         return self._optional
IE_TRACE:                                 Return value:.. {}
IE_TRACE:                             12:39:21.373017 line      1074                 'varargs': self.varargs,
IE_TRACE:                             12:39:21.373027 line      1075                 'kwargs': self.kwargs,
IE_TRACE:                             12:39:21.373037 line      1071         return {'positional': self.positional,
IE_TRACE:                             12:39:21.373047 return    1071         return {'positional': self.positional,
IE_TRACE:                             Return value:.. {'positional': ('settings',), 'required': ('settings',), 'optional': {}, 'varargs': None, 'kwargs': None}
IE_TRACE:                             Source path:... /path/to/.venv/lib/python3.12/site-packages/zope/interface/verify.py
IE_TRACE:                             Starting var:.. required = {'positional': ('settings',), 'required': ('settings',), 'optional': {}, 'varargs': None, 'kwargs': None}
IE_TRACE:                             Starting var:.. implemented = {'positional': ('settings',), 'required': ('settings',), 'optional': {}, 'varargs': None, 'kwargs': None}
IE_TRACE:                             12:39:21.373063 call       191 def _incompat(required, implemented):
IE_TRACE:                             12:39:21.373085 line       196     if len(implemented['required']) > len(required['required']):
IE_TRACE:                             12:39:21.373098 line       200         (len(implemented['positional']) < len(required['positional'])) and
IE_TRACE:                             12:39:21.373109 line       205     if required['kwargs'] and not implemented['kwargs']:
IE_TRACE:                             12:39:21.373120 line       208     if required['varargs'] and not implemented['varargs']:
IE_TRACE:                             12:39:21.373132 return     208     if required['varargs'] and not implemented['varargs']:
IE_TRACE:                             Return value:.. None
IE_TRACE:                         New var:....... mess = None
IE_TRACE:                         12:39:21.373148 line       171     if mess:
IE_TRACE:                         12:39:21.373169 return     171     if mess:
IE_TRACE:                         Return value:.. None
IE_TRACE:                     12:39:21.373194 line        83     for name, desc in iface.namesAndDescriptions(all=True):
IE_TRACE:                     Modified var:.. name = 'load'
IE_TRACE:                     Modified var:.. desc = <zope.interface.interface.Method object at 0x7e5d7058dcd0 scrapy.interfaces.ISpiderLoader.load(spider_name)>
IE_TRACE:                     12:39:21.373213 line        84         try:
IE_TRACE:                     12:39:21.373234 line        85             _verify_element(iface, name, desc, candidate, vtype)
IE_TRACE:                         Starting var:.. iface = <InterfaceClass scrapy.interfaces.ISpiderLoader>
IE_TRACE:                         Starting var:.. name = 'load'
IE_TRACE:                         Starting var:.. desc = <zope.interface.interface.Method object at 0x7e5d7058dcd0 scrapy.interfaces.ISpiderLoader.load(spider_name)>
IE_TRACE:                         Starting var:.. candidate = <class 'scrapy.spiderloader.SpiderLoader'>
IE_TRACE:                         Starting var:.. vtype = 'c'
IE_TRACE:                         12:39:21.373250 call        97 def _verify_element(iface, name, desc, candidate, vtype):
IE_TRACE:                         12:39:21.373279 line        99     try:
IE_TRACE:                         12:39:21.373293 line       100         attr = getattr(candidate, name)
IE_TRACE:                         New var:....... attr = <function SpiderLoader.load at 0x7e5d7054d3a0>
IE_TRACE:                         12:39:21.373308 line       111     if not isinstance(desc, Method):
IE_TRACE:                         12:39:21.373325 line       115     if inspect.ismethoddescriptor(attr) or inspect.isbuiltin(attr):
IE_TRACE:                         Source path:... /path/to/.venv/lib/python3.12/site-packages/zope/interface/verify.py
IE_TRACE:                         12:39:21.373523 line       130     if isinstance(attr, FunctionType):
IE_TRACE:                         12:39:21.373541 line       132         if isinstance(candidate, type) and vtype == 'c':
IE_TRACE:                         12:39:21.373556 line       137             meth = fromFunction(attr, iface, name=name, imlevel=1)
IE_TRACE:                             Source path:... /path/to/.venv/lib/python3.12/site-packages/zope/interface/interface.py
IE_TRACE:                             Starting var:.. func = <function SpiderLoader.load at 0x7e5d7054d3a0>
IE_TRACE:                             Starting var:.. interface = <InterfaceClass scrapy.interfaces.ISpiderLoader>
IE_TRACE:                             Starting var:.. imlevel = 1
IE_TRACE:                             Starting var:.. name = 'load'
IE_TRACE:                             12:39:21.373573 call      1094 def fromFunction(func, interface=None, imlevel=0, name=None):
IE_TRACE:                             12:39:21.373600 line      1095     name = name or func.__name__
IE_TRACE:                             12:39:21.373614 line      1096     method = Method(name, func.__doc__)
IE_TRACE:                                 Starting var:.. self = REPR FAILED
IE_TRACE:                                 Starting var:.. __name__ = 'load'
IE_TRACE:                                 Starting var:.. __doc__ = '\n        Return the Spider class for the given spider name. If the spider\n        name is not found, raise a KeyError.\n        '
IE_TRACE:                                 12:39:21.373628 call        76     def __init__(
IE_TRACE:                                 12:39:21.373650 line        79         if not __doc__ and __name__.find(' ') >= 0:
IE_TRACE:                                 12:39:21.373664 line        83         self.__name__ = __name__
IE_TRACE:                                 Modified var:.. self = <zope.interface.interface.Method object at 0x7e5d705abb00 load()>
IE_TRACE:                                 12:39:21.373676 line        84         self.__doc__ = __doc__
IE_TRACE:                                 12:39:21.373691 line        87         self.__tagged_values = None
IE_TRACE:                                 12:39:21.373704 return      87         self.__tagged_values = None
IE_TRACE:                                 Return value:.. None
IE_TRACE:                             New var:....... method = <zope.interface.interface.Method object at 0x7e5d705abb00 load()>
IE_TRACE:                             12:39:21.373720 line      1097     defaults = getattr(func, '__defaults__', None) or ()
IE_TRACE:                             New var:....... defaults = ()
IE_TRACE:                             12:39:21.373739 line      1098     code = func.__code__
IE_TRACE:                             New var:....... code = <code object load at 0x7e5d715eb340, file "/path/to/BugsInPy/workspace/scrapy/scrapy/spiderloader.py", line 32>
IE_TRACE:                             12:39:21.373758 line      1100     na = code.co_argcount - imlevel
IE_TRACE:                             New var:....... na = 1
IE_TRACE:                             12:39:21.373779 line      1101     names = code.co_varnames[imlevel:]
IE_TRACE:                             New var:....... names = ('spider_name',)
IE_TRACE:                             12:39:21.373799 line      1102     opt = {}
IE_TRACE:                             New var:....... opt = {}
IE_TRACE:                             12:39:21.373820 line      1104     defaults_count = len(defaults)
IE_TRACE:                             New var:....... defaults_count = 0
IE_TRACE:                             12:39:21.373842 line      1105     if not defaults_count:
IE_TRACE:                             12:39:21.373865 line      1109         defaults_count = getattr(func, '__defaults_count__', 0)
IE_TRACE:                             12:39:21.373885 line      1111     nr = na - defaults_count
IE_TRACE:                             New var:....... nr = 1
IE_TRACE:                             12:39:21.373905 line      1112     if nr < 0:
IE_TRACE:                             12:39:21.373927 line      1117     opt.update(dict(zip(names[nr:], defaults)))
IE_TRACE:                             12:39:21.373948 line      1119     method.positional = names[:na]
IE_TRACE:                             Modified var:.. method = <zope.interface.interface.Method object at 0x7e5d705abb00 load(spider_name)>
IE_TRACE:                             12:39:21.373968 line      1120     method.required = names[:nr]
IE_TRACE:                             12:39:21.373992 line      1121     method.optional = opt
IE_TRACE:                                 Starting var:.. self = <zope.interface.interface.Method object at 0x7e5d705abb00 load(spider_name)>
IE_TRACE:                                 Starting var:.. opt = {}
IE_TRACE:                                 12:39:21.374012 call      1059     def _set_optional(self, opt):
IE_TRACE:                                 12:39:21.374029 line      1060         self._optional = opt
IE_TRACE:                                 12:39:21.374040 return    1060         self._optional = opt
IE_TRACE:                                 Return value:.. None
IE_TRACE:                             12:39:21.374056 line      1123     argno = na
IE_TRACE:                             New var:....... argno = 1
IE_TRACE:                             12:39:21.374076 line      1126     if code.co_flags & CO_VARARGS:
IE_TRACE:                             12:39:21.374100 line      1130         method.varargs = None
IE_TRACE:                             12:39:21.374121 line      1133     if code.co_flags & CO_VARKEYWORDS:
IE_TRACE:                             12:39:21.374142 line      1136         method.kwargs = None
IE_TRACE:                             12:39:21.374163 line      1138     method.interface = interface
IE_TRACE:                             Modified var:.. method = <zope.interface.interface.Method object at 0x7e5d705abb00 scrapy.interfaces.ISpiderLoader.load(spider_name)>
IE_TRACE:                             12:39:21.374184 line      1140     for key, value in func.__dict__.items():
IE_TRACE:                             12:39:21.374211 line      1143     return method
IE_TRACE:                             12:39:21.374232 return    1143     return method
IE_TRACE:                             Return value:.. <zope.interface.interface.Method object at 0x7e5d705abb00 scrapy.interfaces.ISpiderLoader.load(spider_name)>
IE_TRACE:                         Source path:... /path/to/.venv/lib/python3.12/site-packages/zope/interface/verify.py
IE_TRACE:                         New var:....... meth = <zope.interface.interface.Method object at 0x7e5d705abb00 scrapy.interfaces.ISpiderLoader.load(spider_name)>
IE_TRACE:                         12:39:21.374259 line       170     mess = _incompat(desc.getSignatureInfo(), meth.getSignatureInfo())
IE_TRACE:                             Source path:... /path/to/.venv/lib/python3.12/site-packages/zope/interface/interface.py
IE_TRACE:                             Starting var:.. self = <zope.interface.interface.Method object at 0x7e5d7058dcd0 scrapy.interfaces.ISpiderLoader.load(spider_name)>
IE_TRACE:                             12:39:21.374283 call      1070     def getSignatureInfo(self):
IE_TRACE:                             12:39:21.374299 line      1071         return {'positional': self.positional,
IE_TRACE:                             12:39:21.374309 line      1072                 'required': self.required,
IE_TRACE:                             12:39:21.374319 line      1073                 'optional': self.optional,
IE_TRACE:                                 Starting var:.. self = <zope.interface.interface.Method object at 0x7e5d7058dcd0 scrapy.interfaces.ISpiderLoader.load(spider_name)>
IE_TRACE:                                 12:39:21.374329 call      1054     def _get_optional(self):
IE_TRACE:                                 12:39:21.374342 line      1055         if self._optional is None:
IE_TRACE:                                 12:39:21.374352 line      1057         return self._optional
IE_TRACE:                                 12:39:21.374363 return    1057         return self._optional
IE_TRACE:                                 Return value:.. {}
IE_TRACE:                             12:39:21.374376 line      1074                 'varargs': self.varargs,
IE_TRACE:                             12:39:21.374386 line      1075                 'kwargs': self.kwargs,
IE_TRACE:                             12:39:21.374396 line      1071         return {'positional': self.positional,
IE_TRACE:                             12:39:21.374406 return    1071         return {'positional': self.positional,
IE_TRACE:                             Return value:.. {'positional': ('spider_name',), 'required': ('spider_name',), 'optional': {}, 'varargs': None, 'kwargs': None}
IE_TRACE:                             Starting var:.. self = <zope.interface.interface.Method object at 0x7e5d705abb00 scrapy.interfaces.ISpiderLoader.load(spider_name)>
IE_TRACE:                             12:39:21.374421 call      1070     def getSignatureInfo(self):
IE_TRACE:                             12:39:21.374433 line      1071         return {'positional': self.positional,
IE_TRACE:                             12:39:21.374443 line      1072                 'required': self.required,
IE_TRACE:                             12:39:21.374453 line      1073                 'optional': self.optional,
IE_TRACE:                                 Starting var:.. self = <zope.interface.interface.Method object at 0x7e5d705abb00 scrapy.interfaces.ISpiderLoader.load(spider_name)>
IE_TRACE:                                 12:39:21.374462 call      1054     def _get_optional(self):
IE_TRACE:                                 12:39:21.374475 line      1055         if self._optional is None:
IE_TRACE:                                 12:39:21.374485 line      1057         return self._optional
IE_TRACE:                                 12:39:21.374495 return    1057         return self._optional
IE_TRACE:                                 Return value:.. {}
IE_TRACE:                             12:39:21.374508 line      1074                 'varargs': self.varargs,
IE_TRACE:                             12:39:21.374518 line      1075                 'kwargs': self.kwargs,
IE_TRACE:                             12:39:21.374527 line      1071         return {'positional': self.positional,
IE_TRACE:                             12:39:21.374537 return    1071         return {'positional': self.positional,
IE_TRACE:                             Return value:.. {'positional': ('spider_name',), 'required': ('spider_name',), 'optional': {}, 'varargs': None, 'kwargs': None}
IE_TRACE:                             Source path:... /path/to/.venv/lib/python3.12/site-packages/zope/interface/verify.py
IE_TRACE:                             Starting var:.. required = {'positional': ('spider_name',), 'required': ('spider_name',), 'optional': {}, 'varargs': None, 'kwargs': None}
IE_TRACE:                             Starting var:.. implemented = {'positional': ('spider_name',), 'required': ('spider_name',), 'optional': {}, 'varargs': None, 'kwargs': None}
IE_TRACE:                             12:39:21.374552 call       191 def _incompat(required, implemented):
IE_TRACE:                             12:39:21.374571 line       196     if len(implemented['required']) > len(required['required']):
IE_TRACE:                             12:39:21.374584 line       200         (len(implemented['positional']) < len(required['positional'])) and
IE_TRACE:                             12:39:21.374595 line       205     if required['kwargs'] and not implemented['kwargs']:
IE_TRACE:                             12:39:21.374607 line       208     if required['varargs'] and not implemented['varargs']:
IE_TRACE:                             12:39:21.374618 return     208     if required['varargs'] and not implemented['varargs']:
IE_TRACE:                             Return value:.. None
IE_TRACE:                         New var:....... mess = None
IE_TRACE:                         12:39:21.374632 line       171     if mess:
IE_TRACE:                         12:39:21.374653 return     171     if mess:
IE_TRACE:                         Return value:.. None
IE_TRACE:                     12:39:21.374675 line        83     for name, desc in iface.namesAndDescriptions(all=True):
IE_TRACE:                     Modified var:.. name = 'list'
IE_TRACE:                     Modified var:.. desc = <zope.interface.interface.Method object at 0x7e5d7058dd60 scrapy.interfaces.ISpiderLoader.list()>
IE_TRACE:                     12:39:21.374692 line        84         try:
IE_TRACE:                     12:39:21.374713 line        85             _verify_element(iface, name, desc, candidate, vtype)
IE_TRACE:                         Starting var:.. iface = <InterfaceClass scrapy.interfaces.ISpiderLoader>
IE_TRACE:                         Starting var:.. name = 'list'
IE_TRACE:                         Starting var:.. desc = <zope.interface.interface.Method object at 0x7e5d7058dd60 scrapy.interfaces.ISpiderLoader.list()>
IE_TRACE:                         Starting var:.. candidate = <class 'scrapy.spiderloader.SpiderLoader'>
IE_TRACE:                         Starting var:.. vtype = 'c'
IE_TRACE:                         12:39:21.374729 call        97 def _verify_element(iface, name, desc, candidate, vtype):
IE_TRACE:                         12:39:21.374755 line        99     try:
IE_TRACE:                         12:39:21.374769 line       100         attr = getattr(candidate, name)
IE_TRACE:                         New var:....... attr = <function SpiderLoader.list at 0x7e5d7046a5c0>
IE_TRACE:                         12:39:21.374783 line       111     if not isinstance(desc, Method):
IE_TRACE:                         12:39:21.374800 line       115     if inspect.ismethoddescriptor(attr) or inspect.isbuiltin(attr):
IE_TRACE:                         Source path:... /path/to/.venv/lib/python3.12/site-packages/zope/interface/verify.py
IE_TRACE:                         12:39:21.374997 line       130     if isinstance(attr, FunctionType):
IE_TRACE:                         12:39:21.375015 line       132         if isinstance(candidate, type) and vtype == 'c':
IE_TRACE:                         12:39:21.375030 line       137             meth = fromFunction(attr, iface, name=name, imlevel=1)
IE_TRACE:                             Source path:... /path/to/.venv/lib/python3.12/site-packages/zope/interface/interface.py
IE_TRACE:                             Starting var:.. func = <function SpiderLoader.list at 0x7e5d7046a5c0>
IE_TRACE:                             Starting var:.. interface = <InterfaceClass scrapy.interfaces.ISpiderLoader>
IE_TRACE:                             Starting var:.. imlevel = 1
IE_TRACE:                             Starting var:.. name = 'list'
IE_TRACE:                             12:39:21.375045 call      1094 def fromFunction(func, interface=None, imlevel=0, name=None):
IE_TRACE:                             12:39:21.375072 line      1095     name = name or func.__name__
IE_TRACE:                             12:39:21.375086 line      1096     method = Method(name, func.__doc__)
IE_TRACE:                                 Starting var:.. self = REPR FAILED
IE_TRACE:                                 Starting var:.. __name__ = 'list'
IE_TRACE:                                 Starting var:.. __doc__ = '\n        Return a list with the names of all spiders available in the project.\n        '
IE_TRACE:                                 12:39:21.375100 call        76     def __init__(
IE_TRACE:                                 12:39:21.375121 line        79         if not __doc__ and __name__.find(' ') >= 0:
IE_TRACE:                                 12:39:21.375134 line        83         self.__name__ = __name__
IE_TRACE:                                 Modified var:.. self = <zope.interface.interface.Method object at 0x7e5d705ceea0 list()>
IE_TRACE:                                 12:39:21.375146 line        84         self.__doc__ = __doc__
IE_TRACE:                                 12:39:21.375162 line        87         self.__tagged_values = None
IE_TRACE:                                 12:39:21.375174 return      87         self.__tagged_values = None
IE_TRACE:                                 Return value:.. None
IE_TRACE:                             New var:....... method = <zope.interface.interface.Method object at 0x7e5d705ceea0 list()>
IE_TRACE:                             12:39:21.375190 line      1097     defaults = getattr(func, '__defaults__', None) or ()
IE_TRACE:                             New var:....... defaults = ()
IE_TRACE:                             12:39:21.375211 line      1098     code = func.__code__
IE_TRACE:                             New var:....... code = <code object list at 0x7e5d70650be0, file "/path/to/BugsInPy/workspace/scrapy/scrapy/spiderloader.py", line 49>
IE_TRACE:                             12:39:21.375230 line      1100     na = code.co_argcount - imlevel
IE_TRACE:                             New var:....... na = 0
IE_TRACE:                             12:39:21.375250 line      1101     names = code.co_varnames[imlevel:]
IE_TRACE:                             New var:....... names = ()
IE_TRACE:                             12:39:21.375271 line      1102     opt = {}
IE_TRACE:                             New var:....... opt = {}
IE_TRACE:                             12:39:21.375291 line      1104     defaults_count = len(defaults)
IE_TRACE:                             New var:....... defaults_count = 0
IE_TRACE:                             12:39:21.375313 line      1105     if not defaults_count:
IE_TRACE:                             12:39:21.375335 line      1109         defaults_count = getattr(func, '__defaults_count__', 0)
IE_TRACE:                             12:39:21.375354 line      1111     nr = na - defaults_count
IE_TRACE:                             New var:....... nr = 0
IE_TRACE:                             12:39:21.375373 line      1112     if nr < 0:
IE_TRACE:                             12:39:21.375396 line      1117     opt.update(dict(zip(names[nr:], defaults)))
IE_TRACE:                             12:39:21.375416 line      1119     method.positional = names[:na]
IE_TRACE:                             12:39:21.375436 line      1120     method.required = names[:nr]
IE_TRACE:                             12:39:21.375456 line      1121     method.optional = opt
IE_TRACE:                                 Starting var:.. self = <zope.interface.interface.Method object at 0x7e5d705ceea0 list()>
IE_TRACE:                                 Starting var:.. opt = {}
IE_TRACE:                                 12:39:21.375476 call      1059     def _set_optional(self, opt):
IE_TRACE:                                 12:39:21.375492 line      1060         self._optional = opt
IE_TRACE:                                 12:39:21.375503 return    1060         self._optional = opt
IE_TRACE:                                 Return value:.. None
IE_TRACE:                             12:39:21.375518 line      1123     argno = na
IE_TRACE:                             New var:....... argno = 0
IE_TRACE:                             12:39:21.375537 line      1126     if code.co_flags & CO_VARARGS:
IE_TRACE:                             12:39:21.375560 line      1130         method.varargs = None
IE_TRACE:                             12:39:21.375580 line      1133     if code.co_flags & CO_VARKEYWORDS:
IE_TRACE:                             12:39:21.375601 line      1136         method.kwargs = None
IE_TRACE:                             12:39:21.375621 line      1138     method.interface = interface
IE_TRACE:                             Modified var:.. method = <zope.interface.interface.Method object at 0x7e5d705ceea0 scrapy.interfaces.ISpiderLoader.list()>
IE_TRACE:                             12:39:21.375641 line      1140     for key, value in func.__dict__.items():
IE_TRACE:                             12:39:21.375664 line      1143     return method
IE_TRACE:                             12:39:21.375685 return    1143     return method
IE_TRACE:                             Return value:.. <zope.interface.interface.Method object at 0x7e5d705ceea0 scrapy.interfaces.ISpiderLoader.list()>
IE_TRACE:                         Source path:... /path/to/.venv/lib/python3.12/site-packages/zope/interface/verify.py
IE_TRACE:                         New var:....... meth = <zope.interface.interface.Method object at 0x7e5d705ceea0 scrapy.interfaces.ISpiderLoader.list()>
IE_TRACE:                         12:39:21.375709 line       170     mess = _incompat(desc.getSignatureInfo(), meth.getSignatureInfo())
IE_TRACE:                             Source path:... /path/to/.venv/lib/python3.12/site-packages/zope/interface/interface.py
IE_TRACE:                             Starting var:.. self = <zope.interface.interface.Method object at 0x7e5d7058dd60 scrapy.interfaces.ISpiderLoader.list()>
IE_TRACE:                             12:39:21.375732 call      1070     def getSignatureInfo(self):
IE_TRACE:                             12:39:21.375748 line      1071         return {'positional': self.positional,
IE_TRACE:                             12:39:21.375758 line      1072                 'required': self.required,
IE_TRACE:                             12:39:21.375767 line      1073                 'optional': self.optional,
IE_TRACE:                                 Starting var:.. self = <zope.interface.interface.Method object at 0x7e5d7058dd60 scrapy.interfaces.ISpiderLoader.list()>
IE_TRACE:                                 12:39:21.375777 call      1054     def _get_optional(self):
IE_TRACE:                                 12:39:21.375790 line      1055         if self._optional is None:
IE_TRACE:                                 12:39:21.375800 line      1057         return self._optional
IE_TRACE:                                 12:39:21.375810 return    1057         return self._optional
IE_TRACE:                                 Return value:.. {}
IE_TRACE:                             12:39:21.375823 line      1074                 'varargs': self.varargs,
IE_TRACE:                             12:39:21.375834 line      1075                 'kwargs': self.kwargs,
IE_TRACE:                             12:39:21.375843 line      1071         return {'positional': self.positional,
IE_TRACE:                             12:39:21.375853 return    1071         return {'positional': self.positional,
IE_TRACE:                             Return value:.. {'positional': (), 'required': (), 'optional': {}, 'varargs': None, 'kwargs': None}
IE_TRACE:                             Starting var:.. self = <zope.interface.interface.Method object at 0x7e5d705ceea0 scrapy.interfaces.ISpiderLoader.list()>
IE_TRACE:                             12:39:21.375868 call      1070     def getSignatureInfo(self):
IE_TRACE:                             12:39:21.375880 line      1071         return {'positional': self.positional,
IE_TRACE:                             12:39:21.375890 line      1072                 'required': self.required,
IE_TRACE:                             12:39:21.375899 line      1073                 'optional': self.optional,
IE_TRACE:                                 Starting var:.. self = <zope.interface.interface.Method object at 0x7e5d705ceea0 scrapy.interfaces.ISpiderLoader.list()>
IE_TRACE:                                 12:39:21.375909 call      1054     def _get_optional(self):
IE_TRACE:                                 12:39:21.375921 line      1055         if self._optional is None:
IE_TRACE:                                 12:39:21.375931 line      1057         return self._optional
IE_TRACE:                                 12:39:21.375941 return    1057         return self._optional
IE_TRACE:                                 Return value:.. {}
IE_TRACE:                             12:39:21.375954 line      1074                 'varargs': self.varargs,
IE_TRACE:                             12:39:21.375963 line      1075                 'kwargs': self.kwargs,
IE_TRACE:                             12:39:21.375973 line      1071         return {'positional': self.positional,
IE_TRACE:                             12:39:21.375982 return    1071         return {'positional': self.positional,
IE_TRACE:                             Return value:.. {'positional': (), 'required': (), 'optional': {}, 'varargs': None, 'kwargs': None}
IE_TRACE:                             Source path:... /path/to/.venv/lib/python3.12/site-packages/zope/interface/verify.py
IE_TRACE:                             Starting var:.. required = {'positional': (), 'required': (), 'optional': {}, 'varargs': None, 'kwargs': None}
IE_TRACE:                             Starting var:.. implemented = {'positional': (), 'required': (), 'optional': {}, 'varargs': None, 'kwargs': None}
IE_TRACE:                             12:39:21.375996 call       191 def _incompat(required, implemented):
IE_TRACE:                             12:39:21.376015 line       196     if len(implemented['required']) > len(required['required']):
IE_TRACE:                             12:39:21.376026 line       200         (len(implemented['positional']) < len(required['positional'])) and
IE_TRACE:                             12:39:21.376037 line       205     if required['kwargs'] and not implemented['kwargs']:
IE_TRACE:                             12:39:21.376048 line       208     if required['varargs'] and not implemented['varargs']:
IE_TRACE:                             12:39:21.376059 return     208     if required['varargs'] and not implemented['varargs']:
IE_TRACE:                             Return value:.. None
IE_TRACE:                         New var:....... mess = None
IE_TRACE:                         12:39:21.376073 line       171     if mess:
IE_TRACE:                         12:39:21.376092 return     171     if mess:
IE_TRACE:                         Return value:.. None
IE_TRACE:                     12:39:21.376113 line        83     for name, desc in iface.namesAndDescriptions(all=True):
IE_TRACE:                     Modified var:.. name = 'find_by_request'
IE_TRACE:                     Modified var:.. desc = <zope.interface.interface.Method object at 0x7e5d7058dca0 scrapy.interfaces.ISpiderLoader.find_by_request(request)>
IE_TRACE:                     12:39:21.376129 line        84         try:
IE_TRACE:                     12:39:21.376150 line        85             _verify_element(iface, name, desc, candidate, vtype)
IE_TRACE:                         Starting var:.. iface = <InterfaceClass scrapy.interfaces.ISpiderLoader>
IE_TRACE:                         Starting var:.. name = 'find_by_request'
IE_TRACE:                         Starting var:.. desc = <zope.interface.interface.Method object at 0x7e5d7058dca0 scrapy.interfaces.ISpiderLoader.find_by_request(request)>
IE_TRACE:                         Starting var:.. candidate = <class 'scrapy.spiderloader.SpiderLoader'>
IE_TRACE:                         Starting var:.. vtype = 'c'
IE_TRACE:                         12:39:21.376167 call        97 def _verify_element(iface, name, desc, candidate, vtype):
IE_TRACE:                         12:39:21.376195 line        99     try:
IE_TRACE:                         12:39:21.376209 line       100         attr = getattr(candidate, name)
IE_TRACE:                         New var:....... attr = <function SpiderLoader.find_by_request at 0x7e5d71486480>
IE_TRACE:                         12:39:21.376224 line       111     if not isinstance(desc, Method):
IE_TRACE:                         12:39:21.376241 line       115     if inspect.ismethoddescriptor(attr) or inspect.isbuiltin(attr):
IE_TRACE:                         Source path:... /path/to/.venv/lib/python3.12/site-packages/zope/interface/verify.py
IE_TRACE:                         12:39:21.376435 line       130     if isinstance(attr, FunctionType):
IE_TRACE:                         12:39:21.376453 line       132         if isinstance(candidate, type) and vtype == 'c':
IE_TRACE:                         12:39:21.376468 line       137             meth = fromFunction(attr, iface, name=name, imlevel=1)
IE_TRACE:                             Source path:... /path/to/.venv/lib/python3.12/site-packages/zope/interface/interface.py
IE_TRACE:                             Starting var:.. func = <function SpiderLoader.find_by_request at 0x7e5d71486480>
IE_TRACE:                             Starting var:.. interface = <InterfaceClass scrapy.interfaces.ISpiderLoader>
IE_TRACE:                             Starting var:.. imlevel = 1
IE_TRACE:                             Starting var:.. name = 'find_by_request'
IE_TRACE:                             12:39:21.376483 call      1094 def fromFunction(func, interface=None, imlevel=0, name=None):
IE_TRACE:                             12:39:21.376511 line      1095     name = name or func.__name__
IE_TRACE:                             12:39:21.376525 line      1096     method = Method(name, func.__doc__)
IE_TRACE:                                 Starting var:.. self = REPR FAILED
IE_TRACE:                                 Starting var:.. __name__ = 'find_by_request'
IE_TRACE:                                 Starting var:.. __doc__ = '\n        Return the list of spider names that can handle the given request.\n        '
IE_TRACE:                                 12:39:21.376539 call        76     def __init__(
IE_TRACE:                                 12:39:21.376560 line        79         if not __doc__ and __name__.find(' ') >= 0:
IE_TRACE:                                 12:39:21.376573 line        83         self.__name__ = __name__
IE_TRACE:                                 Modified var:.. self = <zope.interface.interface.Method object at 0x7e5d705abb00 find_by_request()>
IE_TRACE:                                 12:39:21.376586 line        84         self.__doc__ = __doc__
IE_TRACE:                                 12:39:21.376601 line        87         self.__tagged_values = None
IE_TRACE:                                 12:39:21.376614 return      87         self.__tagged_values = None
IE_TRACE:                                 Return value:.. None
IE_TRACE:                             New var:....... method = <zope.interface.interface.Method object at 0x7e5d705abb00 find_by_request()>
IE_TRACE:                             12:39:21.376629 line      1097     defaults = getattr(func, '__defaults__', None) or ()
IE_TRACE:                             New var:....... defaults = ()
IE_TRACE:                             12:39:21.376648 line      1098     code = func.__code__
IE_TRACE:                             New var:....... code = <code object find_by_request at 0x7e5d706ae790, file "/path/to/BugsInPy/workspace/scrapy/scrapy/spiderloader.py", line 42>
IE_TRACE:                             12:39:21.376667 line      1100     na = code.co_argcount - imlevel
IE_TRACE:                             New var:....... na = 1
IE_TRACE:                             12:39:21.376687 line      1101     names = code.co_varnames[imlevel:]
IE_TRACE:                             New var:....... names = ('request', 'name', 'cls')
IE_TRACE:                             12:39:21.376707 line      1102     opt = {}
IE_TRACE:                             New var:....... opt = {}
IE_TRACE:                             12:39:21.376728 line      1104     defaults_count = len(defaults)
IE_TRACE:                             New var:....... defaults_count = 0
IE_TRACE:                             12:39:21.376750 line      1105     if not defaults_count:
IE_TRACE:                             12:39:21.376772 line      1109         defaults_count = getattr(func, '__defaults_count__', 0)
IE_TRACE:                             12:39:21.376792 line      1111     nr = na - defaults_count
IE_TRACE:                             New var:....... nr = 1
IE_TRACE:                             12:39:21.376812 line      1112     if nr < 0:
IE_TRACE:                             12:39:21.376834 line      1117     opt.update(dict(zip(names[nr:], defaults)))
IE_TRACE:                             12:39:21.376855 line      1119     method.positional = names[:na]
IE_TRACE:                             Modified var:.. method = <zope.interface.interface.Method object at 0x7e5d705abb00 find_by_request(request)>
IE_TRACE:                             12:39:21.376876 line      1120     method.required = names[:nr]
IE_TRACE:                             12:39:21.376899 line      1121     method.optional = opt
IE_TRACE:                                 Starting var:.. self = <zope.interface.interface.Method object at 0x7e5d705abb00 find_by_request(request)>
IE_TRACE:                                 Starting var:.. opt = {}
IE_TRACE:                                 12:39:21.376920 call      1059     def _set_optional(self, opt):
IE_TRACE:                                 12:39:21.376936 line      1060         self._optional = opt
IE_TRACE:                                 12:39:21.376948 return    1060         self._optional = opt
IE_TRACE:                                 Return value:.. None
IE_TRACE:                             12:39:21.376963 line      1123     argno = na
IE_TRACE:                             New var:....... argno = 1
IE_TRACE:                             12:39:21.376983 line      1126     if code.co_flags & CO_VARARGS:
IE_TRACE:                             12:39:21.377006 line      1130         method.varargs = None
IE_TRACE:                             12:39:21.377027 line      1133     if code.co_flags & CO_VARKEYWORDS:
IE_TRACE:                             12:39:21.377048 line      1136         method.kwargs = None
IE_TRACE:                             12:39:21.377069 line      1138     method.interface = interface
IE_TRACE:                             Modified var:.. method = <zope.interface.interface.Method object at 0x7e5d705abb00 scrapy.interfaces.ISpiderLoader.find_by_request(request)>
IE_TRACE:                             12:39:21.377090 line      1140     for key, value in func.__dict__.items():
IE_TRACE:                             12:39:21.377114 line      1143     return method
IE_TRACE:                             12:39:21.377135 return    1143     return method
IE_TRACE:                             Return value:.. <zope.interface.interface.Method object at 0x7e5d705abb00 scrapy.interfaces.ISpiderLoader.find_by_request(request)>
IE_TRACE:                         Source path:... /path/to/.venv/lib/python3.12/site-packages/zope/interface/verify.py
IE_TRACE:                         New var:....... meth = <zope.interface.interface.Method object at 0x7e5d705abb00 scrapy.interfaces.ISpiderLoader.find_by_request(request)>
IE_TRACE:                         12:39:21.377160 line       170     mess = _incompat(desc.getSignatureInfo(), meth.getSignatureInfo())
IE_TRACE:                             Source path:... /path/to/.venv/lib/python3.12/site-packages/zope/interface/interface.py
IE_TRACE:                             Starting var:.. self = <zope.interface.interface.Method object at 0x7e5d7058dca0 scrapy.interfaces.ISpiderLoader.find_by_request(request)>
IE_TRACE:                             12:39:21.377183 call      1070     def getSignatureInfo(self):
IE_TRACE:                             12:39:21.377200 line      1071         return {'positional': self.positional,
IE_TRACE:                             12:39:21.377212 line      1072                 'required': self.required,
IE_TRACE:                             12:39:21.377222 line      1073                 'optional': self.optional,
IE_TRACE:                                 Starting var:.. self = <zope.interface.interface.Method object at 0x7e5d7058dca0 scrapy.interfaces.ISpiderLoader.find_by_request(request)>
IE_TRACE:                                 12:39:21.377232 call      1054     def _get_optional(self):
IE_TRACE:                                 12:39:21.377244 line      1055         if self._optional is None:
IE_TRACE:                                 12:39:21.377254 line      1057         return self._optional
IE_TRACE:                                 12:39:21.377264 return    1057         return self._optional
IE_TRACE:                                 Return value:.. {}
IE_TRACE:                             12:39:21.377278 line      1074                 'varargs': self.varargs,
IE_TRACE:                             12:39:21.377288 line      1075                 'kwargs': self.kwargs,
IE_TRACE:                             12:39:21.377298 line      1071         return {'positional': self.positional,
IE_TRACE:                             12:39:21.377308 return    1071         return {'positional': self.positional,
IE_TRACE:                             Return value:.. {'positional': ('request',), 'required': ('request',), 'optional': {}, 'varargs': None, 'kwargs': None}
IE_TRACE:                             Starting var:.. self = <zope.interface.interface.Method object at 0x7e5d705abb00 scrapy.interfaces.ISpiderLoader.find_by_request(request)>
IE_TRACE:                             12:39:21.377322 call      1070     def getSignatureInfo(self):
IE_TRACE:                             12:39:21.377334 line      1071         return {'positional': self.positional,
IE_TRACE:                             12:39:21.377344 line      1072                 'required': self.required,
IE_TRACE:                             12:39:21.377354 line      1073                 'optional': self.optional,
IE_TRACE:                                 Starting var:.. self = <zope.interface.interface.Method object at 0x7e5d705abb00 scrapy.interfaces.ISpiderLoader.find_by_request(request)>
IE_TRACE:                                 12:39:21.377364 call      1054     def _get_optional(self):
IE_TRACE:                                 12:39:21.377376 line      1055         if self._optional is None:
IE_TRACE:                                 12:39:21.377386 line      1057         return self._optional
IE_TRACE:                                 12:39:21.377396 return    1057         return self._optional
IE_TRACE:                                 Return value:.. {}
IE_TRACE:                             12:39:21.377409 line      1074                 'varargs': self.varargs,
IE_TRACE:                             12:39:21.377419 line      1075                 'kwargs': self.kwargs,
IE_TRACE:                             12:39:21.377429 line      1071         return {'positional': self.positional,
IE_TRACE:                             12:39:21.377438 return    1071         return {'positional': self.positional,
IE_TRACE:                             Return value:.. {'positional': ('request',), 'required': ('request',), 'optional': {}, 'varargs': None, 'kwargs': None}
IE_TRACE:                             Source path:... /path/to/.venv/lib/python3.12/site-packages/zope/interface/verify.py
IE_TRACE:                             Starting var:.. required = {'positional': ('request',), 'required': ('request',), 'optional': {}, 'varargs': None, 'kwargs': None}
IE_TRACE:                             Starting var:.. implemented = {'positional': ('request',), 'required': ('request',), 'optional': {}, 'varargs': None, 'kwargs': None}
IE_TRACE:                             12:39:21.377453 call       191 def _incompat(required, implemented):
IE_TRACE:                             12:39:21.377472 line       196     if len(implemented['required']) > len(required['required']):
IE_TRACE:                             12:39:21.377484 line       200         (len(implemented['positional']) < len(required['positional'])) and
IE_TRACE:                             12:39:21.377495 line       205     if required['kwargs'] and not implemented['kwargs']:
IE_TRACE:                             12:39:21.377507 line       208     if required['varargs'] and not implemented['varargs']:
IE_TRACE:                             12:39:21.377518 return     208     if required['varargs'] and not implemented['varargs']:
IE_TRACE:                             Return value:.. None
IE_TRACE:                         New var:....... mess = None
IE_TRACE:                         12:39:21.377532 line       171     if mess:
IE_TRACE:                         12:39:21.377553 return     171     if mess:
IE_TRACE:                         Return value:.. None
IE_TRACE:                     12:39:21.377574 line        83     for name, desc in iface.namesAndDescriptions(all=True):
IE_TRACE:                     12:39:21.377591 line        89     if excs:
IE_TRACE:                     12:39:21.377607 line        94     return True
IE_TRACE:                     12:39:21.377623 return      94     return True
IE_TRACE:                     Return value:.. True
IE_TRACE:                 12:39:21.377642 return     179     return _verify(iface, candidate, tentative, vtype='c')
IE_TRACE:                 Return value:.. True
IE_TRACE:             Source path:... /path/to/BugsInPy/workspace/scrapy/scrapy/crawler.py
IE_TRACE:             12:39:21.377656 line       298     return loader_cls.from_settings(settings.frozencopy())
IE_TRACE:                 Source path:... /path/to/BugsInPy/workspace/scrapy/scrapy/settings/__init__.py
IE_TRACE:                 Starting var:.. self = <scrapy.settings.Settings object at 0x7e5d714c5a90>
IE_TRACE:                 12:39:21.377671 call       123     def frozencopy(self):
IE_TRACE:                 12:39:21.377685 line       124         copy = self.copy()
IE_TRACE:                     Starting var:.. self = <scrapy.settings.Settings object at 0x7e5d714c5a90>
IE_TRACE:                     12:39:21.377695 call       117     def copy(self):
IE_TRACE:                     12:39:21.377706 line       118         return copy.deepcopy(self)
IE_TRACE:                     Source path:... /path/to/BugsInPy/workspace/scrapy/scrapy/settings/__init__.py
IE_TRACE:                     12:39:21.399216 return     118         return copy.deepcopy(self)
IE_TRACE:                     Return value:.. <scrapy.settings.Settings object at 0x7e5d705abd40>
IE_TRACE:                 New var:....... copy = <scrapy.settings.Settings object at 0x7e5d705abd40>
IE_TRACE:                 12:39:21.399232 line       125         copy.freeze()
IE_TRACE:                     Starting var:.. self = <scrapy.settings.Settings object at 0x7e5d705abd40>
IE_TRACE:                     12:39:21.399247 call       120     def freeze(self):
IE_TRACE:                     12:39:21.399259 line       121         self.frozen = True
IE_TRACE:                     12:39:21.399267 return     121         self.frozen = True
IE_TRACE:                     Return value:.. None
IE_TRACE:                 12:39:21.399279 line       126         return copy
IE_TRACE:                 12:39:21.399289 return     126         return copy
IE_TRACE:                 Return value:.. <scrapy.settings.Settings object at 0x7e5d705abd40>
IE_TRACE:                 Source path:... /path/to/BugsInPy/workspace/scrapy/scrapy/spiderloader.py
IE_TRACE:                 Starting var:.. cls = <class 'scrapy.spiderloader.SpiderLoader'>
IE_TRACE:                 Starting var:.. settings = <scrapy.settings.Settings object at 0x7e5d705abd40>
IE_TRACE:                 12:39:21.399302 call        29     def from_settings(cls, settings):
IE_TRACE:                 12:39:21.399352 line        30         return cls(settings)
IE_TRACE:                     Starting var:.. self = <scrapy.spiderloader.SpiderLoader object at 0x7e5d704cef00>
IE_TRACE:                     Starting var:.. settings = <scrapy.settings.Settings object at 0x7e5d705abd40>
IE_TRACE:                     12:39:21.399364 call        17     def __init__(self, settings):
IE_TRACE:                     12:39:21.399380 line        18         self.spider_modules = settings.getlist('SPIDER_MODULES')
IE_TRACE:                         Source path:... /path/to/BugsInPy/workspace/scrapy/scrapy/settings/__init__.py
IE_TRACE:                         Starting var:.. self = <scrapy.settings.Settings object at 0x7e5d705abd40>
IE_TRACE:                         Starting var:.. name = 'SPIDER_MODULES'
IE_TRACE:                         Starting var:.. default = None
IE_TRACE:                         12:39:21.399391 call        79     def getlist(self, name, default=None):
IE_TRACE:                         12:39:21.399413 line        80         value = self.get(name, default or [])
IE_TRACE:                             Starting var:.. self = <scrapy.settings.Settings object at 0x7e5d705abd40>
IE_TRACE:                             Starting var:.. name = 'SPIDER_MODULES'
IE_TRACE:                             Starting var:.. default = []
IE_TRACE:                             12:39:21.399424 call        63     def get(self, name, default=None):
IE_TRACE:                             12:39:21.399442 line        64         return self[name] if self[name] is not None else default
IE_TRACE:                                 Starting var:.. self = <scrapy.settings.Settings object at 0x7e5d705abd40>
IE_TRACE:                                 Starting var:.. opt_name = 'SPIDER_MODULES'
IE_TRACE:                                 12:39:21.399453 call        57     def __getitem__(self, opt_name):
IE_TRACE:                                 12:39:21.399468 line        58         value = None
IE_TRACE:                                 New var:....... value = None
IE_TRACE:                                 12:39:21.399478 line        59         if opt_name in self.attributes:
IE_TRACE:                                 12:39:21.399491 line        60             value = self.attributes[opt_name].value
IE_TRACE:                                 Modified var:.. value = []
IE_TRACE:                                 12:39:21.399501 line        61         return value
IE_TRACE:                                 12:39:21.399513 return      61         return value
IE_TRACE:                                 Return value:.. []
IE_TRACE:                                 Starting var:.. self = <scrapy.settings.Settings object at 0x7e5d705abd40>
IE_TRACE:                                 Starting var:.. opt_name = 'SPIDER_MODULES'
IE_TRACE:                                 12:39:21.399528 call        57     def __getitem__(self, opt_name):
IE_TRACE:                                 12:39:21.399542 line        58         value = None
IE_TRACE:                                 New var:....... value = None
IE_TRACE:                                 12:39:21.399552 line        59         if opt_name in self.attributes:
IE_TRACE:                                 12:39:21.399564 line        60             value = self.attributes[opt_name].value
IE_TRACE:                                 Modified var:.. value = []
IE_TRACE:                                 12:39:21.399575 line        61         return value
IE_TRACE:                                 12:39:21.399587 return      61         return value
IE_TRACE:                                 Return value:.. []
IE_TRACE:                             12:39:21.399600 return      64         return self[name] if self[name] is not None else default
IE_TRACE:                             Return value:.. []
IE_TRACE:                         New var:....... value = []
IE_TRACE:                         12:39:21.399613 line        81         if isinstance(value, six.string_types):
IE_TRACE:                         12:39:21.399627 line        83         return list(value)
IE_TRACE:                         12:39:21.399638 return      83         return list(value)
IE_TRACE:                         Return value:.. []
IE_TRACE:                     Source path:... /path/to/BugsInPy/workspace/scrapy/scrapy/spiderloader.py
IE_TRACE:                     12:39:21.399652 line        19         self._spiders = {}
IE_TRACE:                     12:39:21.399664 line        20         for name in self.spider_modules:
IE_TRACE:                     12:39:21.399674 return      20         for name in self.spider_modules:
IE_TRACE:                     Return value:.. None
IE_TRACE:                 12:39:21.399687 return      30         return cls(settings)
IE_TRACE:                 Return value:.. <scrapy.spiderloader.SpiderLoader object at 0x7e5d704cef00>
IE_TRACE:             Source path:... /path/to/BugsInPy/workspace/scrapy/scrapy/crawler.py
IE_TRACE:             12:39:21.399704 return     298     return loader_cls.from_settings(settings.frozencopy())
IE_TRACE:             Return value:.. <scrapy.spiderloader.SpiderLoader object at 0x7e5d704cef00>
IE_TRACE:         12:39:21.399722 line       116         self._crawlers = set()
IE_TRACE:         12:39:21.399732 line       117         self._active = set()
IE_TRACE:         12:39:21.399741 return     117         self._active = set()
IE_TRACE:         Return value:.. None
IE_TRACE:     Source path:... /path/to/BugsInPy/workspace/scrapy/scrapy/utils/test.py
IE_TRACE:     New var:....... runner = <scrapy.crawler.CrawlerRunner object at 0x7e5d704ca180>
IE_TRACE:     12:39:21.399754 line        33     return runner._create_crawler(spidercls or Spider)
IE_TRACE:         Source path:... /path/to/BugsInPy/workspace/scrapy/scrapy/crawler.py
IE_TRACE:         Starting var:.. self = <scrapy.crawler.CrawlerRunner object at 0x7e5d704ca180>
IE_TRACE:         Starting var:.. spidercls = <class 'scrapy.spiders.Spider'>
IE_TRACE:         12:39:21.399775 call       165     def _create_crawler(self, spidercls):
IE_TRACE:         12:39:21.399794 line       166         if isinstance(spidercls, six.string_types):
IE_TRACE:         12:39:21.399803 line       168         return Crawler(spidercls, self.settings)
IE_TRACE:             Starting var:.. self = <scrapy.crawler.Crawler object at 0x7e5d705cff80>
IE_TRACE:             Starting var:.. spidercls = <class 'scrapy.spiders.Spider'>
IE_TRACE:             Starting var:.. settings = <scrapy.settings.Settings object at 0x7e5d714c5a90>
IE_TRACE:             12:39:21.399817 call        26     def __init__(self, spidercls, settings=None):
IE_TRACE:             12:39:21.399836 line        27         if isinstance(settings, dict) or settings is None:
IE_TRACE:             12:39:21.399848 line        30         self.spidercls = spidercls
IE_TRACE:             12:39:21.399858 line        31         self.settings = settings.copy()
IE_TRACE:                 Source path:... /path/to/BugsInPy/workspace/scrapy/scrapy/settings/__init__.py
IE_TRACE:                 Starting var:.. self = <scrapy.settings.Settings object at 0x7e5d714c5a90>
IE_TRACE:                 12:39:21.399869 call       117     def copy(self):
IE_TRACE:                 12:39:21.399883 line       118         return copy.deepcopy(self)
IE_TRACE:                 Source path:... /path/to/BugsInPy/workspace/scrapy/scrapy/settings/__init__.py
IE_TRACE:                 12:39:21.437274 return     118         return copy.deepcopy(self)
IE_TRACE:                 Return value:.. <scrapy.settings.Settings object at 0x7e5d7033bd40>
IE_TRACE:             Source path:... /path/to/BugsInPy/workspace/scrapy/scrapy/crawler.py
IE_TRACE:             12:39:21.437292 line        32         self.spidercls.update_settings(self.settings)
IE_TRACE:                 Source path:... /path/to/BugsInPy/workspace/scrapy/scrapy/spiders/__init__.py
IE_TRACE:                 Starting var:.. cls = <class 'scrapy.spiders.Spider'>
IE_TRACE:                 Starting var:.. settings = <scrapy.settings.Settings object at 0x7e5d7033bd40>
IE_TRACE:                 12:39:21.437311 call        79     def update_settings(cls, settings):
IE_TRACE:                 12:39:21.437391 line        80         settings.setdict(cls.custom_settings or {}, priority='spider')
IE_TRACE:                     Source path:... /path/to/BugsInPy/workspace/scrapy/scrapy/settings/__init__.py
IE_TRACE:                     Starting var:.. self = <scrapy.settings.Settings object at 0x7e5d7033bd40>
IE_TRACE:                     Starting var:.. values = {}
IE_TRACE:                     Starting var:.. priority = 'spider'
IE_TRACE:                     12:39:21.437406 call       100     def setdict(self, values, priority='project'):
IE_TRACE:                     12:39:21.437429 line       101         self._assert_mutability()
IE_TRACE:                         Starting var:.. self = <scrapy.settings.Settings object at 0x7e5d7033bd40>
IE_TRACE:                         12:39:21.437442 call       113     def _assert_mutability(self):
IE_TRACE:                         12:39:21.437454 line       114         if self.frozen:
IE_TRACE:                         12:39:21.437463 return     114         if self.frozen:
IE_TRACE:                         Return value:.. None
IE_TRACE:                     12:39:21.437477 line       102         for name, value in six.iteritems(values):
IE_TRACE:                         Source path:... /path/to/.venv/lib/python3.12/site-packages/six.py
IE_TRACE:                         Starting var:.. d = {}
IE_TRACE:                         Starting var:.. kw = {}
IE_TRACE:                         12:39:21.437490 call       588     def iteritems(d, **kw):
IE_TRACE:                         12:39:21.437573 line       589         return iter(d.items(**kw))
IE_TRACE:                         12:39:21.437584 return     589         return iter(d.items(**kw))
IE_TRACE:                         Return value:.. <dict_itemiterator object at 0x7e5d7033cae0>
IE_TRACE:                     Source path:... /path/to/BugsInPy/workspace/scrapy/scrapy/settings/__init__.py
IE_TRACE:                     12:39:21.437599 return     102         for name, value in six.iteritems(values):
IE_TRACE:                     Return value:.. None
IE_TRACE:                 Source path:... /path/to/BugsInPy/workspace/scrapy/scrapy/spiders/__init__.py
IE_TRACE:                 12:39:21.437618 return      80         settings.setdict(cls.custom_settings or {}, priority='spider')
IE_TRACE:                 Return value:.. None
IE_TRACE:             Source path:... /path/to/BugsInPy/workspace/scrapy/scrapy/crawler.py
IE_TRACE:             12:39:21.437635 line        34         self.signals = SignalManager(self)
IE_TRACE:                 Source path:... /path/to/BugsInPy/workspace/scrapy/scrapy/signalmanager.py
IE_TRACE:                 Starting var:.. self = <scrapy.signalmanager.SignalManager object at 0x7e5d705cf680>
IE_TRACE:                 Starting var:.. sender = <scrapy.crawler.Crawler object at 0x7e5d705cff80>
IE_TRACE:                 12:39:21.437650 call         8     def __init__(self, sender=dispatcher.Anonymous):
IE_TRACE:                 12:39:21.437687 line         9         self.sender = sender
IE_TRACE:                 12:39:21.437697 return       9         self.sender = sender
IE_TRACE:                 Return value:.. None
IE_TRACE:             Source path:... /path/to/BugsInPy/workspace/scrapy/scrapy/crawler.py
IE_TRACE:             12:39:21.437711 line        35         self.stats = load_object(self.settings['STATS_CLASS'])(self)
IE_TRACE:                 Source path:... /path/to/BugsInPy/workspace/scrapy/scrapy/settings/__init__.py
IE_TRACE:                 Starting var:.. self = <scrapy.settings.Settings object at 0x7e5d7033bd40>
IE_TRACE:                 Starting var:.. opt_name = 'STATS_CLASS'
IE_TRACE:                 12:39:21.437725 call        57     def __getitem__(self, opt_name):
IE_TRACE:                 12:39:21.437744 line        58         value = None
IE_TRACE:                 New var:....... value = None
IE_TRACE:                 12:39:21.437753 line        59         if opt_name in self.attributes:
IE_TRACE:                 12:39:21.437766 line        60             value = self.attributes[opt_name].value
IE_TRACE:                 Modified var:.. value = 'scrapy.statscollectors.MemoryStatsCollector'
IE_TRACE:                 12:39:21.437777 line        61         return value
IE_TRACE:                 12:39:21.437789 return      61         return value
IE_TRACE:                 Return value:.. 'scrapy.statscollectors.MemoryStatsCollector'
IE_TRACE:                 Source path:... /path/to/BugsInPy/workspace/scrapy/scrapy/utils/misc.py
IE_TRACE:                 Starting var:.. path = 'scrapy.statscollectors.MemoryStatsCollector'
IE_TRACE:                 12:39:21.437804 call        31 def load_object(path):
IE_TRACE:                 12:39:21.437820 line        38     try:
IE_TRACE:                 12:39:21.437829 line        39         dot = path.rindex('.')
IE_TRACE:                 New var:....... dot = 22
IE_TRACE:                 12:39:21.437839 line        43     module, name = path[:dot], path[dot+1:]
IE_TRACE:                 New var:....... module = 'scrapy.statscollectors'
IE_TRACE:                 New var:....... name = 'MemoryStatsCollector'
IE_TRACE:                 12:39:21.437851 line        44     mod = import_module(module)
IE_TRACE:                 Source path:... /path/to/BugsInPy/workspace/scrapy/scrapy/utils/misc.py
IE_TRACE:                 New var:....... mod = <module 'scrapy.statscollectors' from '/path/to/BugsInPy/workspace/scrapy/scrapy/statscollectors.py'>
IE_TRACE:                 12:39:21.441620 line        46     try:
IE_TRACE:                 12:39:21.441641 line        47         obj = getattr(mod, name)
IE_TRACE:                 New var:....... obj = <class 'scrapy.statscollectors.MemoryStatsCollector'>
IE_TRACE:                 12:39:21.441655 line        51     return obj
IE_TRACE:                 12:39:21.441672 return      51     return obj
IE_TRACE:                 Return value:.. <class 'scrapy.statscollectors.MemoryStatsCollector'>
IE_TRACE:                 Source path:... /path/to/BugsInPy/workspace/scrapy/scrapy/statscollectors.py
IE_TRACE:                 Starting var:.. self = <scrapy.statscollectors.MemoryStatsCollector object at 0x7e5d70339400>
IE_TRACE:                 Starting var:.. crawler = <scrapy.crawler.Crawler object at 0x7e5d705cff80>
IE_TRACE:                 Starting var:.. __class__ = <class 'scrapy.statscollectors.MemoryStatsCollector'>
IE_TRACE:                 12:39:21.441691 call        55     def __init__(self, crawler):
IE_TRACE:                 12:39:21.441746 line        56         super(MemoryStatsCollector, self).__init__(crawler)
IE_TRACE:                     Starting var:.. self = <scrapy.statscollectors.MemoryStatsCollector object at 0x7e5d70339400>
IE_TRACE:                     Starting var:.. crawler = <scrapy.crawler.Crawler object at 0x7e5d705cff80>
IE_TRACE:                     12:39:21.441759 call        12     def __init__(self, crawler):
IE_TRACE:                     12:39:21.441774 line        13         self._dump = crawler.settings.getbool('STATS_DUMP')
IE_TRACE:                         Source path:... /path/to/BugsInPy/workspace/scrapy/scrapy/settings/__init__.py
IE_TRACE:                         Starting var:.. self = <scrapy.settings.Settings object at 0x7e5d7033bd40>
IE_TRACE:                         Starting var:.. name = 'STATS_DUMP'
IE_TRACE:                         Starting var:.. default = False
IE_TRACE:                         12:39:21.441786 call        66     def getbool(self, name, default=False):
IE_TRACE:                         12:39:21.441809 line        71         return bool(int(self.get(name, default)))
IE_TRACE:                             Starting var:.. self = <scrapy.settings.Settings object at 0x7e5d7033bd40>
IE_TRACE:                             Starting var:.. name = 'STATS_DUMP'
IE_TRACE:                             Starting var:.. default = False
IE_TRACE:                             12:39:21.441821 call        63     def get(self, name, default=None):
IE_TRACE:                             12:39:21.441839 line        64         return self[name] if self[name] is not None else default
IE_TRACE:                                 Starting var:.. self = <scrapy.settings.Settings object at 0x7e5d7033bd40>
IE_TRACE:                                 Starting var:.. opt_name = 'STATS_DUMP'
IE_TRACE:                                 12:39:21.441851 call        57     def __getitem__(self, opt_name):
IE_TRACE:                                 12:39:21.441866 line        58         value = None
IE_TRACE:                                 New var:....... value = None
IE_TRACE:                                 12:39:21.441876 line        59         if opt_name in self.attributes:
IE_TRACE:                                 12:39:21.441889 line        60             value = self.attributes[opt_name].value
IE_TRACE:                                 Modified var:.. value = True
IE_TRACE:                                 12:39:21.441899 line        61         return value
IE_TRACE:                                 12:39:21.441912 return      61         return value
IE_TRACE:                                 Return value:.. True
IE_TRACE:                                 Starting var:.. self = <scrapy.settings.Settings object at 0x7e5d7033bd40>
IE_TRACE:                                 Starting var:.. opt_name = 'STATS_DUMP'
IE_TRACE:                                 12:39:21.441926 call        57     def __getitem__(self, opt_name):
IE_TRACE:                                 12:39:21.441941 line        58         value = None
IE_TRACE:                                 New var:....... value = None
IE_TRACE:                                 12:39:21.441951 line        59         if opt_name in self.attributes:
IE_TRACE:                                 12:39:21.441963 line        60             value = self.attributes[opt_name].value
IE_TRACE:                                 Modified var:.. value = True
IE_TRACE:                                 12:39:21.441973 line        61         return value
IE_TRACE:                                 12:39:21.441985 return      61         return value
IE_TRACE:                                 Return value:.. True
IE_TRACE:                             12:39:21.441999 return      64         return self[name] if self[name] is not None else default
IE_TRACE:                             Return value:.. True
IE_TRACE:                         12:39:21.442012 return      71         return bool(int(self.get(name, default)))
IE_TRACE:                         Return value:.. True
IE_TRACE:                     Source path:... /path/to/BugsInPy/workspace/scrapy/scrapy/statscollectors.py
IE_TRACE:                     12:39:21.442026 line        14         self._stats = {}
IE_TRACE:                     12:39:21.442038 return      14         self._stats = {}
IE_TRACE:                     Return value:.. None
IE_TRACE:                 12:39:21.442051 line        57         self.spider_stats = {}
IE_TRACE:                 12:39:21.442062 return      57         self.spider_stats = {}
IE_TRACE:                 Return value:.. None
IE_TRACE:             Source path:... /path/to/BugsInPy/workspace/scrapy/scrapy/crawler.py
IE_TRACE:             12:39:21.442075 line        37         handler = LogCounterHandler(self, level=settings.get('LOG_LEVEL'))
IE_TRACE:                 Source path:... /path/to/BugsInPy/workspace/scrapy/scrapy/settings/__init__.py
IE_TRACE:                 Starting var:.. self = <scrapy.settings.Settings object at 0x7e5d714c5a90>
IE_TRACE:                 Starting var:.. name = 'LOG_LEVEL'
IE_TRACE:                 Starting var:.. default = None
IE_TRACE:                 12:39:21.442090 call        63     def get(self, name, default=None):
IE_TRACE:                 12:39:21.442111 line        64         return self[name] if self[name] is not None else default
IE_TRACE:                     Starting var:.. self = <scrapy.settings.Settings object at 0x7e5d714c5a90>
IE_TRACE:                     Starting var:.. opt_name = 'LOG_LEVEL'
IE_TRACE:                     12:39:21.442121 call        57     def __getitem__(self, opt_name):
IE_TRACE:                     12:39:21.442135 line        58         value = None
IE_TRACE:                     New var:....... value = None
IE_TRACE:                     12:39:21.442145 line        59         if opt_name in self.attributes:
IE_TRACE:                     12:39:21.442157 line        60             value = self.attributes[opt_name].value
IE_TRACE:                     Modified var:.. value = 'DEBUG'
IE_TRACE:                     12:39:21.442167 line        61         return value
IE_TRACE:                     12:39:21.442179 return      61         return value
IE_TRACE:                     Return value:.. 'DEBUG'
IE_TRACE:                     Starting var:.. self = <scrapy.settings.Settings object at 0x7e5d714c5a90>
IE_TRACE:                     Starting var:.. opt_name = 'LOG_LEVEL'
IE_TRACE:                     12:39:21.442196 call        57     def __getitem__(self, opt_name):
IE_TRACE:                     12:39:21.442209 line        58         value = None
IE_TRACE:                     New var:....... value = None
IE_TRACE:                     12:39:21.442218 line        59         if opt_name in self.attributes:
IE_TRACE:                     12:39:21.442230 line        60             value = self.attributes[opt_name].value
IE_TRACE:                     Modified var:.. value = 'DEBUG'
IE_TRACE:                     12:39:21.442240 line        61         return value
IE_TRACE:                     12:39:21.442252 return      61         return value
IE_TRACE:                     Return value:.. 'DEBUG'
IE_TRACE:                 12:39:21.442265 return      64         return self[name] if self[name] is not None else default
IE_TRACE:                 Return value:.. 'DEBUG'
IE_TRACE:                 Source path:... /path/to/BugsInPy/workspace/scrapy/scrapy/utils/log.py
IE_TRACE:                 Starting var:.. self = REPR FAILED
IE_TRACE:                 Starting var:.. crawler = <scrapy.crawler.Crawler object at 0x7e5d705cff80>
IE_TRACE:                 Starting var:.. args = ()
IE_TRACE:                 Starting var:.. kwargs = {'level': 'DEBUG'}
IE_TRACE:                 Starting var:.. __class__ = <class 'scrapy.utils.log.LogCounterHandler'>
IE_TRACE:                 12:39:21.442279 call       155     def __init__(self, crawler, *args, **kwargs):
IE_TRACE:                 12:39:21.442344 line       156         super(LogCounterHandler, self).__init__(*args, **kwargs)
IE_TRACE:                 Source path:... /path/to/BugsInPy/workspace/scrapy/scrapy/utils/log.py
IE_TRACE:                 Modified var:.. self = <LogCounterHandler (DEBUG)>
IE_TRACE:                 12:39:21.443112 line       157         self.crawler = crawler
IE_TRACE:                 12:39:21.443131 return     157         self.crawler = crawler
IE_TRACE:                 Return value:.. None
IE_TRACE:             Source path:... /path/to/BugsInPy/workspace/scrapy/scrapy/crawler.py
IE_TRACE:             New var:....... handler = <LogCounterHandler (DEBUG)>
IE_TRACE:             12:39:21.443147 line        38         logging.root.addHandler(handler)
IE_TRACE:             Source path:... /path/to/BugsInPy/workspace/scrapy/scrapy/crawler.py
IE_TRACE:             12:39:21.443320 line        41         self.__remove_handler = lambda: logging.root.removeHandler(handler)
IE_TRACE:             12:39:21.443335 line        42         self.signals.connect(self.__remove_handler, signals.engine_stopped)
IE_TRACE:                 Source path:... /path/to/BugsInPy/workspace/scrapy/scrapy/signalmanager.py
IE_TRACE:                 Starting var:.. self = <scrapy.signalmanager.SignalManager object at 0x7e5d705cf680>
IE_TRACE:                 Starting var:.. receiver = <function Crawler.__init__.<locals>.<lambda> at 0x7e5d721a1da0>
IE_TRACE:                 Starting var:.. signal = <object object at 0x7e5d73f79330>
IE_TRACE:                 Starting var:.. kwargs = {}
IE_TRACE:                 12:39:21.443349 call        11     def connect(self, receiver, signal, **kwargs):
IE_TRACE:                 12:39:21.443375 line        25         kwargs.setdefault('sender', self.sender)
IE_TRACE:                 Modified var:.. kwargs = {'sender': <scrapy.crawler.Crawler object at 0x7e5d705cff80>}
IE_TRACE:                 12:39:21.443387 line        26         return dispatcher.connect(receiver, signal, **kwargs)
IE_TRACE:                     Source path:... /path/to/.venv/lib/python3.12/site-packages/pydispatch/dispatcher.py
IE_TRACE:                     Starting var:.. receiver = <function Crawler.__init__.<locals>.<lambda> at 0x7e5d721a1da0>
IE_TRACE:                     Starting var:.. signal = <object object at 0x7e5d73f79330>
IE_TRACE:                     Starting var:.. sender = <scrapy.crawler.Crawler object at 0x7e5d705cff80>
IE_TRACE:                     Starting var:.. weak = True
IE_TRACE:                     12:39:21.443410 call        73 def connect(receiver, signal=Any, sender=Any, weak=True):
IE_TRACE:                     12:39:21.443476 line       125     if signal is None:
IE_TRACE:                     12:39:21.443490 line       129     if weak:
IE_TRACE:                     12:39:21.443503 line       130         receiver = saferef.safeRef(receiver, onDelete=_removeReceiver)
IE_TRACE:                         Source path:... /path/to/.venv/lib/python3.12/site-packages/pydispatch/saferef.py
IE_TRACE:                         Starting var:.. target = <function Crawler.__init__.<locals>.<lambda> at 0x7e5d721a1da0>
IE_TRACE:                         Starting var:.. onDelete = <function _removeReceiver at 0x7e5d70468900>
IE_TRACE:                         12:39:21.443520 call        10 def safeRef(target, onDelete = None):
IE_TRACE:                         12:39:21.443558 line        21     if hasattr(target, im_self):
IE_TRACE:                         12:39:21.443570 line        31     if onDelete is not None:
IE_TRACE:                         12:39:21.443581 line        32         return weakref.ref(target, onDelete)
IE_TRACE:                         12:39:21.443591 return      32         return weakref.ref(target, onDelete)
IE_TRACE:                         Return value:.. <weakref at 0x7e5d7038ff60; to 'function' at 0x7e5d721a1da0 (<lambda>)>
IE_TRACE:                     Source path:... /path/to/.venv/lib/python3.12/site-packages/pydispatch/dispatcher.py
IE_TRACE:                     Modified var:.. receiver = <weakref at 0x7e5d7038ff60; to 'function' at 0x7e5d721a1da0 (<lambda>)>
IE_TRACE:                     12:39:21.443606 line       131     senderkey = id(sender)
IE_TRACE:                     New var:....... senderkey = 138939782201216
IE_TRACE:                     12:39:21.443625 line       132     if senderkey in connections:
IE_TRACE:                     12:39:21.443642 line       135         connections[senderkey] = signals = {}
IE_TRACE:                     New var:....... signals = {}
IE_TRACE:                     12:39:21.443655 line       138     if sender not in (None, Anonymous, Any):
IE_TRACE:                     12:39:21.443673 line       139         def remove(object, senderkey=senderkey):
IE_TRACE:                     New var:....... remove = <function connect.<locals>.remove at 0x7e5d721a13a0>
IE_TRACE:                     12:39:21.443687 line       143         try:
IE_TRACE:                     12:39:21.443705 line       144             weakSender = weakref.ref(sender, remove)
IE_TRACE:                     New var:....... weakSender = <weakref at 0x7e5d7038ff10; to 'Crawler' at 0x7e5d705cff80>
IE_TRACE:                     12:39:21.443719 line       145             senders[senderkey] = weakSender
IE_TRACE:                     12:39:21.443738 line       149     receiverID = id(receiver)
IE_TRACE:                     New var:....... receiverID = 138939779841888
IE_TRACE:                     12:39:21.443753 line       152     if signal in signals:
IE_TRACE:                     12:39:21.443773 line       156         receivers = signals[signal] = []
IE_TRACE:                     Modified var:.. signals = {<object object at 0x7e5d73f79330>: []}
IE_TRACE:                     New var:....... receivers = []
IE_TRACE:                     12:39:21.443789 line       157     try:
IE_TRACE:                     12:39:21.443811 line       158         current = sendersBack.get( receiverID )
IE_TRACE:                     New var:....... current = None
IE_TRACE:                     12:39:21.443829 line       159         if current is None:
IE_TRACE:                     12:39:21.443849 line       160             sendersBack[ receiverID ] = current = []
IE_TRACE:                     Modified var:.. current = []
IE_TRACE:                     12:39:21.443867 line       161         if senderkey not in current:
IE_TRACE:                     12:39:21.443887 line       162             current.append(senderkey)
IE_TRACE:                     Modified var:.. current = [138939782201216]
IE_TRACE:                     12:39:21.443905 line       166     receivers.append(receiver)
IE_TRACE:                     Modified var:.. signals = {<object object at 0x7e5d73f79330>: [<weakref at 0x7e5d7038ff60; to 'function' at 0x7e5d721a1da0 (<lambda>)>]}
IE_TRACE:                     Modified var:.. receivers = [<weakref at 0x7e5d7038ff60; to 'function' at 0x7e5d721a1da0 (<lambda>)>]
IE_TRACE:                     12:39:21.443925 return     166     receivers.append(receiver)
IE_TRACE:                     Return value:.. None
IE_TRACE:                 Source path:... /path/to/BugsInPy/workspace/scrapy/scrapy/signalmanager.py
IE_TRACE:                 12:39:21.443953 return      26         return dispatcher.connect(receiver, signal, **kwargs)
IE_TRACE:                 Return value:.. None
IE_TRACE:             Source path:... /path/to/BugsInPy/workspace/scrapy/scrapy/crawler.py
IE_TRACE:             12:39:21.443972 line        44         lf_cls = load_object(self.settings['LOG_FORMATTER'])
IE_TRACE:                 Source path:... /path/to/BugsInPy/workspace/scrapy/scrapy/settings/__init__.py
IE_TRACE:                 Starting var:.. self = <scrapy.settings.Settings object at 0x7e5d7033bd40>
IE_TRACE:                 Starting var:.. opt_name = 'LOG_FORMATTER'
IE_TRACE:                 12:39:21.443989 call        57     def __getitem__(self, opt_name):
IE_TRACE:                 12:39:21.444007 line        58         value = None
IE_TRACE:                 New var:....... value = None
IE_TRACE:                 12:39:21.444016 line        59         if opt_name in self.attributes:
IE_TRACE:                 12:39:21.444029 line        60             value = self.attributes[opt_name].value
IE_TRACE:                 Modified var:.. value = 'scrapy.logformatter.LogFormatter'
IE_TRACE:                 12:39:21.444039 line        61         return value
IE_TRACE:                 12:39:21.444051 return      61         return value
IE_TRACE:                 Return value:.. 'scrapy.logformatter.LogFormatter'
IE_TRACE:                 Source path:... /path/to/BugsInPy/workspace/scrapy/scrapy/utils/misc.py
IE_TRACE:                 Starting var:.. path = 'scrapy.logformatter.LogFormatter'
IE_TRACE:                 12:39:21.444066 call        31 def load_object(path):
IE_TRACE:                 12:39:21.444082 line        38     try:
IE_TRACE:                 12:39:21.444090 line        39         dot = path.rindex('.')
IE_TRACE:                 New var:....... dot = 19
IE_TRACE:                 12:39:21.444100 line        43     module, name = path[:dot], path[dot+1:]
IE_TRACE:                 New var:....... module = 'scrapy.logformatter'
IE_TRACE:                 New var:....... name = 'LogFormatter'
IE_TRACE:                 12:39:21.444112 line        44     mod = import_module(module)
IE_TRACE:                 Source path:... /path/to/BugsInPy/workspace/scrapy/scrapy/utils/misc.py
IE_TRACE:                 New var:....... mod = <module 'scrapy.logformatter' from '/path/to/BugsInPy/workspace/scrapy/scrapy/logformatter.py'>
IE_TRACE:                 12:39:21.447517 line        46     try:
IE_TRACE:                 12:39:21.447538 line        47         obj = getattr(mod, name)
IE_TRACE:                 New var:....... obj = <class 'scrapy.logformatter.LogFormatter'>
IE_TRACE:                 12:39:21.447552 line        51     return obj
IE_TRACE:                 12:39:21.447569 return      51     return obj
IE_TRACE:                 Return value:.. <class 'scrapy.logformatter.LogFormatter'>
IE_TRACE:             Source path:... /path/to/BugsInPy/workspace/scrapy/scrapy/crawler.py
IE_TRACE:             New var:....... lf_cls = <class 'scrapy.logformatter.LogFormatter'>
IE_TRACE:             12:39:21.447586 line        45         self.logformatter = lf_cls.from_crawler(self)
IE_TRACE:                 Source path:... /path/to/BugsInPy/workspace/scrapy/scrapy/logformatter.py
IE_TRACE:                 Starting var:.. cls = <class 'scrapy.logformatter.LogFormatter'>
IE_TRACE:                 Starting var:.. crawler = <scrapy.crawler.Crawler object at 0x7e5d705cff80>
IE_TRACE:                 12:39:21.447608 call        68     def from_crawler(cls, crawler):
IE_TRACE:                 12:39:21.447655 line        69         return cls()
IE_TRACE:                 12:39:21.447666 return      69         return cls()
IE_TRACE:                 Return value:.. <scrapy.logformatter.LogFormatter object at 0x7e5d7034cec0>
IE_TRACE:             Source path:... /path/to/BugsInPy/workspace/scrapy/scrapy/crawler.py
IE_TRACE:             12:39:21.447679 line        46         self.extensions = ExtensionManager.from_crawler(self)
IE_TRACE:                 Source path:... /path/to/BugsInPy/workspace/scrapy/scrapy/middleware.py
IE_TRACE:                 Starting var:.. cls = <class 'scrapy.extension.ExtensionManager'>
IE_TRACE:                 Starting var:.. crawler = <scrapy.crawler.Crawler object at 0x7e5d705cff80>
IE_TRACE:                 12:39:21.447698 call        55     def from_crawler(cls, crawler):
IE_TRACE:                 12:39:21.447734 line        56         return cls.from_settings(crawler.settings, crawler)
IE_TRACE:                     Starting var:.. cls = <class 'scrapy.extension.ExtensionManager'>
IE_TRACE:                     Starting var:.. settings = <scrapy.settings.Settings object at 0x7e5d7033bd40>
IE_TRACE:                     Starting var:.. crawler = <scrapy.crawler.Crawler object at 0x7e5d705cff80>
IE_TRACE:                     12:39:21.447752 call        27     def from_settings(cls, settings, crawler=None):
IE_TRACE:                     12:39:21.447773 line        28         mwlist = cls._get_mwlist_from_settings(settings)
IE_TRACE:                         Source path:... /path/to/BugsInPy/workspace/scrapy/scrapy/extension.py
IE_TRACE:                         Starting var:.. cls = <class 'scrapy.extension.ExtensionManager'>
IE_TRACE:                         Starting var:.. settings = <scrapy.settings.Settings object at 0x7e5d7033bd40>
IE_TRACE:                         12:39:21.447786 call        14     def _get_mwlist_from_settings(cls, settings):
IE_TRACE:                         12:39:21.447816 line        15         return build_component_list(settings['EXTENSIONS_BASE'], \
IE_TRACE:                             Source path:... /path/to/BugsInPy/workspace/scrapy/scrapy/settings/__init__.py
IE_TRACE:                             Starting var:.. self = <scrapy.settings.Settings object at 0x7e5d7033bd40>
IE_TRACE:                             Starting var:.. opt_name = 'EXTENSIONS_BASE'
IE_TRACE:                             12:39:21.447827 call        57     def __getitem__(self, opt_name):
IE_TRACE:                             12:39:21.447847 line        58         value = None
IE_TRACE:                             New var:....... value = None
IE_TRACE:                             12:39:21.447857 line        59         if opt_name in self.attributes:
IE_TRACE:                             12:39:21.447871 line        60             value = self.attributes[opt_name].value
IE_TRACE:                             Modified var:.. value = {'scrapy.extensions.corestats.CoreStats': 0, 'scrapy.telnet.TelnetConsole': 0, 'scrapy.extensions.memusage.MemoryUsage': 0, 'scrapy.extensions.memdebug.MemoryDebugger': 0, 'scrapy.extensions.closespider.CloseSpider': 0, 'scrapy.extensions.feedexport.FeedExporter': 0, 'scrapy.extensions.logstats.LogStats': 0, 'scrapy.extensions.spiderstate.SpiderState': 0, 'scrapy.extensions.throttle.AutoThrottle': 0}
IE_TRACE:                             12:39:21.447882 line        61         return value
IE_TRACE:                             12:39:21.447899 return      61         return value
IE_TRACE:                             Return value:.. {'scrapy.extensions.corestats.CoreStats': 0, 'scrapy.telnet.TelnetConsole': 0, 'scrapy.extensions.memusage.MemoryUsage': 0, 'scrapy.extensions.memdebug.MemoryDebugger': 0, 'scrapy.extensions.closespider.CloseSpider': 0, 'scrapy.extensions.feedexport.FeedExporter': 0, 'scrapy.extensions.logstats.LogStats': 0, 'scrapy.extensions.spiderstate.SpiderState': 0, 'scrapy.extensions.throttle.AutoThrottle': 0}
IE_TRACE:                         Source path:... /path/to/BugsInPy/workspace/scrapy/scrapy/extension.py
IE_TRACE:                         12:39:21.447917 line        16             settings['EXTENSIONS'])
IE_TRACE:                             Source path:... /path/to/BugsInPy/workspace/scrapy/scrapy/settings/__init__.py
IE_TRACE:                             Starting var:.. self = <scrapy.settings.Settings object at 0x7e5d7033bd40>
IE_TRACE:                             Starting var:.. opt_name = 'EXTENSIONS'
IE_TRACE:                             12:39:21.447931 call        57     def __getitem__(self, opt_name):
IE_TRACE:                             12:39:21.447949 line        58         value = None
IE_TRACE:                             New var:....... value = None
IE_TRACE:                             12:39:21.447959 line        59         if opt_name in self.attributes:
IE_TRACE:                             12:39:21.447972 line        60             value = self.attributes[opt_name].value
IE_TRACE:                             Modified var:.. value = {}
IE_TRACE:                             12:39:21.447982 line        61         return value
IE_TRACE:                             12:39:21.447995 return      61         return value
IE_TRACE:                             Return value:.. {}
IE_TRACE:                         Source path:... /path/to/BugsInPy/workspace/scrapy/scrapy/extension.py
IE_TRACE:                         12:39:21.448009 line        15         return build_component_list(settings['EXTENSIONS_BASE'], \
IE_TRACE:                             Source path:... /path/to/BugsInPy/workspace/scrapy/scrapy/utils/conf.py
IE_TRACE:                             Starting var:.. base = {'scrapy.extensions.corestats.CoreStats': 0, 'scrapy.telnet.TelnetConsole': 0, 'scrapy.extensions.memusage.MemoryUsage': 0, 'scrapy.extensions.memdebug.MemoryDebugger': 0, 'scrapy.extensions.closespider.CloseSpider': 0, 'scrapy.extensions.feedexport.FeedExporter': 0, 'scrapy.extensions.logstats.LogStats': 0, 'scrapy.extensions.spiderstate.SpiderState': 0, 'scrapy.extensions.throttle.AutoThrottle': 0}
IE_TRACE:                             Starting var:.. custom = {}
IE_TRACE:                             Starting var:.. convert = <function update_classpath at 0x7e5d71552160>
IE_TRACE:                             12:39:21.448028 call        13 def build_component_list(base, custom, convert=update_classpath):
IE_TRACE:                             12:39:21.448073 line        19     def _check_components(complist):
IE_TRACE:                             New var:....... _check_components = <function build_component_list.<locals>._check_components at 0x7e5d7046b920>
IE_TRACE:                             12:39:21.448087 line        24     if isinstance(custom, (list, tuple)):
IE_TRACE:                             12:39:21.448105 line        28     def _map_keys(compdict):
IE_TRACE:                             New var:....... _map_keys = <function build_component_list.<locals>._map_keys at 0x7e5d7046b740>
IE_TRACE:                             12:39:21.448119 line        32     compdict = _map_keys(base)
IE_TRACE:                                 Starting var:.. compdict = {'scrapy.extensions.corestats.CoreStats': 0, 'scrapy.telnet.TelnetConsole': 0, 'scrapy.extensions.memusage.MemoryUsage': 0, 'scrapy.extensions.memdebug.MemoryDebugger': 0, 'scrapy.extensions.closespider.CloseSpider': 0, 'scrapy.extensions.feedexport.FeedExporter': 0, 'scrapy.extensions.logstats.LogStats': 0, 'scrapy.extensions.spiderstate.SpiderState': 0, 'scrapy.extensions.throttle.AutoThrottle': 0}
IE_TRACE:                                 Starting var:.. _check_components = <function build_component_list.<locals>._check_components at 0x7e5d7046b920>
IE_TRACE:                                 Starting var:.. convert = <function update_classpath at 0x7e5d71552160>
IE_TRACE:                                 12:39:21.448139 call        28     def _map_keys(compdict):
IE_TRACE:                                 12:39:21.448161 line        29         _check_components(compdict)
IE_TRACE:                                     Starting var:.. complist = {'scrapy.extensions.corestats.CoreStats': 0, 'scrapy.telnet.TelnetConsole': 0, 'scrapy.extensions.memusage.MemoryUsage': 0, 'scrapy.extensions.memdebug.MemoryDebugger': 0, 'scrapy.extensions.closespider.CloseSpider': 0, 'scrapy.extensions.feedexport.FeedExporter': 0, 'scrapy.extensions.logstats.LogStats': 0, 'scrapy.extensions.spiderstate.SpiderState': 0, 'scrapy.extensions.throttle.AutoThrottle': 0}
IE_TRACE:                                     Starting var:.. convert = <function update_classpath at 0x7e5d71552160>
IE_TRACE:                                     12:39:21.448177 call        19     def _check_components(complist):
IE_TRACE:                                     12:39:21.448196 line        20         if len({convert(c) for c in complist}) != len(complist):
IE_TRACE:                                     New var:....... c = 'scrapy.extensions.corestats.CoreStats'
IE_TRACE:                                     12:39:21.448223 line        20         if len({convert(c) for c in complist}) != len(complist):
IE_TRACE:                                     Modified var:.. c = 'scrapy.telnet.TelnetConsole'
IE_TRACE:     [CONDENSED] 3 identical loop iterations skipped (5 total iterations, showing first and last)
IE_TRACE:                                     12:39:21.448369 line        20         if len({convert(c) for c in complist}) != len(complist):
IE_TRACE:                                     Modified var:.. c = 'scrapy.extensions.throttle.AutoThrottle'
IE_TRACE:                                     12:39:21.448389 line        20         if len({convert(c) for c in complist}) != len(complist):
IE_TRACE:                                     12:39:21.448405 return      20         if len({convert(c) for c in complist}) != len(complist):
IE_TRACE:                                     Return value:.. None
IE_TRACE:                                 12:39:21.448422 line        30         return {convert(k): v for k, v in six.iteritems(compdict)}
IE_TRACE:                                     Source path:... /path/to/.venv/lib/python3.12/site-packages/six.py
IE_TRACE:                                     Starting var:.. d = {'scrapy.extensions.corestats.CoreStats': 0, 'scrapy.telnet.TelnetConsole': 0, 'scrapy.extensions.memusage.MemoryUsage': 0, 'scrapy.extensions.memdebug.MemoryDebugger': 0, 'scrapy.extensions.closespider.CloseSpider': 0, 'scrapy.extensions.feedexport.FeedExporter': 0, 'scrapy.extensions.logstats.LogStats': 0, 'scrapy.extensions.spiderstate.SpiderState': 0, 'scrapy.extensions.throttle.AutoThrottle': 0}
IE_TRACE:                                     Starting var:.. kw = {}
IE_TRACE:                                     12:39:21.448437 call       588     def iteritems(d, **kw):
IE_TRACE:                                     12:39:21.448459 line       589         return iter(d.items(**kw))
IE_TRACE:                                     12:39:21.448471 return     589         return iter(d.items(**kw))
IE_TRACE:                                     Return value:.. <dict_itemiterator object at 0x7e5d7039e340>
IE_TRACE:                                     Source path:... /path/to/BugsInPy/workspace/scrapy/scrapy/utils/deprecate.py
IE_TRACE:                                     Starting var:.. path = 'scrapy.extensions.corestats.CoreStats'
IE_TRACE:                                     12:39:21.448488 call       149 def update_classpath(path):
IE_TRACE:                                     12:39:21.448527 line       151     for prefix, replacement in DEPRECATION_RULES:
IE_TRACE:                                     New var:....... prefix = 'scrapy.contrib_exp.downloadermiddleware.decompression.'
IE_TRACE:                                     New var:....... replacement = 'scrapy.downloadermiddlewares.decompression.'
IE_TRACE:                                     12:39:21.448538 line       152         if path.startswith(prefix):
IE_TRACE:                                     12:39:21.448556 line       151     for prefix, replacement in DEPRECATION_RULES:
IE_TRACE:                                     Modified var:.. prefix = 'scrapy.contrib_exp.iterators.'
IE_TRACE:                                     Modified var:.. replacement = 'scrapy.utils.iterators.'
IE_TRACE:                                     12:39:21.448568 line       152         if path.startswith(prefix):
IE_TRACE:                                     12:39:21.448585 line       151     for prefix, replacement in DEPRECATION_RULES:
IE_TRACE:                                     Modified var:.. prefix = 'scrapy.contrib.downloadermiddleware.'
IE_TRACE:                                     Modified var:.. replacement = 'scrapy.downloadermiddlewares.'
IE_TRACE:                                     12:39:21.448596 line       152         if path.startswith(prefix):
IE_TRACE:                                     12:39:21.448613 line       151     for prefix, replacement in DEPRECATION_RULES:
IE_TRACE:                                     Modified var:.. prefix = 'scrapy.contrib.exporter.'
IE_TRACE:                                     Modified var:.. replacement = 'scrapy.exporters.'
IE_TRACE:                                     12:39:21.448624 line       152         if path.startswith(prefix):
IE_TRACE:                                     12:39:21.448641 line       151     for prefix, replacement in DEPRECATION_RULES:
IE_TRACE:                                     Modified var:.. prefix = 'scrapy.contrib.linkextractors.'
IE_TRACE:                                     Modified var:.. replacement = 'scrapy.linkextractors.'
IE_TRACE:                                     12:39:21.448652 line       152         if path.startswith(prefix):
IE_TRACE:                                     12:39:21.448669 line       151     for prefix, replacement in DEPRECATION_RULES:
IE_TRACE:                                     Modified var:.. prefix = 'scrapy.contrib.loader.processor.'
IE_TRACE:                                     Modified var:.. replacement = 'scrapy.loader.processors.'
IE_TRACE:                                     12:39:21.448680 line       152         if path.startswith(prefix):
IE_TRACE:                                     12:39:21.448696 line       151     for prefix, replacement in DEPRECATION_RULES:
IE_TRACE:                                     Modified var:.. prefix = 'scrapy.contrib.loader.'
IE_TRACE:                                     Modified var:.. replacement = 'scrapy.loader.'
IE_TRACE:                                     12:39:21.448708 line       152         if path.startswith(prefix):
IE_TRACE:                                     12:39:21.448724 line       151     for prefix, replacement in DEPRECATION_RULES:
IE_TRACE:                                     Modified var:.. prefix = 'scrapy.contrib.pipeline.'
IE_TRACE:                                     Modified var:.. replacement = 'scrapy.pipelines.'
IE_TRACE:                                     12:39:21.448736 line       152         if path.startswith(prefix):
IE_TRACE:                                     12:39:21.448752 line       151     for prefix, replacement in DEPRECATION_RULES:
IE_TRACE:                                     Modified var:.. prefix = 'scrapy.contrib.spidermiddleware.'
IE_TRACE:                                     Modified var:.. replacement = 'scrapy.spidermiddlewares.'
IE_TRACE:                                     12:39:21.448763 line       152         if path.startswith(prefix):
IE_TRACE:                                     12:39:21.448779 line       151     for prefix, replacement in DEPRECATION_RULES:
IE_TRACE:                                     Modified var:.. prefix = 'scrapy.contrib.spiders.'
IE_TRACE:                                     Modified var:.. replacement = 'scrapy.spiders.'
IE_TRACE:                                     12:39:21.448791 line       152         if path.startswith(prefix):
IE_TRACE:                                     12:39:21.448807 line       151     for prefix, replacement in DEPRECATION_RULES:
IE_TRACE:                                     Modified var:.. prefix = 'scrapy.contrib.'
IE_TRACE:                                     Modified var:.. replacement = 'scrapy.extensions.'
IE_TRACE:                                     12:39:21.448819 line       152         if path.startswith(prefix):
IE_TRACE:                                     12:39:21.448835 line       151     for prefix, replacement in DEPRECATION_RULES:
IE_TRACE:                                     Modified var:.. prefix = 'scrapy.command.'
IE_TRACE:                                     Modified var:.. replacement = 'scrapy.commands.'
IE_TRACE:                                     12:39:21.448846 line       152         if path.startswith(prefix):
IE_TRACE:                                     12:39:21.448863 line       151     for prefix, replacement in DEPRECATION_RULES:
IE_TRACE:                                     Modified var:.. prefix = 'scrapy.dupefilter.'
IE_TRACE:                                     Modified var:.. replacement = 'scrapy.dupefilters.'
IE_TRACE:                                     12:39:21.448874 line       152         if path.startswith(prefix):
IE_TRACE:                                     12:39:21.448890 line       151     for prefix, replacement in DEPRECATION_RULES:
IE_TRACE:                                     Modified var:.. prefix = 'scrapy.linkextractor.'
IE_TRACE:                                     Modified var:.. replacement = 'scrapy.linkextractors.'
IE_TRACE:                                     12:39:21.448902 line       152         if path.startswith(prefix):
IE_TRACE:                                     12:39:21.448918 line       151     for prefix, replacement in DEPRECATION_RULES:
IE_TRACE:                                     Modified var:.. prefix = 'scrapy.spider.'
IE_TRACE:                                     Modified var:.. replacement = 'scrapy.spiders.'
IE_TRACE:                                     12:39:21.448929 line       152         if path.startswith(prefix):
IE_TRACE:                                     12:39:21.448945 line       151     for prefix, replacement in DEPRECATION_RULES:
IE_TRACE:                                     Modified var:.. prefix = 'scrapy.squeue.'
IE_TRACE:                                     Modified var:.. replacement = 'scrapy.squeues.'
IE_TRACE:                                     12:39:21.448957 line       152         if path.startswith(prefix):
IE_TRACE:                                     12:39:21.448973 line       151     for prefix, replacement in DEPRECATION_RULES:
IE_TRACE:                                     Modified var:.. prefix = 'scrapy.statscol.'
IE_TRACE:                                     Modified var:.. replacement = 'scrapy.statscollectors.'
IE_TRACE:                                     12:39:21.448984 line       152         if path.startswith(prefix):
IE_TRACE:                                     12:39:21.449001 line       151     for prefix, replacement in DEPRECATION_RULES:
IE_TRACE:                                     Modified var:.. prefix = 'scrapy.utils.decorator.'
IE_TRACE:                                     Modified var:.. replacement = 'scrapy.utils.decorators.'
IE_TRACE:                                     12:39:21.449012 line       152         if path.startswith(prefix):
IE_TRACE:                                     12:39:21.449028 line       151     for prefix, replacement in DEPRECATION_RULES:
IE_TRACE:                                     Modified var:.. prefix = 'scrapy.spidermanager.SpiderManager'
IE_TRACE:                                     Modified var:.. replacement = 'scrapy.spiderloader.SpiderLoader'
IE_TRACE:                                     12:39:21.449040 line       152         if path.startswith(prefix):
IE_TRACE:                                     12:39:21.449056 line       151     for prefix, replacement in DEPRECATION_RULES:
IE_TRACE:                                     12:39:21.449068 line       157     return path
IE_TRACE:                                     12:39:21.449079 return     157     return path
IE_TRACE:                                     Return value:.. 'scrapy.extensions.corestats.CoreStats'
IE_TRACE:                                 Source path:... /path/to/BugsInPy/workspace/scrapy/scrapy/utils/conf.py
IE_TRACE:                                 New var:....... k = 'scrapy.extensions.corestats.CoreStats'
IE_TRACE:                                 New var:....... v = 0
IE_TRACE:                                 12:39:21.449095 line        30         return {convert(k): v for k, v in six.iteritems(compdict)}
IE_TRACE:                                     Source path:... /path/to/BugsInPy/workspace/scrapy/scrapy/utils/deprecate.py
IE_TRACE:                                     Starting var:.. path = 'scrapy.telnet.TelnetConsole'
IE_TRACE:                                     12:39:21.449119 call       149 def update_classpath(path):
IE_TRACE:     [CONDENSED] 7 identical loop iterations skipped (9 total iterations, showing first and last)
IE_TRACE:                                     12:39:21.453309 line       151     for prefix, replacement in DEPRECATION_RULES:
IE_TRACE:                                     New var:....... prefix = 'scrapy.contrib_exp.downloadermiddleware.decompression.'
IE_TRACE:                                     New var:....... replacement = 'scrapy.downloadermiddlewares.decompression.'
IE_TRACE:                                     12:39:21.453320 line       152         if path.startswith(prefix):
IE_TRACE:                                     12:39:21.453336 line       151     for prefix, replacement in DEPRECATION_RULES:
IE_TRACE:                                     Modified var:.. prefix = 'scrapy.contrib_exp.iterators.'
IE_TRACE:                                     Modified var:.. replacement = 'scrapy.utils.iterators.'
IE_TRACE:                                     12:39:21.453347 line       152         if path.startswith(prefix):
IE_TRACE:                                     12:39:21.453363 line       151     for prefix, replacement in DEPRECATION_RULES:
IE_TRACE:                                     Modified var:.. prefix = 'scrapy.contrib.downloadermiddleware.'
IE_TRACE:                                     Modified var:.. replacement = 'scrapy.downloadermiddlewares.'
IE_TRACE:                                     12:39:21.453374 line       152         if path.startswith(prefix):
IE_TRACE:                                     12:39:21.453390 line       151     for prefix, replacement in DEPRECATION_RULES:
IE_TRACE:                                     Modified var:.. prefix = 'scrapy.contrib.exporter.'
IE_TRACE:                                     Modified var:.. replacement = 'scrapy.exporters.'
IE_TRACE:                                     12:39:21.453402 line       152         if path.startswith(prefix):
IE_TRACE:                                     12:39:21.453417 line       151     for prefix, replacement in DEPRECATION_RULES:
IE_TRACE:                                     Modified var:.. prefix = 'scrapy.contrib.linkextractors.'
IE_TRACE:                                     Modified var:.. replacement = 'scrapy.linkextractors.'
IE_TRACE:                                     12:39:21.453429 line       152         if path.startswith(prefix):
IE_TRACE:                                     12:39:21.453445 line       151     for prefix, replacement in DEPRECATION_RULES:
IE_TRACE:                                     Modified var:.. prefix = 'scrapy.contrib.loader.processor.'
IE_TRACE:                                     Modified var:.. replacement = 'scrapy.loader.processors.'
IE_TRACE:                                     12:39:21.453456 line       152         if path.startswith(prefix):
IE_TRACE:                                     12:39:21.453472 line       151     for prefix, replacement in DEPRECATION_RULES:
IE_TRACE:                                     Modified var:.. prefix = 'scrapy.contrib.loader.'
IE_TRACE:                                     Modified var:.. replacement = 'scrapy.loader.'
IE_TRACE:                                     12:39:21.453484 line       152         if path.startswith(prefix):
IE_TRACE:                                     12:39:21.453500 line       151     for prefix, replacement in DEPRECATION_RULES:
IE_TRACE:                                     Modified var:.. prefix = 'scrapy.contrib.pipeline.'
IE_TRACE:                                     Modified var:.. replacement = 'scrapy.pipelines.'
IE_TRACE:                                     12:39:21.453511 line       152         if path.startswith(prefix):
IE_TRACE:                                     12:39:21.453527 line       151     for prefix, replacement in DEPRECATION_RULES:
IE_TRACE:                                     Modified var:.. prefix = 'scrapy.contrib.spidermiddleware.'
IE_TRACE:                                     Modified var:.. replacement = 'scrapy.spidermiddlewares.'
IE_TRACE:                                     12:39:21.453538 line       152         if path.startswith(prefix):
IE_TRACE:                                     12:39:21.453554 line       151     for prefix, replacement in DEPRECATION_RULES:
IE_TRACE:                                     Modified var:.. prefix = 'scrapy.contrib.spiders.'
IE_TRACE:                                     Modified var:.. replacement = 'scrapy.spiders.'
IE_TRACE:                                     12:39:21.453565 line       152         if path.startswith(prefix):
IE_TRACE:                                     12:39:21.453581 line       151     for prefix, replacement in DEPRECATION_RULES:
IE_TRACE:                                     Modified var:.. prefix = 'scrapy.contrib.'
IE_TRACE:                                     Modified var:.. replacement = 'scrapy.extensions.'
IE_TRACE:                                     12:39:21.453593 line       152         if path.startswith(prefix):
IE_TRACE:                                     12:39:21.453608 line       151     for prefix, replacement in DEPRECATION_RULES:
IE_TRACE:                                     Modified var:.. prefix = 'scrapy.command.'
IE_TRACE:                                     Modified var:.. replacement = 'scrapy.commands.'
IE_TRACE:                                     12:39:21.453620 line       152         if path.startswith(prefix):
IE_TRACE:                                     12:39:21.453635 line       151     for prefix, replacement in DEPRECATION_RULES:
IE_TRACE:                                     Modified var:.. prefix = 'scrapy.dupefilter.'
IE_TRACE:                                     Modified var:.. replacement = 'scrapy.dupefilters.'
IE_TRACE:                                     12:39:21.453647 line       152         if path.startswith(prefix):
IE_TRACE:                                     12:39:21.453663 line       151     for prefix, replacement in DEPRECATION_RULES:
IE_TRACE:                                     Modified var:.. prefix = 'scrapy.linkextractor.'
IE_TRACE:                                     Modified var:.. replacement = 'scrapy.linkextractors.'
IE_TRACE:                                     12:39:21.453675 line       152         if path.startswith(prefix):
IE_TRACE:                                     12:39:21.453690 line       151     for prefix, replacement in DEPRECATION_RULES:
IE_TRACE:                                     Modified var:.. prefix = 'scrapy.spider.'
IE_TRACE:                                     Modified var:.. replacement = 'scrapy.spiders.'
IE_TRACE:                                     12:39:21.453702 line       152         if path.startswith(prefix):
IE_TRACE:                                     12:39:21.453718 line       151     for prefix, replacement in DEPRECATION_RULES:
IE_TRACE:                                     Modified var:.. prefix = 'scrapy.squeue.'
IE_TRACE:                                     Modified var:.. replacement = 'scrapy.squeues.'
IE_TRACE:                                     12:39:21.453729 line       152         if path.startswith(prefix):
IE_TRACE:                                     12:39:21.453745 line       151     for prefix, replacement in DEPRECATION_RULES:
IE_TRACE:                                     Modified var:.. prefix = 'scrapy.statscol.'
IE_TRACE:                                     Modified var:.. replacement = 'scrapy.statscollectors.'
IE_TRACE:                                     12:39:21.453757 line       152         if path.startswith(prefix):
IE_TRACE:                                     12:39:21.453773 line       151     for prefix, replacement in DEPRECATION_RULES:
IE_TRACE:                                     Modified var:.. prefix = 'scrapy.utils.decorator.'
IE_TRACE:                                     Modified var:.. replacement = 'scrapy.utils.decorators.'
IE_TRACE:                                     12:39:21.453784 line       152         if path.startswith(prefix):
IE_TRACE:                                     12:39:21.453800 line       151     for prefix, replacement in DEPRECATION_RULES:
IE_TRACE:                                     Modified var:.. prefix = 'scrapy.spidermanager.SpiderManager'
IE_TRACE:                                     Modified var:.. replacement = 'scrapy.spiderloader.SpiderLoader'
IE_TRACE:                                     12:39:21.453811 line       152         if path.startswith(prefix):
IE_TRACE:                                     12:39:21.453827 line       151     for prefix, replacement in DEPRECATION_RULES:
IE_TRACE:                                     12:39:21.453839 line       157     return path
IE_TRACE:                                     12:39:21.453850 return     157     return path
IE_TRACE:                                     Return value:.. 'scrapy.extensions.throttle.AutoThrottle'
IE_TRACE:                                 Source path:... /path/to/BugsInPy/workspace/scrapy/scrapy/utils/conf.py
IE_TRACE:                                 Modified var:.. k = 'scrapy.extensions.throttle.AutoThrottle'
IE_TRACE:                                 12:39:21.453865 line        30         return {convert(k): v for k, v in six.iteritems(compdict)}
IE_TRACE:                                 12:39:21.453884 return      30         return {convert(k): v for k, v in six.iteritems(compdict)}
IE_TRACE:                                 Return value:.. {'scrapy.extensions.corestats.CoreStats': 0, 'scrapy.telnet.TelnetConsole': 0, 'scrapy.extensions.memusage.MemoryUsage': 0, 'scrapy.extensions.memdebug.MemoryDebugger': 0, 'scrapy.extensions.closespider.CloseSpider': 0, 'scrapy.extensions.feedexport.FeedExporter': 0, 'scrapy.extensions.logstats.LogStats': 0, 'scrapy.extensions.spiderstate.SpiderState': 0, 'scrapy.extensions.throttle.AutoThrottle': 0}
IE_TRACE:                             New var:....... compdict = {'scrapy.extensions.corestats.CoreStats': 0, 'scrapy.telnet.TelnetConsole': 0, 'scrapy.extensions.memusage.MemoryUsage': 0, 'scrapy.extensions.memdebug.MemoryDebugger': 0, 'scrapy.extensions.closespider.CloseSpider': 0, 'scrapy.extensions.feedexport.FeedExporter': 0, 'scrapy.extensions.logstats.LogStats': 0, 'scrapy.extensions.spiderstate.SpiderState': 0, 'scrapy.extensions.throttle.AutoThrottle': 0}
IE_TRACE:                             12:39:21.453902 line        33     compdict.update(_map_keys(custom))
IE_TRACE:                                 Starting var:.. compdict = {}
IE_TRACE:                                 Starting var:.. _check_components = <function build_component_list.<locals>._check_components at 0x7e5d7046b920>
IE_TRACE:                                 Starting var:.. convert = <function update_classpath at 0x7e5d71552160>
IE_TRACE:                                 12:39:21.453924 call        28     def _map_keys(compdict):
IE_TRACE:                                 12:39:21.453943 line        29         _check_components(compdict)
IE_TRACE:                                     Starting var:.. complist = {}
IE_TRACE:                                     Starting var:.. convert = <function update_classpath at 0x7e5d71552160>
IE_TRACE:                                     12:39:21.453956 call        19     def _check_components(complist):
IE_TRACE:                                     12:39:21.453972 line        20         if len({convert(c) for c in complist}) != len(complist):
IE_TRACE:                                     12:39:21.453984 return      20         if len({convert(c) for c in complist}) != len(complist):
IE_TRACE:                                     Return value:.. None
IE_TRACE:                                 12:39:21.453999 line        30         return {convert(k): v for k, v in six.iteritems(compdict)}
IE_TRACE:                                     Source path:... /path/to/.venv/lib/python3.12/site-packages/six.py
IE_TRACE:                                     Starting var:.. d = {}
IE_TRACE:                                     Starting var:.. kw = {}
IE_TRACE:                                     12:39:21.454012 call       588     def iteritems(d, **kw):
IE_TRACE:                                     12:39:21.454030 line       589         return iter(d.items(**kw))
IE_TRACE:                                     12:39:21.454041 return     589         return iter(d.items(**kw))
IE_TRACE:                                     Return value:.. <dict_itemiterator object at 0x7e5d7039e340>
IE_TRACE:                                 Source path:... /path/to/BugsInPy/workspace/scrapy/scrapy/utils/conf.py
IE_TRACE:                                 12:39:21.454056 return      30         return {convert(k): v for k, v in six.iteritems(compdict)}
IE_TRACE:                                 Return value:.. {}
IE_TRACE:                             12:39:21.454074 line        34     items = (x for x in six.iteritems(compdict) if x[1] is not None)
IE_TRACE:                                 Source path:... /path/to/.venv/lib/python3.12/site-packages/six.py
IE_TRACE:                                 Starting var:.. d = {'scrapy.extensions.corestats.CoreStats': 0, 'scrapy.telnet.TelnetConsole': 0, 'scrapy.extensions.memusage.MemoryUsage': 0, 'scrapy.extensions.memdebug.MemoryDebugger': 0, 'scrapy.extensions.closespider.CloseSpider': 0, 'scrapy.extensions.feedexport.FeedExporter': 0, 'scrapy.extensions.logstats.LogStats': 0, 'scrapy.extensions.spiderstate.SpiderState': 0, 'scrapy.extensions.throttle.AutoThrottle': 0}
IE_TRACE:                                 Starting var:.. kw = {}
IE_TRACE:                                 12:39:21.454092 call       588     def iteritems(d, **kw):
IE_TRACE:                                 12:39:21.454112 line       589         return iter(d.items(**kw))
IE_TRACE:                                 12:39:21.454124 return     589         return iter(d.items(**kw))
IE_TRACE:                                 Return value:.. <dict_itemiterator object at 0x7e5d7039e340>
IE_TRACE:                             Source path:... /path/to/BugsInPy/workspace/scrapy/scrapy/utils/conf.py
IE_TRACE:                             New var:....... items = <generator object build_component_list.<locals>.<genexpr> at 0x7e5d73c335e0>
IE_TRACE:                             12:39:21.454139 line        35     return [x[0] for x in sorted(items, key=itemgetter(1))]
IE_TRACE:                                 Starting var:.. .0 = <dict_itemiterator object at 0x7e5d7039e340>
IE_TRACE:                                 12:39:21.454165 call        34     items = (x for x in six.iteritems(compdict) if x[1] is not None)
IE_TRACE:                                 12:39:21.454178 line        34     items = (x for x in six.iteritems(compdict) if x[1] is not None)
IE_TRACE:                                 New var:....... x = ('scrapy.extensions.corestats.CoreStats', 0)
IE_TRACE:                                 12:39:21.454189 return      34     items = (x for x in six.iteritems(compdict) if x[1] is not None)
IE_TRACE:                                 Return value:.. ('scrapy.extensions.corestats.CoreStats', 0)
IE_TRACE:                                 Starting var:.. .0 = <dict_itemiterator object at 0x7e5d7039e340>
IE_TRACE:                                 Starting var:.. x = ('scrapy.extensions.corestats.CoreStats', 0)
IE_TRACE:                                 12:39:21.454209 call        34     items = (x for x in six.iteritems(compdict) if x[1] is not None)
IE_TRACE:                                 12:39:21.454224 line        34     items = (x for x in six.iteritems(compdict) if x[1] is not None)
IE_TRACE:                                 Modified var:.. x = ('scrapy.telnet.TelnetConsole', 0)
IE_TRACE:                                 12:39:21.454236 return      34     items = (x for x in six.iteritems(compdict) if x[1] is not None)
IE_TRACE:                                 Return value:.. ('scrapy.telnet.TelnetConsole', 0)
IE_TRACE:                                 Starting var:.. .0 = <dict_itemiterator object at 0x7e5d7039e340>
IE_TRACE:                                 Starting var:.. x = ('scrapy.telnet.TelnetConsole', 0)
IE_TRACE:                                 12:39:21.454252 call        34     items = (x for x in six.iteritems(compdict) if x[1] is not None)
IE_TRACE:     [CONDENSED] 3 identical loop iterations skipped (5 total iterations, showing first and last)
IE_TRACE:                                 12:39:21.454519 line        34     items = (x for x in six.iteritems(compdict) if x[1] is not None)
IE_TRACE:                                 Modified var:.. x = ('scrapy.extensions.throttle.AutoThrottle', 0)
IE_TRACE:                                 12:39:21.454529 return      34     items = (x for x in six.iteritems(compdict) if x[1] is not None)
IE_TRACE:                                 Return value:.. ('scrapy.extensions.throttle.AutoThrottle', 0)
IE_TRACE:                                 Starting var:.. .0 = <dict_itemiterator object at 0x7e5d7039e340>
IE_TRACE:                                 Starting var:.. x = ('scrapy.extensions.throttle.AutoThrottle', 0)
IE_TRACE:                                 12:39:21.454545 call        34     items = (x for x in six.iteritems(compdict) if x[1] is not None)
IE_TRACE:                                 12:39:21.454560 line        34     items = (x for x in six.iteritems(compdict) if x[1] is not None)
IE_TRACE:                                 12:39:21.454571 return      34     items = (x for x in six.iteritems(compdict) if x[1] is not None)
IE_TRACE:                                 Return value:.. None
IE_TRACE:                             New var:....... x = ('scrapy.extensions.corestats.CoreStats', 0)
IE_TRACE:                             12:39:21.454586 line        35     return [x[0] for x in sorted(items, key=itemgetter(1))]
IE_TRACE:                             Modified var:.. x = ('scrapy.telnet.TelnetConsole', 0)
IE_TRACE:                             12:39:21.454608 line        35     return [x[0] for x in sorted(items, key=itemgetter(1))]
IE_TRACE:                             Modified var:.. x = ('scrapy.extensions.memusage.MemoryUsage', 0)
IE_TRACE:                             12:39:21.454629 line        35     return [x[0] for x in sorted(items, key=itemgetter(1))]
IE_TRACE:                             Modified var:.. x = ('scrapy.extensions.memdebug.MemoryDebugger', 0)
IE_TRACE:     [CONDENSED] 1 identical loop iterations skipped (3 total iterations, showing first and last)
IE_TRACE:                             12:39:21.454709 line        35     return [x[0] for x in sorted(items, key=itemgetter(1))]
IE_TRACE:                             Modified var:.. x = ('scrapy.extensions.spiderstate.SpiderState', 0)
IE_TRACE:                             12:39:21.454729 line        35     return [x[0] for x in sorted(items, key=itemgetter(1))]
IE_TRACE:                             Modified var:.. x = ('scrapy.extensions.throttle.AutoThrottle', 0)
IE_TRACE:                             12:39:21.454748 line        35     return [x[0] for x in sorted(items, key=itemgetter(1))]
IE_TRACE:                             12:39:21.454769 return      35     return [x[0] for x in sorted(items, key=itemgetter(1))]
IE_TRACE:                             Return value:.. ['scrapy.extensions.corestats.CoreStats', 'scrapy.telnet.TelnetConsole', 'scrapy.extensions.memusage.MemoryUsage', 'scrapy.extensions.memdebug.MemoryDebugger', 'scrapy.extensions.closespider.CloseSpider', 'scrapy.extensions.feedexport.FeedExporter', 'scrapy.extensions.logstats.LogStats', 'scrapy.extensions.spiderstate.SpiderState', 'scrapy.extensions.throttle.AutoThrottle']
IE_TRACE:                         Source path:... /path/to/BugsInPy/workspace/scrapy/scrapy/extension.py
IE_TRACE:                         12:39:21.454792 return      15         return build_component_list(settings['EXTENSIONS_BASE'], \
IE_TRACE:                         Return value:.. ['scrapy.extensions.corestats.CoreStats', 'scrapy.telnet.TelnetConsole', 'scrapy.extensions.memusage.MemoryUsage', 'scrapy.extensions.memdebug.MemoryDebugger', 'scrapy.extensions.closespider.CloseSpider', 'scrapy.extensions.feedexport.FeedExporter', 'scrapy.extensions.logstats.LogStats', 'scrapy.extensions.spiderstate.SpiderState', 'scrapy.extensions.throttle.AutoThrottle']
IE_TRACE:                     Source path:... /path/to/BugsInPy/workspace/scrapy/scrapy/middleware.py
IE_TRACE:                     New var:....... mwlist = ['scrapy.extensions.corestats.CoreStats', 'scrapy.telnet.TelnetConsole', 'scrapy.extensions.memusage.MemoryUsage', 'scrapy.extensions.memdebug.MemoryDebugger', 'scrapy.extensions.closespider.CloseSpider', 'scrapy.extensions.feedexport.FeedExporter', 'scrapy.extensions.logstats.LogStats', 'scrapy.extensions.spiderstate.SpiderState', 'scrapy.extensions.throttle.AutoThrottle']
IE_TRACE:                     12:39:21.454810 line        29         middlewares = []
IE_TRACE:                     New var:....... middlewares = []
IE_TRACE:                     12:39:21.454830 line        30         for clspath in mwlist:
IE_TRACE:                     New var:....... clspath = 'scrapy.extensions.corestats.CoreStats'
IE_TRACE:                     12:39:21.454847 line        31             try:
IE_TRACE:                     12:39:21.454864 line        32                 mwcls = load_object(clspath)
IE_TRACE:                         Source path:... /path/to/BugsInPy/workspace/scrapy/scrapy/utils/misc.py
IE_TRACE:                         Starting var:.. path = 'scrapy.extensions.corestats.CoreStats'
IE_TRACE:                         12:39:21.454880 call        31 def load_object(path):
IE_TRACE:                         12:39:21.454895 line        38     try:
IE_TRACE:                         12:39:21.454904 line        39         dot = path.rindex('.')
IE_TRACE:                         New var:....... dot = 27
IE_TRACE:                         12:39:21.454914 line        43     module, name = path[:dot], path[dot+1:]
IE_TRACE:                         New var:....... module = 'scrapy.extensions.corestats'
IE_TRACE:                         New var:....... name = 'CoreStats'
IE_TRACE:                         12:39:21.454928 line        44     mod = import_module(module)
IE_TRACE:                         Source path:... /path/to/BugsInPy/workspace/scrapy/scrapy/utils/misc.py
IE_TRACE:                         New var:....... mod = <module 'scrapy.extensions.corestats' from '/path/to/BugsInPy/workspace/scrapy/scrapy/extensions/corestats.py'>
IE_TRACE:                         12:39:21.456482 line        46     try:
IE_TRACE:                         12:39:21.456503 line        47         obj = getattr(mod, name)
IE_TRACE:                         New var:....... obj = <class 'scrapy.extensions.corestats.CoreStats'>
IE_TRACE:                         12:39:21.456518 line        51     return obj
IE_TRACE:                         12:39:21.456535 return      51     return obj
IE_TRACE:                         Return value:.. <class 'scrapy.extensions.corestats.CoreStats'>
IE_TRACE:                     Source path:... /path/to/BugsInPy/workspace/scrapy/scrapy/middleware.py
IE_TRACE:                     New var:....... mwcls = <class 'scrapy.extensions.corestats.CoreStats'>
IE_TRACE:                     12:39:21.456553 line        33                 if crawler and hasattr(mwcls, 'from_crawler'):
IE_TRACE:                     12:39:21.456578 line        34                     mw = mwcls.from_crawler(crawler)
IE_TRACE:                         Source path:... /path/to/BugsInPy/workspace/scrapy/scrapy/extensions/corestats.py
IE_TRACE:                         Starting var:.. cls = <class 'scrapy.extensions.corestats.CoreStats'>
IE_TRACE:                         Starting var:.. crawler = <scrapy.crawler.Crawler object at 0x7e5d705cff80>
IE_TRACE:                         12:39:21.456596 call        14     def from_crawler(cls, crawler):
IE_TRACE:                         12:39:21.456637 line        15         o = cls(crawler.stats)
IE_TRACE:                             Starting var:.. self = <scrapy.extensions.corestats.CoreStats object at 0x7e5d704cd670>
IE_TRACE:                             Starting var:.. stats = <scrapy.statscollectors.MemoryStatsCollector object at 0x7e5d70339400>
IE_TRACE:                             12:39:21.456649 call        10     def __init__(self, stats):
IE_TRACE:                             12:39:21.456666 line        11         self.stats = stats
IE_TRACE:                             12:39:21.456677 return      11         self.stats = stats
IE_TRACE:                             Return value:.. None
IE_TRACE:                         New var:....... o = <scrapy.extensions.corestats.CoreStats object at 0x7e5d704cd670>
IE_TRACE:                         12:39:21.456692 line        16         crawler.signals.connect(o.spider_opened, signal=signals.spider_opened)
IE_TRACE:                             Source path:... /path/to/BugsInPy/workspace/scrapy/scrapy/signalmanager.py
IE_TRACE:                             Starting var:.. self = <scrapy.signalmanager.SignalManager object at 0x7e5d705cf680>
IE_TRACE:                             Starting var:.. receiver = <bound method CoreStats.spider_opened of <scrapy.extensions.corestats.CoreStats object at 0x7e5d704cd670>>
IE_TRACE:                             Starting var:.. signal = <object object at 0x7e5d73f79340>
IE_TRACE:                             Starting var:.. kwargs = {}
IE_TRACE:                             12:39:21.456708 call        11     def connect(self, receiver, signal, **kwargs):
IE_TRACE:                             12:39:21.456734 line        25         kwargs.setdefault('sender', self.sender)
IE_TRACE:                             Modified var:.. kwargs = {'sender': <scrapy.crawler.Crawler object at 0x7e5d705cff80>}
IE_TRACE:                             12:39:21.456747 line        26         return dispatcher.connect(receiver, signal, **kwargs)
IE_TRACE:                                 Source path:... /path/to/.venv/lib/python3.12/site-packages/pydispatch/dispatcher.py
IE_TRACE:                                 Starting var:.. receiver = <bound method CoreStats.spider_opened of <scrapy.extensions.corestats.CoreStats object at 0x7e5d704cd670>>
IE_TRACE:                                 Starting var:.. signal = <object object at 0x7e5d73f79340>
IE_TRACE:                                 Starting var:.. sender = <scrapy.crawler.Crawler object at 0x7e5d705cff80>
IE_TRACE:                                 Starting var:.. weak = True
IE_TRACE:                                 12:39:21.456764 call        73 def connect(receiver, signal=Any, sender=Any, weak=True):
IE_TRACE:                                 12:39:21.456793 line       125     if signal is None:
IE_TRACE:                                 12:39:21.456807 line       129     if weak:
IE_TRACE:                                 12:39:21.456821 line       130         receiver = saferef.safeRef(receiver, onDelete=_removeReceiver)
IE_TRACE:                                     Source path:... /path/to/.venv/lib/python3.12/site-packages/pydispatch/saferef.py
IE_TRACE:                                     Starting var:.. target = <bound method CoreStats.spider_opened of <scrapy.extensions.corestats.CoreStats object at 0x7e5d704cd670>>
IE_TRACE:                                     Starting var:.. onDelete = <function _removeReceiver at 0x7e5d70468900>
IE_TRACE:                                     12:39:21.456836 call        10 def safeRef(target, onDelete = None):
IE_TRACE:                                     12:39:21.456855 line        21     if hasattr(target, im_self):
IE_TRACE:                                     12:39:21.456867 line        22         if getattr(target, im_self) is not None:
IE_TRACE:                                     12:39:21.456879 line        25             assert hasattr(target, im_func), """safeRef target %r has %s, but no %s, don't know how to create reference"""%( target,im_self,im_func)
IE_TRACE:                                     12:39:21.456892 line        26             reference = BoundMethodWeakref(
IE_TRACE:                                     12:39:21.456903 line        27                 target=target,
IE_TRACE:                                     12:39:21.456915 line        28                 onDelete=onDelete
IE_TRACE:                                     12:39:21.456926 line        26             reference = BoundMethodWeakref(
IE_TRACE:                                     New var:....... reference = BoundMethodWeakref( CoreStats.spider_opened )
IE_TRACE:                                     12:39:21.457002 line        30             return reference
IE_TRACE:                                     12:39:21.457021 return      30             return reference
IE_TRACE:                                     Return value:.. BoundMethodWeakref( CoreStats.spider_opened )
IE_TRACE:                                 Source path:... /path/to/.venv/lib/python3.12/site-packages/pydispatch/dispatcher.py
IE_TRACE:                                 Modified var:.. receiver = BoundMethodWeakref( CoreStats.spider_opened )
IE_TRACE:                                 12:39:21.457039 line       131     senderkey = id(sender)
IE_TRACE:                                 New var:....... senderkey = 138939782201216
IE_TRACE:                                 12:39:21.457059 line       132     if senderkey in connections:
IE_TRACE:                                 12:39:21.457078 line       133         signals = connections[senderkey]
IE_TRACE:                                 New var:....... signals = {<object object at 0x7e5d73f79330>: [<weakref at 0x7e5d7038ff60; to 'function' at 0x7e5d721a1da0 (<lambda>)>]}
IE_TRACE:                                 12:39:21.457093 line       138     if sender not in (None, Anonymous, Any):
IE_TRACE:                                 12:39:21.457114 line       139         def remove(object, senderkey=senderkey):
IE_TRACE:                                 New var:....... remove = <function connect.<locals>.remove at 0x7e5d7046bd80>
IE_TRACE:                                 12:39:21.457130 line       143         try:
IE_TRACE:                                 12:39:21.457149 line       144             weakSender = weakref.ref(sender, remove)
IE_TRACE:                                 New var:....... weakSender = <weakref at 0x7e5d7039f330; to 'Crawler' at 0x7e5d705cff80>
IE_TRACE:                                 12:39:21.457166 line       145             senders[senderkey] = weakSender
IE_TRACE:                                 12:39:21.457186 line       149     receiverID = id(receiver)
IE_TRACE:                                 New var:....... receiverID = 138939782201072
IE_TRACE:                                 12:39:21.457208 line       152     if signal in signals:
IE_TRACE:                                 12:39:21.457229 line       156         receivers = signals[signal] = []
IE_TRACE:                                 Modified var:.. signals = {<object object at 0x7e5d73f79330>: [<weakref at 0x7e5d7038ff60; to 'function' at 0x7e5d721a1da0 (<lambda>)>], <object object at 0x7e5d73f79340>: []}
IE_TRACE:                                 New var:....... receivers = []
IE_TRACE:                                 12:39:21.457247 line       157     try:
IE_TRACE:                                 12:39:21.457271 line       158         current = sendersBack.get( receiverID )
IE_TRACE:                                 New var:....... current = None
IE_TRACE:                                 12:39:21.457291 line       159         if current is None:
IE_TRACE:                                 12:39:21.457314 line       160             sendersBack[ receiverID ] = current = []
IE_TRACE:                                 Modified var:.. current = []
IE_TRACE:                                 12:39:21.457334 line       161         if senderkey not in current:
IE_TRACE:                                 12:39:21.457357 line       162             current.append(senderkey)
IE_TRACE:                                 Modified var:.. current = [138939782201216]
IE_TRACE:                                 12:39:21.457376 line       166     receivers.append(receiver)
IE_TRACE:                                 Modified var:.. signals = {<object object at 0x7e5d73f79330>: [<weakref at 0x7e5d7038ff60; to 'function' at 0x7e5d721a1da0 (<lambda>)>], <object object at 0x7e5d73f79340>: [BoundMethodWeakref( CoreStats.spider_opened )]}
IE_TRACE:                                 Modified var:.. receivers = [BoundMethodWeakref( CoreStats.spider_opened )]
IE_TRACE:                                 12:39:21.457398 return     166     receivers.append(receiver)
IE_TRACE:                                 Return value:.. None
IE_TRACE:                             Source path:... /path/to/BugsInPy/workspace/scrapy/scrapy/signalmanager.py
IE_TRACE:                             12:39:21.457429 return      26         return dispatcher.connect(receiver, signal, **kwargs)
IE_TRACE:                             Return value:.. None
IE_TRACE:                         Source path:... /path/to/BugsInPy/workspace/scrapy/scrapy/extensions/corestats.py
IE_TRACE:                         12:39:21.457450 line        17         crawler.signals.connect(o.spider_closed, signal=signals.spider_closed)
IE_TRACE:                             Source path:... /path/to/BugsInPy/workspace/scrapy/scrapy/signalmanager.py
IE_TRACE:                             Starting var:.. self = <scrapy.signalmanager.SignalManager object at 0x7e5d705cf680>
IE_TRACE:                             Starting var:.. receiver = <bound method CoreStats.spider_closed of <scrapy.extensions.corestats.CoreStats object at 0x7e5d704cd670>>
IE_TRACE:                             Starting var:.. signal = <object object at 0x7e5d73f79380>
IE_TRACE:                             Starting var:.. kwargs = {}
IE_TRACE:                             12:39:21.457465 call        11     def connect(self, receiver, signal, **kwargs):
IE_TRACE:                             12:39:21.457490 line        25         kwargs.setdefault('sender', self.sender)
IE_TRACE:                             Modified var:.. kwargs = {'sender': <scrapy.crawler.Crawler object at 0x7e5d705cff80>}
IE_TRACE:                             12:39:21.457502 line        26         return dispatcher.connect(receiver, signal, **kwargs)
IE_TRACE:                                 Source path:... /path/to/.venv/lib/python3.12/site-packages/pydispatch/dispatcher.py
IE_TRACE:                                 Starting var:.. receiver = <bound method CoreStats.spider_closed of <scrapy.extensions.corestats.CoreStats object at 0x7e5d704cd670>>
IE_TRACE:                                 Starting var:.. signal = <object object at 0x7e5d73f79380>
IE_TRACE:                                 Starting var:.. sender = <scrapy.crawler.Crawler object at 0x7e5d705cff80>
IE_TRACE:                                 Starting var:.. weak = True
IE_TRACE:                                 12:39:21.457518 call        73 def connect(receiver, signal=Any, sender=Any, weak=True):
IE_TRACE:                                 12:39:21.457545 line       125     if signal is None:
IE_TRACE:                                 12:39:21.457559 line       129     if weak:
IE_TRACE:                                 12:39:21.457572 line       130         receiver = saferef.safeRef(receiver, onDelete=_removeReceiver)
IE_TRACE:                                     Source path:... /path/to/.venv/lib/python3.12/site-packages/pydispatch/saferef.py
IE_TRACE:                                     Starting var:.. target = <bound method CoreStats.spider_closed of <scrapy.extensions.corestats.CoreStats object at 0x7e5d704cd670>>
IE_TRACE:                                     Starting var:.. onDelete = <function _removeReceiver at 0x7e5d70468900>
IE_TRACE:                                     12:39:21.457586 call        10 def safeRef(target, onDelete = None):
IE_TRACE:                                     12:39:21.457606 line        21     if hasattr(target, im_self):
IE_TRACE:                                     12:39:21.457617 line        22         if getattr(target, im_self) is not None:
IE_TRACE:                                     12:39:21.457629 line        25             assert hasattr(target, im_func), """safeRef target %r has %s, but no %s, don't know how to create reference"""%( target,im_self,im_func)
IE_TRACE:                                     12:39:21.457641 line        26             reference = BoundMethodWeakref(
IE_TRACE:                                     12:39:21.457652 line        27                 target=target,
IE_TRACE:                                     12:39:21.457663 line        28                 onDelete=onDelete
IE_TRACE:                                     12:39:21.457674 line        26             reference = BoundMethodWeakref(
IE_TRACE:                                     New var:....... reference = BoundMethodWeakref( CoreStats.spider_closed )
IE_TRACE:                                     12:39:21.457733 line        30             return reference
IE_TRACE:                                     12:39:21.457749 return      30             return reference
IE_TRACE:                                     Return value:.. BoundMethodWeakref( CoreStats.spider_closed )
IE_TRACE:                                 Source path:... /path/to/.venv/lib/python3.12/site-packages/pydispatch/dispatcher.py
IE_TRACE:                                 Modified var:.. receiver = BoundMethodWeakref( CoreStats.spider_closed )
IE_TRACE:                                 12:39:21.457765 line       131     senderkey = id(sender)
IE_TRACE:                                 New var:....... senderkey = 138939782201216
IE_TRACE:                                 12:39:21.457785 line       132     if senderkey in connections:
IE_TRACE:                                 12:39:21.457802 line       133         signals = connections[senderkey]
IE_TRACE:                                 New var:....... signals = {<object object at 0x7e5d73f79330>: [<weakref at 0x7e5d7038ff60; to 'function' at 0x7e5d721a1da0 (<lambda>)>], <object object at 0x7e5d73f79340>: [BoundMethodWeakref( CoreStats.spider_opened )]}
IE_TRACE:                                 12:39:21.457817 line       138     if sender not in (None, Anonymous, Any):
IE_TRACE:                                 12:39:21.457836 line       139         def remove(object, senderkey=senderkey):
IE_TRACE:                                 New var:....... remove = <function connect.<locals>.remove at 0x7e5d721a13a0>
IE_TRACE:                                 12:39:21.457853 line       143         try:
IE_TRACE:                                 12:39:21.457872 line       144             weakSender = weakref.ref(sender, remove)
IE_TRACE:                                 New var:....... weakSender = <weakref at 0x7e5d7039f150; to 'Crawler' at 0x7e5d705cff80>
IE_TRACE:                                 12:39:21.457889 line       145             senders[senderkey] = weakSender
IE_TRACE:                                 12:39:21.457909 line       149     receiverID = id(receiver)
IE_TRACE:                                 New var:....... receiverID = 138939782049392
IE_TRACE:                                 12:39:21.457927 line       152     if signal in signals:
IE_TRACE:                                 12:39:21.457948 line       156         receivers = signals[signal] = []
IE_TRACE:                                 Modified var:.. signals = {<object object at 0x7e5d73f79330>: [<weakref at 0x7e5d7038ff60; to 'function' at 0x7e5d721a1da0 (<lambda>)>], <object object at 0x7e5d73f79340>: [BoundMethodWeakref( CoreStats.spider_opened )], <object object at 0x7e5d73f79380>: []}
IE_TRACE:                                 New var:....... receivers = []
IE_TRACE:                                 12:39:21.457966 line       157     try:
IE_TRACE:                                 12:39:21.457990 line       158         current = sendersBack.get( receiverID )
IE_TRACE:                                 New var:....... current = None
IE_TRACE:                                 12:39:21.458010 line       159         if current is None:
IE_TRACE:                                 12:39:21.458033 line       160             sendersBack[ receiverID ] = current = []
IE_TRACE:                                 Modified var:.. current = []
IE_TRACE:                                 12:39:21.458053 line       161         if senderkey not in current:
IE_TRACE:                                 12:39:21.458076 line       162             current.append(senderkey)
IE_TRACE:                                 Modified var:.. current = [138939782201216]
IE_TRACE:                                 12:39:21.458096 line       166     receivers.append(receiver)
IE_TRACE:                                 Modified var:.. signals = {<object object at 0x7e5d73f79330>: [<weakref at 0x7e5d7038ff60; to 'function' at 0x7e5d721a1da0 (<lambda>)>], <object object at 0x7e5d73f79340>: [BoundMethodWeakref( CoreStats.spider_opened )], <object object at 0x7e5d73f79380>: [BoundMethodWeakref( CoreStats.spider_closed )]}
IE_TRACE:                                 Modified var:.. receivers = [BoundMethodWeakref( CoreStats.spider_closed )]
IE_TRACE:                                 12:39:21.458118 return     166     receivers.append(receiver)
IE_TRACE:                                 Return value:.. None
IE_TRACE:                             Source path:... /path/to/BugsInPy/workspace/scrapy/scrapy/signalmanager.py
IE_TRACE:                             12:39:21.458147 return      26         return dispatcher.connect(receiver, signal, **kwargs)
IE_TRACE:                             Return value:.. None
IE_TRACE:                         Source path:... /path/to/BugsInPy/workspace/scrapy/scrapy/extensions/corestats.py
IE_TRACE:                         12:39:21.458167 line        18         crawler.signals.connect(o.item_scraped, signal=signals.item_scraped)
IE_TRACE:                             Source path:... /path/to/BugsInPy/workspace/scrapy/scrapy/signalmanager.py
IE_TRACE:                             Starting var:.. self = <scrapy.signalmanager.SignalManager object at 0x7e5d705cf680>
IE_TRACE:                             Starting var:.. receiver = <bound method CoreStats.item_scraped of <scrapy.extensions.corestats.CoreStats object at 0x7e5d704cd670>>
IE_TRACE:                             Starting var:.. signal = <object object at 0x7e5d73f793e0>
IE_TRACE:                             Starting var:.. kwargs = {}
IE_TRACE:                             12:39:21.458182 call        11     def connect(self, receiver, signal, **kwargs):
IE_TRACE:                             12:39:21.458209 line        25         kwargs.setdefault('sender', self.sender)
IE_TRACE:                             Modified var:.. kwargs = {'sender': <scrapy.crawler.Crawler object at 0x7e5d705cff80>}
IE_TRACE:                             12:39:21.458222 line        26         return dispatcher.connect(receiver, signal, **kwargs)
IE_TRACE:                                 Source path:... /path/to/.venv/lib/python3.12/site-packages/pydispatch/dispatcher.py
IE_TRACE:                                 Starting var:.. receiver = <bound method CoreStats.item_scraped of <scrapy.extensions.corestats.CoreStats object at 0x7e5d704cd670>>
IE_TRACE:                                 Starting var:.. signal = <object object at 0x7e5d73f793e0>
IE_TRACE:                                 Starting var:.. sender = <scrapy.crawler.Crawler object at 0x7e5d705cff80>
IE_TRACE:                                 Starting var:.. weak = True
IE_TRACE:                                 12:39:21.458237 call        73 def connect(receiver, signal=Any, sender=Any, weak=True):
IE_TRACE:                                 12:39:21.458264 line       125     if signal is None:
IE_TRACE:                                 12:39:21.458277 line       129     if weak:
IE_TRACE:                                 12:39:21.458291 line       130         receiver = saferef.safeRef(receiver, onDelete=_removeReceiver)
IE_TRACE:                                     Source path:... /path/to/.venv/lib/python3.12/site-packages/pydispatch/saferef.py
IE_TRACE:                                     Starting var:.. target = <bound method CoreStats.item_scraped of <scrapy.extensions.corestats.CoreStats object at 0x7e5d704cd670>>
IE_TRACE:                                     Starting var:.. onDelete = <function _removeReceiver at 0x7e5d70468900>
IE_TRACE:                                     12:39:21.458305 call        10 def safeRef(target, onDelete = None):
IE_TRACE:                                     12:39:21.458324 line        21     if hasattr(target, im_self):
IE_TRACE:                                     12:39:21.458335 line        22         if getattr(target, im_self) is not None:
IE_TRACE:                                     12:39:21.458346 line        25             assert hasattr(target, im_func), """safeRef target %r has %s, but no %s, don't know how to create reference"""%( target,im_self,im_func)
IE_TRACE:                                     12:39:21.458358 line        26             reference = BoundMethodWeakref(
IE_TRACE:                                     12:39:21.458369 line        27                 target=target,
IE_TRACE:                                     12:39:21.458380 line        28                 onDelete=onDelete
IE_TRACE:                                     12:39:21.458391 line        26             reference = BoundMethodWeakref(
IE_TRACE:                                     New var:....... reference = BoundMethodWeakref( CoreStats.item_scraped )
IE_TRACE:                                     12:39:21.458448 line        30             return reference
IE_TRACE:                                     12:39:21.458463 return      30             return reference
IE_TRACE:                                     Return value:.. BoundMethodWeakref( CoreStats.item_scraped )
IE_TRACE:                                 Source path:... /path/to/.venv/lib/python3.12/site-packages/pydispatch/dispatcher.py
IE_TRACE:                                 Modified var:.. receiver = BoundMethodWeakref( CoreStats.item_scraped )
IE_TRACE:                                 12:39:21.458480 line       131     senderkey = id(sender)
IE_TRACE:                                 New var:....... senderkey = 138939782201216
IE_TRACE:                                 12:39:21.458499 line       132     if senderkey in connections:
IE_TRACE:                                 12:39:21.458516 line       133         signals = connections[senderkey]
IE_TRACE:                                 New var:....... signals = {<object object at 0x7e5d73f79330>: [<weakref at 0x7e5d7038ff60; to 'function' at 0x7e5d721a1da0 (<lambda>)>], <object object at 0x7e5d73f79340>: [BoundMethodWeakref( CoreStats.spider_opened )], <object object at 0x7e5d73f79380>: [BoundMethodWeakref( CoreStats.spider_closed )]}
IE_TRACE:                                 12:39:21.458530 line       138     if sender not in (None, Anonymous, Any):
IE_TRACE:                                 12:39:21.458550 line       139         def remove(object, senderkey=senderkey):
IE_TRACE:                                 New var:....... remove = <function connect.<locals>.remove at 0x7e5d7046bd80>
IE_TRACE:                                 12:39:21.458566 line       143         try:
IE_TRACE:                                 12:39:21.458586 line       144             weakSender = weakref.ref(sender, remove)
IE_TRACE:                                 New var:....... weakSender = <weakref at 0x7e5d7039ef70; to 'Crawler' at 0x7e5d705cff80>
IE_TRACE:                                 12:39:21.458604 line       145             senders[senderkey] = weakSender
IE_TRACE:                                 12:39:21.458625 line       149     receiverID = id(receiver)
IE_TRACE:                                 New var:....... receiverID = 138939781130544
IE_TRACE:                                 12:39:21.458643 line       152     if signal in signals:
IE_TRACE:                                 12:39:21.458664 line       156         receivers = signals[signal] = []
IE_TRACE:                                 Modified var:.. signals = {<object object at 0x7e5d73f79330>: [<weakref at 0x7e5d7038ff60; to 'function' at 0x7e5d721a1da0 (<lambda>)>], <object object at 0x7e5d73f79340>: [BoundMethodWeakref( CoreStats.spider_opened )], <object object at 0x7e5d73f79380>: [BoundMethodWeakref( CoreStats.spider_closed )], <object object at 0x7e5d73f793e0>: []}
IE_TRACE:                                 New var:....... receivers = []
IE_TRACE:                                 12:39:21.458683 line       157     try:
IE_TRACE:                                 12:39:21.458707 line       158         current = sendersBack.get( receiverID )
IE_TRACE:                                 New var:....... current = None
IE_TRACE:                                 12:39:21.458727 line       159         if current is None:
IE_TRACE:                                 12:39:21.458750 line       160             sendersBack[ receiverID ] = current = []
IE_TRACE:                                 Modified var:.. current = []
IE_TRACE:                                 12:39:21.458770 line       161         if senderkey not in current:
IE_TRACE:                                 12:39:21.458792 line       162             current.append(senderkey)
IE_TRACE:                                 Modified var:.. current = [138939782201216]
IE_TRACE:                                 12:39:21.458812 line       166     receivers.append(receiver)
IE_TRACE:                                 Modified var:.. signals = {<object object at 0x7e5d73f79330>: [<weakref at 0x7e5d7038ff60; to 'function' at 0x7e5d721a1da0 (<lambda>)>], <object object at 0x7e5d73f79340>: [BoundMethodWeakref( CoreStats.spider_opened )], <object object at 0x7e5d73f79380>: [BoundMethodWeakref( CoreStats.spider_closed )], <object object at 0x7e5d73f793e0>: [BoundMethodWeakref( CoreStats.item_scraped )]}
IE_TRACE:                                 Modified var:.. receivers = [BoundMethodWeakref( CoreStats.item_scraped )]
IE_TRACE:                                 12:39:21.458834 return     166     receivers.append(receiver)
IE_TRACE:                                 Return value:.. None
IE_TRACE:                             Source path:... /path/to/BugsInPy/workspace/scrapy/scrapy/signalmanager.py
IE_TRACE:                             12:39:21.458864 return      26         return dispatcher.connect(receiver, signal, **kwargs)
IE_TRACE:                             Return value:.. None
IE_TRACE:                         Source path:... /path/to/BugsInPy/workspace/scrapy/scrapy/extensions/corestats.py
IE_TRACE:                         12:39:21.458882 line        19         crawler.signals.connect(o.item_dropped, signal=signals.item_dropped)
IE_TRACE:                             Source path:... /path/to/BugsInPy/workspace/scrapy/scrapy/signalmanager.py
IE_TRACE:                             Starting var:.. self = <scrapy.signalmanager.SignalManager object at 0x7e5d705cf680>
IE_TRACE:                             Starting var:.. receiver = <bound method CoreStats.item_dropped of <scrapy.extensions.corestats.CoreStats object at 0x7e5d704cd670>>
IE_TRACE:                             Starting var:.. signal = <object object at 0x7e5d73f793f0>
IE_TRACE:                             Starting var:.. kwargs = {}
IE_TRACE:                             12:39:21.458897 call        11     def connect(self, receiver, signal, **kwargs):
IE_TRACE:                             12:39:21.458922 line        25         kwargs.setdefault('sender', self.sender)
IE_TRACE:                             Modified var:.. kwargs = {'sender': <scrapy.crawler.Crawler object at 0x7e5d705cff80>}
IE_TRACE:                             12:39:21.458934 line        26         return dispatcher.connect(receiver, signal, **kwargs)
IE_TRACE:                                 Source path:... /path/to/.venv/lib/python3.12/site-packages/pydispatch/dispatcher.py
IE_TRACE:                                 Starting var:.. receiver = <bound method CoreStats.item_dropped of <scrapy.extensions.corestats.CoreStats object at 0x7e5d704cd670>>
IE_TRACE:                                 Starting var:.. signal = <object object at 0x7e5d73f793f0>
IE_TRACE:                                 Starting var:.. sender = <scrapy.crawler.Crawler object at 0x7e5d705cff80>
IE_TRACE:                                 Starting var:.. weak = True
IE_TRACE:                                 12:39:21.458950 call        73 def connect(receiver, signal=Any, sender=Any, weak=True):
IE_TRACE:                                 12:39:21.458976 line       125     if signal is None:
IE_TRACE:                                 12:39:21.458990 line       129     if weak:
IE_TRACE:                                 12:39:21.459003 line       130         receiver = saferef.safeRef(receiver, onDelete=_removeReceiver)
IE_TRACE:                                     Source path:... /path/to/.venv/lib/python3.12/site-packages/pydispatch/saferef.py
IE_TRACE:                                     Starting var:.. target = <bound method CoreStats.item_dropped of <scrapy.extensions.corestats.CoreStats object at 0x7e5d704cd670>>
IE_TRACE:                                     Starting var:.. onDelete = <function _removeReceiver at 0x7e5d70468900>
IE_TRACE:                                     12:39:21.459017 call        10 def safeRef(target, onDelete = None):
IE_TRACE:                                     12:39:21.459036 line        21     if hasattr(target, im_self):
IE_TRACE:                                     12:39:21.459048 line        22         if getattr(target, im_self) is not None:
IE_TRACE:                                     12:39:21.459059 line        25             assert hasattr(target, im_func), """safeRef target %r has %s, but no %s, don't know how to create reference"""%( target,im_self,im_func)
IE_TRACE:                                     12:39:21.459071 line        26             reference = BoundMethodWeakref(
IE_TRACE:                                     12:39:21.459082 line        27                 target=target,
IE_TRACE:                                     12:39:21.459093 line        28                 onDelete=onDelete
IE_TRACE:                                     12:39:21.459104 line        26             reference = BoundMethodWeakref(
IE_TRACE:                                     New var:....... reference = BoundMethodWeakref( CoreStats.item_dropped )
IE_TRACE:                                     12:39:21.459159 line        30             return reference
IE_TRACE:                                     12:39:21.459174 return      30             return reference
IE_TRACE:                                     Return value:.. BoundMethodWeakref( CoreStats.item_dropped )
IE_TRACE:                                 Source path:... /path/to/.venv/lib/python3.12/site-packages/pydispatch/dispatcher.py
IE_TRACE:                                 Modified var:.. receiver = BoundMethodWeakref( CoreStats.item_dropped )
IE_TRACE:                                 12:39:21.459190 line       131     senderkey = id(sender)
IE_TRACE:                                 New var:....... senderkey = 138939782201216
IE_TRACE:                                 12:39:21.459214 line       132     if senderkey in connections:
IE_TRACE:                                 12:39:21.459231 line       133         signals = connections[senderkey]
IE_TRACE:                                 New var:....... signals = {<object object at 0x7e5d73f79330>: [<weakref at 0x7e5d7038ff60; to 'function' at 0x7e5d721a1da0 (<lambda>)>], <object object at 0x7e5d73f79340>: [BoundMethodWeakref( CoreStats.spider_opened )], <object object at 0x7e5d73f79380>: [BoundMethodWeakref( CoreStats.spider_closed )], <object object at 0x7e5d73f793e0>: [BoundMethodWeakref( CoreStats.item_scraped )]}
IE_TRACE:                                 12:39:21.459245 line       138     if sender not in (None, Anonymous, Any):
IE_TRACE:                                 12:39:21.459265 line       139         def remove(object, senderkey=senderkey):
IE_TRACE:                                 New var:....... remove = <function connect.<locals>.remove at 0x7e5d721a13a0>
IE_TRACE:                                 12:39:21.459282 line       143         try:
IE_TRACE:                                 12:39:21.459302 line       144             weakSender = weakref.ref(sender, remove)
IE_TRACE:                                 New var:....... weakSender = <weakref at 0x7e5d7039f290; to 'Crawler' at 0x7e5d705cff80>
IE_TRACE:                                 12:39:21.459320 line       145             senders[senderkey] = weakSender
IE_TRACE:                                 12:39:21.459341 line       149     receiverID = id(receiver)
IE_TRACE:                                 New var:....... receiverID = 138939781135776
IE_TRACE:                                 12:39:21.459360 line       152     if signal in signals:
IE_TRACE:                                 12:39:21.459382 line       156         receivers = signals[signal] = []
IE_TRACE:                                 Modified var:.. signals = {<object object at 0x7e5d73f79330>: [<weakref at 0x7e5d7038ff60; to 'function' at 0x7e5d721a1da0 (<lambda>)>], <object object at 0x7e5d73f79340>: [BoundMethodWeakref( CoreStats.spider_opened )], <object object at 0x7e5d73f79380>: [BoundMethodWeakref( CoreStats.spider_closed )], <object object at 0x7e5d73f793e0>: [BoundMethodWeakref( CoreStats.item_scraped )], <object object at 0x7e5d73f793f0>: []}
IE_TRACE:                                 New var:....... receivers = []
IE_TRACE:                                 12:39:21.459401 line       157     try:
IE_TRACE:                                 12:39:21.459426 line       158         current = sendersBack.get( receiverID )
IE_TRACE:                                 New var:....... current = None
IE_TRACE:                                 12:39:21.459447 line       159         if current is None:
IE_TRACE:                                 12:39:21.459470 line       160             sendersBack[ receiverID ] = current = []
IE_TRACE:                                 Modified var:.. current = []
IE_TRACE:                                 12:39:21.459491 line       161         if senderkey not in current:
IE_TRACE:                                 12:39:21.459513 line       162             current.append(senderkey)
IE_TRACE:                                 Modified var:.. current = [138939782201216]
IE_TRACE:                                 12:39:21.459533 line       166     receivers.append(receiver)
IE_TRACE:                                 Modified var:.. signals = {<object object at 0x7e5d73f79330>: [<weakref at 0x7e5d7038ff60; to 'function' at 0x7e5d721a1da0 (<lambda>)>], <object object at 0x7e5d73f79340>: [BoundMethodWeakref( CoreStats.spider_opened )], <object object at 0x7e5d73f79380>: [BoundMethodWeakref( CoreStats.spider_closed )], <object object at 0x7e5d73f793e0>: [BoundMethodWeakref( CoreStats.item_scraped )], <object object at 0x7e5d73f793f0>: [BoundMethodWeakref( CoreStats.item_dropped )]}
IE_TRACE:                                 Modified var:.. receivers = [BoundMethodWeakref( CoreStats.item_dropped )]
IE_TRACE:                                 12:39:21.459556 return     166     receivers.append(receiver)
IE_TRACE:                                 Return value:.. None
IE_TRACE:                             Source path:... /path/to/BugsInPy/workspace/scrapy/scrapy/signalmanager.py
IE_TRACE:                             12:39:21.459586 return      26         return dispatcher.connect(receiver, signal, **kwargs)
IE_TRACE:                             Return value:.. None
IE_TRACE:                         Source path:... /path/to/BugsInPy/workspace/scrapy/scrapy/extensions/corestats.py
IE_TRACE:                         12:39:21.459606 line        20         crawler.signals.connect(o.response_received, signal=signals.response_received)
IE_TRACE:                             Source path:... /path/to/BugsInPy/workspace/scrapy/scrapy/signalmanager.py
IE_TRACE:                             Starting var:.. self = <scrapy.signalmanager.SignalManager object at 0x7e5d705cf680>
IE_TRACE:                             Starting var:.. receiver = <bound method CoreStats.response_received of <scrapy.extensions.corestats.CoreStats object at 0x7e5d704cd670>>
IE_TRACE:                             Starting var:.. signal = <object object at 0x7e5d73f793c0>
IE_TRACE:                             Starting var:.. kwargs = {}
IE_TRACE:                             12:39:21.459620 call        11     def connect(self, receiver, signal, **kwargs):
IE_TRACE:                             12:39:21.459645 line        25         kwargs.setdefault('sender', self.sender)
IE_TRACE:                             Modified var:.. kwargs = {'sender': <scrapy.crawler.Crawler object at 0x7e5d705cff80>}
IE_TRACE:                             12:39:21.459657 line        26         return dispatcher.connect(receiver, signal, **kwargs)
IE_TRACE:                                 Source path:... /path/to/.venv/lib/python3.12/site-packages/pydispatch/dispatcher.py
IE_TRACE:                                 Starting var:.. receiver = <bound method CoreStats.response_received of <scrapy.extensions.corestats.CoreStats object at 0x7e5d704cd670>>
IE_TRACE:                                 Starting var:.. signal = <object object at 0x7e5d73f793c0>
IE_TRACE:                                 Starting var:.. sender = <scrapy.crawler.Crawler object at 0x7e5d705cff80>
IE_TRACE:                                 Starting var:.. weak = True
IE_TRACE:                                 12:39:21.459672 call        73 def connect(receiver, signal=Any, sender=Any, weak=True):
IE_TRACE:                                 12:39:21.459698 line       125     if signal is None:
IE_TRACE:                                 12:39:21.459712 line       129     if weak:
IE_TRACE:                                 12:39:21.459725 line       130         receiver = saferef.safeRef(receiver, onDelete=_removeReceiver)
IE_TRACE:                                     Source path:... /path/to/.venv/lib/python3.12/site-packages/pydispatch/saferef.py
IE_TRACE:                                     Starting var:.. target = <bound method CoreStats.response_received of <scrapy.extensions.corestats.CoreStats object at 0x7e5d704cd670>>
IE_TRACE:                                     Starting var:.. onDelete = <function _removeReceiver at 0x7e5d70468900>
IE_TRACE:                                     12:39:21.459739 call        10 def safeRef(target, onDelete = None):
IE_TRACE:                                     12:39:21.459758 line        21     if hasattr(target, im_self):
IE_TRACE:                                     12:39:21.459769 line        22         if getattr(target, im_self) is not None:
IE_TRACE:                                     12:39:21.459781 line        25             assert hasattr(target, im_func), """safeRef target %r has %s, but no %s, don't know how to create reference"""%( target,im_self,im_func)
IE_TRACE:                                     12:39:21.459792 line        26             reference = BoundMethodWeakref(
IE_TRACE:                                     12:39:21.459803 line        27                 target=target,
IE_TRACE:                                     12:39:21.459814 line        28                 onDelete=onDelete
IE_TRACE:                                     12:39:21.459825 line        26             reference = BoundMethodWeakref(
IE_TRACE:                                     New var:....... reference = BoundMethodWeakref( CoreStats.response_received )
IE_TRACE:                                     12:39:21.459881 line        30             return reference
IE_TRACE:                                     12:39:21.459896 return      30             return reference
IE_TRACE:                                     Return value:.. BoundMethodWeakref( CoreStats.response_received )
IE_TRACE:                                 Source path:... /path/to/.venv/lib/python3.12/site-packages/pydispatch/dispatcher.py
IE_TRACE:                                 Modified var:.. receiver = BoundMethodWeakref( CoreStats.response_received )
IE_TRACE:                                 12:39:21.459912 line       131     senderkey = id(sender)
IE_TRACE:                                 New var:....... senderkey = 138939782201216
IE_TRACE:                                 12:39:21.459931 line       132     if senderkey in connections:
IE_TRACE:                                 12:39:21.459948 line       133         signals = connections[senderkey]
IE_TRACE:                                 New var:....... signals = {<object object at 0x7e5d73f79330>: [<weakref at 0x7e5d7038ff60; to 'function' at 0x7e5d721a1da0 (<lambda>)>], <object object at 0x7e5d73f79340>: [BoundMethodWeakref( CoreStats.spider_opened )], <object object at 0x7e5d73f79380>: [BoundMethodWeakref( CoreStats.spider_closed )], <object object at 0x7e5d73f793e0>: [BoundMethodWeakref( CoreStats.item_scraped )], <object object at 0x7e5d73f793f0>: [BoundMethodWeakref( CoreStats.item_dropped )]}
IE_TRACE:                                 12:39:21.459963 line       138     if sender not in (None, Anonymous, Any):
IE_TRACE:                                 12:39:21.459983 line       139         def remove(object, senderkey=senderkey):
IE_TRACE:                                 New var:....... remove = <function connect.<locals>.remove at 0x7e5d7046bd80>
IE_TRACE:                                 12:39:21.460001 line       143         try:
IE_TRACE:                                 12:39:21.460021 line       144             weakSender = weakref.ref(sender, remove)
IE_TRACE:                                 New var:....... weakSender = <weakref at 0x7e5d7039f6a0; to 'Crawler' at 0x7e5d705cff80>
IE_TRACE:                                 12:39:21.460039 line       145             senders[senderkey] = weakSender
IE_TRACE:                                 12:39:21.460060 line       149     receiverID = id(receiver)
IE_TRACE:                                 New var:....... receiverID = 138939781131120
IE_TRACE:                                 12:39:21.460080 line       152     if signal in signals:
IE_TRACE:                                 12:39:21.460102 line       156         receivers = signals[signal] = []
IE_TRACE:                                 Modified var:.. signals = {<object object at 0x7e5d73f79330>: [<weakref at 0x7e5d7038ff60; to 'function' at 0x7e5d721a1da0 (<lambda>)>], <object object at 0x7e5d73f79340>: [BoundMethodWeakref( CoreStats.spider_opened )], <object object at 0x7e5d73f79380>: [BoundMethodWeakref( CoreStats.spider_closed )], <object object at 0x7e5d73f793e0>: [BoundMethodWeakref( CoreStats.item_scraped )], <object object at 0x7e5d73f793f0>: [BoundMethodWeakref( CoreStats.item_dropped )], <object object at 0x7e5d73f793c0>: []}
IE_TRACE:                                 New var:....... receivers = []
IE_TRACE:                                 12:39:21.460121 line       157     try:
IE_TRACE:                                 12:39:21.460148 line       158         current = sendersBack.get( receiverID )
IE_TRACE:                                 New var:....... current = None
IE_TRACE:                                 12:39:21.460169 line       159         if current is None:
IE_TRACE:                                 12:39:21.460194 line       160             sendersBack[ receiverID ] = current = []
IE_TRACE:                                 Modified var:.. current = []
IE_TRACE:                                 12:39:21.460216 line       161         if senderkey not in current:
IE_TRACE:                                 12:39:21.460240 line       162             current.append(senderkey)
IE_TRACE:                                 Modified var:.. current = [138939782201216]
IE_TRACE:                                 12:39:21.460260 line       166     receivers.append(receiver)
IE_TRACE:                                 Modified var:.. signals = {<object object at 0x7e5d73f79330>: [<weakref at 0x7e5d7038ff60; to 'function' at 0x7e5d721a1da0 (<lambda>)>], <object object at 0x7e5d73f79340>: [BoundMethodWeakref( CoreStats.spider_opened )], <object object at 0x7e5d73f79380>: [BoundMethodWeakre...ect object at 0x7e5d73f793e0>: [BoundMethodWeakref( CoreStats.item_scraped )], <object object at 0x7e5d73f793f0>: [BoundMethodWeakref( CoreStats.item_dropped )], <object object at 0x7e5d73f793c0>: [BoundMethodWeakref( CoreStats.response_received )]}
IE_TRACE:                                 Modified var:.. receivers = [BoundMethodWeakref( CoreStats.response_received )]
IE_TRACE:                                 12:39:21.460284 return     166     receivers.append(receiver)
IE_TRACE:                                 Return value:.. None
IE_TRACE:                             Source path:... /path/to/BugsInPy/workspace/scrapy/scrapy/signalmanager.py
IE_TRACE:                             12:39:21.460317 return      26         return dispatcher.connect(receiver, signal, **kwargs)
IE_TRACE:                             Return value:.. None
IE_TRACE:                         Source path:... /path/to/BugsInPy/workspace/scrapy/scrapy/extensions/corestats.py
IE_TRACE:                         12:39:21.460336 line        21         return o
IE_TRACE:                         12:39:21.460350 return      21         return o
IE_TRACE:                         Return value:.. <scrapy.extensions.corestats.CoreStats object at 0x7e5d704cd670>
IE_TRACE:                     Source path:... /path/to/BugsInPy/workspace/scrapy/scrapy/middleware.py
IE_TRACE:                     New var:....... mw = <scrapy.extensions.corestats.CoreStats object at 0x7e5d704cd670>
IE_TRACE:                     12:39:21.460365 line        39                 middlewares.append(mw)
IE_TRACE:                     Modified var:.. middlewares = [<scrapy.extensions.corestats.CoreStats object at 0x7e5d704cd670>]
IE_TRACE:                     12:39:21.460388 line        30         for clspath in mwlist:
IE_TRACE:                     Modified var:.. clspath = 'scrapy.telnet.TelnetConsole'
IE_TRACE:                     12:39:21.460408 line        31             try:
IE_TRACE:                     12:39:21.460426 line        32                 mwcls = load_object(clspath)
IE_TRACE:                         Source path:... /path/to/BugsInPy/workspace/scrapy/scrapy/utils/misc.py
IE_TRACE:                         Starting var:.. path = 'scrapy.telnet.TelnetConsole'
IE_TRACE:                         12:39:21.460444 call        31 def load_object(path):
IE_TRACE:                         12:39:21.460459 line        38     try:
IE_TRACE:                         12:39:21.460468 line        39         dot = path.rindex('.')
IE_TRACE:                         New var:....... dot = 13
IE_TRACE:                         12:39:21.460478 line        43     module, name = path[:dot], path[dot+1:]
IE_TRACE:                         New var:....... module = 'scrapy.telnet'
IE_TRACE:                         New var:....... name = 'TelnetConsole'
IE_TRACE:                         12:39:21.460491 line        44     mod = import_module(module)
IE_TRACE:                         Source path:... /path/to/BugsInPy/workspace/scrapy/scrapy/utils/misc.py
IE_TRACE:                         New var:....... mod = <module 'scrapy.telnet' from '/path/to/BugsInPy/workspace/scrapy/scrapy/telnet.py'>
IE_TRACE:                         12:39:21.494807 line        46     try:
IE_TRACE:                         12:39:21.494833 line        47         obj = getattr(mod, name)
IE_TRACE:                         New var:....... obj = <class 'scrapy.telnet.TelnetConsole'>
IE_TRACE:                         12:39:21.494848 line        51     return obj
IE_TRACE:                         12:39:21.494867 return      51     return obj
IE_TRACE:                         Return value:.. <class 'scrapy.telnet.TelnetConsole'>
IE_TRACE:                     Source path:... /path/to/BugsInPy/workspace/scrapy/scrapy/middleware.py
IE_TRACE:                     Modified var:.. mwcls = <class 'scrapy.telnet.TelnetConsole'>
IE_TRACE:                     12:39:21.494886 line        33                 if crawler and hasattr(mwcls, 'from_crawler'):
IE_TRACE:                     12:39:21.494915 line        34                     mw = mwcls.from_crawler(crawler)
IE_TRACE:                         Source path:... /path/to/BugsInPy/workspace/scrapy/scrapy/telnet.py
IE_TRACE:                         Starting var:.. cls = <class 'scrapy.telnet.TelnetConsole'>
IE_TRACE:                         Starting var:.. crawler = <scrapy.crawler.Crawler object at 0x7e5d705cff80>
IE_TRACE:                         12:39:21.494935 call        52     def from_crawler(cls, crawler):
IE_TRACE:                         12:39:21.494986 line        53         return cls(crawler)
IE_TRACE:                             Starting var:.. self = <scrapy.telnet.TelnetConsole object at 0x7e5d704c8e30>
IE_TRACE:                             Starting var:.. crawler = <scrapy.crawler.Crawler object at 0x7e5d705cff80>
IE_TRACE:                             12:39:21.495002 call        39     def __init__(self, crawler):
IE_TRACE:                             12:39:21.495019 line        40         if not crawler.settings.getbool('TELNETCONSOLE_ENABLED'):
IE_TRACE:                                 Source path:... /path/to/BugsInPy/workspace/scrapy/scrapy/settings/__init__.py
IE_TRACE:                                 Starting var:.. self = <scrapy.settings.Settings object at 0x7e5d7033bd40>
IE_TRACE:                                 Starting var:.. name = 'TELNETCONSOLE_ENABLED'
IE_TRACE:                                 Starting var:.. default = False
IE_TRACE:                                 12:39:21.495032 call        66     def getbool(self, name, default=False):
IE_TRACE:                                 12:39:21.495057 line        71         return bool(int(self.get(name, default)))
IE_TRACE:                                     Starting var:.. self = <scrapy.settings.Settings object at 0x7e5d7033bd40>
IE_TRACE:                                     Starting var:.. name = 'TELNETCONSOLE_ENABLED'
IE_TRACE:                                     Starting var:.. default = False
IE_TRACE:                                     12:39:21.495071 call        63     def get(self, name, default=None):
IE_TRACE:                                     12:39:21.495090 line        64         return self[name] if self[name] is not None else default
IE_TRACE:                                     12:39:21.495110 return      64         return self[name] if self[name] is not None else default
IE_TRACE:                                     Return value:.. 1
IE_TRACE:                                 12:39:21.495127 return      71         return bool(int(self.get(name, default)))
IE_TRACE:                                 Return value:.. True
IE_TRACE:                             Source path:... /path/to/BugsInPy/workspace/scrapy/scrapy/telnet.py
IE_TRACE:                             12:39:21.495143 line        42         if not TWISTED_CONCH_AVAILABLE:
IE_TRACE:                             12:39:21.495158 line        44         self.crawler = crawler
IE_TRACE:                             12:39:21.495169 line        45         self.noisy = False
IE_TRACE:                             12:39:21.495180 line        46         self.portrange = [int(x) for x in crawler.settings.getlist('TELNETCONSOLE_PORT')]
IE_TRACE:                                 Source path:... /path/to/BugsInPy/workspace/scrapy/scrapy/settings/__init__.py
IE_TRACE:                                 Starting var:.. self = <scrapy.settings.Settings object at 0x7e5d7033bd40>
IE_TRACE:                                 Starting var:.. name = 'TELNETCONSOLE_PORT'
IE_TRACE:                                 Starting var:.. default = None
IE_TRACE:                                 12:39:21.495191 call        79     def getlist(self, name, default=None):
IE_TRACE:                                 12:39:21.495217 line        80         value = self.get(name, default or [])
IE_TRACE:                                     Starting var:.. self = <scrapy.settings.Settings object at 0x7e5d7033bd40>
IE_TRACE:                                     Starting var:.. name = 'TELNETCONSOLE_PORT'
IE_TRACE:                                     Starting var:.. default = []
IE_TRACE:                                     12:39:21.495229 call        63     def get(self, name, default=None):
IE_TRACE:                                     12:39:21.495250 line        64         return self[name] if self[name] is not None else default
IE_TRACE:                                     12:39:21.495269 return      64         return self[name] if self[name] is not None else default
IE_TRACE:                                     Return value:.. [6023, 6073]
IE_TRACE:                                 New var:....... value = [6023, 6073]
IE_TRACE:                                 12:39:21.495285 line        81         if isinstance(value, six.string_types):
IE_TRACE:                                 12:39:21.495300 line        83         return list(value)
IE_TRACE:                                 12:39:21.495313 return      83         return list(value)
IE_TRACE:                                 Return value:.. [6023, 6073]
IE_TRACE:                             Source path:... /path/to/BugsInPy/workspace/scrapy/scrapy/telnet.py
IE_TRACE:                             New var:....... x = 6023
IE_TRACE:                             12:39:21.495329 line        46         self.portrange = [int(x) for x in crawler.settings.getlist('TELNETCONSOLE_PORT')]
IE_TRACE:                             Modified var:.. x = 6073
IE_TRACE:                             12:39:21.495346 line        46         self.portrange = [int(x) for x in crawler.settings.getlist('TELNETCONSOLE_PORT')]
IE_TRACE:                             12:39:21.495361 line        47         self.host = crawler.settings['TELNETCONSOLE_HOST']
IE_TRACE:                                 Source path:... /path/to/BugsInPy/workspace/scrapy/scrapy/settings/__init__.py
IE_TRACE:                                 Starting var:.. self = <scrapy.settings.Settings object at 0x7e5d7033bd40>
IE_TRACE:                                 Starting var:.. opt_name = 'TELNETCONSOLE_HOST'
IE_TRACE:                                 12:39:21.495372 call        57     def __getitem__(self, opt_name):
IE_TRACE:                                 12:39:21.495391 line        58         value = None
IE_TRACE:                                 New var:....... value = None
IE_TRACE:                                 12:39:21.495401 line        59         if opt_name in self.attributes:
IE_TRACE:                                 12:39:21.495415 line        60             value = self.attributes[opt_name].value
IE_TRACE:                                 Modified var:.. value = '127.0.0.1'
IE_TRACE:                                 12:39:21.495426 line        61         return value
IE_TRACE:                                 12:39:21.495439 return      61         return value
IE_TRACE:                                 Return value:.. '127.0.0.1'
IE_TRACE:                             Source path:... /path/to/BugsInPy/workspace/scrapy/scrapy/telnet.py
IE_TRACE:                             12:39:21.495454 line        48         self.crawler.signals.connect(self.start_listening, signals.engine_started)
IE_TRACE:                                 Source path:... /path/to/BugsInPy/workspace/scrapy/scrapy/signalmanager.py
IE_TRACE:                                 Starting var:.. self = <scrapy.signalmanager.SignalManager object at 0x7e5d705cf680>
IE_TRACE:                                 Starting var:.. receiver = <bound method TelnetConsole.start_listening of <scrapy.telnet.TelnetConsole object at 0x7e5d704c8e30>>
IE_TRACE:                                 Starting var:.. signal = <object object at 0x7e5d73f79370>
IE_TRACE:                                 Starting var:.. kwargs = {}
IE_TRACE:                                 12:39:21.495468 call        11     def connect(self, receiver, signal, **kwargs):
IE_TRACE:                                 12:39:21.495496 line        25         kwargs.setdefault('sender', self.sender)
IE_TRACE:                                 Modified var:.. kwargs = {'sender': <scrapy.crawler.Crawler object at 0x7e5d705cff80>}
IE_TRACE:                                 12:39:21.495509 line        26         return dispatcher.connect(receiver, signal, **kwargs)
IE_TRACE:                                     Source path:... /path/to/.venv/lib/python3.12/site-packages/pydispatch/dispatcher.py
IE_TRACE:                                     Starting var:.. receiver = <bound method TelnetConsole.start_listening of <scrapy.telnet.TelnetConsole object at 0x7e5d704c8e30>>
IE_TRACE:                                     Starting var:.. signal = <object object at 0x7e5d73f79370>
IE_TRACE:                                     Starting var:.. sender = <scrapy.crawler.Crawler object at 0x7e5d705cff80>
IE_TRACE:                                     Starting var:.. weak = True
IE_TRACE:                                     12:39:21.495527 call        73 def connect(receiver, signal=Any, sender=Any, weak=True):
IE_TRACE:                                     12:39:21.495557 line       125     if signal is None:
IE_TRACE:                                     12:39:21.495572 line       129     if weak:
IE_TRACE:                                     12:39:21.495586 line       130         receiver = saferef.safeRef(receiver, onDelete=_removeReceiver)
IE_TRACE:                                     Modified var:.. receiver = BoundMethodWeakref( TelnetConsole.start_listening )
IE_TRACE:                                     12:39:21.495659 line       131     senderkey = id(sender)
IE_TRACE:                                     New var:....... senderkey = 138939782201216
IE_TRACE:                                     12:39:21.495678 line       132     if senderkey in connections:
IE_TRACE:                                     12:39:21.495697 line       133         signals = connections[senderkey]
IE_TRACE:                                     New var:....... signals = {<object object at 0x7e5d73f79330>: [<weakref at 0x7e5d7038ff60; to 'function' at 0x7e5d721a1da0 (<lambda>)>], <object object at 0x7e5d73f79340>: [BoundMethodWeakref( CoreStats.spider_opened )], <object object at 0x7e5d73f79380>: [BoundMethodWeakre...ect object at 0x7e5d73f793e0>: [BoundMethodWeakref( CoreStats.item_scraped )], <object object at 0x7e5d73f793f0>: [BoundMethodWeakref( CoreStats.item_dropped )], <object object at 0x7e5d73f793c0>: [BoundMethodWeakref( CoreStats.response_received )]}
IE_TRACE:                                     12:39:21.495712 line       138     if sender not in (None, Anonymous, Any):
IE_TRACE:                                     12:39:21.495739 line       139         def remove(object, senderkey=senderkey):
IE_TRACE:                                     New var:....... remove = <function connect.<locals>.remove at 0x7e5d7046b740>
IE_TRACE:                                     12:39:21.495759 line       143         try:
IE_TRACE:                                     12:39:21.495782 line       144             weakSender = weakref.ref(sender, remove)
IE_TRACE:                                     New var:....... weakSender = <weakref at 0x7e5d702206d0; to 'Crawler' at 0x7e5d705cff80>
IE_TRACE:                                     12:39:21.495802 line       145             senders[senderkey] = weakSender
IE_TRACE:                                     12:39:21.495825 line       149     receiverID = id(receiver)
IE_TRACE:                                     New var:....... receiverID = 138939779495408
IE_TRACE:                                     12:39:21.495845 line       152     if signal in signals:
IE_TRACE:                                     12:39:21.495868 line       156         receivers = signals[signal] = []
IE_TRACE:                                     Modified var:.. signals = {<object object at 0x7e5d73f79330>: [<weakref at 0x7e5d7038ff60; to 'function' at 0x7e5d721a1da0 (<lambda>)>], <object object at 0x7e5d73f79340>: [BoundMethodWeakref( CoreStats.spider_opened )], <object object at 0x7e5d73f79380>: [BoundMethodWeakre...thodWeakref( CoreStats.item_scraped )], <object object at 0x7e5d73f793f0>: [BoundMethodWeakref( CoreStats.item_dropped )], <object object at 0x7e5d73f793c0>: [BoundMethodWeakref( CoreStats.response_received )], <object object at 0x7e5d73f79370>: []}
IE_TRACE:                                     New var:....... receivers = []
IE_TRACE:                                     12:39:21.495889 line       157     try:
IE_TRACE:                                     12:39:21.495916 line       158         current = sendersBack.get( receiverID )
IE_TRACE:                                     New var:....... current = None
IE_TRACE:                                     12:39:21.495938 line       159         if current is None:
IE_TRACE:                                     12:39:21.495964 line       160             sendersBack[ receiverID ] = current = []
IE_TRACE:                                     Modified var:.. current = []
IE_TRACE:                                     12:39:21.495987 line       161         if senderkey not in current:
IE_TRACE:                                     12:39:21.496011 line       162             current.append(senderkey)
IE_TRACE:                                     Modified var:.. current = [138939782201216]
IE_TRACE:                                     12:39:21.496033 line       166     receivers.append(receiver)
IE_TRACE:                                     Modified var:.. signals = {<object object at 0x7e5d73f79330>: [<weakref at 0x7e5d7038ff60; to 'function' at 0x7e5d721a1da0 (<lambda>)>], <object object at 0x7e5d73f79340>: [BoundMethodWeakref( CoreStats.spider_opened )], <object object at 0x7e5d73f79380>: [BoundMethodWeakre...ect at 0x7e5d73f793f0>: [BoundMethodWeakref( CoreStats.item_dropped )], <object object at 0x7e5d73f793c0>: [BoundMethodWeakref( CoreStats.response_received )], <object object at 0x7e5d73f79370>: [BoundMethodWeakref( TelnetConsole.start_listening )]}
IE_TRACE:                                     Modified var:.. receivers = [BoundMethodWeakref( TelnetConsole.start_listening )]
IE_TRACE:                                     12:39:21.496057 return     166     receivers.append(receiver)
IE_TRACE:                                     Return value:.. None
IE_TRACE:                                 Source path:... /path/to/BugsInPy/workspace/scrapy/scrapy/signalmanager.py
IE_TRACE:                                 12:39:21.496090 return      26         return dispatcher.connect(receiver, signal, **kwargs)
IE_TRACE:                                 Return value:.. None
IE_TRACE:                             Source path:... /path/to/BugsInPy/workspace/scrapy/scrapy/telnet.py
IE_TRACE:                             12:39:21.496111 line        49         self.crawler.signals.connect(self.stop_listening, signals.engine_stopped)
IE_TRACE:                                 Source path:... /path/to/BugsInPy/workspace/scrapy/scrapy/signalmanager.py
IE_TRACE:                                 Starting var:.. self = <scrapy.signalmanager.SignalManager object at 0x7e5d705cf680>
IE_TRACE:                                 Starting var:.. receiver = <bound method TelnetConsole.stop_listening of <scrapy.telnet.TelnetConsole object at 0x7e5d704c8e30>>
IE_TRACE:                                 Starting var:.. signal = <object object at 0x7e5d73f79330>
IE_TRACE:                                 Starting var:.. kwargs = {}
IE_TRACE:                                 12:39:21.496126 call        11     def connect(self, receiver, signal, **kwargs):
IE_TRACE:                                 12:39:21.496152 line        25         kwargs.setdefault('sender', self.sender)
IE_TRACE:                                 Modified var:.. kwargs = {'sender': <scrapy.crawler.Crawler object at 0x7e5d705cff80>}
IE_TRACE:                                 12:39:21.496165 line        26         return dispatcher.connect(receiver, signal, **kwargs)
IE_TRACE:                                     Source path:... /path/to/.venv/lib/python3.12/site-packages/pydispatch/dispatcher.py
IE_TRACE:                                     Starting var:.. receiver = <bound method TelnetConsole.stop_listening of <scrapy.telnet.TelnetConsole object at 0x7e5d704c8e30>>
IE_TRACE:                                     Starting var:.. signal = <object object at 0x7e5d73f79330>
IE_TRACE:                                     Starting var:.. sender = <scrapy.crawler.Crawler object at 0x7e5d705cff80>
IE_TRACE:                                     Starting var:.. weak = True
IE_TRACE:                                     12:39:21.496182 call        73 def connect(receiver, signal=Any, sender=Any, weak=True):
IE_TRACE:                                     12:39:21.496215 line       125     if signal is None:
IE_TRACE:                                     12:39:21.496229 line       129     if weak:
IE_TRACE:                                     12:39:21.496242 line       130         receiver = saferef.safeRef(receiver, onDelete=_removeReceiver)
IE_TRACE:                                     Modified var:.. receiver = BoundMethodWeakref( TelnetConsole.stop_listening )
IE_TRACE:                                     12:39:21.496306 line       131     senderkey = id(sender)
IE_TRACE:                                     New var:....... senderkey = 138939782201216
IE_TRACE:                                     12:39:21.496324 line       132     if senderkey in connections:
IE_TRACE:                                     12:39:21.496341 line       133         signals = connections[senderkey]
IE_TRACE:                                     New var:....... signals = {<object object at 0x7e5d73f79330>: [<weakref at 0x7e5d7038ff60; to 'function' at 0x7e5d721a1da0 (<lambda>)>], <object object at 0x7e5d73f79340>: [BoundMethodWeakref( CoreStats.spider_opened )], <object object at 0x7e5d73f79380>: [BoundMethodWeakre...ect at 0x7e5d73f793f0>: [BoundMethodWeakref( CoreStats.item_dropped )], <object object at 0x7e5d73f793c0>: [BoundMethodWeakref( CoreStats.response_received )], <object object at 0x7e5d73f79370>: [BoundMethodWeakref( TelnetConsole.start_listening )]}
IE_TRACE:                                     12:39:21.496356 line       138     if sender not in (None, Anonymous, Any):
IE_TRACE:                                     12:39:21.496379 line       139         def remove(object, senderkey=senderkey):
IE_TRACE:                                     New var:....... remove = <function connect.<locals>.remove at 0x7e5d7046bd80>
IE_TRACE:                                     12:39:21.496399 line       143         try:
IE_TRACE:                                     12:39:21.496421 line       144             weakSender = weakref.ref(sender, remove)
IE_TRACE:                                     New var:....... weakSender = <weakref at 0x7e5d70220630; to 'Crawler' at 0x7e5d705cff80>
IE_TRACE:                                     12:39:21.496440 line       145             senders[senderkey] = weakSender
IE_TRACE:                                     12:39:21.496463 line       149     receiverID = id(receiver)
IE_TRACE:                                     New var:....... receiverID = 138939782193968
IE_TRACE:                                     12:39:21.496483 line       152     if signal in signals:
IE_TRACE:                                     12:39:21.496507 line       153         receivers = signals[signal]
IE_TRACE:                                     New var:....... receivers = [<weakref at 0x7e5d7038ff60; to 'function' at 0x7e5d721a1da0 (<lambda>)>]
IE_TRACE:                                     12:39:21.496527 line       154         _removeOldBackRefs(senderkey, signal, receiver, receivers)
IE_TRACE:                                     12:39:21.496567 line       157     try:
IE_TRACE:                                     12:39:21.496589 line       158         current = sendersBack.get( receiverID )
IE_TRACE:                                     New var:....... current = None
IE_TRACE:                                     12:39:21.496610 line       159         if current is None:
IE_TRACE:                                     12:39:21.496635 line       160             sendersBack[ receiverID ] = current = []
IE_TRACE:                                     Modified var:.. current = []
IE_TRACE:                                     12:39:21.496658 line       161         if senderkey not in current:
IE_TRACE:                                     12:39:21.496682 line       162             current.append(senderkey)
IE_TRACE:                                     Modified var:.. current = [138939782201216]
IE_TRACE:                                     12:39:21.496704 line       166     receivers.append(receiver)
IE_TRACE:                                     Modified var:.. signals = {<object object at 0x7e5d73f79330>: [<weakref at 0x7e5d7038ff60; to 'function' at 0x7e5d721a1da0 (<lambda>)>, BoundMethodWeakref( TelnetConsole.stop_listening )], <object object at 0x7e5d73f79340>: [BoundMethodWeakref( CoreStats.spider_opened )], <...ect at 0x7e5d73f793f0>: [BoundMethodWeakref( CoreStats.item_dropped )], <object object at 0x7e5d73f793c0>: [BoundMethodWeakref( CoreStats.response_received )], <object object at 0x7e5d73f79370>: [BoundMethodWeakref( TelnetConsole.start_listening )]}
IE_TRACE:                                     Modified var:.. receivers = [<weakref at 0x7e5d7038ff60; to 'function' at 0x7e5d721a1da0 (<lambda>)>, BoundMethodWeakref( TelnetConsole.stop_listening )]
IE_TRACE:                                     12:39:21.496729 return     166     receivers.append(receiver)
IE_TRACE:                                     Return value:.. None
IE_TRACE:                                 Source path:... /path/to/BugsInPy/workspace/scrapy/scrapy/signalmanager.py
IE_TRACE:                                 12:39:21.496762 return      26         return dispatcher.connect(receiver, signal, **kwargs)
IE_TRACE:                                 Return value:.. None
IE_TRACE:                             Source path:... /path/to/BugsInPy/workspace/scrapy/scrapy/telnet.py
IE_TRACE:                             12:39:21.496781 return      49         self.crawler.signals.connect(self.stop_listening, signals.engine_stopped)
IE_TRACE:                             Return value:.. None
IE_TRACE:                         12:39:21.496800 return      53         return cls(crawler)
IE_TRACE:                         Return value:.. <scrapy.telnet.TelnetConsole object at 0x7e5d704c8e30>
IE_TRACE:                     Source path:... /path/to/BugsInPy/workspace/scrapy/scrapy/middleware.py
IE_TRACE:                     Modified var:.. mw = <scrapy.telnet.TelnetConsole object at 0x7e5d704c8e30>
IE_TRACE:                     12:39:21.496815 line        39                 middlewares.append(mw)
IE_TRACE:                     Modified var:.. middlewares = [<scrapy.extensions.corestats.CoreStats object at 0x7e5d704cd670>, <scrapy.telnet.TelnetConsole object at 0x7e5d704c8e30>]
IE_TRACE:                     12:39:21.496838 line        30         for clspath in mwlist:
IE_TRACE:                     Modified var:.. clspath = 'scrapy.extensions.memusage.MemoryUsage'
IE_TRACE:                     12:39:21.496858 line        31             try:
IE_TRACE:                     12:39:21.496877 line        32                 mwcls = load_object(clspath)
IE_TRACE:                         Source path:... /path/to/BugsInPy/workspace/scrapy/scrapy/utils/misc.py
IE_TRACE:                         Starting var:.. path = 'scrapy.extensions.memusage.MemoryUsage'
IE_TRACE:                         12:39:21.496894 call        31 def load_object(path):
IE_TRACE:                         12:39:21.496910 line        38     try:
IE_TRACE:                         12:39:21.496919 line        39         dot = path.rindex('.')
IE_TRACE:                         New var:....... dot = 26
IE_TRACE:                         12:39:21.496929 line        43     module, name = path[:dot], path[dot+1:]
IE_TRACE:                         New var:....... module = 'scrapy.extensions.memusage'
IE_TRACE:                         New var:....... name = 'MemoryUsage'
IE_TRACE:                         12:39:21.496942 line        44     mod = import_module(module)
IE_TRACE:                         Source path:... /path/to/BugsInPy/workspace/scrapy/scrapy/utils/misc.py
IE_TRACE:                         New var:....... mod = <module 'scrapy.extensions.memusage' from '/path/to/BugsInPy/workspace/scrapy/scrapy/extensions/memusage.py'>
IE_TRACE:                         12:39:21.500002 line        46     try:
IE_TRACE:                         12:39:21.500025 line        47         obj = getattr(mod, name)
IE_TRACE:                         New var:....... obj = <class 'scrapy.extensions.memusage.MemoryUsage'>
IE_TRACE:                         12:39:21.500041 line        51     return obj
IE_TRACE:                         12:39:21.500060 return      51     return obj
IE_TRACE:                         Return value:.. <class 'scrapy.extensions.memusage.MemoryUsage'>
IE_TRACE:                     Source path:... /path/to/BugsInPy/workspace/scrapy/scrapy/middleware.py
IE_TRACE:                     Modified var:.. mwcls = <class 'scrapy.extensions.memusage.MemoryUsage'>
IE_TRACE:                     12:39:21.500078 line        33                 if crawler and hasattr(mwcls, 'from_crawler'):
IE_TRACE:                     12:39:21.500106 line        34                     mw = mwcls.from_crawler(crawler)
IE_TRACE:                         Source path:... /path/to/BugsInPy/workspace/scrapy/scrapy/extensions/memusage.py
IE_TRACE:                         Starting var:.. cls = <class 'scrapy.extensions.memusage.MemoryUsage'>
IE_TRACE:                         Starting var:.. crawler = <scrapy.crawler.Crawler object at 0x7e5d705cff80>
IE_TRACE:                         12:39:21.500125 call        45     def from_crawler(cls, crawler):
IE_TRACE:                         12:39:21.500181 line        46         return cls(crawler)
IE_TRACE:                             Starting var:.. self = <scrapy.extensions.memusage.MemoryUsage object at 0x7e5d703b19d0>
IE_TRACE:                             Starting var:.. crawler = <scrapy.crawler.Crawler object at 0x7e5d705cff80>
IE_TRACE:                             12:39:21.500203 call        24     def __init__(self, crawler):
IE_TRACE:                             12:39:21.500222 line        25         if not crawler.settings.getbool('MEMUSAGE_ENABLED'):
IE_TRACE:                                 Source path:... /path/to/BugsInPy/workspace/scrapy/scrapy/settings/__init__.py
IE_TRACE:                                 Starting var:.. self = <scrapy.settings.Settings object at 0x7e5d7033bd40>
IE_TRACE:                                 Starting var:.. name = 'MEMUSAGE_ENABLED'
IE_TRACE:                                 Starting var:.. default = False
IE_TRACE:                                 12:39:21.500235 call        66     def getbool(self, name, default=False):
IE_TRACE:                                 12:39:21.500259 line        71         return bool(int(self.get(name, default)))
IE_TRACE:                                     Starting var:.. self = <scrapy.settings.Settings object at 0x7e5d7033bd40>
IE_TRACE:                                     Starting var:.. name = 'MEMUSAGE_ENABLED'
IE_TRACE:                                     Starting var:.. default = False
IE_TRACE:                                     12:39:21.500273 call        63     def get(self, name, default=None):
IE_TRACE:                                     12:39:21.500294 line        64         return self[name] if self[name] is not None else default
IE_TRACE:                                     12:39:21.500313 return      64         return self[name] if self[name] is not None else default
IE_TRACE:                                     Return value:.. False
IE_TRACE:                                 12:39:21.500330 return      71         return bool(int(self.get(name, default)))
IE_TRACE:                                 Return value:.. False
IE_TRACE:                             Source path:... /path/to/BugsInPy/workspace/scrapy/scrapy/extensions/memusage.py
IE_TRACE:                             12:39:21.500345 line        26             raise NotConfigured
IE_TRACE:                             12:39:21.500359 exception   26             raise NotConfigured
IE_TRACE:                             Exception:..... scrapy.exceptions.NotConfigured
IE_TRACE:                             Call ended by exception
IE_TRACE:                         12:39:21.500409 exception   46         return cls(crawler)
IE_TRACE:                         Exception:..... scrapy.exceptions.NotConfigured
IE_TRACE:                         Call ended by exception
IE_TRACE:                     Source path:... /path/to/BugsInPy/workspace/scrapy/scrapy/middleware.py
IE_TRACE:                     12:39:21.500440 exception   34                     mw = mwcls.from_crawler(crawler)
IE_TRACE:                     Exception:..... scrapy.exceptions.NotConfigured
IE_TRACE:                     12:39:21.500471 line        40             except NotConfigured as e:
IE_TRACE:                     New var:....... e = NotConfigured()
IE_TRACE:                     12:39:21.500490 line        41                 if e.args:
IE_TRACE:                     12:39:21.500512 line        30         for clspath in mwlist:
IE_TRACE:                     Modified var:.. clspath = 'scrapy.extensions.memdebug.MemoryDebugger'
IE_TRACE:                     12:39:21.500530 line        31             try:
IE_TRACE:                     12:39:21.500550 line        32                 mwcls = load_object(clspath)
IE_TRACE:                         Source path:... /path/to/BugsInPy/workspace/scrapy/scrapy/utils/misc.py
IE_TRACE:                         Starting var:.. path = 'scrapy.extensions.memdebug.MemoryDebugger'
IE_TRACE:                         12:39:21.500568 call        31 def load_object(path):
IE_TRACE:                         12:39:21.500584 line        38     try:
IE_TRACE:                         12:39:21.500594 line        39         dot = path.rindex('.')
IE_TRACE:                         New var:....... dot = 26
IE_TRACE:                         12:39:21.500604 line        43     module, name = path[:dot], path[dot+1:]
IE_TRACE:                         New var:....... module = 'scrapy.extensions.memdebug'
IE_TRACE:                         New var:....... name = 'MemoryDebugger'
IE_TRACE:                         12:39:21.500619 line        44     mod = import_module(module)
IE_TRACE:                         Source path:... /path/to/BugsInPy/workspace/scrapy/scrapy/utils/misc.py
IE_TRACE:                         New var:....... mod = <module 'scrapy.extensions.memdebug' from '/path/to/BugsInPy/workspace/scrapy/scrapy/extensions/memdebug.py'>
IE_TRACE:                         12:39:21.501535 line        46     try:
IE_TRACE:                         12:39:21.501556 line        47         obj = getattr(mod, name)
IE_TRACE:                         New var:....... obj = <class 'scrapy.extensions.memdebug.MemoryDebugger'>
IE_TRACE:                         12:39:21.501571 line        51     return obj
IE_TRACE:                         12:39:21.501589 return      51     return obj
IE_TRACE:                         Return value:.. <class 'scrapy.extensions.memdebug.MemoryDebugger'>
IE_TRACE:                     Source path:... /path/to/BugsInPy/workspace/scrapy/scrapy/middleware.py
IE_TRACE:                     Modified var:.. mwcls = <class 'scrapy.extensions.memdebug.MemoryDebugger'>
IE_TRACE:                     12:39:21.501607 line        33                 if crawler and hasattr(mwcls, 'from_crawler'):
IE_TRACE:                     12:39:21.501633 line        34                     mw = mwcls.from_crawler(crawler)
IE_TRACE:                         Source path:... /path/to/BugsInPy/workspace/scrapy/scrapy/extensions/memdebug.py
IE_TRACE:                         Starting var:.. cls = <class 'scrapy.extensions.memdebug.MemoryDebugger'>
IE_TRACE:                         Starting var:.. crawler = <scrapy.crawler.Crawler object at 0x7e5d705cff80>
IE_TRACE:                         12:39:21.501652 call        21     def from_crawler(cls, crawler):
IE_TRACE:                         12:39:21.501691 line        22         if not crawler.settings.getbool('MEMDEBUG_ENABLED'):
IE_TRACE:                             Source path:... /path/to/BugsInPy/workspace/scrapy/scrapy/settings/__init__.py
IE_TRACE:                             Starting var:.. self = <scrapy.settings.Settings object at 0x7e5d7033bd40>
IE_TRACE:                             Starting var:.. name = 'MEMDEBUG_ENABLED'
IE_TRACE:                             Starting var:.. default = False
IE_TRACE:                             12:39:21.501704 call        66     def getbool(self, name, default=False):
IE_TRACE:                             12:39:21.501728 line        71         return bool(int(self.get(name, default)))
IE_TRACE:                                 Starting var:.. self = <scrapy.settings.Settings object at 0x7e5d7033bd40>
IE_TRACE:                                 Starting var:.. name = 'MEMDEBUG_ENABLED'
IE_TRACE:                                 Starting var:.. default = False
IE_TRACE:                                 12:39:21.501740 call        63     def get(self, name, default=None):
IE_TRACE:                                 12:39:21.501759 line        64         return self[name] if self[name] is not None else default
IE_TRACE:                                     Starting var:.. self = <scrapy.settings.Settings object at 0x7e5d7033bd40>
IE_TRACE:                                     Starting var:.. opt_name = 'MEMDEBUG_ENABLED'
IE_TRACE:                                     12:39:21.501771 call        57     def __getitem__(self, opt_name):
IE_TRACE:                                     12:39:21.501787 line        58         value = None
IE_TRACE:                                     New var:....... value = None
IE_TRACE:                                     12:39:21.501798 line        59         if opt_name in self.attributes:
IE_TRACE:                                     12:39:21.501813 line        60             value = self.attributes[opt_name].value
IE_TRACE:                                     Modified var:.. value = False
IE_TRACE:                                     12:39:21.501825 line        61         return value
IE_TRACE:                                     12:39:21.501838 return      61         return value
IE_TRACE:                                     Return value:.. False
IE_TRACE:                                     Starting var:.. self = <scrapy.settings.Settings object at 0x7e5d7033bd40>
IE_TRACE:                                     Starting var:.. opt_name = 'MEMDEBUG_ENABLED'
IE_TRACE:                                     12:39:21.501854 call        57     def __getitem__(self, opt_name):
IE_TRACE:                                     12:39:21.501870 line        58         value = None
IE_TRACE:                                     New var:....... value = None
IE_TRACE:                                     12:39:21.501880 line        59         if opt_name in self.attributes:
IE_TRACE:                                     12:39:21.501894 line        60             value = self.attributes[opt_name].value
IE_TRACE:                                     Modified var:.. value = False
IE_TRACE:                                     12:39:21.501905 line        61         return value
IE_TRACE:                                     12:39:21.501919 return      61         return value
IE_TRACE:                                     Return value:.. False
IE_TRACE:                                 12:39:21.501933 return      64         return self[name] if self[name] is not None else default
IE_TRACE:                                 Return value:.. False
IE_TRACE:                             12:39:21.501948 return      71         return bool(int(self.get(name, default)))
IE_TRACE:                             Return value:.. False
IE_TRACE:                         Source path:... /path/to/BugsInPy/workspace/scrapy/scrapy/extensions/memdebug.py
IE_TRACE:                         12:39:21.501962 line        23             raise NotConfigured
IE_TRACE:                         12:39:21.501975 exception   23             raise NotConfigured
IE_TRACE:                         Exception:..... scrapy.exceptions.NotConfigured
IE_TRACE:                         Call ended by exception
IE_TRACE:                     Source path:... /path/to/BugsInPy/workspace/scrapy/scrapy/middleware.py
IE_TRACE:                     12:39:21.502010 exception   34                     mw = mwcls.from_crawler(crawler)
IE_TRACE:                     Exception:..... scrapy.exceptions.NotConfigured
IE_TRACE:                     12:39:21.502040 line        40             except NotConfigured as e:
IE_TRACE:                     New var:....... e = NotConfigured()
IE_TRACE:                     12:39:21.502058 line        41                 if e.args:
IE_TRACE:                     12:39:21.502080 line        30         for clspath in mwlist:
IE_TRACE:                     Modified var:.. clspath = 'scrapy.extensions.closespider.CloseSpider'
IE_TRACE:                     12:39:21.502098 line        31             try:
IE_TRACE:                     12:39:21.502117 line        32                 mwcls = load_object(clspath)
IE_TRACE:                         Source path:... /path/to/BugsInPy/workspace/scrapy/scrapy/utils/misc.py
IE_TRACE:                         Starting var:.. path = 'scrapy.extensions.closespider.CloseSpider'
IE_TRACE:                         12:39:21.502134 call        31 def load_object(path):
IE_TRACE:                         12:39:21.502150 line        38     try:
IE_TRACE:                         12:39:21.502160 line        39         dot = path.rindex('.')
IE_TRACE:                         New var:....... dot = 29
IE_TRACE:                         12:39:21.502170 line        43     module, name = path[:dot], path[dot+1:]
IE_TRACE:                         New var:....... module = 'scrapy.extensions.closespider'
IE_TRACE:                         New var:....... name = 'CloseSpider'
IE_TRACE:                         12:39:21.502184 line        44     mod = import_module(module)
IE_TRACE:                         Source path:... /path/to/BugsInPy/workspace/scrapy/scrapy/utils/misc.py
IE_TRACE:                         New var:....... mod = <module 'scrapy.extensions.closespider' from '/path/to/BugsInPy/workspace/scrapy/scrapy/extensions/closespider.py'>
IE_TRACE:                         12:39:21.503611 line        46     try:
IE_TRACE:                         12:39:21.503634 line        47         obj = getattr(mod, name)
IE_TRACE:                         New var:....... obj = <class 'scrapy.extensions.closespider.CloseSpider'>
IE_TRACE:                         12:39:21.503648 line        51     return obj
IE_TRACE:                         12:39:21.503666 return      51     return obj
IE_TRACE:                         Return value:.. <class 'scrapy.extensions.closespider.CloseSpider'>
IE_TRACE:                     Source path:... /path/to/BugsInPy/workspace/scrapy/scrapy/middleware.py
IE_TRACE:                     Modified var:.. mwcls = <class 'scrapy.extensions.closespider.CloseSpider'>
IE_TRACE:                     12:39:21.503685 line        33                 if crawler and hasattr(mwcls, 'from_crawler'):
IE_TRACE:                     12:39:21.503711 line        34                     mw = mwcls.from_crawler(crawler)
IE_TRACE:                         Source path:... /path/to/BugsInPy/workspace/scrapy/scrapy/extensions/closespider.py
IE_TRACE:                         Starting var:.. cls = <class 'scrapy.extensions.closespider.CloseSpider'>
IE_TRACE:                         Starting var:.. crawler = <scrapy.crawler.Crawler object at 0x7e5d705cff80>
IE_TRACE:                         12:39:21.503730 call        39     def from_crawler(cls, crawler):
IE_TRACE:                         12:39:21.503780 line        40         return cls(crawler)
IE_TRACE:                             Starting var:.. self = <scrapy.extensions.closespider.CloseSpider object at 0x7e5d7034d670>
IE_TRACE:                             Starting var:.. crawler = <scrapy.crawler.Crawler object at 0x7e5d705cff80>
IE_TRACE:                             12:39:21.503795 call        16     def __init__(self, crawler):
IE_TRACE:                             12:39:21.503812 line        17         self.crawler = crawler
IE_TRACE:                             12:39:21.503824 line        20             'timeout': crawler.settings.getfloat('CLOSESPIDER_TIMEOUT'),
IE_TRACE:                                 Source path:... /path/to/BugsInPy/workspace/scrapy/scrapy/settings/__init__.py
IE_TRACE:                                 Starting var:.. self = <scrapy.settings.Settings object at 0x7e5d7033bd40>
IE_TRACE:                                 Starting var:.. name = 'CLOSESPIDER_TIMEOUT'
IE_TRACE:                                 Starting var:.. default = 0.0
IE_TRACE:                                 12:39:21.503836 call        76     def getfloat(self, name, default=0.0):
IE_TRACE:                                 12:39:21.503861 line        77         return float(self.get(name, default))
IE_TRACE:                                     Starting var:.. self = <scrapy.settings.Settings object at 0x7e5d7033bd40>
IE_TRACE:                                     Starting var:.. name = 'CLOSESPIDER_TIMEOUT'
IE_TRACE:                                     Starting var:.. default = 0.0
IE_TRACE:                                     12:39:21.503874 call        63     def get(self, name, default=None):
IE_TRACE:                                     12:39:21.503893 line        64         return self[name] if self[name] is not None else default
IE_TRACE:                                     12:39:21.503912 return      64         return self[name] if self[name] is not None else default
IE_TRACE:                                     Return value:.. 0
IE_TRACE:                                 12:39:21.503928 return      77         return float(self.get(name, default))
IE_TRACE:                                 Return value:.. 0.0
IE_TRACE:                             Source path:... /path/to/BugsInPy/workspace/scrapy/scrapy/extensions/closespider.py
IE_TRACE:                             12:39:21.503944 line        21             'itemcount': crawler.settings.getint('CLOSESPIDER_ITEMCOUNT'),
IE_TRACE:                                 Source path:... /path/to/BugsInPy/workspace/scrapy/scrapy/settings/__init__.py
IE_TRACE:                                 Starting var:.. self = <scrapy.settings.Settings object at 0x7e5d7033bd40>
IE_TRACE:                                 Starting var:.. name = 'CLOSESPIDER_ITEMCOUNT'
IE_TRACE:                                 Starting var:.. default = 0
IE_TRACE:                                 12:39:21.503959 call        73     def getint(self, name, default=0):
IE_TRACE:                                 12:39:21.503982 line        74         return int(self.get(name, default))
IE_TRACE:                                     Starting var:.. self = <scrapy.settings.Settings object at 0x7e5d7033bd40>
IE_TRACE:                                     Starting var:.. name = 'CLOSESPIDER_ITEMCOUNT'
IE_TRACE:                                     Starting var:.. default = 0
IE_TRACE:                                     12:39:21.503994 call        63     def get(self, name, default=None):
IE_TRACE:                                     12:39:21.504013 line        64         return self[name] if self[name] is not None else default
IE_TRACE:                                     12:39:21.504031 return      64         return self[name] if self[name] is not None else default
IE_TRACE:                                     Return value:.. 0
IE_TRACE:                                 12:39:21.504046 return      74         return int(self.get(name, default))
IE_TRACE:                                 Return value:.. 0
IE_TRACE:                             Source path:... /path/to/BugsInPy/workspace/scrapy/scrapy/extensions/closespider.py
IE_TRACE:                             12:39:21.504061 line        22             'pagecount': crawler.settings.getint('CLOSESPIDER_PAGECOUNT'),
IE_TRACE:                                 Source path:... /path/to/BugsInPy/workspace/scrapy/scrapy/settings/__init__.py
IE_TRACE:                                 Starting var:.. self = <scrapy.settings.Settings object at 0x7e5d7033bd40>
IE_TRACE:                                 Starting var:.. name = 'CLOSESPIDER_PAGECOUNT'
IE_TRACE:                                 Starting var:.. default = 0
IE_TRACE:                                 12:39:21.504074 call        73     def getint(self, name, default=0):
IE_TRACE:                                 12:39:21.504096 line        74         return int(self.get(name, default))
IE_TRACE:                                     Starting var:.. self = <scrapy.settings.Settings object at 0x7e5d7033bd40>
IE_TRACE:                                     Starting var:.. name = 'CLOSESPIDER_PAGECOUNT'
IE_TRACE:                                     Starting var:.. default = 0
IE_TRACE:                                     12:39:21.504107 call        63     def get(self, name, default=None):
IE_TRACE:                                     12:39:21.504126 line        64         return self[name] if self[name] is not None else default
IE_TRACE:                                     12:39:21.504144 return      64         return self[name] if self[name] is not None else default
IE_TRACE:                                     Return value:.. 0
IE_TRACE:                                 12:39:21.504158 return      74         return int(self.get(name, default))
IE_TRACE:                                 Return value:.. 0
IE_TRACE:                             Source path:... /path/to/BugsInPy/workspace/scrapy/scrapy/extensions/closespider.py
IE_TRACE:                             12:39:21.504173 line        23             'errorcount': crawler.settings.getint('CLOSESPIDER_ERRORCOUNT'),
IE_TRACE:                                 Source path:... /path/to/BugsInPy/workspace/scrapy/scrapy/settings/__init__.py
IE_TRACE:                                 Starting var:.. self = <scrapy.settings.Settings object at 0x7e5d7033bd40>
IE_TRACE:                                 Starting var:.. name = 'CLOSESPIDER_ERRORCOUNT'
IE_TRACE:                                 Starting var:.. default = 0
IE_TRACE:                                 12:39:21.504186 call        73     def getint(self, name, default=0):
IE_TRACE:                                 12:39:21.504214 line        74         return int(self.get(name, default))
IE_TRACE:                                     Starting var:.. self = <scrapy.settings.Settings object at 0x7e5d7033bd40>
IE_TRACE:                                     Starting var:.. name = 'CLOSESPIDER_ERRORCOUNT'
IE_TRACE:                                     Starting var:.. default = 0
IE_TRACE:                                     12:39:21.504225 call        63     def get(self, name, default=None):
IE_TRACE:                                     12:39:21.504244 line        64         return self[name] if self[name] is not None else default
IE_TRACE:                                     12:39:21.504262 return      64         return self[name] if self[name] is not None else default
IE_TRACE:                                     Return value:.. 0
IE_TRACE:                                 12:39:21.504276 return      74         return int(self.get(name, default))
IE_TRACE:                                 Return value:.. 0
IE_TRACE:                             Source path:... /path/to/BugsInPy/workspace/scrapy/scrapy/extensions/closespider.py
IE_TRACE:                             12:39:21.504290 line        19         self.close_on = {
IE_TRACE:                             12:39:21.504303 line        26         self.counter = defaultdict(int)
IE_TRACE:                             12:39:21.504315 line        28         if self.close_on.get('errorcount'):
IE_TRACE:                             12:39:21.504326 line        30         if self.close_on.get('pagecount'):
IE_TRACE:                             12:39:21.504336 line        32         if self.close_on.get('timeout'):
IE_TRACE:                             12:39:21.504347 line        34         if self.close_on.get('itemcount'):
IE_TRACE:                             12:39:21.504357 line        36         crawler.signals.connect(self.spider_closed, signal=signals.spider_closed)
IE_TRACE:                                 Source path:... /path/to/BugsInPy/workspace/scrapy/scrapy/signalmanager.py
IE_TRACE:                                 Starting var:.. self = <scrapy.signalmanager.SignalManager object at 0x7e5d705cf680>
IE_TRACE:                                 Starting var:.. receiver = <bound method CloseSpider.spider_closed of <scrapy.extensions.closespider.CloseSpider object at 0x7e5d7034d670>>
IE_TRACE:                                 Starting var:.. signal = <object object at 0x7e5d73f79380>
IE_TRACE:                                 Starting var:.. kwargs = {}
IE_TRACE:                                 12:39:21.504368 call        11     def connect(self, receiver, signal, **kwargs):
IE_TRACE:                                 12:39:21.504396 line        25         kwargs.setdefault('sender', self.sender)
IE_TRACE:                                 Modified var:.. kwargs = {'sender': <scrapy.crawler.Crawler object at 0x7e5d705cff80>}
IE_TRACE:                                 12:39:21.504409 line        26         return dispatcher.connect(receiver, signal, **kwargs)
IE_TRACE:                                     Source path:... /path/to/.venv/lib/python3.12/site-packages/pydispatch/dispatcher.py
IE_TRACE:                                     Starting var:.. receiver = <bound method CloseSpider.spider_closed of <scrapy.extensions.closespider.CloseSpider object at 0x7e5d7034d670>>
IE_TRACE:                                     Starting var:.. signal = <object object at 0x7e5d73f79380>
IE_TRACE:                                     Starting var:.. sender = <scrapy.crawler.Crawler object at 0x7e5d705cff80>
IE_TRACE:                                     Starting var:.. weak = True
IE_TRACE:                                     12:39:21.504427 call        73 def connect(receiver, signal=Any, sender=Any, weak=True):
IE_TRACE:                                     12:39:21.504456 line       125     if signal is None:
IE_TRACE:                                     12:39:21.504471 line       129     if weak:
IE_TRACE:                                     12:39:21.504485 line       130         receiver = saferef.safeRef(receiver, onDelete=_removeReceiver)
IE_TRACE:                                     Modified var:.. receiver = BoundMethodWeakref( CloseSpider.spider_closed )
IE_TRACE:                                     12:39:21.504558 line       131     senderkey = id(sender)
IE_TRACE:                                     New var:....... senderkey = 138939782201216
IE_TRACE:                                     12:39:21.504577 line       132     if senderkey in connections:
IE_TRACE:                                     12:39:21.504597 line       133         signals = connections[senderkey]
IE_TRACE:                                     New var:....... signals = {<object object at 0x7e5d73f79330>: [<weakref at 0x7e5d7038ff60; to 'function' at 0x7e5d721a1da0 (<lambda>)>, BoundMethodWeakref( TelnetConsole.stop_listening )], <object object at 0x7e5d73f79340>: [BoundMethodWeakref( CoreStats.spider_opened )], <...ect at 0x7e5d73f793f0>: [BoundMethodWeakref( CoreStats.item_dropped )], <object object at 0x7e5d73f793c0>: [BoundMethodWeakref( CoreStats.response_received )], <object object at 0x7e5d73f79370>: [BoundMethodWeakref( TelnetConsole.start_listening )]}
IE_TRACE:                                     12:39:21.504612 line       138     if sender not in (None, Anonymous, Any):
IE_TRACE:                                     12:39:21.504639 line       139         def remove(object, senderkey=senderkey):
IE_TRACE:                                     New var:....... remove = <function connect.<locals>.remove at 0x7e5d7021e660>
IE_TRACE:                                     12:39:21.504659 line       143         try:
IE_TRACE:                                     12:39:21.504683 line       144             weakSender = weakref.ref(sender, remove)
IE_TRACE:                                     New var:....... weakSender = <weakref at 0x7e5d702231f0; to 'Crawler' at 0x7e5d705cff80>
IE_TRACE:                                     12:39:21.504702 line       145             senders[senderkey] = weakSender
IE_TRACE:                                     12:39:21.504726 line       149     receiverID = id(receiver)
IE_TRACE:                                     New var:....... receiverID = 138939779497088
IE_TRACE:                                     12:39:21.504747 line       152     if signal in signals:
IE_TRACE:                                     12:39:21.504772 line       153         receivers = signals[signal]
IE_TRACE:                                     New var:....... receivers = [BoundMethodWeakref( CoreStats.spider_closed )]
IE_TRACE:                                     12:39:21.504793 line       154         _removeOldBackRefs(senderkey, signal, receiver, receivers)
IE_TRACE:                                     12:39:21.504829 line       157     try:
IE_TRACE:                                     12:39:21.504851 line       158         current = sendersBack.get( receiverID )
IE_TRACE:                                     New var:....... current = None
IE_TRACE:                                     12:39:21.504873 line       159         if current is None:
IE_TRACE:                                     12:39:21.504899 line       160             sendersBack[ receiverID ] = current = []
IE_TRACE:                                     Modified var:.. current = []
IE_TRACE:                                     12:39:21.504922 line       161         if senderkey not in current:
IE_TRACE:                                     12:39:21.504947 line       162             current.append(senderkey)
IE_TRACE:                                     Modified var:.. current = [138939782201216]
IE_TRACE:                                     12:39:21.504969 line       166     receivers.append(receiver)
IE_TRACE:                                     Modified var:.. receivers = [BoundMethodWeakref( CoreStats.spider_closed ), BoundMethodWeakref( CloseSpider.spider_closed )]
IE_TRACE:                                     12:39:21.504994 return     166     receivers.append(receiver)
IE_TRACE:                                     Return value:.. None
IE_TRACE:                                 Source path:... /path/to/BugsInPy/workspace/scrapy/scrapy/signalmanager.py
IE_TRACE:                                 12:39:21.505025 return      26         return dispatcher.connect(receiver, signal, **kwargs)
IE_TRACE:                                 Return value:.. None
IE_TRACE:                             Source path:... /path/to/BugsInPy/workspace/scrapy/scrapy/extensions/closespider.py
IE_TRACE:                             12:39:21.505045 return      36         crawler.signals.connect(self.spider_closed, signal=signals.spider_closed)
IE_TRACE:                             Return value:.. None
IE_TRACE:                         12:39:21.505063 return      40         return cls(crawler)
IE_TRACE:                         Return value:.. <scrapy.extensions.closespider.CloseSpider object at 0x7e5d7034d670>
IE_TRACE:                     Source path:... /path/to/BugsInPy/workspace/scrapy/scrapy/middleware.py
IE_TRACE:                     Modified var:.. mw = <scrapy.extensions.closespider.CloseSpider object at 0x7e5d7034d670>
IE_TRACE:                     12:39:21.505077 line        39                 middlewares.append(mw)
IE_TRACE:                     Modified var:.. middlewares = [<scrapy.extensions.corestats.CoreStats object at 0x7e5d704cd670>, <scrapy.telnet.TelnetConsole object at 0x7e5d704c8e30>, <scrapy.extensions.closespider.CloseSpider object at 0x7e5d7034d670>]
IE_TRACE:                     12:39:21.505100 line        30         for clspath in mwlist:
IE_TRACE:                     Modified var:.. clspath = 'scrapy.extensions.feedexport.FeedExporter'
IE_TRACE:                     12:39:21.505120 line        31             try:
IE_TRACE:                     12:39:21.505140 line        32                 mwcls = load_object(clspath)
IE_TRACE:                         Source path:... /path/to/BugsInPy/workspace/scrapy/scrapy/utils/misc.py
IE_TRACE:                         Starting var:.. path = 'scrapy.extensions.feedexport.FeedExporter'
IE_TRACE:                         12:39:21.505157 call        31 def load_object(path):
IE_TRACE:                         12:39:21.505173 line        38     try:
IE_TRACE:                         12:39:21.505183 line        39         dot = path.rindex('.')
IE_TRACE:                         New var:....... dot = 28
IE_TRACE:                         12:39:21.505195 line        43     module, name = path[:dot], path[dot+1:]
IE_TRACE:                         New var:....... module = 'scrapy.extensions.feedexport'
IE_TRACE:                         New var:....... name = 'FeedExporter'
IE_TRACE:                         12:39:21.505209 line        44     mod = import_module(module)
IE_TRACE:                         Source path:... /path/to/BugsInPy/workspace/scrapy/scrapy/utils/misc.py
IE_TRACE:                         New var:....... mod = <module 'scrapy.extensions.feedexport' from '/path/to/BugsInPy/workspace/scrapy/scrapy/extensions/feedexport.py'>
IE_TRACE:                         12:39:21.513297 line        46     try:
IE_TRACE:                         12:39:21.513320 line        47         obj = getattr(mod, name)
IE_TRACE:                         New var:....... obj = <class 'scrapy.extensions.feedexport.FeedExporter'>
IE_TRACE:                         12:39:21.513335 line        51     return obj
IE_TRACE:                         12:39:21.513355 return      51     return obj
IE_TRACE:                         Return value:.. <class 'scrapy.extensions.feedexport.FeedExporter'>
IE_TRACE:                     Source path:... /path/to/BugsInPy/workspace/scrapy/scrapy/middleware.py
IE_TRACE:                     Modified var:.. mwcls = <class 'scrapy.extensions.feedexport.FeedExporter'>
IE_TRACE:                     12:39:21.513376 line        33                 if crawler and hasattr(mwcls, 'from_crawler'):
IE_TRACE:                     12:39:21.513404 line        34                     mw = mwcls.from_crawler(crawler)
IE_TRACE:                         Source path:... /path/to/BugsInPy/workspace/scrapy/scrapy/extensions/feedexport.py
IE_TRACE:                         Starting var:.. cls = <class 'scrapy.extensions.feedexport.FeedExporter'>
IE_TRACE:                         Starting var:.. crawler = <scrapy.crawler.Crawler object at 0x7e5d705cff80>
IE_TRACE:                         12:39:21.513424 call       160     def from_crawler(cls, crawler):
IE_TRACE:                         12:39:21.513479 line       161         o = cls(crawler.settings)
IE_TRACE:                             Starting var:.. self = <scrapy.extensions.feedexport.FeedExporter object at 0x7e5d703ffb00>
IE_TRACE:                             Starting var:.. settings = <scrapy.settings.Settings object at 0x7e5d7033bd40>
IE_TRACE:                             12:39:21.513495 call       142     def __init__(self, settings):
IE_TRACE:                             12:39:21.513520 line       143         self.settings = settings
IE_TRACE:                             12:39:21.513532 line       144         self.urifmt = settings['FEED_URI']
IE_TRACE:                                 Source path:... /path/to/BugsInPy/workspace/scrapy/scrapy/settings/__init__.py
IE_TRACE:                                 Starting var:.. self = <scrapy.settings.Settings object at 0x7e5d7033bd40>
IE_TRACE:                                 Starting var:.. opt_name = 'FEED_URI'
IE_TRACE:                                 12:39:21.513543 call        57     def __getitem__(self, opt_name):
IE_TRACE:                                 12:39:21.513563 line        58         value = None
IE_TRACE:                                 New var:....... value = None
IE_TRACE:                                 12:39:21.513574 line        59         if opt_name in self.attributes:
IE_TRACE:                                 12:39:21.513589 line        60             value = self.attributes[opt_name].value
IE_TRACE:                                 12:39:21.513601 line        61         return value
IE_TRACE:                                 12:39:21.513613 return      61         return value
IE_TRACE:                                 Return value:.. None
IE_TRACE:                             Source path:... /path/to/BugsInPy/workspace/scrapy/scrapy/extensions/feedexport.py
IE_TRACE:                             12:39:21.513630 line       145         if not self.urifmt:
IE_TRACE:                             12:39:21.513644 line       146             raise NotConfigured
IE_TRACE:                             12:39:21.513655 exception  146             raise NotConfigured
IE_TRACE:                             Exception:..... scrapy.exceptions.NotConfigured
IE_TRACE:                             Call ended by exception
IE_TRACE:                         12:39:21.513695 exception  161         o = cls(crawler.settings)
IE_TRACE:                         Exception:..... scrapy.exceptions.NotConfigured
IE_TRACE:                         Call ended by exception
IE_TRACE:                     Source path:... /path/to/BugsInPy/workspace/scrapy/scrapy/middleware.py
IE_TRACE:                     12:39:21.513725 exception   34                     mw = mwcls.from_crawler(crawler)
IE_TRACE:                     Exception:..... scrapy.exceptions.NotConfigured
IE_TRACE:                     12:39:21.513753 line        40             except NotConfigured as e:
IE_TRACE:                     New var:....... e = NotConfigured()
IE_TRACE:                     12:39:21.513772 line        41                 if e.args:
IE_TRACE:                     12:39:21.513795 line        30         for clspath in mwlist:
IE_TRACE:                     Modified var:.. clspath = 'scrapy.extensions.logstats.LogStats'
IE_TRACE:                     12:39:21.513814 line        31             try:
IE_TRACE:                     12:39:21.513833 line        32                 mwcls = load_object(clspath)
IE_TRACE:                         Source path:... /path/to/BugsInPy/workspace/scrapy/scrapy/utils/misc.py
IE_TRACE:                         Starting var:.. path = 'scrapy.extensions.logstats.LogStats'
IE_TRACE:                         12:39:21.513850 call        31 def load_object(path):
IE_TRACE:                         12:39:21.513867 line        38     try:
IE_TRACE:                         12:39:21.513877 line        39         dot = path.rindex('.')
IE_TRACE:                         New var:....... dot = 26
IE_TRACE:                         12:39:21.513886 line        43     module, name = path[:dot], path[dot+1:]
IE_TRACE:                         New var:....... module = 'scrapy.extensions.logstats'
IE_TRACE:                         New var:....... name = 'LogStats'
IE_TRACE:                         12:39:21.513900 line        44     mod = import_module(module)
IE_TRACE:                         Source path:... /path/to/BugsInPy/workspace/scrapy/scrapy/utils/misc.py
IE_TRACE:                         New var:....... mod = <module 'scrapy.extensions.logstats' from '/path/to/BugsInPy/workspace/scrapy/scrapy/extensions/logstats.py'>
IE_TRACE:                         12:39:21.514876 line        46     try:
IE_TRACE:                         12:39:21.514896 line        47         obj = getattr(mod, name)
IE_TRACE:                         New var:....... obj = <class 'scrapy.extensions.logstats.LogStats'>
IE_TRACE:                         12:39:21.514910 line        51     return obj
IE_TRACE:                         12:39:21.514928 return      51     return obj
IE_TRACE:                         Return value:.. <class 'scrapy.extensions.logstats.LogStats'>
IE_TRACE:                     Source path:... /path/to/BugsInPy/workspace/scrapy/scrapy/middleware.py
IE_TRACE:                     Modified var:.. mwcls = <class 'scrapy.extensions.logstats.LogStats'>
IE_TRACE:                     12:39:21.514947 line        33                 if crawler and hasattr(mwcls, 'from_crawler'):
IE_TRACE:                     12:39:21.514971 line        34                     mw = mwcls.from_crawler(crawler)
IE_TRACE:                         Source path:... /path/to/BugsInPy/workspace/scrapy/scrapy/extensions/logstats.py
IE_TRACE:                         Starting var:.. cls = <class 'scrapy.extensions.logstats.LogStats'>
IE_TRACE:                         Starting var:.. crawler = <scrapy.crawler.Crawler object at 0x7e5d705cff80>
IE_TRACE:                         12:39:21.514991 call        20     def from_crawler(cls, crawler):
IE_TRACE:                         12:39:21.515031 line        21         interval = crawler.settings.getfloat('LOGSTATS_INTERVAL')
IE_TRACE:                             Source path:... /path/to/BugsInPy/workspace/scrapy/scrapy/settings/__init__.py
IE_TRACE:                             Starting var:.. self = <scrapy.settings.Settings object at 0x7e5d7033bd40>
IE_TRACE:                             Starting var:.. name = 'LOGSTATS_INTERVAL'
IE_TRACE:                             Starting var:.. default = 0.0
IE_TRACE:                             12:39:21.515043 call        76     def getfloat(self, name, default=0.0):
IE_TRACE:                             12:39:21.515068 line        77         return float(self.get(name, default))
IE_TRACE:                                 Starting var:.. self = <scrapy.settings.Settings object at 0x7e5d7033bd40>
IE_TRACE:                                 Starting var:.. name = 'LOGSTATS_INTERVAL'
IE_TRACE:                                 Starting var:.. default = 0.0
IE_TRACE:                                 12:39:21.515080 call        63     def get(self, name, default=None):
IE_TRACE:                                 12:39:21.515100 line        64         return self[name] if self[name] is not None else default
IE_TRACE:                                     Starting var:.. self = <scrapy.settings.Settings object at 0x7e5d7033bd40>
IE_TRACE:                                     Starting var:.. opt_name = 'LOGSTATS_INTERVAL'
IE_TRACE:                                     12:39:21.515112 call        57     def __getitem__(self, opt_name):
IE_TRACE:                                     12:39:21.515128 line        58         value = None
IE_TRACE:                                     New var:....... value = None
IE_TRACE:                                     12:39:21.515139 line        59         if opt_name in self.attributes:
IE_TRACE:                                     12:39:21.515153 line        60             value = self.attributes[opt_name].value
IE_TRACE:                                     Modified var:.. value = 60.0
IE_TRACE:                                     12:39:21.515164 line        61         return value
IE_TRACE:                                     12:39:21.515179 return      61         return value
IE_TRACE:                                     Return value:.. 60.0
IE_TRACE:                                     Starting var:.. self = <scrapy.settings.Settings object at 0x7e5d7033bd40>
IE_TRACE:                                     Starting var:.. opt_name = 'LOGSTATS_INTERVAL'
IE_TRACE:                                     12:39:21.515197 call        57     def __getitem__(self, opt_name):
IE_TRACE:                                     12:39:21.515214 line        58         value = None
IE_TRACE:                                     New var:....... value = None
IE_TRACE:                                     12:39:21.515224 line        59         if opt_name in self.attributes:
IE_TRACE:                                     12:39:21.515237 line        60             value = self.attributes[opt_name].value
IE_TRACE:                                     Modified var:.. value = 60.0
IE_TRACE:                                     12:39:21.515248 line        61         return value
IE_TRACE:                                     12:39:21.515261 return      61         return value
IE_TRACE:                                     Return value:.. 60.0
IE_TRACE:                                 12:39:21.515276 return      64         return self[name] if self[name] is not None else default
IE_TRACE:                                 Return value:.. 60.0
IE_TRACE:                             12:39:21.515291 return      77         return float(self.get(name, default))
IE_TRACE:                             Return value:.. 60.0
IE_TRACE:                         Source path:... /path/to/BugsInPy/workspace/scrapy/scrapy/extensions/logstats.py
IE_TRACE:                         New var:....... interval = 60.0
IE_TRACE:                         12:39:21.515304 line        22         if not interval:
IE_TRACE:                         12:39:21.515321 line        24         o = cls(crawler.stats, interval)
IE_TRACE:                             Starting var:.. self = <scrapy.extensions.logstats.LogStats object at 0x7e5d703ffb00>
IE_TRACE:                             Starting var:.. stats = <scrapy.statscollectors.MemoryStatsCollector object at 0x7e5d70339400>
IE_TRACE:                             Starting var:.. interval = 60.0
IE_TRACE:                             12:39:21.515333 call        14     def __init__(self, stats, interval=60.0):
IE_TRACE:                             12:39:21.515354 line        15         self.stats = stats
IE_TRACE:                             12:39:21.515366 line        16         self.interval = interval
IE_TRACE:                             12:39:21.515377 line        17         self.multiplier = 60.0 / self.interval
IE_TRACE:                             12:39:21.515388 return      17         self.multiplier = 60.0 / self.interval
IE_TRACE:                             Return value:.. None
IE_TRACE:                         New var:....... o = <scrapy.extensions.logstats.LogStats object at 0x7e5d703ffb00>
IE_TRACE:                         12:39:21.515403 line        25         crawler.signals.connect(o.spider_opened, signal=signals.spider_opened)
IE_TRACE:                             Source path:... /path/to/BugsInPy/workspace/scrapy/scrapy/signalmanager.py
IE_TRACE:                             Starting var:.. self = <scrapy.signalmanager.SignalManager object at 0x7e5d705cf680>
IE_TRACE:                             Starting var:.. receiver = <bound method LogStats.spider_opened of <scrapy.extensions.logstats.LogStats object at 0x7e5d703ffb00>>
IE_TRACE:                             Starting var:.. signal = <object object at 0x7e5d73f79340>
IE_TRACE:                             Starting var:.. kwargs = {}
IE_TRACE:                             12:39:21.515419 call        11     def connect(self, receiver, signal, **kwargs):
IE_TRACE:                             12:39:21.515445 line        25         kwargs.setdefault('sender', self.sender)
IE_TRACE:                             Modified var:.. kwargs = {'sender': <scrapy.crawler.Crawler object at 0x7e5d705cff80>}
IE_TRACE:                             12:39:21.515458 line        26         return dispatcher.connect(receiver, signal, **kwargs)
IE_TRACE:                                 Source path:... /path/to/.venv/lib/python3.12/site-packages/pydispatch/dispatcher.py
IE_TRACE:                                 Starting var:.. receiver = <bound method LogStats.spider_opened of <scrapy.extensions.logstats.LogStats object at 0x7e5d703ffb00>>
IE_TRACE:                                 Starting var:.. signal = <object object at 0x7e5d73f79340>
IE_TRACE:                                 Starting var:.. sender = <scrapy.crawler.Crawler object at 0x7e5d705cff80>
IE_TRACE:                                 Starting var:.. weak = True
IE_TRACE:                                 12:39:21.515476 call        73 def connect(receiver, signal=Any, sender=Any, weak=True):
IE_TRACE:                                 12:39:21.515505 line       125     if signal is None:
IE_TRACE:                                 12:39:21.515519 line       129     if weak:
IE_TRACE:                                 12:39:21.515533 line       130         receiver = saferef.safeRef(receiver, onDelete=_removeReceiver)
IE_TRACE:                                     Source path:... /path/to/.venv/lib/python3.12/site-packages/pydispatch/saferef.py
IE_TRACE:                                     Starting var:.. target = <bound method LogStats.spider_opened of <scrapy.extensions.logstats.LogStats object at 0x7e5d703ffb00>>
IE_TRACE:                                     Starting var:.. onDelete = <function _removeReceiver at 0x7e5d70468900>
IE_TRACE:                                     12:39:21.515547 call        10 def safeRef(target, onDelete = None):
IE_TRACE:                                     12:39:21.515568 line        21     if hasattr(target, im_self):
IE_TRACE:                                     12:39:21.515579 line        22         if getattr(target, im_self) is not None:
IE_TRACE:                                     12:39:21.515591 line        25             assert hasattr(target, im_func), """safeRef target %r has %s, but no %s, don't know how to create reference"""%( target,im_self,im_func)
IE_TRACE:                                     12:39:21.515603 line        26             reference = BoundMethodWeakref(
IE_TRACE:                                     12:39:21.515614 line        27                 target=target,
IE_TRACE:                                     12:39:21.515625 line        28                 onDelete=onDelete
IE_TRACE:                                     12:39:21.515636 line        26             reference = BoundMethodWeakref(
IE_TRACE:                                     New var:....... reference = BoundMethodWeakref( LogStats.spider_opened )
IE_TRACE:                                     12:39:21.515698 line        30             return reference
IE_TRACE:                                     12:39:21.515715 return      30             return reference
IE_TRACE:                                     Return value:.. BoundMethodWeakref( LogStats.spider_opened )
IE_TRACE:                                 Source path:... /path/to/.venv/lib/python3.12/site-packages/pydispatch/dispatcher.py
IE_TRACE:                                 Modified var:.. receiver = BoundMethodWeakref( LogStats.spider_opened )
IE_TRACE:                                 12:39:21.515731 line       131     senderkey = id(sender)
IE_TRACE:                                 New var:....... senderkey = 138939782201216
IE_TRACE:                                 12:39:21.515751 line       132     if senderkey in connections:
IE_TRACE:                                 12:39:21.515769 line       133         signals = connections[senderkey]
IE_TRACE:                                 New var:....... signals = {<object object at 0x7e5d73f79330>: [<weakref at 0x7e5d7038ff60; to 'function' at 0x7e5d721a1da0 (<lambda>)>, BoundMethodWeakref( TelnetConsole.stop_listening )], <object object at 0x7e5d73f79340>: [BoundMethodWeakref( CoreStats.spider_opened )], <...ect at 0x7e5d73f793f0>: [BoundMethodWeakref( CoreStats.item_dropped )], <object object at 0x7e5d73f793c0>: [BoundMethodWeakref( CoreStats.response_received )], <object object at 0x7e5d73f79370>: [BoundMethodWeakref( TelnetConsole.start_listening )]}
IE_TRACE:                                 12:39:21.515783 line       138     if sender not in (None, Anonymous, Any):
IE_TRACE:                                 12:39:21.515810 line       139         def remove(object, senderkey=senderkey):
IE_TRACE:                                 New var:....... remove = <function connect.<locals>.remove at 0x7e5d7046bd80>
IE_TRACE:                                 12:39:21.515830 line       143         try:
IE_TRACE:                                 12:39:21.515854 line       144             weakSender = weakref.ref(sender, remove)
IE_TRACE:                                 New var:....... weakSender = <weakref at 0x7e5d70247bf0; to 'Crawler' at 0x7e5d705cff80>
IE_TRACE:                                 12:39:21.515873 line       145             senders[senderkey] = weakSender
IE_TRACE:                                 12:39:21.515897 line       149     receiverID = id(receiver)
IE_TRACE:                                 New var:....... receiverID = 138939780299136
IE_TRACE:                                 12:39:21.515917 line       152     if signal in signals:
IE_TRACE:                                 12:39:21.515942 line       153         receivers = signals[signal]
IE_TRACE:                                 New var:....... receivers = [BoundMethodWeakref( CoreStats.spider_opened )]
IE_TRACE:                                 12:39:21.515963 line       154         _removeOldBackRefs(senderkey, signal, receiver, receivers)
IE_TRACE:                                     Starting var:.. senderkey = 138939782201216
IE_TRACE:                                     Starting var:.. signal = <object object at 0x7e5d73f79340>
IE_TRACE:                                     Starting var:.. receiver = BoundMethodWeakref( LogStats.spider_opened )
IE_TRACE:                                     Starting var:.. receivers = [BoundMethodWeakref( CoreStats.spider_opened )]
IE_TRACE:                                     12:39:21.515989 call       441 def _removeOldBackRefs(senderkey, signal, receiver, receivers):
IE_TRACE:                                     12:39:21.516016 line       450     try:
IE_TRACE:                                     12:39:21.516031 line       451         index = receivers.index(receiver)
IE_TRACE:                                     12:39:21.516050 exception  451         index = receivers.index(receiver)
IE_TRACE:                                     Exception:..... ValueError: BoundMethodWeakref( LogStats.spider_opened ) is not in list
IE_TRACE:                                     12:39:21.516080 line       453     except ValueError:
IE_TRACE:                                     12:39:21.516096 line       454         return False
IE_TRACE:                                     12:39:21.516111 return     454         return False
IE_TRACE:                                     Return value:.. False
IE_TRACE:                                 12:39:21.516129 line       157     try:
IE_TRACE:                                 12:39:21.516153 line       158         current = sendersBack.get( receiverID )
IE_TRACE:                                 New var:....... current = None
IE_TRACE:                                 12:39:21.516175 line       159         if current is None:
IE_TRACE:                                 12:39:21.516205 line       160             sendersBack[ receiverID ] = current = []
IE_TRACE:                                 Modified var:.. current = []
IE_TRACE:                                 12:39:21.516228 line       161         if senderkey not in current:
IE_TRACE:                                 12:39:21.516253 line       162             current.append(senderkey)
IE_TRACE:                                 Modified var:.. current = [138939782201216]
IE_TRACE:                                 12:39:21.516275 line       166     receivers.append(receiver)
IE_TRACE:                                 Modified var:.. signals = {<object object at 0x7e5d73f79330>: [<weakref at 0x7e5d7038ff60; to 'function' at 0x7e5d721a1da0 (<lambda>)>, BoundMethodWeakref( TelnetConsole.stop_listening )], <object object at 0x7e5d73f79340>: [BoundMethodWeakref( CoreStats.spider_opened ), Bo...ect at 0x7e5d73f793f0>: [BoundMethodWeakref( CoreStats.item_dropped )], <object object at 0x7e5d73f793c0>: [BoundMethodWeakref( CoreStats.response_received )], <object object at 0x7e5d73f79370>: [BoundMethodWeakref( TelnetConsole.start_listening )]}
IE_TRACE:                                 Modified var:.. receivers = [BoundMethodWeakref( CoreStats.spider_opened ), BoundMethodWeakref( LogStats.spider_opened )]
IE_TRACE:                                 12:39:21.516300 return     166     receivers.append(receiver)
IE_TRACE:                                 Return value:.. None
IE_TRACE:                             Source path:... /path/to/BugsInPy/workspace/scrapy/scrapy/signalmanager.py
IE_TRACE:                             12:39:21.516334 return      26         return dispatcher.connect(receiver, signal, **kwargs)
IE_TRACE:                             Return value:.. None
IE_TRACE:                         Source path:... /path/to/BugsInPy/workspace/scrapy/scrapy/extensions/logstats.py
IE_TRACE:                         12:39:21.516355 line        26         crawler.signals.connect(o.spider_closed, signal=signals.spider_closed)
IE_TRACE:                             Source path:... /path/to/BugsInPy/workspace/scrapy/scrapy/signalmanager.py
IE_TRACE:                             Starting var:.. self = <scrapy.signalmanager.SignalManager object at 0x7e5d705cf680>
IE_TRACE:                             Starting var:.. receiver = <bound method LogStats.spider_closed of <scrapy.extensions.logstats.LogStats object at 0x7e5d703ffb00>>
IE_TRACE:                             Starting var:.. signal = <object object at 0x7e5d73f79380>
IE_TRACE:                             Starting var:.. kwargs = {}
IE_TRACE:                             12:39:21.516372 call        11     def connect(self, receiver, signal, **kwargs):
IE_TRACE:                             12:39:21.516398 line        25         kwargs.setdefault('sender', self.sender)
IE_TRACE:                             Modified var:.. kwargs = {'sender': <scrapy.crawler.Crawler object at 0x7e5d705cff80>}
IE_TRACE:                             12:39:21.516410 line        26         return dispatcher.connect(receiver, signal, **kwargs)
IE_TRACE:                                 Source path:... /path/to/.venv/lib/python3.12/site-packages/pydispatch/dispatcher.py
IE_TRACE:                                 Starting var:.. receiver = <bound method LogStats.spider_closed of <scrapy.extensions.logstats.LogStats object at 0x7e5d703ffb00>>
IE_TRACE:                                 Starting var:.. signal = <object object at 0x7e5d73f79380>
IE_TRACE:                                 Starting var:.. sender = <scrapy.crawler.Crawler object at 0x7e5d705cff80>
IE_TRACE:                                 Starting var:.. weak = True
IE_TRACE:                                 12:39:21.516426 call        73 def connect(receiver, signal=Any, sender=Any, weak=True):
IE_TRACE:                                 12:39:21.516455 line       125     if signal is None:
IE_TRACE:                                 12:39:21.516469 line       129     if weak:
IE_TRACE:                                 12:39:21.516483 line       130         receiver = saferef.safeRef(receiver, onDelete=_removeReceiver)
IE_TRACE:                                     Source path:... /path/to/.venv/lib/python3.12/site-packages/pydispatch/saferef.py
IE_TRACE:                                     Starting var:.. target = <bound method LogStats.spider_closed of <scrapy.extensions.logstats.LogStats object at 0x7e5d703ffb00>>
IE_TRACE:                                     Starting var:.. onDelete = <function _removeReceiver at 0x7e5d70468900>
IE_TRACE:                                     12:39:21.516497 call        10 def safeRef(target, onDelete = None):
IE_TRACE:                                     12:39:21.516517 line        21     if hasattr(target, im_self):
IE_TRACE:                                     12:39:21.516528 line        22         if getattr(target, im_self) is not None:
IE_TRACE:                                     12:39:21.516540 line        25             assert hasattr(target, im_func), """safeRef target %r has %s, but no %s, don't know how to create reference"""%( target,im_self,im_func)
IE_TRACE:                                     12:39:21.516551 line        26             reference = BoundMethodWeakref(
IE_TRACE:                                     12:39:21.516562 line        27                 target=target,
IE_TRACE:                                     12:39:21.516573 line        28                 onDelete=onDelete
IE_TRACE:                                     12:39:21.516584 line        26             reference = BoundMethodWeakref(
IE_TRACE:                                     New var:....... reference = BoundMethodWeakref( LogStats.spider_closed )
IE_TRACE:                                     12:39:21.516641 line        30             return reference
IE_TRACE:                                     12:39:21.516658 return      30             return reference
IE_TRACE:                                     Return value:.. BoundMethodWeakref( LogStats.spider_closed )
IE_TRACE:                                 Source path:... /path/to/.venv/lib/python3.12/site-packages/pydispatch/dispatcher.py
IE_TRACE:                                 Modified var:.. receiver = BoundMethodWeakref( LogStats.spider_closed )
IE_TRACE:                                 12:39:21.516673 line       131     senderkey = id(sender)
IE_TRACE:                                 New var:....... senderkey = 138939782201216
IE_TRACE:                                 12:39:21.516693 line       132     if senderkey in connections:
IE_TRACE:                                 12:39:21.516710 line       133         signals = connections[senderkey]
IE_TRACE:                                 New var:....... signals = {<object object at 0x7e5d73f79330>: [<weakref at 0x7e5d7038ff60; to 'function' at 0x7e5d721a1da0 (<lambda>)>, BoundMethodWeakref( TelnetConsole.stop_listening )], <object object at 0x7e5d73f79340>: [BoundMethodWeakref( CoreStats.spider_opened ), Bo...ect at 0x7e5d73f793f0>: [BoundMethodWeakref( CoreStats.item_dropped )], <object object at 0x7e5d73f793c0>: [BoundMethodWeakref( CoreStats.response_received )], <object object at 0x7e5d73f79370>: [BoundMethodWeakref( TelnetConsole.start_listening )]}
IE_TRACE:                                 12:39:21.516725 line       138     if sender not in (None, Anonymous, Any):
IE_TRACE:                                 12:39:21.516747 line       139         def remove(object, senderkey=senderkey):
IE_TRACE:                                 New var:....... remove = <function connect.<locals>.remove at 0x7e5d7021e660>
IE_TRACE:                                 12:39:21.516767 line       143         try:
IE_TRACE:                                 12:39:21.516790 line       144             weakSender = weakref.ref(sender, remove)
IE_TRACE:                                 New var:....... weakSender = <weakref at 0x7e5d70247b50; to 'Crawler' at 0x7e5d705cff80>
IE_TRACE:                                 12:39:21.516810 line       145             senders[senderkey] = weakSender
IE_TRACE:                                 12:39:21.516833 line       149     receiverID = id(receiver)
IE_TRACE:                                 New var:....... receiverID = 138939782196176
IE_TRACE:                                 12:39:21.516854 line       152     if signal in signals:
IE_TRACE:                                 12:39:21.516877 line       153         receivers = signals[signal]
IE_TRACE:                                 New var:....... receivers = [BoundMethodWeakref( CoreStats.spider_closed ), BoundMethodWeakref( CloseSpider.spider_closed )]
IE_TRACE:                                 12:39:21.516898 line       154         _removeOldBackRefs(senderkey, signal, receiver, receivers)
IE_TRACE:                                     Starting var:.. senderkey = 138939782201216
IE_TRACE:                                     Starting var:.. signal = <object object at 0x7e5d73f79380>
IE_TRACE:                                     Starting var:.. receiver = BoundMethodWeakref( LogStats.spider_closed )
IE_TRACE:                                     Starting var:.. receivers = [BoundMethodWeakref( CoreStats.spider_closed ), BoundMethodWeakref( CloseSpider.spider_closed )]
IE_TRACE:                                     12:39:21.516923 call       441 def _removeOldBackRefs(senderkey, signal, receiver, receivers):
IE_TRACE:                                     12:39:21.516950 line       450     try:
IE_TRACE:                                     12:39:21.516964 line       451         index = receivers.index(receiver)
IE_TRACE:                                     12:39:21.516983 exception  451         index = receivers.index(receiver)
IE_TRACE:                                     Exception:..... ValueError: BoundMethodWeakref( LogStats.spider_closed ) is not in list
IE_TRACE:                                     12:39:21.517007 line       453     except ValueError:
IE_TRACE:                                     12:39:21.517023 line       454         return False
IE_TRACE:                                     12:39:21.517037 return     454         return False
IE_TRACE:                                     Return value:.. False
IE_TRACE:                                 12:39:21.517055 line       157     try:
IE_TRACE:                                 12:39:21.517078 line       158         current = sendersBack.get( receiverID )
IE_TRACE:                                 New var:....... current = None
IE_TRACE:                                 12:39:21.517100 line       159         if current is None:
IE_TRACE:                                 12:39:21.517126 line       160             sendersBack[ receiverID ] = current = []
IE_TRACE:                                 Modified var:.. current = []
IE_TRACE:                                 12:39:21.517150 line       161         if senderkey not in current:
IE_TRACE:                                 12:39:21.517176 line       162             current.append(senderkey)
IE_TRACE:                                 Modified var:.. current = [138939782201216]
IE_TRACE:                                 12:39:21.517199 line       166     receivers.append(receiver)
IE_TRACE:                                 Modified var:.. receivers = [BoundMethodWeakref( CoreStats.spider_closed ), BoundMethodWeakref( CloseSpider.spider_closed ), BoundMethodWeakref( LogStats.spider_closed )]
IE_TRACE:                                 12:39:21.517228 return     166     receivers.append(receiver)
IE_TRACE:                                 Return value:.. None
IE_TRACE:                             Source path:... /path/to/BugsInPy/workspace/scrapy/scrapy/signalmanager.py
IE_TRACE:                             12:39:21.517259 return      26         return dispatcher.connect(receiver, signal, **kwargs)
IE_TRACE:                             Return value:.. None
IE_TRACE:                         Source path:... /path/to/BugsInPy/workspace/scrapy/scrapy/extensions/logstats.py
IE_TRACE:                         12:39:21.517279 line        27         return o
IE_TRACE:                         12:39:21.517295 return      27         return o
IE_TRACE:                         Return value:.. <scrapy.extensions.logstats.LogStats object at 0x7e5d703ffb00>
IE_TRACE:                     Source path:... /path/to/BugsInPy/workspace/scrapy/scrapy/middleware.py
IE_TRACE:                     Modified var:.. mw = <scrapy.extensions.logstats.LogStats object at 0x7e5d703ffb00>
IE_TRACE:                     12:39:21.517310 line        39                 middlewares.append(mw)
IE_TRACE:                     Modified var:.. middlewares = [<scrapy.extensions.corestats.CoreStats object at 0x7e5d704cd670>, <scrapy.telnet.TelnetConsole object at 0x7e5d704c8e30>, <scrapy.extensions.closespider.CloseSpider object at 0x7e5d7034d670>, <scrapy.extensions.logstats.LogStats object at 0x7e5d703ffb00>]
IE_TRACE:                     12:39:21.517334 line        30         for clspath in mwlist:
IE_TRACE:                     Modified var:.. clspath = 'scrapy.extensions.spiderstate.SpiderState'
IE_TRACE:                     12:39:21.517354 line        31             try:
IE_TRACE:                     12:39:21.517374 line        32                 mwcls = load_object(clspath)
IE_TRACE:                         Source path:... /path/to/BugsInPy/workspace/scrapy/scrapy/utils/misc.py
IE_TRACE:                         Starting var:.. path = 'scrapy.extensions.spiderstate.SpiderState'
IE_TRACE:                         12:39:21.517392 call        31 def load_object(path):
IE_TRACE:                         12:39:21.517407 line        38     try:
IE_TRACE:                         12:39:21.517417 line        39         dot = path.rindex('.')
IE_TRACE:                         New var:....... dot = 29
IE_TRACE:                         12:39:21.517426 line        43     module, name = path[:dot], path[dot+1:]
IE_TRACE:                         New var:....... module = 'scrapy.extensions.spiderstate'
IE_TRACE:                         New var:....... name = 'SpiderState'
IE_TRACE:                         12:39:21.517440 line        44     mod = import_module(module)
IE_TRACE:                         Source path:... /path/to/BugsInPy/workspace/scrapy/scrapy/utils/misc.py
IE_TRACE:                         New var:....... mod = <module 'scrapy.extensions.spiderstate' from '/path/to/BugsInPy/workspace/scrapy/scrapy/extensions/spiderstate.py'>
IE_TRACE:                         12:39:21.519587 line        46     try:
IE_TRACE:                         12:39:21.519609 line        47         obj = getattr(mod, name)
IE_TRACE:                         New var:....... obj = <class 'scrapy.extensions.spiderstate.SpiderState'>
IE_TRACE:                         12:39:21.519624 line        51     return obj
IE_TRACE:                         12:39:21.519642 return      51     return obj
IE_TRACE:                         Return value:.. <class 'scrapy.extensions.spiderstate.SpiderState'>
IE_TRACE:                     Source path:... /path/to/BugsInPy/workspace/scrapy/scrapy/middleware.py
IE_TRACE:                     Modified var:.. mwcls = <class 'scrapy.extensions.spiderstate.SpiderState'>
IE_TRACE:                     12:39:21.519660 line        33                 if crawler and hasattr(mwcls, 'from_crawler'):
IE_TRACE:                     12:39:21.519687 line        34                     mw = mwcls.from_crawler(crawler)
IE_TRACE:                         Source path:... /path/to/BugsInPy/workspace/scrapy/scrapy/extensions/spiderstate.py
IE_TRACE:                         Starting var:.. cls = <class 'scrapy.extensions.spiderstate.SpiderState'>
IE_TRACE:                         Starting var:.. crawler = <scrapy.crawler.Crawler object at 0x7e5d705cff80>
IE_TRACE:                         12:39:21.519707 call        15     def from_crawler(cls, crawler):
IE_TRACE:                         12:39:21.519750 line        16         obj = cls(job_dir(crawler.settings))
IE_TRACE:                             Source path:... /path/to/BugsInPy/workspace/scrapy/scrapy/utils/job.py
IE_TRACE:                             Starting var:.. settings = <scrapy.settings.Settings object at 0x7e5d7033bd40>
IE_TRACE:                             12:39:21.519763 call         3 def job_dir(settings):
IE_TRACE:                             12:39:21.519791 line         4     path = settings['JOBDIR']
IE_TRACE:                                 Source path:... /path/to/BugsInPy/workspace/scrapy/scrapy/settings/__init__.py
IE_TRACE:                                 Starting var:.. self = <scrapy.settings.Settings object at 0x7e5d7033bd40>
IE_TRACE:                                 Starting var:.. opt_name = 'JOBDIR'
IE_TRACE:                                 12:39:21.519802 call        57     def __getitem__(self, opt_name):
IE_TRACE:                                 12:39:21.519821 line        58         value = None
IE_TRACE:                                 New var:....... value = None
IE_TRACE:                                 12:39:21.519831 line        59         if opt_name in self.attributes:
IE_TRACE:                                 12:39:21.519845 line        61         return value
IE_TRACE:                                 12:39:21.519856 return      61         return value
IE_TRACE:                                 Return value:.. None
IE_TRACE:                             Source path:... /path/to/BugsInPy/workspace/scrapy/scrapy/utils/job.py
IE_TRACE:                             New var:....... path = None
IE_TRACE:                             12:39:21.519871 line         5     if path and not os.path.exists(path):
IE_TRACE:                             12:39:21.519887 line         7     return path
IE_TRACE:                             12:39:21.519896 return       7     return path
IE_TRACE:                             Return value:.. None
IE_TRACE:                             Source path:... /path/to/BugsInPy/workspace/scrapy/scrapy/extensions/spiderstate.py
IE_TRACE:                             Starting var:.. self = <scrapy.extensions.spiderstate.SpiderState object at 0x7e5d70338a70>
IE_TRACE:                             Starting var:.. jobdir = None
IE_TRACE:                             12:39:21.519911 call        11     def __init__(self, jobdir=None):
IE_TRACE:                             12:39:21.519930 line        12         self.jobdir = jobdir
IE_TRACE:                             12:39:21.519940 return      12         self.jobdir = jobdir
IE_TRACE:                             Return value:.. None
IE_TRACE:                         New var:....... obj = <scrapy.extensions.spiderstate.SpiderState object at 0x7e5d70338a70>
IE_TRACE:                         12:39:21.519953 line        17         crawler.signals.connect(obj.spider_closed, signal=signals.spider_closed)
IE_TRACE:                             Source path:... /path/to/BugsInPy/workspace/scrapy/scrapy/signalmanager.py
IE_TRACE:                             Starting var:.. self = <scrapy.signalmanager.SignalManager object at 0x7e5d705cf680>
IE_TRACE:                             Starting var:.. receiver = <bound method SpiderState.spider_closed of <scrapy.extensions.spiderstate.SpiderState object at 0x7e5d70338a70>>
IE_TRACE:                             Starting var:.. signal = <object object at 0x7e5d73f79380>
IE_TRACE:                             Starting var:.. kwargs = {}
IE_TRACE:                             12:39:21.519968 call        11     def connect(self, receiver, signal, **kwargs):
IE_TRACE:                             12:39:21.519996 line        25         kwargs.setdefault('sender', self.sender)
IE_TRACE:                             Modified var:.. kwargs = {'sender': <scrapy.crawler.Crawler object at 0x7e5d705cff80>}
IE_TRACE:                             12:39:21.520009 line        26         return dispatcher.connect(receiver, signal, **kwargs)
IE_TRACE:                                 Source path:... /path/to/.venv/lib/python3.12/site-packages/pydispatch/dispatcher.py
IE_TRACE:                                 Starting var:.. receiver = <bound method SpiderState.spider_closed of <scrapy.extensions.spiderstate.SpiderState object at 0x7e5d70338a70>>
IE_TRACE:                                 Starting var:.. signal = <object object at 0x7e5d73f79380>
IE_TRACE:                                 Starting var:.. sender = <scrapy.crawler.Crawler object at 0x7e5d705cff80>
IE_TRACE:                                 Starting var:.. weak = True
IE_TRACE:                                 12:39:21.520026 call        73 def connect(receiver, signal=Any, sender=Any, weak=True):
IE_TRACE:                                 12:39:21.520054 line       125     if signal is None:
IE_TRACE:                                 12:39:21.520069 line       129     if weak:
IE_TRACE:                                 12:39:21.520082 line       130         receiver = saferef.safeRef(receiver, onDelete=_removeReceiver)
IE_TRACE:                                     Source path:... /path/to/.venv/lib/python3.12/site-packages/pydispatch/saferef.py
IE_TRACE:                                     Starting var:.. target = <bound method SpiderState.spider_closed of <scrapy.extensions.spiderstate.SpiderState object at 0x7e5d70338a70>>
IE_TRACE:                                     Starting var:.. onDelete = <function _removeReceiver at 0x7e5d70468900>
IE_TRACE:                                     12:39:21.520096 call        10 def safeRef(target, onDelete = None):
IE_TRACE:                                     12:39:21.520117 line        21     if hasattr(target, im_self):
IE_TRACE:                                     12:39:21.520128 line        22         if getattr(target, im_self) is not None:
IE_TRACE:                                     12:39:21.520140 line        25             assert hasattr(target, im_func), """safeRef target %r has %s, but no %s, don't know how to create reference"""%( target,im_self,im_func)
IE_TRACE:                                     12:39:21.520151 line        26             reference = BoundMethodWeakref(
IE_TRACE:                                     12:39:21.520162 line        27                 target=target,
IE_TRACE:                                     12:39:21.520173 line        28                 onDelete=onDelete
IE_TRACE:                                     12:39:21.520184 line        26             reference = BoundMethodWeakref(
IE_TRACE:                                     New var:....... reference = BoundMethodWeakref( SpiderState.spider_closed )
IE_TRACE:                                     12:39:21.520247 line        30             return reference
IE_TRACE:                                     12:39:21.520264 return      30             return reference
IE_TRACE:                                     Return value:.. BoundMethodWeakref( SpiderState.spider_closed )
IE_TRACE:                                 Source path:... /path/to/.venv/lib/python3.12/site-packages/pydispatch/dispatcher.py
IE_TRACE:                                 Modified var:.. receiver = BoundMethodWeakref( SpiderState.spider_closed )
IE_TRACE:                                 12:39:21.520282 line       131     senderkey = id(sender)
IE_TRACE:                                 New var:....... senderkey = 138939782201216
IE_TRACE:                                 12:39:21.520301 line       132     if senderkey in connections:
IE_TRACE:                                 12:39:21.520319 line       133         signals = connections[senderkey]
IE_TRACE:                                 New var:....... signals = {<object object at 0x7e5d73f79330>: [<weakref at 0x7e5d7038ff60; to 'function' at 0x7e5d721a1da0 (<lambda>)>, BoundMethodWeakref( TelnetConsole.stop_listening )], <object object at 0x7e5d73f79340>: [BoundMethodWeakref( CoreStats.spider_opened ), Bo...ect at 0x7e5d73f793f0>: [BoundMethodWeakref( CoreStats.item_dropped )], <object object at 0x7e5d73f793c0>: [BoundMethodWeakref( CoreStats.response_received )], <object object at 0x7e5d73f79370>: [BoundMethodWeakref( TelnetConsole.start_listening )]}
IE_TRACE:                                 12:39:21.520334 line       138     if sender not in (None, Anonymous, Any):
IE_TRACE:                                 12:39:21.520361 line       139         def remove(object, senderkey=senderkey):
IE_TRACE:                                 New var:....... remove = <function connect.<locals>.remove at 0x7e5d702605e0>
IE_TRACE:                                 12:39:21.520381 line       143         try:
IE_TRACE:                                 12:39:21.520405 line       144             weakSender = weakref.ref(sender, remove)
IE_TRACE:                                 New var:....... weakSender = <weakref at 0x7e5d702685e0; to 'Crawler' at 0x7e5d705cff80>
IE_TRACE:                                 12:39:21.520425 line       145             senders[senderkey] = weakSender
IE_TRACE:                                 12:39:21.520450 line       149     receiverID = id(receiver)
IE_TRACE:                                 New var:....... receiverID = 138939797722016
IE_TRACE:                                 12:39:21.520471 line       152     if signal in signals:
IE_TRACE:                                 12:39:21.520496 line       153         receivers = signals[signal]
IE_TRACE:                                 New var:....... receivers = [BoundMethodWeakref( CoreStats.spider_closed ), BoundMethodWeakref( CloseSpider.spider_closed ), BoundMethodWeakref( LogStats.spider_closed )]
IE_TRACE:                                 12:39:21.520517 line       154         _removeOldBackRefs(senderkey, signal, receiver, receivers)
IE_TRACE:                                     Starting var:.. senderkey = 138939782201216
IE_TRACE:                                     Starting var:.. signal = <object object at 0x7e5d73f79380>
IE_TRACE:                                     Starting var:.. receiver = BoundMethodWeakref( SpiderState.spider_closed )
IE_TRACE:                                     Starting var:.. receivers = [BoundMethodWeakref( CoreStats.spider_closed ), BoundMethodWeakref( CloseSpider.spider_closed ), BoundMethodWeakref( LogStats.spider_closed )]
IE_TRACE:                                     12:39:21.520544 call       441 def _removeOldBackRefs(senderkey, signal, receiver, receivers):
IE_TRACE:                                     12:39:21.520571 line       450     try:
IE_TRACE:                                     12:39:21.520586 line       451         index = receivers.index(receiver)
IE_TRACE:                                     12:39:21.520606 exception  451         index = receivers.index(receiver)
IE_TRACE:                                     Exception:..... ValueError: BoundMethodWeakref( SpiderState.spider_closed ) is not in list
IE_TRACE:                                     12:39:21.520636 line       453     except ValueError:
IE_TRACE:                                     12:39:21.520653 line       454         return False
IE_TRACE:                                     12:39:21.520668 return     454         return False
IE_TRACE:                                     Return value:.. False
IE_TRACE:                                 12:39:21.520688 line       157     try:
IE_TRACE:                                 12:39:21.520712 line       158         current = sendersBack.get( receiverID )
IE_TRACE:                                 New var:....... current = None
IE_TRACE:                                 12:39:21.520735 line       159         if current is None:
IE_TRACE:                                 12:39:21.520762 line       160             sendersBack[ receiverID ] = current = []
IE_TRACE:                                 Modified var:.. current = []
IE_TRACE:                                 12:39:21.520786 line       161         if senderkey not in current:
IE_TRACE:                                 12:39:21.520812 line       162             current.append(senderkey)
IE_TRACE:                                 Modified var:.. current = [138939782201216]
IE_TRACE:                                 12:39:21.520835 line       166     receivers.append(receiver)
IE_TRACE:                                 Modified var:.. receivers = [BoundMethodWeakref( CoreStats.spider_closed ), BoundMethodWeakref( CloseSpider.spider_closed ), BoundMethodWeakref( LogStats.spider_closed ), BoundMethodWeakref( SpiderState.spider_closed )]
IE_TRACE:                                 12:39:21.520861 return     166     receivers.append(receiver)
IE_TRACE:                                 Return value:.. None
IE_TRACE:                             Source path:... /path/to/BugsInPy/workspace/scrapy/scrapy/signalmanager.py
IE_TRACE:                             12:39:21.520892 return      26         return dispatcher.connect(receiver, signal, **kwargs)
IE_TRACE:                             Return value:.. None
IE_TRACE:                         Source path:... /path/to/BugsInPy/workspace/scrapy/scrapy/extensions/spiderstate.py
IE_TRACE:                         12:39:21.520913 line        18         crawler.signals.connect(obj.spider_opened, signal=signals.spider_opened)
IE_TRACE:                             Source path:... /path/to/BugsInPy/workspace/scrapy/scrapy/signalmanager.py
IE_TRACE:                             Starting var:.. self = <scrapy.signalmanager.SignalManager object at 0x7e5d705cf680>
IE_TRACE:                             Starting var:.. receiver = <bound method SpiderState.spider_opened of <scrapy.extensions.spiderstate.SpiderState object at 0x7e5d70338a70>>
IE_TRACE:                             Starting var:.. signal = <object object at 0x7e5d73f79340>
IE_TRACE:                             Starting var:.. kwargs = {}
IE_TRACE:                             12:39:21.520928 call        11     def connect(self, receiver, signal, **kwargs):
IE_TRACE:                             12:39:21.520954 line        25         kwargs.setdefault('sender', self.sender)
IE_TRACE:                             Modified var:.. kwargs = {'sender': <scrapy.crawler.Crawler object at 0x7e5d705cff80>}
IE_TRACE:                             12:39:21.520967 line        26         return dispatcher.connect(receiver, signal, **kwargs)
IE_TRACE:                                 Source path:... /path/to/.venv/lib/python3.12/site-packages/pydispatch/dispatcher.py
IE_TRACE:                                 Starting var:.. receiver = <bound method SpiderState.spider_opened of <scrapy.extensions.spiderstate.SpiderState object at 0x7e5d70338a70>>
IE_TRACE:                                 Starting var:.. signal = <object object at 0x7e5d73f79340>
IE_TRACE:                                 Starting var:.. sender = <scrapy.crawler.Crawler object at 0x7e5d705cff80>
IE_TRACE:                                 Starting var:.. weak = True
IE_TRACE:                                 12:39:21.520983 call        73 def connect(receiver, signal=Any, sender=Any, weak=True):
IE_TRACE:                                 12:39:21.521011 line       125     if signal is None:
IE_TRACE:                                 12:39:21.521025 line       129     if weak:
IE_TRACE:                                 12:39:21.521038 line       130         receiver = saferef.safeRef(receiver, onDelete=_removeReceiver)
IE_TRACE:                                     Source path:... /path/to/.venv/lib/python3.12/site-packages/pydispatch/saferef.py
IE_TRACE:                                     Starting var:.. target = <bound method SpiderState.spider_opened of <scrapy.extensions.spiderstate.SpiderState object at 0x7e5d70338a70>>
IE_TRACE:                                     Starting var:.. onDelete = <function _removeReceiver at 0x7e5d70468900>
IE_TRACE:                                     12:39:21.521052 call        10 def safeRef(target, onDelete = None):
IE_TRACE:                                     12:39:21.521073 line        21     if hasattr(target, im_self):
IE_TRACE:                                     12:39:21.521084 line        22         if getattr(target, im_self) is not None:
IE_TRACE:                                     12:39:21.521096 line        25             assert hasattr(target, im_func), """safeRef target %r has %s, but no %s, don't know how to create reference"""%( target,im_self,im_func)
IE_TRACE:                                     12:39:21.521107 line        26             reference = BoundMethodWeakref(
IE_TRACE:                                     12:39:21.521118 line        27                 target=target,
IE_TRACE:                                     12:39:21.521129 line        28                 onDelete=onDelete
IE_TRACE:                                     12:39:21.521140 line        26             reference = BoundMethodWeakref(
IE_TRACE:                                     New var:....... reference = BoundMethodWeakref( SpiderState.spider_opened )
IE_TRACE:                                     12:39:21.521199 line        30             return reference
IE_TRACE:                                     12:39:21.521215 return      30             return reference
IE_TRACE:                                     Return value:.. BoundMethodWeakref( SpiderState.spider_opened )
IE_TRACE:                                 Source path:... /path/to/.venv/lib/python3.12/site-packages/pydispatch/dispatcher.py
IE_TRACE:                                 Modified var:.. receiver = BoundMethodWeakref( SpiderState.spider_opened )
IE_TRACE:                                 12:39:21.521231 line       131     senderkey = id(sender)
IE_TRACE:                                 New var:....... senderkey = 138939782201216
IE_TRACE:                                 12:39:21.521250 line       132     if senderkey in connections:
IE_TRACE:                                 12:39:21.521267 line       133         signals = connections[senderkey]
IE_TRACE:                                 New var:....... signals = {<object object at 0x7e5d73f79330>: [<weakref at 0x7e5d7038ff60; to 'function' at 0x7e5d721a1da0 (<lambda>)>, BoundMethodWeakref( TelnetConsole.stop_listening )], <object object at 0x7e5d73f79340>: [BoundMethodWeakref( CoreStats.spider_opened ), Bo...ect at 0x7e5d73f793f0>: [BoundMethodWeakref( CoreStats.item_dropped )], <object object at 0x7e5d73f793c0>: [BoundMethodWeakref( CoreStats.response_received )], <object object at 0x7e5d73f79370>: [BoundMethodWeakref( TelnetConsole.start_listening )]}
IE_TRACE:                                 12:39:21.521282 line       138     if sender not in (None, Anonymous, Any):
IE_TRACE:                                 12:39:21.521306 line       139         def remove(object, senderkey=senderkey):
IE_TRACE:                                 New var:....... remove = <function connect.<locals>.remove at 0x7e5d7021e660>
IE_TRACE:                                 12:39:21.521325 line       143         try:
IE_TRACE:                                 12:39:21.521349 line       144             weakSender = weakref.ref(sender, remove)
IE_TRACE:                                 New var:....... weakSender = <weakref at 0x7e5d70268540; to 'Crawler' at 0x7e5d705cff80>
IE_TRACE:                                 12:39:21.521369 line       145             senders[senderkey] = weakSender
IE_TRACE:                                 12:39:21.521393 line       149     receiverID = id(receiver)
IE_TRACE:                                 New var:....... receiverID = 138939782200352
IE_TRACE:                                 12:39:21.521414 line       152     if signal in signals:
IE_TRACE:                                 12:39:21.521438 line       153         receivers = signals[signal]
IE_TRACE:                                 New var:....... receivers = [BoundMethodWeakref( CoreStats.spider_opened ), BoundMethodWeakref( LogStats.spider_opened )]
IE_TRACE:                                 12:39:21.521459 line       154         _removeOldBackRefs(senderkey, signal, receiver, receivers)
IE_TRACE:                                     Starting var:.. senderkey = 138939782201216
IE_TRACE:                                     Starting var:.. signal = <object object at 0x7e5d73f79340>
IE_TRACE:                                     Starting var:.. receiver = BoundMethodWeakref( SpiderState.spider_opened )
IE_TRACE:                                     Starting var:.. receivers = [BoundMethodWeakref( CoreStats.spider_opened ), BoundMethodWeakref( LogStats.spider_opened )]
IE_TRACE:                                     12:39:21.521485 call       441 def _removeOldBackRefs(senderkey, signal, receiver, receivers):
IE_TRACE:                                     12:39:21.521510 line       450     try:
IE_TRACE:                                     12:39:21.521525 line       451         index = receivers.index(receiver)
IE_TRACE:                                     12:39:21.521544 exception  451         index = receivers.index(receiver)
IE_TRACE:                                     Exception:..... ValueError: BoundMethodWeakref( SpiderState.spider_opened ) is not in list
IE_TRACE:                                     12:39:21.521568 line       453     except ValueError:
IE_TRACE:                                     12:39:21.521584 line       454         return False
IE_TRACE:                                     12:39:21.521598 return     454         return False
IE_TRACE:                                     Return value:.. False
IE_TRACE:                                 12:39:21.521617 line       157     try:
IE_TRACE:                                 12:39:21.521640 line       158         current = sendersBack.get( receiverID )
IE_TRACE:                                 New var:....... current = None
IE_TRACE:                                 12:39:21.521662 line       159         if current is None:
IE_TRACE:                                 12:39:21.521689 line       160             sendersBack[ receiverID ] = current = []
IE_TRACE:                                 Modified var:.. current = []
IE_TRACE:                                 12:39:21.521712 line       161         if senderkey not in current:
IE_TRACE:                                 12:39:21.521739 line       162             current.append(senderkey)
IE_TRACE:                                 Modified var:.. current = [138939782201216]
IE_TRACE:                                 12:39:21.521762 line       166     receivers.append(receiver)
IE_TRACE:                                 Modified var:.. receivers = [BoundMethodWeakref( CoreStats.spider_opened ), BoundMethodWeakref( LogStats.spider_opened ), BoundMethodWeakref( SpiderState.spider_opened )]
IE_TRACE:                                 12:39:21.521788 return     166     receivers.append(receiver)
IE_TRACE:                                 Return value:.. None
IE_TRACE:                             Source path:... /path/to/BugsInPy/workspace/scrapy/scrapy/signalmanager.py
IE_TRACE:                             12:39:21.521817 return      26         return dispatcher.connect(receiver, signal, **kwargs)
IE_TRACE:                             Return value:.. None
IE_TRACE:                         Source path:... /path/to/BugsInPy/workspace/scrapy/scrapy/extensions/spiderstate.py
IE_TRACE:                         12:39:21.521838 line        19         return obj
IE_TRACE:                         12:39:21.521852 return      19         return obj
IE_TRACE:                         Return value:.. <scrapy.extensions.spiderstate.SpiderState object at 0x7e5d70338a70>
IE_TRACE:                     Source path:... /path/to/BugsInPy/workspace/scrapy/scrapy/middleware.py
IE_TRACE:                     Modified var:.. mw = <scrapy.extensions.spiderstate.SpiderState object at 0x7e5d70338a70>
IE_TRACE:                     12:39:21.521867 line        39                 middlewares.append(mw)
IE_TRACE:                     Modified var:.. middlewares = [<scrapy.extensions.corestats.CoreStats object at 0x7e5d704cd670>, <scrapy.telnet.TelnetConsole object at 0x7e5d704c8e30>, <scrapy.extensions.closespider.CloseSpider object at 0x7e5d7034d670>, <scrapy.extensions.logstats.LogStats object at 0x7e5d703ffb00>, <scrapy.extensions.spiderstate.SpiderState object at 0x7e5d70338a70>]
IE_TRACE:                     12:39:21.521891 line        30         for clspath in mwlist:
IE_TRACE:                     Modified var:.. clspath = 'scrapy.extensions.throttle.AutoThrottle'
IE_TRACE:                     12:39:21.521914 line        31             try:
IE_TRACE:                     12:39:21.521935 line        32                 mwcls = load_object(clspath)
IE_TRACE:                         Source path:... /path/to/BugsInPy/workspace/scrapy/scrapy/utils/misc.py
IE_TRACE:                         Starting var:.. path = 'scrapy.extensions.throttle.AutoThrottle'
IE_TRACE:                         12:39:21.521954 call        31 def load_object(path):
IE_TRACE:                         12:39:21.521970 line        38     try:
IE_TRACE:                         12:39:21.521980 line        39         dot = path.rindex('.')
IE_TRACE:                         New var:....... dot = 26
IE_TRACE:                         12:39:21.521991 line        43     module, name = path[:dot], path[dot+1:]
IE_TRACE:                         New var:....... module = 'scrapy.extensions.throttle'
IE_TRACE:                         New var:....... name = 'AutoThrottle'
IE_TRACE:                         12:39:21.522004 line        44     mod = import_module(module)
IE_TRACE:                         Source path:... /path/to/BugsInPy/workspace/scrapy/scrapy/utils/misc.py
IE_TRACE:                         New var:....... mod = <module 'scrapy.extensions.throttle' from '/path/to/BugsInPy/workspace/scrapy/scrapy/extensions/throttle.py'>
IE_TRACE:                         12:39:21.522985 line        46     try:
IE_TRACE:                         12:39:21.523006 line        47         obj = getattr(mod, name)
IE_TRACE:                         New var:....... obj = <class 'scrapy.extensions.throttle.AutoThrottle'>
IE_TRACE:                         12:39:21.523020 line        51     return obj
IE_TRACE:                         12:39:21.523038 return      51     return obj
IE_TRACE:                         Return value:.. <class 'scrapy.extensions.throttle.AutoThrottle'>
IE_TRACE:                     Source path:... /path/to/BugsInPy/workspace/scrapy/scrapy/middleware.py
IE_TRACE:                     Modified var:.. mwcls = <class 'scrapy.extensions.throttle.AutoThrottle'>
IE_TRACE:                     12:39:21.523056 line        33                 if crawler and hasattr(mwcls, 'from_crawler'):
IE_TRACE:                     12:39:21.523084 line        34                     mw = mwcls.from_crawler(crawler)
IE_TRACE:                         Source path:... /path/to/BugsInPy/workspace/scrapy/scrapy/extensions/throttle.py
IE_TRACE:                         Starting var:.. cls = <class 'scrapy.extensions.throttle.AutoThrottle'>
IE_TRACE:                         Starting var:.. crawler = <scrapy.crawler.Crawler object at 0x7e5d705cff80>
IE_TRACE:                         12:39:21.523103 call        22     def from_crawler(cls, crawler):
IE_TRACE:                         12:39:21.523146 line        23         return cls(crawler)
IE_TRACE:                             Starting var:.. self = <scrapy.extensions.throttle.AutoThrottle object at 0x7e5d703ffb30>
IE_TRACE:                             Starting var:.. crawler = <scrapy.crawler.Crawler object at 0x7e5d705cff80>
IE_TRACE:                             12:39:21.523159 call        11     def __init__(self, crawler):
IE_TRACE:                             12:39:21.523176 line        12         self.crawler = crawler
IE_TRACE:                             12:39:21.523187 line        13         if not crawler.settings.getbool('AUTOTHROTTLE_ENABLED'):
IE_TRACE:                                 Source path:... /path/to/BugsInPy/workspace/scrapy/scrapy/settings/__init__.py
IE_TRACE:                                 Starting var:.. self = <scrapy.settings.Settings object at 0x7e5d7033bd40>
IE_TRACE:                                 Starting var:.. name = 'AUTOTHROTTLE_ENABLED'
IE_TRACE:                                 Starting var:.. default = False
IE_TRACE:                                 12:39:21.523198 call        66     def getbool(self, name, default=False):
IE_TRACE:                                 12:39:21.523226 line        71         return bool(int(self.get(name, default)))
IE_TRACE:                                     Starting var:.. self = <scrapy.settings.Settings object at 0x7e5d7033bd40>
IE_TRACE:                                     Starting var:.. name = 'AUTOTHROTTLE_ENABLED'
IE_TRACE:                                     Starting var:.. default = False
IE_TRACE:                                     12:39:21.523238 call        63     def get(self, name, default=None):
IE_TRACE:                                     12:39:21.523259 line        64         return self[name] if self[name] is not None else default
IE_TRACE:                                     12:39:21.523276 return      64         return self[name] if self[name] is not None else default
IE_TRACE:                                     Return value:.. False
IE_TRACE:                                 12:39:21.523292 return      71         return bool(int(self.get(name, default)))
IE_TRACE:                                 Return value:.. False
IE_TRACE:                             Source path:... /path/to/BugsInPy/workspace/scrapy/scrapy/extensions/throttle.py
IE_TRACE:                             12:39:21.523306 line        14             raise NotConfigured
IE_TRACE:                             12:39:21.523320 exception   14             raise NotConfigured
IE_TRACE:                             Exception:..... scrapy.exceptions.NotConfigured
IE_TRACE:                             Call ended by exception
IE_TRACE:                         12:39:21.523356 exception   23         return cls(crawler)
IE_TRACE:                         Exception:..... scrapy.exceptions.NotConfigured
IE_TRACE:                         Call ended by exception
IE_TRACE:                     Source path:... /path/to/BugsInPy/workspace/scrapy/scrapy/middleware.py
IE_TRACE:                     12:39:21.523384 exception   34                     mw = mwcls.from_crawler(crawler)
IE_TRACE:                     Exception:..... scrapy.exceptions.NotConfigured
IE_TRACE:                     12:39:21.523413 line        40             except NotConfigured as e:
IE_TRACE:                     New var:....... e = NotConfigured()
IE_TRACE:                     12:39:21.523432 line        41                 if e.args:
IE_TRACE:                     12:39:21.523455 line        30         for clspath in mwlist:
IE_TRACE:                     12:39:21.523474 line        47         enabled = [x.__class__.__name__ for x in middlewares]
IE_TRACE:                     New var:....... x = <scrapy.extensions.corestats.CoreStats object at 0x7e5d704cd670>
IE_TRACE:                     12:39:21.523491 line        47         enabled = [x.__class__.__name__ for x in middlewares]
IE_TRACE:                     Modified var:.. x = <scrapy.telnet.TelnetConsole object at 0x7e5d704c8e30>
IE_TRACE:     [CONDENSED] 1 identical loop iterations skipped (3 total iterations, showing first and last)
IE_TRACE:                     12:39:21.523555 line        47         enabled = [x.__class__.__name__ for x in middlewares]
IE_TRACE:                     Modified var:.. x = <scrapy.extensions.spiderstate.SpiderState object at 0x7e5d70338a70>
IE_TRACE:                     12:39:21.523575 line        47         enabled = [x.__class__.__name__ for x in middlewares]
IE_TRACE:                     New var:....... enabled = ['CoreStats', 'TelnetConsole', 'CloseSpider', 'LogStats', 'SpiderState']
IE_TRACE:                     12:39:21.523595 line        48         logger.info("Enabled %(componentname)ss: %(enabledlist)s",
IE_TRACE:                     12:39:21.523616 line        49                     {'componentname': cls.component_name,
IE_TRACE:                     12:39:21.523635 line        50                      'enabledlist': ', '.join(enabled)},
IE_TRACE:                     12:39:21.523653 line        49                     {'componentname': cls.component_name,
IE_TRACE:                     12:39:21.523671 line        51                     extra={'crawler': crawler})
IE_TRACE:                     12:39:21.523689 line        48         logger.info("Enabled %(componentname)ss: %(enabledlist)s",
IE_TRACE:                     Source path:... /path/to/BugsInPy/workspace/scrapy/scrapy/middleware.py
IE_TRACE:                     12:39:21.524191 line        52         return cls(*middlewares)
IE_TRACE:                         Starting var:.. self = <scrapy.extension.ExtensionManager object at 0x7e5d703ff9b0>
IE_TRACE:                         Starting var:.. middlewares = (<scrapy.extensions.corestats.CoreStats object at 0x7e5d704cd670>, <scrapy.telnet.TelnetConsole object at 0x7e5d704c8e30>, <scrapy.extensions.closespider.CloseSpider object at 0x7e5d7034d670>, <scrapy.extensions.logstats.LogStats object at 0x7e5d703ffb00>, <scrapy.extensions.spiderstate.SpiderState object at 0x7e5d70338a70>)
IE_TRACE:                         12:39:21.524218 call        16     def __init__(self, *middlewares):
IE_TRACE:                         12:39:21.524237 line        17         self.middlewares = middlewares
IE_TRACE:                         12:39:21.524248 line        18         self.methods = defaultdict(list)
IE_TRACE:                         12:39:21.524261 line        19         for mw in middlewares:
IE_TRACE:                         New var:....... mw = <scrapy.extensions.corestats.CoreStats object at 0x7e5d704cd670>
IE_TRACE:                         12:39:21.524272 line        20             self._add_middleware(mw)
IE_TRACE:                             Starting var:.. self = <scrapy.extension.ExtensionManager object at 0x7e5d703ff9b0>
IE_TRACE:                             Starting var:.. mw = <scrapy.extensions.corestats.CoreStats object at 0x7e5d704cd670>
IE_TRACE:                             12:39:21.524289 call        58     def _add_middleware(self, mw):
IE_TRACE:                             12:39:21.524306 line        59         if hasattr(mw, 'open_spider'):
IE_TRACE:                             12:39:21.524317 line        61         if hasattr(mw, 'close_spider'):
IE_TRACE:                             12:39:21.524328 return      61         if hasattr(mw, 'close_spider'):
IE_TRACE:                             Return value:.. None
IE_TRACE:     [CONDENSED] 3 identical loop iterations skipped (5 total iterations, showing first and last)
IE_TRACE:                         12:39:21.524568 line        19         for mw in middlewares:
IE_TRACE:                         Modified var:.. mw = <scrapy.extensions.spiderstate.SpiderState object at 0x7e5d70338a70>
IE_TRACE:                         12:39:21.524579 line        20             self._add_middleware(mw)
IE_TRACE:                             Starting var:.. self = <scrapy.extension.ExtensionManager object at 0x7e5d703ff9b0>
IE_TRACE:                             Starting var:.. mw = <scrapy.extensions.spiderstate.SpiderState object at 0x7e5d70338a70>
IE_TRACE:                             12:39:21.524593 call        58     def _add_middleware(self, mw):
IE_TRACE:                             12:39:21.524609 line        59         if hasattr(mw, 'open_spider'):
IE_TRACE:                             12:39:21.524618 line        61         if hasattr(mw, 'close_spider'):
IE_TRACE:                             12:39:21.524628 return      61         if hasattr(mw, 'close_spider'):
IE_TRACE:                             Return value:.. None
IE_TRACE:                         12:39:21.524641 line        19         for mw in middlewares:
IE_TRACE:                         12:39:21.524652 return      19         for mw in middlewares:
IE_TRACE:                         Return value:.. None
IE_TRACE:                     12:39:21.524667 return      52         return cls(*middlewares)
IE_TRACE:                     Return value:.. <scrapy.extension.ExtensionManager object at 0x7e5d703ff9b0>
IE_TRACE:                 12:39:21.524691 return      56         return cls.from_settings(crawler.settings, crawler)
IE_TRACE:                 Return value:.. <scrapy.extension.ExtensionManager object at 0x7e5d703ff9b0>
IE_TRACE:             Source path:... /path/to/BugsInPy/workspace/scrapy/scrapy/crawler.py
IE_TRACE:             12:39:21.524705 line        48         self.settings.freeze()
IE_TRACE:                 Source path:... /path/to/BugsInPy/workspace/scrapy/scrapy/settings/__init__.py
IE_TRACE:                 Starting var:.. self = <scrapy.settings.Settings object at 0x7e5d7033bd40>
IE_TRACE:                 12:39:21.524725 call       120     def freeze(self):
IE_TRACE:                 12:39:21.524740 line       121         self.frozen = True
IE_TRACE:                 12:39:21.524749 return     121         self.frozen = True
IE_TRACE:                 Return value:.. None
IE_TRACE:             Source path:... /path/to/BugsInPy/workspace/scrapy/scrapy/crawler.py
IE_TRACE:             12:39:21.524760 line        49         self.crawling = False
IE_TRACE:             12:39:21.524776 line        50         self.spider = None
IE_TRACE:             12:39:21.524788 line        51         self.engine = None
IE_TRACE:             12:39:21.524800 return      51         self.engine = None
IE_TRACE:             Return value:.. None
IE_TRACE:         12:39:21.524815 return     168         return Crawler(spidercls, self.settings)
IE_TRACE:         Return value:.. <scrapy.crawler.Crawler object at 0x7e5d705cff80>
IE_TRACE:     Source path:... /path/to/BugsInPy/workspace/scrapy/scrapy/utils/test.py
IE_TRACE:     12:39:21.524830 return      33     return runner._create_crawler(spidercls or Spider)
IE_TRACE:     Return value:.. <scrapy.crawler.Crawler object at 0x7e5d705cff80>
IE_TRACE: Source path:... /path/to/BugsInPy/workspace/scrapy/tests/test_downloadermiddleware_redirect.py
IE_TRACE: 12:39:21.524866 line        17         self.spider = self.crawler._create_spider('foo')
IE_TRACE:     Source path:... /path/to/BugsInPy/workspace/scrapy/scrapy/crawler.py
IE_TRACE:     Starting var:.. self = <scrapy.crawler.Crawler object at 0x7e5d705cff80>
IE_TRACE:     Starting var:.. args = ('foo',)
IE_TRACE:     Starting var:.. kwargs = {}
IE_TRACE:     12:39:21.524884 call        79     def _create_spider(self, *args, **kwargs):
IE_TRACE:     12:39:21.524907 line        80         return self.spidercls.from_crawler(self, *args, **kwargs)
IE_TRACE:         Source path:... /path/to/BugsInPy/workspace/scrapy/scrapy/spiders/__init__.py
IE_TRACE:         Starting var:.. cls = <class 'scrapy.spiders.Spider'>
IE_TRACE:         Starting var:.. crawler = <scrapy.crawler.Crawler object at 0x7e5d705cff80>
IE_TRACE:         Starting var:.. args = ('foo',)
IE_TRACE:         Starting var:.. kwargs = {}
IE_TRACE:         12:39:21.524920 call        49     def from_crawler(cls, crawler, *args, **kwargs):
IE_TRACE:         12:39:21.524946 line        50         spider = cls(*args, **kwargs)
IE_TRACE:             Source path:... /path/to/BugsInPy/workspace/scrapy/scrapy/utils/trackref.py
IE_TRACE:             Starting var:.. cls = <class 'scrapy.spiders.Spider'>
IE_TRACE:             Starting var:.. args = ('foo',)
IE_TRACE:             Starting var:.. kwargs = {}
IE_TRACE:             12:39:21.524959 call        30     def __new__(cls, *args, **kwargs):
IE_TRACE:             12:39:21.525003 line        31         obj = object.__new__(cls)
IE_TRACE:             New var:....... obj = <Spider None at 0x7e5d714c5a90>
IE_TRACE:             12:39:21.525014 line        32         live_refs[cls][obj] = time()
IE_TRACE:             Source path:... /path/to/BugsInPy/workspace/scrapy/scrapy/utils/trackref.py
IE_TRACE:             12:39:21.525238 line        33         return obj
IE_TRACE:             12:39:21.525253 return      33         return obj
IE_TRACE:             Return value:.. <Spider None at 0x7e5d714c5a90>
IE_TRACE:             Source path:... /path/to/BugsInPy/workspace/scrapy/scrapy/spiders/__init__.py
IE_TRACE:             Starting var:.. self = <Spider None at 0x7e5d714c5a90>
IE_TRACE:             Starting var:.. name = 'foo'
IE_TRACE:             Starting var:.. kwargs = {}
IE_TRACE:             12:39:21.525271 call        25     def __init__(self, name=None, **kwargs):
IE_TRACE:             12:39:21.525293 line        26         if name is not None:
IE_TRACE:             12:39:21.525303 line        27             self.name = name
IE_TRACE:             Modified var:.. self = <Spider 'foo' at 0x7e5d714c5a90>
IE_TRACE:             12:39:21.525313 line        30         self.__dict__.update(kwargs)
IE_TRACE:             12:39:21.525326 line        31         if not hasattr(self, 'start_urls'):
IE_TRACE:             12:39:21.525336 line        32             self.start_urls = []
IE_TRACE:             12:39:21.525345 return      32             self.start_urls = []
IE_TRACE:             Return value:.. None
IE_TRACE:         New var:....... spider = <Spider 'foo' at 0x7e5d714c5a90>
IE_TRACE:         12:39:21.525358 line        51         spider._set_crawler(crawler)
IE_TRACE:             Starting var:.. self = <Spider 'foo' at 0x7e5d714c5a90>
IE_TRACE:             Starting var:.. crawler = <scrapy.crawler.Crawler object at 0x7e5d705cff80>
IE_TRACE:             12:39:21.525375 call        63     def _set_crawler(self, crawler):
IE_TRACE:             12:39:21.525390 line        64         self.crawler = crawler
IE_TRACE:             12:39:21.525399 line        65         self.settings = crawler.settings
IE_TRACE:             12:39:21.525408 line        66         crawler.signals.connect(self.close, signals.spider_closed)
IE_TRACE:                 Source path:... /path/to/BugsInPy/workspace/scrapy/scrapy/signalmanager.py
IE_TRACE:                 Starting var:.. self = <scrapy.signalmanager.SignalManager object at 0x7e5d705cf680>
IE_TRACE:                 Starting var:.. receiver = <function Spider.close at 0x7e5d71552840>
IE_TRACE:                 Starting var:.. signal = <object object at 0x7e5d73f79380>
IE_TRACE:                 Starting var:.. kwargs = {}
IE_TRACE:                 12:39:21.525418 call        11     def connect(self, receiver, signal, **kwargs):
IE_TRACE:                 12:39:21.525443 line        25         kwargs.setdefault('sender', self.sender)
IE_TRACE:                 Modified var:.. kwargs = {'sender': <scrapy.crawler.Crawler object at 0x7e5d705cff80>}
IE_TRACE:                 12:39:21.525454 line        26         return dispatcher.connect(receiver, signal, **kwargs)
IE_TRACE:                     Source path:... /path/to/.venv/lib/python3.12/site-packages/pydispatch/dispatcher.py
IE_TRACE:                     Starting var:.. receiver = <function Spider.close at 0x7e5d71552840>
IE_TRACE:                     Starting var:.. signal = <object object at 0x7e5d73f79380>
IE_TRACE:                     Starting var:.. sender = <scrapy.crawler.Crawler object at 0x7e5d705cff80>
IE_TRACE:                     Starting var:.. weak = True
IE_TRACE:                     12:39:21.525470 call        73 def connect(receiver, signal=Any, sender=Any, weak=True):
IE_TRACE:                     12:39:21.525497 line       125     if signal is None:
IE_TRACE:                     12:39:21.525510 line       129     if weak:
IE_TRACE:                     12:39:21.525522 line       130         receiver = saferef.safeRef(receiver, onDelete=_removeReceiver)
IE_TRACE:                         Source path:... /path/to/.venv/lib/python3.12/site-packages/pydispatch/saferef.py
IE_TRACE:                         Starting var:.. target = <function Spider.close at 0x7e5d71552840>
IE_TRACE:                         Starting var:.. onDelete = <function _removeReceiver at 0x7e5d70468900>
IE_TRACE:                         12:39:21.525535 call        10 def safeRef(target, onDelete = None):
IE_TRACE:                         12:39:21.525553 line        21     if hasattr(target, im_self):
IE_TRACE:                         12:39:21.525563 line        31     if onDelete is not None:
IE_TRACE:                         12:39:21.525573 line        32         return weakref.ref(target, onDelete)
IE_TRACE:                         12:39:21.525583 return      32         return weakref.ref(target, onDelete)
IE_TRACE:                         Return value:.. <weakref at 0x7e5d70269800; to 'function' at 0x7e5d71552840 (close)>
IE_TRACE:                     Source path:... /path/to/.venv/lib/python3.12/site-packages/pydispatch/dispatcher.py
IE_TRACE:                     Modified var:.. receiver = <weakref at 0x7e5d70269800; to 'function' at 0x7e5d71552840 (close)>
IE_TRACE:                     12:39:21.525597 line       131     senderkey = id(sender)
IE_TRACE:                     New var:....... senderkey = 138939782201216
IE_TRACE:                     12:39:21.525615 line       132     if senderkey in connections:
IE_TRACE:                     12:39:21.525631 line       133         signals = connections[senderkey]
IE_TRACE:                     New var:....... signals = {<object object at 0x7e5d73f79330>: [<weakref at 0x7e5d7038ff60; to 'function' at 0x7e5d721a1da0 (<lambda>)>, BoundMethodWeakref( TelnetConsole.stop_listening )], <object object at 0x7e5d73f79340>: [BoundMethodWeakref( CoreStats.spider_opened ), Bo...ect at 0x7e5d73f793f0>: [BoundMethodWeakref( CoreStats.item_dropped )], <object object at 0x7e5d73f793c0>: [BoundMethodWeakref( CoreStats.response_received )], <object object at 0x7e5d73f79370>: [BoundMethodWeakref( TelnetConsole.start_listening )]}
IE_TRACE:                     12:39:21.525644 line       138     if sender not in (None, Anonymous, Any):
IE_TRACE:                     12:39:21.525669 line       139         def remove(object, senderkey=senderkey):
IE_TRACE:                     New var:....... remove = <function connect.<locals>.remove at 0x7e5d70260cc0>
IE_TRACE:                     12:39:21.525688 line       143         try:
IE_TRACE:                     12:39:21.525710 line       144             weakSender = weakref.ref(sender, remove)
IE_TRACE:                     New var:....... weakSender = <weakref at 0x7e5d70272c50; to 'Crawler' at 0x7e5d705cff80>
IE_TRACE:                     12:39:21.525728 line       145             senders[senderkey] = weakSender
IE_TRACE:                     12:39:21.525751 line       149     receiverID = id(receiver)
IE_TRACE:                     New var:....... receiverID = 138939778635776
IE_TRACE:                     12:39:21.525771 line       152     if signal in signals:
IE_TRACE:                     12:39:21.525795 line       153         receivers = signals[signal]
IE_TRACE:                     New var:....... receivers = [BoundMethodWeakref( CoreStats.spider_closed ), BoundMethodWeakref( CloseSpider.spider_closed ), BoundMethodWeakref( LogStats.spider_closed ), BoundMethodWeakref( SpiderState.spider_closed )]
IE_TRACE:                     12:39:21.525815 line       154         _removeOldBackRefs(senderkey, signal, receiver, receivers)
IE_TRACE:                         Starting var:.. senderkey = 138939782201216
IE_TRACE:                         Starting var:.. signal = <object object at 0x7e5d73f79380>
IE_TRACE:                         Starting var:.. receiver = <weakref at 0x7e5d70269800; to 'function' at 0x7e5d71552840 (close)>
IE_TRACE:                         Starting var:.. receivers = [BoundMethodWeakref( CoreStats.spider_closed ), BoundMethodWeakref( CloseSpider.spider_closed ), BoundMethodWeakref( LogStats.spider_closed ), BoundMethodWeakref( SpiderState.spider_closed )]
IE_TRACE:                         12:39:21.525841 call       441 def _removeOldBackRefs(senderkey, signal, receiver, receivers):
IE_TRACE:                         12:39:21.525867 line       450     try:
IE_TRACE:                         12:39:21.525881 line       451         index = receivers.index(receiver)
IE_TRACE:                         12:39:21.525895 exception  451         index = receivers.index(receiver)
IE_TRACE:                         Exception:..... ValueError: <weakref at 0x7e5d70269800; to 'function' at 0x7e5d71552840 (close)> is not in list
IE_TRACE:                         12:39:21.525922 line       453     except ValueError:
IE_TRACE:                         12:39:21.525937 line       454         return False
IE_TRACE:                         12:39:21.525951 return     454         return False
IE_TRACE:                         Return value:.. False
IE_TRACE:                     12:39:21.525968 line       157     try:
IE_TRACE:                     12:39:21.525991 line       158         current = sendersBack.get( receiverID )
IE_TRACE:                     New var:....... current = None
IE_TRACE:                     12:39:21.526012 line       159         if current is None:
IE_TRACE:                     12:39:21.526038 line       160             sendersBack[ receiverID ] = current = []
IE_TRACE:                     Modified var:.. current = []
IE_TRACE:                     12:39:21.526060 line       161         if senderkey not in current:
IE_TRACE:                     12:39:21.526085 line       162             current.append(senderkey)
IE_TRACE:                     Modified var:.. current = [138939782201216]
IE_TRACE:                     12:39:21.526107 line       166     receivers.append(receiver)
IE_TRACE:                     Modified var:.. receivers = [BoundMethodWeakref( CoreStats.spider_closed ), BoundMethodWeakref( CloseSpider.spider_closed ), BoundMethodWeakref( LogStats.spider_closed ), BoundMethodWeakref( SpiderState.spider_closed ), <weakref at 0x7e5d70269800; to 'function' at 0x7e5d71552840 (close)>]
IE_TRACE:                     12:39:21.526132 return     166     receivers.append(receiver)
IE_TRACE:                     Return value:.. None
IE_TRACE:                 Source path:... /path/to/BugsInPy/workspace/scrapy/scrapy/signalmanager.py
IE_TRACE:                 12:39:21.526162 return      26         return dispatcher.connect(receiver, signal, **kwargs)
IE_TRACE:                 Return value:.. None
IE_TRACE:             Source path:... /path/to/BugsInPy/workspace/scrapy/scrapy/spiders/__init__.py
IE_TRACE:             12:39:21.526179 return      66         crawler.signals.connect(self.close, signals.spider_closed)
IE_TRACE:             Return value:.. None
IE_TRACE:         12:39:21.526196 line        52         return spider
IE_TRACE:         12:39:21.526211 return      52         return spider
IE_TRACE:         Return value:.. <Spider 'foo' at 0x7e5d714c5a90>
IE_TRACE:     Source path:... /path/to/BugsInPy/workspace/scrapy/scrapy/crawler.py
IE_TRACE:     12:39:21.526227 return      80         return self.spidercls.from_crawler(self, *args, **kwargs)
IE_TRACE:     Return value:.. <Spider 'foo' at 0x7e5d714c5a90>
IE_TRACE: Source path:... /path/to/BugsInPy/workspace/scrapy/tests/test_downloadermiddleware_redirect.py
IE_TRACE: 12:39:21.526243 line        18         self.mw = RedirectMiddleware.from_crawler(self.crawler)
IE_TRACE:     Source path:... /path/to/BugsInPy/workspace/scrapy/scrapy/downloadermiddlewares/redirect.py
IE_TRACE:     Starting var:.. cls = <class 'scrapy.downloadermiddlewares.redirect.RedirectMiddleware'>
IE_TRACE:     Starting var:.. crawler = <scrapy.crawler.Crawler object at 0x7e5d705cff80>
IE_TRACE:     12:39:21.526260 call        24     def from_crawler(cls, crawler):
IE_TRACE:     12:39:21.526303 line        25         return cls(crawler.settings)
IE_TRACE:         Starting var:.. self = <scrapy.downloadermiddlewares.redirect.RedirectMiddleware object at 0x7e5d706b68a0>
IE_TRACE:         Starting var:.. settings = <scrapy.settings.Settings object at 0x7e5d7033bd40>
IE_TRACE:         12:39:21.526315 call        16     def __init__(self, settings):
IE_TRACE:         12:39:21.526331 line        17         if not settings.getbool(self.enabled_setting):
IE_TRACE:             Source path:... /path/to/BugsInPy/workspace/scrapy/scrapy/settings/__init__.py
IE_TRACE:             Starting var:.. self = <scrapy.settings.Settings object at 0x7e5d7033bd40>
IE_TRACE:             Starting var:.. name = 'REDIRECT_ENABLED'
IE_TRACE:             Starting var:.. default = False
IE_TRACE:             12:39:21.526340 call        66     def getbool(self, name, default=False):
IE_TRACE:             12:39:21.526361 line        71         return bool(int(self.get(name, default)))
IE_TRACE:                 Starting var:.. self = <scrapy.settings.Settings object at 0x7e5d7033bd40>
IE_TRACE:                 Starting var:.. name = 'REDIRECT_ENABLED'
IE_TRACE:                 Starting var:.. default = False
IE_TRACE:                 12:39:21.526371 call        63     def get(self, name, default=None):
IE_TRACE:                 12:39:21.526389 line        64         return self[name] if self[name] is not None else default
IE_TRACE:                     Starting var:.. self = <scrapy.settings.Settings object at 0x7e5d7033bd40>
IE_TRACE:                     Starting var:.. opt_name = 'REDIRECT_ENABLED'
IE_TRACE:                     12:39:21.526399 call        57     def __getitem__(self, opt_name):
IE_TRACE:                     12:39:21.526413 line        58         value = None
IE_TRACE:                     New var:....... value = None
IE_TRACE:                     12:39:21.526422 line        59         if opt_name in self.attributes:
IE_TRACE:                     12:39:21.526434 line        60             value = self.attributes[opt_name].value
IE_TRACE:                     Modified var:.. value = True
IE_TRACE:                     12:39:21.526443 line        61         return value
IE_TRACE:                     12:39:21.526455 return      61         return value
IE_TRACE:                     Return value:.. True
IE_TRACE:                     Starting var:.. self = <scrapy.settings.Settings object at 0x7e5d7033bd40>
IE_TRACE:                     Starting var:.. opt_name = 'REDIRECT_ENABLED'
IE_TRACE:                     12:39:21.526469 call        57     def __getitem__(self, opt_name):
IE_TRACE:                     12:39:21.526483 line        58         value = None
IE_TRACE:                     New var:....... value = None
IE_TRACE:                     12:39:21.526491 line        59         if opt_name in self.attributes:
IE_TRACE:                     12:39:21.526503 line        60             value = self.attributes[opt_name].value
IE_TRACE:                     Modified var:.. value = True
IE_TRACE:                     12:39:21.526512 line        61         return value
IE_TRACE:                     12:39:21.526524 return      61         return value
IE_TRACE:                     Return value:.. True
IE_TRACE:                 12:39:21.526536 return      64         return self[name] if self[name] is not None else default
IE_TRACE:                 Return value:.. True
IE_TRACE:             12:39:21.526548 return      71         return bool(int(self.get(name, default)))
IE_TRACE:             Return value:.. True
IE_TRACE:         Source path:... /path/to/BugsInPy/workspace/scrapy/scrapy/downloadermiddlewares/redirect.py
IE_TRACE:         12:39:21.526560 line        20         self.max_redirect_times = settings.getint('REDIRECT_MAX_TIMES')
IE_TRACE:             Source path:... /path/to/BugsInPy/workspace/scrapy/scrapy/settings/__init__.py
IE_TRACE:             Starting var:.. self = <scrapy.settings.Settings object at 0x7e5d7033bd40>
IE_TRACE:             Starting var:.. name = 'REDIRECT_MAX_TIMES'
IE_TRACE:             Starting var:.. default = 0
IE_TRACE:             12:39:21.526572 call        73     def getint(self, name, default=0):
IE_TRACE:             12:39:21.526592 line        74         return int(self.get(name, default))
IE_TRACE:                 Starting var:.. self = <scrapy.settings.Settings object at 0x7e5d7033bd40>
IE_TRACE:                 Starting var:.. name = 'REDIRECT_MAX_TIMES'
IE_TRACE:                 Starting var:.. default = 0
IE_TRACE:                 12:39:21.526601 call        63     def get(self, name, default=None):
IE_TRACE:                 12:39:21.526619 line        64         return self[name] if self[name] is not None else default
IE_TRACE:                     Starting var:.. self = <scrapy.settings.Settings object at 0x7e5d7033bd40>
IE_TRACE:                     Starting var:.. opt_name = 'REDIRECT_MAX_TIMES'
IE_TRACE:                     12:39:21.526628 call        57     def __getitem__(self, opt_name):
IE_TRACE:                     12:39:21.526643 line        58         value = None
IE_TRACE:                     New var:....... value = None
IE_TRACE:                     12:39:21.526651 line        59         if opt_name in self.attributes:
IE_TRACE:                     12:39:21.526662 line        60             value = self.attributes[opt_name].value
IE_TRACE:                     Modified var:.. value = 20
IE_TRACE:                     12:39:21.526672 line        61         return value
IE_TRACE:                     12:39:21.526683 return      61         return value
IE_TRACE:                     Return value:.. 20
IE_TRACE:                     Starting var:.. self = <scrapy.settings.Settings object at 0x7e5d7033bd40>
IE_TRACE:                     Starting var:.. opt_name = 'REDIRECT_MAX_TIMES'
IE_TRACE:                     12:39:21.526695 call        57     def __getitem__(self, opt_name):
IE_TRACE:                     12:39:21.526709 line        58         value = None
IE_TRACE:                     New var:....... value = None
IE_TRACE:                     12:39:21.526717 line        59         if opt_name in self.attributes:
IE_TRACE:                     12:39:21.526729 line        60             value = self.attributes[opt_name].value
IE_TRACE:                     Modified var:.. value = 20
IE_TRACE:                     12:39:21.526737 line        61         return value
IE_TRACE:                     12:39:21.526749 return      61         return value
IE_TRACE:                     Return value:.. 20
IE_TRACE:                 12:39:21.526760 return      64         return self[name] if self[name] is not None else default
IE_TRACE:                 Return value:.. 20
IE_TRACE:             12:39:21.526773 return      74         return int(self.get(name, default))
IE_TRACE:             Return value:.. 20
IE_TRACE:         Source path:... /path/to/BugsInPy/workspace/scrapy/scrapy/downloadermiddlewares/redirect.py
IE_TRACE:         12:39:21.526785 line        21         self.priority_adjust = settings.getint('REDIRECT_PRIORITY_ADJUST')
IE_TRACE:             Source path:... /path/to/BugsInPy/workspace/scrapy/scrapy/settings/__init__.py
IE_TRACE:             Starting var:.. self = <scrapy.settings.Settings object at 0x7e5d7033bd40>
IE_TRACE:             Starting var:.. name = 'REDIRECT_PRIORITY_ADJUST'
IE_TRACE:             Starting var:.. default = 0
IE_TRACE:             12:39:21.526796 call        73     def getint(self, name, default=0):
IE_TRACE:             12:39:21.526815 line        74         return int(self.get(name, default))
IE_TRACE:                 Starting var:.. self = <scrapy.settings.Settings object at 0x7e5d7033bd40>
IE_TRACE:                 Starting var:.. name = 'REDIRECT_PRIORITY_ADJUST'
IE_TRACE:                 Starting var:.. default = 0
IE_TRACE:                 12:39:21.526825 call        63     def get(self, name, default=None):
IE_TRACE:                 12:39:21.526842 line        64         return self[name] if self[name] is not None else default
IE_TRACE:                     Starting var:.. self = <scrapy.settings.Settings object at 0x7e5d7033bd40>
IE_TRACE:                     Starting var:.. opt_name = 'REDIRECT_PRIORITY_ADJUST'
IE_TRACE:                     12:39:21.526851 call        57     def __getitem__(self, opt_name):
IE_TRACE:                     12:39:21.526864 line        58         value = None
IE_TRACE:                     New var:....... value = None
IE_TRACE:                     12:39:21.526873 line        59         if opt_name in self.attributes:
IE_TRACE:                     12:39:21.526884 line        60             value = self.attributes[opt_name].value
IE_TRACE:                     Modified var:.. value = 2
IE_TRACE:                     12:39:21.526894 line        61         return value
IE_TRACE:                     12:39:21.526905 return      61         return value
IE_TRACE:                     Return value:.. 2
IE_TRACE:                     Starting var:.. self = <scrapy.settings.Settings object at 0x7e5d7033bd40>
IE_TRACE:                     Starting var:.. opt_name = 'REDIRECT_PRIORITY_ADJUST'
IE_TRACE:                     12:39:21.526918 call        57     def __getitem__(self, opt_name):
IE_TRACE:                     12:39:21.526932 line        58         value = None
IE_TRACE:                     New var:....... value = None
IE_TRACE:                     12:39:21.526941 line        59         if opt_name in self.attributes:
IE_TRACE:                     12:39:21.526952 line        60             value = self.attributes[opt_name].value
IE_TRACE:                     Modified var:.. value = 2
IE_TRACE:                     12:39:21.526961 line        61         return value
IE_TRACE:                     12:39:21.526973 return      61         return value
IE_TRACE:                     Return value:.. 2
IE_TRACE:                 12:39:21.526985 return      64         return self[name] if self[name] is not None else default
IE_TRACE:                 Return value:.. 2
IE_TRACE:             12:39:21.526997 return      74         return int(self.get(name, default))
IE_TRACE:             Return value:.. 2
IE_TRACE:         Source path:... /path/to/BugsInPy/workspace/scrapy/scrapy/downloadermiddlewares/redirect.py
IE_TRACE:         12:39:21.527009 return      21         self.priority_adjust = settings.getint('REDIRECT_PRIORITY_ADJUST')
IE_TRACE:         Return value:.. None
IE_TRACE:     12:39:21.527023 return      25         return cls(crawler.settings)
IE_TRACE:     Return value:.. <scrapy.downloadermiddlewares.redirect.RedirectMiddleware object at 0x7e5d706b68a0>
IE_TRACE: Source path:... /path/to/BugsInPy/workspace/scrapy/tests/test_downloadermiddleware_redirect.py
IE_TRACE: 12:39:21.527035 return      18         self.mw = RedirectMiddleware.from_crawler(self.crawler)
IE_TRACE: Return value:.. None
IE_TRACE: Elapsed time: 00:00:01.503226
IE_TRACE: Source path:... /path/to/BugsInPy/workspace/scrapy/tests/test_downloadermiddleware_redirect.py
IE_TRACE: Starting var:.. self = <tests.test_downloadermiddleware_redirect.RedirectMiddlewareTest testMethod=test_request_meta_handling>
IE_TRACE: 12:39:21.527136 call       146     def test_request_meta_handling(self):
IE_TRACE: 12:39:21.527157 line       147         url = 'http://www.example.com/301'
IE_TRACE: New var:....... url = 'http://www.example.com/301'
IE_TRACE: 12:39:21.527166 line       148         url2 = 'http://www.example.com/redirected'
IE_TRACE: New var:....... url2 = 'http://www.example.com/redirected'
IE_TRACE: 12:39:21.527178 line       149         def _test_passthrough(req):
IE_TRACE: New var:....... _test_passthrough = <function RedirectMiddlewareTest.test_request_meta_handling.<locals>._test_passthrough at 0x7e5d702613a0>
IE_TRACE: 12:39:21.527191 line       153         _test_passthrough(Request(url, meta={'handle_httpstatus_list':
IE_TRACE: 12:39:21.527207 line       154                                                            [404, 301, 302]}))
IE_TRACE: 12:39:21.527218 line       153         _test_passthrough(Request(url, meta={'handle_httpstatus_list':
IE_TRACE:     Source path:... /path/to/BugsInPy/workspace/scrapy/scrapy/utils/trackref.py
IE_TRACE:     Starting var:.. cls = <class 'scrapy.http.request.Request'>
IE_TRACE:     Starting var:.. args = ('http://www.example.com/301',)
IE_TRACE:     Starting var:.. kwargs = {'meta': {'handle_httpstatus_list': [404, 301, 302]}}
IE_TRACE:     12:39:21.527231 call        30     def __new__(cls, *args, **kwargs):
IE_TRACE:     12:39:21.527255 line        31         obj = object.__new__(cls)
IE_TRACE:     New var:....... obj = REPR FAILED
IE_TRACE:     12:39:21.527266 line        32         live_refs[cls][obj] = time()
IE_TRACE:     Source path:... /path/to/BugsInPy/workspace/scrapy/scrapy/utils/trackref.py
IE_TRACE:     12:39:21.527433 line        33         return obj
IE_TRACE:     12:39:21.527447 return      33         return obj
IE_TRACE:     Return value:.. REPR FAILED
IE_TRACE:     Source path:... /path/to/BugsInPy/workspace/scrapy/scrapy/http/request/__init__.py
IE_TRACE:     Starting var:.. self = REPR FAILED
IE_TRACE:     Starting var:.. url = 'http://www.example.com/301'
IE_TRACE:     Starting var:.. callback = None
IE_TRACE:     Starting var:.. method = 'GET'
IE_TRACE:     Starting var:.. headers = None
IE_TRACE:     Starting var:.. body = None
IE_TRACE:     Starting var:.. cookies = None
IE_TRACE:     Starting var:.. meta = {'handle_httpstatus_list': [404, 301, 302]}
IE_TRACE:     Starting var:.. encoding = 'utf-8'
IE_TRACE:     Starting var:.. priority = 0
IE_TRACE:     Starting var:.. dont_filter = False
IE_TRACE:     Starting var:.. errback = None
IE_TRACE:     12:39:21.527468 call        19     def __init__(self, url, callback=None, method='GET', headers=None, body=None,
IE_TRACE:     12:39:21.527550 line        23         self._encoding = encoding  # this one has to be set first
IE_TRACE:     12:39:21.527569 line        24         self.method = str(method).upper()
IE_TRACE:     12:39:21.527588 line        25         self._set_url(url)
IE_TRACE:         Starting var:.. self = REPR FAILED
IE_TRACE:         Starting var:.. url = 'http://www.example.com/301'
IE_TRACE:         12:39:21.527611 call        49     def _set_url(self, url):
IE_TRACE:         12:39:21.527629 line        50         if not isinstance(url, six.string_types):
IE_TRACE:         12:39:21.527639 line        53         url = to_native_str(url, self.encoding)
IE_TRACE:             Starting var:.. self = REPR FAILED
IE_TRACE:             12:39:21.527650 call        73     def encoding(self):
IE_TRACE:             12:39:21.527663 line        74         return self._encoding
IE_TRACE:             12:39:21.527672 return      74         return self._encoding
IE_TRACE:             Return value:.. 'utf-8'
IE_TRACE:             Source path:... /path/to/BugsInPy/workspace/scrapy/scrapy/utils/python.py
IE_TRACE:             Starting var:.. text = 'http://www.example.com/301'
IE_TRACE:             Starting var:.. encoding = 'utf-8'
IE_TRACE:             Starting var:.. errors = 'strict'
IE_TRACE:             12:39:21.527686 call       125 def to_native_str(text, encoding=None, errors='strict'):
IE_TRACE:             12:39:21.527734 line       128     if six.PY2:
IE_TRACE:             12:39:21.527745 line       131         return to_unicode(text, encoding, errors)
IE_TRACE:                 Starting var:.. text = 'http://www.example.com/301'
IE_TRACE:                 Starting var:.. encoding = 'utf-8'
IE_TRACE:                 Starting var:.. errors = 'strict'
IE_TRACE:                 12:39:21.527758 call        99 def to_unicode(text, encoding=None, errors='strict'):
IE_TRACE:                 12:39:21.527777 line       102     if isinstance(text, six.text_type):
IE_TRACE:                 12:39:21.527787 line       103         return text
IE_TRACE:                 12:39:21.527797 return     103         return text
IE_TRACE:                 Return value:.. 'http://www.example.com/301'
IE_TRACE:             12:39:21.527811 return     131         return to_unicode(text, encoding, errors)
IE_TRACE:             Return value:.. 'http://www.example.com/301'
IE_TRACE:         Source path:... /path/to/BugsInPy/workspace/scrapy/scrapy/http/request/__init__.py
IE_TRACE:         12:39:21.527823 line        54         self._url = escape_ajax(safe_url_string(url))
IE_TRACE:             Source path:... /path/to/.venv/lib/python3.12/site-packages/w3lib/url.py
IE_TRACE:             Starting var:.. url = 'http://www.example.com/301'
IE_TRACE:             Starting var:.. encoding = 'utf8'
IE_TRACE:             Starting var:.. path_encoding = 'utf8'
IE_TRACE:             Starting var:.. quote_path = True
IE_TRACE:             12:39:21.527847 call        90 def safe_url_string(  # pylint: disable=too-many-locals
IE_TRACE:             12:39:21.527937 line       139     decoded = to_unicode(url, encoding=encoding, errors="percentencode")
IE_TRACE:                 Source path:... /path/to/.venv/lib/python3.12/site-packages/w3lib/util.py
IE_TRACE:                 Starting var:.. text = 'http://www.example.com/301'
IE_TRACE:                 Starting var:.. encoding = 'utf8'
IE_TRACE:                 Starting var:.. errors = 'percentencode'
IE_TRACE:                 12:39:21.527955 call         4 def to_unicode(
IE_TRACE:                 12:39:21.527993 line         9     if isinstance(text, str):
IE_TRACE:                 12:39:21.528005 line        10         return text
IE_TRACE:                 12:39:21.528015 return      10         return text
IE_TRACE:                 Return value:.. 'http://www.example.com/301'
IE_TRACE:             Source path:... /path/to/.venv/lib/python3.12/site-packages/w3lib/url.py
IE_TRACE:             New var:....... decoded = 'http://www.example.com/301'
IE_TRACE:             12:39:21.528030 line       140     parts = urlsplit(_strip(decoded))
IE_TRACE:                 Starting var:.. url = 'http://www.example.com/301'
IE_TRACE:                 12:39:21.528052 call        84 def _strip(url: str) -> str:
IE_TRACE:                 12:39:21.528064 line        85     return url.strip(_C0_CONTROL_OR_SPACE).translate(
IE_TRACE:                 12:39:21.528073 line        86         _ASCII_TAB_OR_NEWLINE_TRANSLATION_TABLE
IE_TRACE:                 12:39:21.528082 line        85     return url.strip(_C0_CONTROL_OR_SPACE).translate(
IE_TRACE:                 12:39:21.528093 return      85     return url.strip(_C0_CONTROL_OR_SPACE).translate(
IE_TRACE:                 Return value:.. 'http://www.example.com/301'
IE_TRACE:             Source path:... /path/to/.venv/lib/python3.12/site-packages/w3lib/url.py
IE_TRACE:             New var:....... parts = SplitResult(scheme='http', netloc='www.example.com', path='/301', query='', fragment='')
IE_TRACE:             12:39:21.529402 line       143         parts.username,
IE_TRACE:             Source path:... /path/to/.venv/lib/python3.12/site-packages/w3lib/url.py
IE_TRACE:             12:39:21.529583 line       144         parts.password,
IE_TRACE:             Source path:... /path/to/.venv/lib/python3.12/site-packages/w3lib/url.py
IE_TRACE:             12:39:21.529749 line       145         parts.hostname,
IE_TRACE:             Source path:... /path/to/.venv/lib/python3.12/site-packages/w3lib/url.py
IE_TRACE:             12:39:21.530042 line       146         parts.port,
IE_TRACE:             Source path:... /path/to/.venv/lib/python3.12/site-packages/w3lib/url.py
IE_TRACE:             12:39:21.530290 line       142     username, password, hostname, port = (
IE_TRACE:             New var:....... username = None
IE_TRACE:             New var:....... password = None
IE_TRACE:             New var:....... hostname = 'www.example.com'
IE_TRACE:             New var:....... port = None
IE_TRACE:             12:39:21.530308 line       148     netloc_bytes = b""
IE_TRACE:             New var:....... netloc_bytes = b''
IE_TRACE:             12:39:21.530337 line       149     if username is not None or password is not None:
IE_TRACE:             12:39:21.530358 line       158     if hostname is not None:
IE_TRACE:             12:39:21.530376 line       159         if ":" in hostname:
IE_TRACE:             12:39:21.530394 line       164             try:
IE_TRACE:             12:39:21.530411 line       165                 netloc_bytes += hostname.encode("idna")
IE_TRACE:                                 Source path:... /path/to/.venv/lib/python3.12/site-packages/_distutils_hack/__init__.py
IE_TRACE:                                 Starting var:.. self = <_distutils_hack.DistutilsMetaFinder object at 0x7e5d73d704a0>
IE_TRACE:                                 Starting var:.. fullname = 'encodings.idna'
IE_TRACE:                                 Starting var:.. path = ['/usr/lib/python3.12/encodings']
IE_TRACE:                                 Starting var:.. target = None
IE_TRACE:                                 12:39:21.532714 call       101     def find_spec(self, fullname, path, target=None):
IE_TRACE:                                 12:39:21.532747 line       104         if path is not None and not fullname.startswith('test.'):
IE_TRACE:                                 12:39:21.532763 line       105             return None
IE_TRACE:                                 12:39:21.532778 return     105             return None
IE_TRACE:                                 Return value:.. None
IE_TRACE:                             Source path:... <frozen importlib._bootstrap>
IE_TRACE:                             New var:....... spec = None
IE_TRACE:                             12:39:21.532796 line      1256 SOURCE IS UNAVAILABLE
IE_TRACE:                                 Starting var:.. self = <_frozen_importlib._ImportLockContext object at 0x7e5d704cb5f0>
IE_TRACE:                                 Starting var:.. exc_type = None
IE_TRACE:                                 Starting var:.. exc_value = None
IE_TRACE:                                 Starting var:.. exc_traceback = None
IE_TRACE:                                 12:39:21.532822 call      1226 SOURCE IS UNAVAILABLE
IE_TRACE:                                 12:39:21.532846 line      1228 SOURCE IS UNAVAILABLE
IE_TRACE:                                 12:39:21.532860 return    1228 SOURCE IS UNAVAILABLE
IE_TRACE:                                 Return value:.. None
IE_TRACE:                             12:39:21.532877 line      1263 SOURCE IS UNAVAILABLE
IE_TRACE:                             12:39:21.532896 line      1255 SOURCE IS UNAVAILABLE
IE_TRACE:                             Modified var:.. finder = <class '_frozen_importlib.BuiltinImporter'>
IE_TRACE:                             12:39:21.532914 line      1256 SOURCE IS UNAVAILABLE
IE_TRACE:                                 Starting var:.. self = <_frozen_importlib._ImportLockContext object at 0x7e5d704ca840>
IE_TRACE:                                 12:39:21.532936 call      1222 SOURCE IS UNAVAILABLE
IE_TRACE:                                 12:39:21.532950 line      1224 SOURCE IS UNAVAILABLE
IE_TRACE:                                 12:39:21.532962 return    1224 SOURCE IS UNAVAILABLE
IE_TRACE:                                 Return value:.. None
IE_TRACE:                             12:39:21.532977 line      1257 SOURCE IS UNAVAILABLE
IE_TRACE:                             12:39:21.532995 line      1258 SOURCE IS UNAVAILABLE
IE_TRACE:                             Modified var:.. find_spec = <bound method BuiltinImporter.find_spec of <class '_frozen_importlib.BuiltinImporter'>>
IE_TRACE:                             12:39:21.533013 line      1262 SOURCE IS UNAVAILABLE
IE_TRACE:                                 Starting var:.. cls = <class '_frozen_importlib.BuiltinImporter'>
IE_TRACE:                                 Starting var:.. fullname = 'encodings.idna'
IE_TRACE:                                 Starting var:.. path = ['/usr/lib/python3.12/encodings']
IE_TRACE:                                 Starting var:.. target = None
IE_TRACE:                                 12:39:21.533034 call       982 SOURCE IS UNAVAILABLE
IE_TRACE:                                 12:39:21.533058 line       984 SOURCE IS UNAVAILABLE
IE_TRACE:                                 12:39:21.533073 line       987 SOURCE IS UNAVAILABLE
IE_TRACE:                                 12:39:21.533087 return     987 SOURCE IS UNAVAILABLE
IE_TRACE:                                 Return value:.. None
IE_TRACE:                             12:39:21.533104 line      1256 SOURCE IS UNAVAILABLE
IE_TRACE:                                 Starting var:.. self = <_frozen_importlib._ImportLockContext object at 0x7e5d704ca840>
IE_TRACE:                                 Starting var:.. exc_type = None
IE_TRACE:                                 Starting var:.. exc_value = None
IE_TRACE:                                 Starting var:.. exc_traceback = None
IE_TRACE:                                 12:39:21.533122 call      1226 SOURCE IS UNAVAILABLE
IE_TRACE:                                 12:39:21.533145 line      1228 SOURCE IS UNAVAILABLE
IE_TRACE:                                 12:39:21.533159 return    1228 SOURCE IS UNAVAILABLE
IE_TRACE:                                 Return value:.. None
IE_TRACE:                             12:39:21.533176 line      1263 SOURCE IS UNAVAILABLE
IE_TRACE:                             12:39:21.533195 line      1255 SOURCE IS UNAVAILABLE
IE_TRACE:                             Modified var:.. finder = <class '_frozen_importlib.FrozenImporter'>
IE_TRACE:                             12:39:21.533215 line      1256 SOURCE IS UNAVAILABLE
IE_TRACE:                                 Starting var:.. self = <_frozen_importlib._ImportLockContext object at 0x7e5d704cb650>
IE_TRACE:                                 12:39:21.533235 call      1222 SOURCE IS UNAVAILABLE
IE_TRACE:                                 12:39:21.533249 line      1224 SOURCE IS UNAVAILABLE
IE_TRACE:                                 12:39:21.533261 return    1224 SOURCE IS UNAVAILABLE
IE_TRACE:                                 Return value:.. None
IE_TRACE:                             12:39:21.533275 line      1257 SOURCE IS UNAVAILABLE
IE_TRACE:                             12:39:21.533293 line      1258 SOURCE IS UNAVAILABLE
IE_TRACE:                             Modified var:.. find_spec = <bound method FrozenImporter.find_spec of <class '_frozen_importlib.FrozenImporter'>>
IE_TRACE:                             12:39:21.533311 line      1262 SOURCE IS UNAVAILABLE
IE_TRACE:                                 Starting var:.. cls = <class '_frozen_importlib.FrozenImporter'>
IE_TRACE:                                 Starting var:.. fullname = 'encodings.idna'
IE_TRACE:                                 Starting var:.. path = ['/usr/lib/python3.12/encodings']
IE_TRACE:                                 Starting var:.. target = None
IE_TRACE:                                 12:39:21.533333 call      1128 SOURCE IS UNAVAILABLE
IE_TRACE:                                 12:39:21.533358 line      1130 SOURCE IS UNAVAILABLE
IE_TRACE:                                     Starting var:.. f = <built-in function find_frozen>
IE_TRACE:                                     Starting var:.. args = ('encodings.idna',)
IE_TRACE:                                     Starting var:.. kwds = {}
IE_TRACE:                                     12:39:21.533374 call       480 SOURCE IS UNAVAILABLE
IE_TRACE:                                     12:39:21.533395 line       488 SOURCE IS UNAVAILABLE
IE_TRACE:                                     12:39:21.533409 return     488 SOURCE IS UNAVAILABLE
IE_TRACE:                                     Return value:.. None
IE_TRACE:                                 New var:....... info = None
IE_TRACE:                                 12:39:21.533426 line      1131 SOURCE IS UNAVAILABLE
IE_TRACE:                                 12:39:21.533445 line      1132 SOURCE IS UNAVAILABLE
IE_TRACE:                                 12:39:21.533460 return    1132 SOURCE IS UNAVAILABLE
IE_TRACE:                                 Return value:.. None
IE_TRACE:                             12:39:21.533479 line      1256 SOURCE IS UNAVAILABLE
IE_TRACE:                                 Starting var:.. self = <_frozen_importlib._ImportLockContext object at 0x7e5d704cb650>
IE_TRACE:                                 Starting var:.. exc_type = None
IE_TRACE:                                 Starting var:.. exc_value = None
IE_TRACE:                                 Starting var:.. exc_traceback = None
IE_TRACE:                                 12:39:21.533498 call      1226 SOURCE IS UNAVAILABLE
IE_TRACE:                                 12:39:21.533521 line      1228 SOURCE IS UNAVAILABLE
IE_TRACE:                                 12:39:21.533535 return    1228 SOURCE IS UNAVAILABLE
IE_TRACE:                                 Return value:.. None
IE_TRACE:                             12:39:21.533551 line      1263 SOURCE IS UNAVAILABLE
IE_TRACE:                             12:39:21.533569 line      1255 SOURCE IS UNAVAILABLE
IE_TRACE:                             Modified var:.. finder = <class '_frozen_importlib_external.PathFinder'>
IE_TRACE:                             12:39:21.533587 line      1256 SOURCE IS UNAVAILABLE
IE_TRACE:                                 Starting var:.. self = <_frozen_importlib._ImportLockContext object at 0x7e5d704cb470>
IE_TRACE:                                 12:39:21.533608 call      1222 SOURCE IS UNAVAILABLE
IE_TRACE:                                 12:39:21.533622 line      1224 SOURCE IS UNAVAILABLE
IE_TRACE:                                 12:39:21.533633 return    1224 SOURCE IS UNAVAILABLE
IE_TRACE:                                 Return value:.. None
IE_TRACE:                             12:39:21.533648 line      1257 SOURCE IS UNAVAILABLE
IE_TRACE:                             12:39:21.533666 line      1258 SOURCE IS UNAVAILABLE
IE_TRACE:                             Modified var:.. find_spec = <bound method PathFinder.find_spec of <class '_frozen_importlib_external.PathFinder'>>
IE_TRACE:                             12:39:21.533684 line      1262 SOURCE IS UNAVAILABLE
IE_TRACE:                                 Source path:... <frozen importlib._bootstrap_external>
IE_TRACE:                                 Starting var:.. cls = <class '_frozen_importlib_external.PathFinder'>
IE_TRACE:                                 Starting var:.. fullname = 'encodings.idna'
IE_TRACE:                                 Starting var:.. path = ['/usr/lib/python3.12/encodings']
IE_TRACE:                                 Starting var:.. target = None
IE_TRACE:                                 12:39:21.533706 call      1520 SOURCE IS UNAVAILABLE
IE_TRACE:                                 12:39:21.533733 line      1526 SOURCE IS UNAVAILABLE
IE_TRACE:                                 12:39:21.533747 line      1528 SOURCE IS UNAVAILABLE
IE_TRACE:                                     Starting var:.. cls = <class '_frozen_importlib_external.PathFinder'>
IE_TRACE:                                     Starting var:.. fullname = 'encodings.idna'
IE_TRACE:                                     Starting var:.. path = ['/usr/lib/python3.12/encodings']
IE_TRACE:                                     Starting var:.. target = None
IE_TRACE:                                     12:39:21.533762 call      1491 SOURCE IS UNAVAILABLE
IE_TRACE:                                     12:39:21.533788 line      1496 SOURCE IS UNAVAILABLE
IE_TRACE:                                     New var:....... namespace_path = []
IE_TRACE:                                     12:39:21.533803 line      1497 SOURCE IS UNAVAILABLE
IE_TRACE:                                     New var:....... entry = '/usr/lib/python3.12/encodings'
IE_TRACE:                                     12:39:21.533821 line      1498 SOURCE IS UNAVAILABLE
IE_TRACE:                                     12:39:21.533841 line      1500 SOURCE IS UNAVAILABLE
IE_TRACE:                                     New var:....... finder = FileFinder('/usr/lib/python3.12/encodings')
IE_TRACE:                                     12:39:21.533864 line      1501 SOURCE IS UNAVAILABLE
IE_TRACE:                                     12:39:21.533886 line      1502 SOURCE IS UNAVAILABLE
IE_TRACE:                                     New var:....... spec = ModuleSpec(name='encodings.idna', loader=<_frozen_importlib_external.SourceFileLoader object at 0x7e5d704c8920>, origin='/usr/lib/python3.12/encodings/idna.py')
IE_TRACE:                                     12:39:21.534041 line      1503 SOURCE IS UNAVAILABLE
IE_TRACE:                                     12:39:21.534065 line      1505 SOURCE IS UNAVAILABLE
IE_TRACE:                                     12:39:21.534085 line      1506 SOURCE IS UNAVAILABLE
IE_TRACE:                                     12:39:21.534104 return    1506 SOURCE IS UNAVAILABLE
IE_TRACE:                                     Return value:.. ModuleSpec(name='encodings.idna', loader=<_frozen_importlib_external.SourceFileLoader object at 0x7e5d704c8920>, origin='/usr/lib/python3.12/encodings/idna.py')
IE_TRACE:                                 New var:....... spec = ModuleSpec(name='encodings.idna', loader=<_frozen_importlib_external.SourceFileLoader object at 0x7e5d704c8920>, origin='/usr/lib/python3.12/encodings/idna.py')
IE_TRACE:                                 12:39:21.534128 line      1529 SOURCE IS UNAVAILABLE
IE_TRACE:                                 12:39:21.534147 line      1531 SOURCE IS UNAVAILABLE
IE_TRACE:                                 12:39:21.534163 line      1542 SOURCE IS UNAVAILABLE
IE_TRACE:                                 12:39:21.534179 return    1542 SOURCE IS UNAVAILABLE
IE_TRACE:                                 Return value:.. ModuleSpec(name='encodings.idna', loader=<_frozen_importlib_external.SourceFileLoader object at 0x7e5d704c8920>, origin='/usr/lib/python3.12/encodings/idna.py')
IE_TRACE:                             Source path:... <frozen importlib._bootstrap>
IE_TRACE:                             Modified var:.. spec = ModuleSpec(name='encodings.idna', loader=<_frozen_importlib_external.SourceFileLoader object at 0x7e5d704c8920>, origin='/usr/lib/python3.12/encodings/idna.py')
IE_TRACE:                             12:39:21.534201 line      1256 SOURCE IS UNAVAILABLE
IE_TRACE:                                 Starting var:.. self = <_frozen_importlib._ImportLockContext object at 0x7e5d704cb470>
IE_TRACE:                                 Starting var:.. exc_type = None
IE_TRACE:                                 Starting var:.. exc_value = None
IE_TRACE:                                 Starting var:.. exc_traceback = None
IE_TRACE:                                 12:39:21.534227 call      1226 SOURCE IS UNAVAILABLE
IE_TRACE:                                 12:39:21.534251 line      1228 SOURCE IS UNAVAILABLE
IE_TRACE:                                 12:39:21.534265 return    1228 SOURCE IS UNAVAILABLE
IE_TRACE:                                 Return value:.. None
IE_TRACE:                             12:39:21.534282 line      1263 SOURCE IS UNAVAILABLE
IE_TRACE:                             12:39:21.534302 line      1265 SOURCE IS UNAVAILABLE
IE_TRACE:                             12:39:21.534321 line      1280 SOURCE IS UNAVAILABLE
IE_TRACE:                             12:39:21.534340 return    1280 SOURCE IS UNAVAILABLE
IE_TRACE:                             Return value:.. ModuleSpec(name='encodings.idna', loader=<_frozen_importlib_external.SourceFileLoader object at 0x7e5d704c8920>, origin='/usr/lib/python3.12/encodings/idna.py')
IE_TRACE:                         New var:....... spec = ModuleSpec(name='encodings.idna', loader=<_frozen_importlib_external.SourceFileLoader object at 0x7e5d704c8920>, origin='/usr/lib/python3.12/encodings/idna.py')
IE_TRACE:                         12:39:21.534364 line      1323 SOURCE IS UNAVAILABLE
IE_TRACE:                         12:39:21.534392 line      1326 SOURCE IS UNAVAILABLE
IE_TRACE:                         12:39:21.534412 line      1329 SOURCE IS UNAVAILABLE
IE_TRACE:                         12:39:21.534431 line      1330 SOURCE IS UNAVAILABLE
IE_TRACE:                         12:39:21.534451 line      1331 SOURCE IS UNAVAILABLE
IE_TRACE:                             Starting var:.. spec = ModuleSpec(name='encodings.idna', loader=<_frozen_importlib_external.SourceFileLoader object at 0x7e5d704c8920>, origin='/usr/lib/python3.12/encodings/idna.py')
IE_TRACE:                             12:39:21.534471 call       911 SOURCE IS UNAVAILABLE
IE_TRACE:                             12:39:21.534487 line       913 SOURCE IS UNAVAILABLE
IE_TRACE:                             12:39:21.534500 line       915 SOURCE IS UNAVAILABLE
IE_TRACE:                             12:39:21.534512 line       921 SOURCE IS UNAVAILABLE
IE_TRACE:                                 Starting var:.. spec = ModuleSpec(name='encodings.idna', loader=<_frozen_importlib_external.SourceFileLoader object at 0x7e5d704c8920>, origin='/usr/lib/python3.12/encodings/idna.py')
IE_TRACE:                                 12:39:21.534525 call       806 SOURCE IS UNAVAILABLE
IE_TRACE:                                 12:39:21.534540 line       809 SOURCE IS UNAVAILABLE
IE_TRACE:                                 New var:....... module = None
IE_TRACE:                                 12:39:21.534553 line       810 SOURCE IS UNAVAILABLE
IE_TRACE:                                 12:39:21.534568 line       813 SOURCE IS UNAVAILABLE
IE_TRACE:                                     Source path:... <frozen importlib._bootstrap_external>
IE_TRACE:                                     Starting var:.. self = <_frozen_importlib_external.SourceFileLoader object at 0x7e5d704c8920>
IE_TRACE:                                     Starting var:.. spec = ModuleSpec(name='encodings.idna', loader=<_frozen_importlib_external.SourceFileLoader object at 0x7e5d704c8920>, origin='/usr/lib/python3.12/encodings/idna.py')
IE_TRACE:                                     12:39:21.534582 call       986 SOURCE IS UNAVAILABLE
IE_TRACE:                                     12:39:21.534604 line       986 SOURCE IS UNAVAILABLE
IE_TRACE:                                     12:39:21.534617 return     986 SOURCE IS UNAVAILABLE
IE_TRACE:                                     Return value:.. None
IE_TRACE:                                 Source path:... <frozen importlib._bootstrap>
IE_TRACE:                                 12:39:21.534635 line       817 SOURCE IS UNAVAILABLE
IE_TRACE:                                 12:39:21.534651 line       818 SOURCE IS UNAVAILABLE
IE_TRACE:                                     Starting var:.. name = 'encodings.idna'
IE_TRACE:                                     12:39:21.534664 call        48 SOURCE IS UNAVAILABLE
IE_TRACE:                                     12:39:21.534679 line        49 SOURCE IS UNAVAILABLE
IE_TRACE:                                     12:39:21.534691 return      49 SOURCE IS UNAVAILABLE
IE_TRACE:                                     Return value:.. <module 'encodings.idna'>
IE_TRACE:                                 Modified var:.. module = <module 'encodings.idna'>
IE_TRACE:                                 12:39:21.534710 line       819 SOURCE IS UNAVAILABLE
IE_TRACE:                                     Starting var:.. spec = ModuleSpec(name='encodings.idna', loader=<_frozen_importlib_external.SourceFileLoader object at 0x7e5d704c8920>, origin='/usr/lib/python3.12/encodings/idna.py')
IE_TRACE:                                     Starting var:.. module = <module 'encodings.idna'>
IE_TRACE:                                     Starting var:.. override = False
IE_TRACE:                                     12:39:21.534728 call       733 SOURCE IS UNAVAILABLE
IE_TRACE:                                     12:39:21.534753 line       737 SOURCE IS UNAVAILABLE
IE_TRACE:                                     12:39:21.534770 line       743 SOURCE IS UNAVAILABLE
IE_TRACE:                                     12:39:21.534786 line       744 SOURCE IS UNAVAILABLE
IE_TRACE:                                     New var:....... loader = <_frozen_importlib_external.SourceFileLoader object at 0x7e5d704c8920>
IE_TRACE:                                     12:39:21.534802 line       745 SOURCE IS UNAVAILABLE
IE_TRACE:                                     12:39:21.534822 line       766 SOURCE IS UNAVAILABLE
IE_TRACE:                                     12:39:21.534840 line       767 SOURCE IS UNAVAILABLE
IE_TRACE:                                     Modified var:.. module = <module 'encodings.idna' (<_frozen_importlib_external.SourceFileLoader object at 0x7e5d704c8920>)>
IE_TRACE:                                     12:39:21.534857 line       771 SOURCE IS UNAVAILABLE
IE_TRACE:                                     12:39:21.534879 line       772 SOURCE IS UNAVAILABLE
IE_TRACE:                                     12:39:21.534896 line       773 SOURCE IS UNAVAILABLE
IE_TRACE:                                     12:39:21.534921 line       777 SOURCE IS UNAVAILABLE
IE_TRACE:                                     12:39:21.534939 line       778 SOURCE IS UNAVAILABLE
IE_TRACE:                                     Modified var:.. module = <module 'encodings.idna' from '/usr/lib/python3.12/encodings/idna.py'>
IE_TRACE:                                     12:39:21.534956 line       782 SOURCE IS UNAVAILABLE
IE_TRACE:                                     12:39:21.534975 line       783 SOURCE IS UNAVAILABLE
IE_TRACE:                                     12:39:21.534992 line       790 SOURCE IS UNAVAILABLE
IE_TRACE:                                     12:39:21.535015 line       791 SOURCE IS UNAVAILABLE
IE_TRACE:                                     12:39:21.535031 line       792 SOURCE IS UNAVAILABLE
IE_TRACE:                                     12:39:21.535047 line       793 SOURCE IS UNAVAILABLE
IE_TRACE:                                     12:39:21.535064 line       797 SOURCE IS UNAVAILABLE
IE_TRACE:                                     12:39:21.535080 line       798 SOURCE IS UNAVAILABLE
IE_TRACE:                                     12:39:21.535145 line       799 SOURCE IS UNAVAILABLE
IE_TRACE:                                     12:39:21.535163 line       800 SOURCE IS UNAVAILABLE
IE_TRACE:                                     12:39:21.535186 line       803 SOURCE IS UNAVAILABLE
IE_TRACE:                                     12:39:21.535204 return     803 SOURCE IS UNAVAILABLE
IE_TRACE:                                     Return value:.. <module 'encodings.idna' from '/usr/lib/python3.12/encodings/idna.py'>
IE_TRACE:                                 Modified var:.. module = <module 'encodings.idna' from '/usr/lib/python3.12/encodings/idna.py'>
IE_TRACE:                                 12:39:21.535226 line       820 SOURCE IS UNAVAILABLE
IE_TRACE:                                 12:39:21.535244 return     820 SOURCE IS UNAVAILABLE
IE_TRACE:                                 Return value:.. <module 'encodings.idna' from '/usr/lib/python3.12/encodings/idna.py'>
IE_TRACE:                             New var:....... module = <module 'encodings.idna' from '/usr/lib/python3.12/encodings/idna.py'>
IE_TRACE:                             12:39:21.535262 line       926 SOURCE IS UNAVAILABLE
IE_TRACE:                             12:39:21.535278 line       927 SOURCE IS UNAVAILABLE
IE_TRACE:                             12:39:21.535292 line       928 SOURCE IS UNAVAILABLE
IE_TRACE:                             12:39:21.535306 line       929 SOURCE IS UNAVAILABLE
IE_TRACE:                             12:39:21.535319 line       930 SOURCE IS UNAVAILABLE
IE_TRACE:                             12:39:21.535333 line       935 SOURCE IS UNAVAILABLE
IE_TRACE:                                 Source path:... <frozen importlib._bootstrap_external>
IE_TRACE:                                 Starting var:.. self = <_frozen_importlib_external.SourceFileLoader object at 0x7e5d704c8920>
IE_TRACE:                                 Starting var:.. module = <module 'encodings.idna' from '/usr/lib/python3.12/encodings/idna.py'>
IE_TRACE:                                 12:39:21.535347 call       989 SOURCE IS UNAVAILABLE
IE_TRACE:                                 12:39:21.535369 line       991 SOURCE IS UNAVAILABLE
IE_TRACE:                                     Starting var:.. self = <_frozen_importlib_external.SourceFileLoader object at 0x7e5d704c8920>
IE_TRACE:                                     Starting var:.. fullname = 'encodings.idna'
IE_TRACE:                                     12:39:21.535385 call      1062 SOURCE IS UNAVAILABLE
IE_TRACE:                                     12:39:21.535406 line      1069 SOURCE IS UNAVAILABLE
IE_TRACE:                                     New var:....... source_path = '/usr/lib/python3.12/encodings/idna.py'
IE_TRACE:                                     12:39:21.535435 line      1070 SOURCE IS UNAVAILABLE
IE_TRACE:                                     New var:....... source_mtime = None
IE_TRACE:                                     12:39:21.535454 line      1071 SOURCE IS UNAVAILABLE
IE_TRACE:                                     New var:....... source_bytes = None
IE_TRACE:                                     12:39:21.535474 line      1072 SOURCE IS UNAVAILABLE
IE_TRACE:                                     New var:....... source_hash = None
IE_TRACE:                                     12:39:21.535494 line      1073 SOURCE IS UNAVAILABLE
IE_TRACE:                                     New var:....... hash_based = False
IE_TRACE:                                     12:39:21.535515 line      1074 SOURCE IS UNAVAILABLE
IE_TRACE:                                     New var:....... check_source = True
IE_TRACE:                                     12:39:21.535537 line      1075 SOURCE IS UNAVAILABLE
IE_TRACE:                                     12:39:21.535559 line      1076 SOURCE IS UNAVAILABLE
IE_TRACE:                                     New var:....... bytecode_path = '/usr/lib/python3.12/encodings/__pycache__/idna.cpython-312.pyc'
IE_TRACE:                                     12:39:21.535616 line      1080 SOURCE IS UNAVAILABLE
IE_TRACE:                                     12:39:21.535639 line      1081 SOURCE IS UNAVAILABLE
IE_TRACE:                                     New var:....... st = {'mtime': 1772540118.0, 'size': 9710}
IE_TRACE:                                     12:39:21.535675 line      1085 SOURCE IS UNAVAILABLE
IE_TRACE:                                     Modified var:.. source_mtime = 1772540118
IE_TRACE:                                     12:39:21.535701 line      1086 SOURCE IS UNAVAILABLE
IE_TRACE:                                     12:39:21.535725 line      1087 SOURCE IS UNAVAILABLE
IE_TRACE:                                     New var:....... data = bytes(len=9916)
IE_TRACE:                                     12:39:21.535767 line      1092 SOURCE IS UNAVAILABLE
IE_TRACE:                                     12:39:21.535795 line      1093 SOURCE IS UNAVAILABLE
IE_TRACE:                                     12:39:21.535819 line      1091 SOURCE IS UNAVAILABLE
IE_TRACE:                                     New var:....... exc_details = {'name': 'encodings.idna', 'path': '/usr/lib/python3.12/encodings/__pycache__/idna.cpython-312.pyc'}
IE_TRACE:                                     12:39:21.535841 line      1095 SOURCE IS UNAVAILABLE
IE_TRACE:                                     12:39:21.535867 line      1096 SOURCE IS UNAVAILABLE
IE_TRACE:                                     New var:....... flags = 0
IE_TRACE:                                     12:39:21.535905 line      1097 SOURCE IS UNAVAILABLE
IE_TRACE:                                     New var:....... bytes_data = <memory at 0x7e5d705934c0>
IE_TRACE:                                     12:39:21.535933 line      1098 SOURCE IS UNAVAILABLE
IE_TRACE:                                     12:39:21.535965 line      1099 SOURCE IS UNAVAILABLE
IE_TRACE:                                     12:39:21.535989 line      1112 SOURCE IS UNAVAILABLE
IE_TRACE:                                     12:39:21.536014 line      1113 SOURCE IS UNAVAILABLE
IE_TRACE:                                     12:39:21.536038 line      1114 SOURCE IS UNAVAILABLE
IE_TRACE:                                     12:39:21.536062 line      1115 SOURCE IS UNAVAILABLE
IE_TRACE:                                     12:39:21.536086 line      1116 SOURCE IS UNAVAILABLE
IE_TRACE:                                     12:39:21.536110 line      1117 SOURCE IS UNAVAILABLE
IE_TRACE:                                     12:39:21.536134 line      1112 SOURCE IS UNAVAILABLE
IE_TRACE:                                     12:39:21.536178 line      1122 SOURCE IS UNAVAILABLE
IE_TRACE:                                     12:39:21.536205 line      1123 SOURCE IS UNAVAILABLE
IE_TRACE:                                     12:39:21.536228 line      1122 SOURCE IS UNAVAILABLE
IE_TRACE:                                     12:39:21.536260 line      1124 SOURCE IS UNAVAILABLE
IE_TRACE:                                     12:39:21.536283 line      1125 SOURCE IS UNAVAILABLE
IE_TRACE:                                     12:39:21.536307 line      1126 SOURCE IS UNAVAILABLE
IE_TRACE:                                     12:39:21.536331 line      1124 SOURCE IS UNAVAILABLE
IE_TRACE:                                     12:39:21.536414 return    1124 SOURCE IS UNAVAILABLE
IE_TRACE:                                     Return value:.. <code object <module> at 0x27a93c40, file "/usr/lib/python3.12/encodings/idna.py", line 1>
IE_TRACE:                                 New var:....... code = <code object <module> at 0x27a93c40, file "/usr/lib/python3.12/encodings/idna.py", line 1>
IE_TRACE:                                 12:39:21.536449 line       992 SOURCE IS UNAVAILABLE
IE_TRACE:                                 12:39:21.536468 line       995 SOURCE IS UNAVAILABLE
IE_TRACE:                                     Source path:... <frozen importlib._bootstrap>
IE_TRACE:                                     Starting var:.. f = <built-in function exec>
IE_TRACE:                                     Starting var:.. args = (<code object <module> at 0x27a93c40, file "/usr/lib/python3.12/encodings/idna.py", line 1>, {'__name__': 'encodings.idna', '__doc__': None, '__package__': 'encodings', '__loader__': <_frozen_importlib_external.SourceFileLoader object at 0x7e5d704c...zen_importlib_external.SourceFileLoader object at 0x7e5d704c8920>, origin='/usr/lib/python3.12/encodings/idna.py'), '__file__': '/usr/lib/python3.12/encodings/idna.py', '__cached__': '/usr/lib/python3.12/encodings/__pycache__/idna.cpython-312.pyc'})
IE_TRACE:                                     Starting var:.. kwds = {}
IE_TRACE:                                     12:39:21.536484 call       480 SOURCE IS UNAVAILABLE
IE_TRACE:                                     12:39:21.536514 line       488 SOURCE IS UNAVAILABLE
IE_TRACE:                                     Modified var:.. args = (<code object <module> at 0x27a93c40, file "/usr/lib/python3.12/encodings/idna.py", line 1>, {'__name__': 'encodings.idna', '__doc__': None, '__package__': 'encodings', '__loader__': <_frozen_importlib_external.SourceFileLoader object at 0x7e5d704c...ntalEncoder'>, 'IncrementalDecoder': <class 'encodings.idna.IncrementalDecoder'>, 'StreamWriter': <class 'encodings.idna.StreamWriter'>, 'StreamReader': <class 'encodings.idna.StreamReader'>, 'getregentry': <function getregentry at 0x7e5d70262840>})
IE_TRACE:                                     12:39:21.538745 return     488 SOURCE IS UNAVAILABLE
IE_TRACE:                                     Return value:.. None
IE_TRACE:                                 Source path:... <frozen importlib._bootstrap_external>
IE_TRACE:                                 12:39:21.538860 return     995 SOURCE IS UNAVAILABLE
IE_TRACE:                                 Return value:.. None
IE_TRACE:                             Source path:... <frozen importlib._bootstrap>
IE_TRACE:                             12:39:21.538889 line       946 SOURCE IS UNAVAILABLE
IE_TRACE:                             12:39:21.538910 line       947 SOURCE IS UNAVAILABLE
IE_TRACE:                             12:39:21.538926 line       948 SOURCE IS UNAVAILABLE
IE_TRACE:                                 Starting var:.. message = 'import {!r} # {!r}'
IE_TRACE:                                 Starting var:.. verbosity = 1
IE_TRACE:                                 Starting var:.. args = ('encodings.idna', <_frozen_importlib_external.SourceFileLoader object at 0x7e5d704c8920>)
IE_TRACE:                                 12:39:21.538941 call       491 SOURCE IS UNAVAILABLE
IE_TRACE:                                 12:39:21.538966 line       493 SOURCE IS UNAVAILABLE
IE_TRACE:                                 12:39:21.538982 return     493 SOURCE IS UNAVAILABLE
IE_TRACE:                                 Return value:.. None
IE_TRACE:                             12:39:21.539001 line       950 SOURCE IS UNAVAILABLE
IE_TRACE:                             12:39:21.539016 line       952 SOURCE IS UNAVAILABLE
IE_TRACE:                             12:39:21.539030 return     952 SOURCE IS UNAVAILABLE
IE_TRACE:                             Return value:.. <module 'encodings.idna' from '/usr/lib/python3.12/encodings/idna.py'>
IE_TRACE:                         New var:....... module = <module 'encodings.idna' from '/usr/lib/python3.12/encodings/idna.py'>
IE_TRACE:                         12:39:21.539049 line      1333 SOURCE IS UNAVAILABLE
IE_TRACE:                         12:39:21.539077 line      1334 SOURCE IS UNAVAILABLE
IE_TRACE:                         12:39:21.539100 line      1335 SOURCE IS UNAVAILABLE
IE_TRACE:                         12:39:21.539122 line      1337 SOURCE IS UNAVAILABLE
IE_TRACE:                         12:39:21.539144 line      1338 SOURCE IS UNAVAILABLE
IE_TRACE:                         12:39:21.539165 line      1339 SOURCE IS UNAVAILABLE
IE_TRACE:                         12:39:21.539186 line      1343 SOURCE IS UNAVAILABLE
IE_TRACE:                         12:39:21.539210 return    1343 SOURCE IS UNAVAILABLE
IE_TRACE:                         Return value:.. <module 'encodings.idna' from '/usr/lib/python3.12/encodings/idna.py'>
IE_TRACE:                     12:39:21.539235 line      1357 SOURCE IS UNAVAILABLE
IE_TRACE:                         Starting var:.. self = <_frozen_importlib._ModuleLockManager object at 0x7e5d704c9cd0>
IE_TRACE:                         Starting var:.. args = (None, None, None)
IE_TRACE:                         Starting var:.. kwargs = {}
IE_TRACE:                         12:39:21.539250 call       420 SOURCE IS UNAVAILABLE
IE_TRACE:                         12:39:21.539271 line       421 SOURCE IS UNAVAILABLE
IE_TRACE:                             Starting var:.. self = _ModuleLock('encodings.idna') at 138939781133616
IE_TRACE:                             12:39:21.539284 call       372 SOURCE IS UNAVAILABLE
IE_TRACE:                             12:39:21.539299 line       373 SOURCE IS UNAVAILABLE
IE_TRACE:                             New var:....... tid = 138939851845760
IE_TRACE:                             12:39:21.539311 line       374 SOURCE IS UNAVAILABLE
IE_TRACE:                             12:39:21.539325 line       375 SOURCE IS UNAVAILABLE
IE_TRACE:                             12:39:21.539337 line       377 SOURCE IS UNAVAILABLE
IE_TRACE:                             12:39:21.539349 line       378 SOURCE IS UNAVAILABLE
IE_TRACE:                             12:39:21.539360 line       379 SOURCE IS UNAVAILABLE
IE_TRACE:                             12:39:21.539371 line       380 SOURCE IS UNAVAILABLE
IE_TRACE:                             12:39:21.539383 line       381 SOURCE IS UNAVAILABLE
IE_TRACE:                             12:39:21.539394 line       374 SOURCE IS UNAVAILABLE
IE_TRACE:                             12:39:21.539406 return     374 SOURCE IS UNAVAILABLE
IE_TRACE:                             Return value:.. None
IE_TRACE:                         12:39:21.539422 return     421 SOURCE IS UNAVAILABLE
IE_TRACE:                         Return value:.. None
IE_TRACE:                         Starting var:.. ref = <weakref at 0x7e5d7029b4c0; dead>
IE_TRACE:                         Starting var:.. name = 'encodings.idna'
IE_TRACE:                         12:39:21.539439 call       445 SOURCE IS UNAVAILABLE
IE_TRACE:                         12:39:21.539458 line       446 SOURCE IS UNAVAILABLE
IE_TRACE:                         12:39:21.539470 line       447 SOURCE IS UNAVAILABLE
IE_TRACE:                         12:39:21.539481 line       451 SOURCE IS UNAVAILABLE
IE_TRACE:                         12:39:21.539493 line       452 SOURCE IS UNAVAILABLE
IE_TRACE:                         12:39:21.539504 line       454 SOURCE IS UNAVAILABLE
IE_TRACE:                         12:39:21.539515 return     454 SOURCE IS UNAVAILABLE
IE_TRACE:                         Return value:.. None
IE_TRACE:                     12:39:21.539531 return    1357 SOURCE IS UNAVAILABLE
IE_TRACE:                     Return value:.. <module 'encodings.idna' from '/usr/lib/python3.12/encodings/idna.py'>
IE_TRACE:             Source path:... /path/to/.venv/lib/python3.12/site-packages/w3lib/url.py
IE_TRACE:             Modified var:.. netloc_bytes = b'www.example.com'
IE_TRACE:             12:39:21.540795 line       170     if port is not None:
IE_TRACE:             12:39:21.540825 line       174     netloc = netloc_bytes.decode()
IE_TRACE:             New var:....... netloc = 'www.example.com'
IE_TRACE:             12:39:21.540844 line       177     if quote_path:
IE_TRACE:             12:39:21.540866 line       178         path = quote(parts.path.encode(path_encoding), _PATH_SAFEST_CHARS)
IE_TRACE:             Source path:... /path/to/.venv/lib/python3.12/site-packages/w3lib/url.py
IE_TRACE:             New var:....... path = '/301'
IE_TRACE:             12:39:21.542222 line       182     if parts.scheme in _SPECIAL_SCHEMES:
IE_TRACE:             12:39:21.542249 line       183         query = quote(parts.query.encode(encoding), _SPECIAL_QUERY_SAFEST_CHARS)
IE_TRACE:             Source path:... /path/to/.venv/lib/python3.12/site-packages/w3lib/url.py
IE_TRACE:             New var:....... query = ''
IE_TRACE:             12:39:21.542422 line       187     return urlunsplit(
IE_TRACE:             12:39:21.542449 line       189             parts.scheme,
IE_TRACE:             12:39:21.542468 line       190             netloc,
IE_TRACE:             12:39:21.542488 line       191             path,
IE_TRACE:             12:39:21.542507 line       192             query,
IE_TRACE:             12:39:21.542526 line       193             quote(parts.fragment.encode(encoding), _FRAGMENT_SAFEST_CHARS),
IE_TRACE:             Source path:... /path/to/.venv/lib/python3.12/site-packages/w3lib/url.py
IE_TRACE:             12:39:21.542694 line       188         (
IE_TRACE:             12:39:21.542717 line       187     return urlunsplit(
IE_TRACE:             Source path:... /path/to/.venv/lib/python3.12/site-packages/w3lib/url.py
IE_TRACE:             12:39:21.543139 return     187     return urlunsplit(
IE_TRACE:             Return value:.. 'http://www.example.com/301'
IE_TRACE:             Source path:... /path/to/BugsInPy/workspace/scrapy/scrapy/utils/url.py
IE_TRACE:             Starting var:.. url = 'http://www.example.com/301'
IE_TRACE:             12:39:21.543170 call        87 def escape_ajax(url):
IE_TRACE:             12:39:21.543215 line       110     defrag, frag = urldefrag(url)
IE_TRACE:             Source path:... /path/to/BugsInPy/workspace/scrapy/scrapy/utils/url.py
IE_TRACE:             New var:....... defrag = 'http://www.example.com/301'
IE_TRACE:             New var:....... frag = ''
IE_TRACE:             12:39:21.543483 line       111     if not frag.startswith('!'):
IE_TRACE:             12:39:21.543501 line       112         return url
IE_TRACE:             12:39:21.543511 return     112         return url
IE_TRACE:             Return value:.. 'http://www.example.com/301'
IE_TRACE:         Source path:... /path/to/BugsInPy/workspace/scrapy/scrapy/http/request/__init__.py
IE_TRACE:         Modified var:.. self = <GET http://www.example.com/301>
IE_TRACE:         12:39:21.543524 line        56         if ':' not in self._url:
IE_TRACE:         12:39:21.543541 return      56         if ':' not in self._url:
IE_TRACE:         Return value:.. None
IE_TRACE:     Modified var:.. self = <GET http://www.example.com/301>
IE_TRACE:     12:39:21.543556 line        26         self._set_body(body)
IE_TRACE:         Starting var:.. self = <GET http://www.example.com/301>
IE_TRACE:         Starting var:.. body = None
IE_TRACE:         12:39:21.543582 call        64     def _set_body(self, body):
IE_TRACE:         12:39:21.543597 line        65         if body is None:
IE_TRACE:         12:39:21.543607 line        66             self._body = b''
IE_TRACE:         12:39:21.543616 return      66             self._body = b''
IE_TRACE:         Return value:.. None
IE_TRACE:     12:39:21.543628 line        27         assert isinstance(priority, int), "Request priority not an integer: %r" % priority
IE_TRACE:     12:39:21.543647 line        28         self.priority = priority
IE_TRACE:     12:39:21.543665 line        30         assert callback or not errback, "Cannot use errback without a callback"
IE_TRACE:     12:39:21.543682 line        31         self.callback = callback
IE_TRACE:     12:39:21.543699 line        32         self.errback = errback
IE_TRACE:     12:39:21.543716 line        34         self.cookies = cookies or {}
IE_TRACE:     12:39:21.543733 line        35         self.headers = Headers(headers or {}, encoding=encoding)
IE_TRACE:         Source path:... /path/to/BugsInPy/workspace/scrapy/scrapy/http/headers.py
IE_TRACE:         Starting var:.. self = {}
IE_TRACE:         Starting var:.. seq = {}
IE_TRACE:         Starting var:.. encoding = 'utf-8'
IE_TRACE:         Starting var:.. __class__ = <class 'scrapy.http.headers.Headers'>
IE_TRACE:         12:39:21.543752 call         9     def __init__(self, seq=None, encoding='utf-8'):
IE_TRACE:         12:39:21.543798 line        10         self.encoding = encoding
IE_TRACE:         12:39:21.543810 line        11         super(Headers, self).__init__(seq)
IE_TRACE:             Source path:... /path/to/BugsInPy/workspace/scrapy/scrapy/utils/datatypes.py
IE_TRACE:             Starting var:.. self = {}
IE_TRACE:             Starting var:.. seq = {}
IE_TRACE:             Starting var:.. __class__ = <class 'scrapy.utils.datatypes.CaselessDict'>
IE_TRACE:             12:39:21.543823 call       167     def __init__(self, seq=None):
IE_TRACE:             12:39:21.543867 line       168         super(CaselessDict, self).__init__()
IE_TRACE:             12:39:21.543878 line       169         if seq:
IE_TRACE:             12:39:21.543887 return     169         if seq:
IE_TRACE:             Return value:.. None
IE_TRACE:         Source path:... /path/to/BugsInPy/workspace/scrapy/scrapy/http/headers.py
IE_TRACE:         12:39:21.543901 return      11         super(Headers, self).__init__(seq)
IE_TRACE:         Return value:.. None
IE_TRACE:     Source path:... /path/to/BugsInPy/workspace/scrapy/scrapy/http/request/__init__.py
IE_TRACE:     12:39:21.543918 line        36         self.dont_filter = dont_filter
IE_TRACE:     12:39:21.543940 line        38         self._meta = dict(meta) if meta else None
IE_TRACE:     12:39:21.543958 return      38         self._meta = dict(meta) if meta else None
IE_TRACE:     Return value:.. None
IE_TRACE:     Source path:... /path/to/BugsInPy/workspace/scrapy/tests/test_downloadermiddleware_redirect.py
IE_TRACE:     Starting var:.. req = <GET http://www.example.com/301>
IE_TRACE:     Starting var:.. self = <tests.test_downloadermiddleware_redirect.RedirectMiddlewareTest testMethod=test_request_meta_handling>
IE_TRACE:     Starting var:.. url = 'http://www.example.com/301'
IE_TRACE:     Starting var:.. url2 = 'http://www.example.com/redirected'
IE_TRACE:     12:39:21.543981 call       149         def _test_passthrough(req):
IE_TRACE:     12:39:21.544008 line       150             rsp = Response(url, headers={'Location': url2}, status=301, request=req)
IE_TRACE:         Source path:... /path/to/BugsInPy/workspace/scrapy/scrapy/utils/trackref.py
IE_TRACE:         Starting var:.. cls = <class 'scrapy.http.response.Response'>
IE_TRACE:         Starting var:.. args = ('http://www.example.com/301',)
IE_TRACE:         Starting var:.. kwargs = {'headers': {'Location': 'http://www.example.com/redirected'}, 'status': 301, 'request': <GET http://www.example.com/301>}
IE_TRACE:         12:39:21.544023 call        30     def __new__(cls, *args, **kwargs):
IE_TRACE:         12:39:21.544045 line        31         obj = object.__new__(cls)
IE_TRACE:         New var:....... obj = REPR FAILED
IE_TRACE:         12:39:21.544056 line        32         live_refs[cls][obj] = time()
IE_TRACE:         Source path:... /path/to/BugsInPy/workspace/scrapy/scrapy/utils/trackref.py
IE_TRACE:         12:39:21.544234 line        33         return obj
IE_TRACE:         12:39:21.544249 return      33         return obj
IE_TRACE:         Return value:.. REPR FAILED
IE_TRACE:         Source path:... /path/to/BugsInPy/workspace/scrapy/scrapy/http/response/__init__.py
IE_TRACE:         Starting var:.. self = REPR FAILED
IE_TRACE:         Starting var:.. url = 'http://www.example.com/301'
IE_TRACE:         Starting var:.. status = 301
IE_TRACE:         Starting var:.. headers = {'Location': 'http://www.example.com/redirected'}
IE_TRACE:         Starting var:.. body = b''
IE_TRACE:         Starting var:.. flags = None
IE_TRACE:         Starting var:.. request = <GET http://www.example.com/301>
IE_TRACE:         12:39:21.544268 call        16     def __init__(self, url, status=200, headers=None, body=b'', flags=None, request=None):
IE_TRACE:         12:39:21.544323 line        17         self.headers = Headers(headers or {})
IE_TRACE:             Source path:... /path/to/BugsInPy/workspace/scrapy/scrapy/http/headers.py
IE_TRACE:             Starting var:.. self = {}
IE_TRACE:             Starting var:.. seq = {'Location': 'http://www.example.com/redirected'}
IE_TRACE:             Starting var:.. encoding = 'utf-8'
IE_TRACE:             Starting var:.. __class__ = <class 'scrapy.http.headers.Headers'>
IE_TRACE:             12:39:21.544338 call         9     def __init__(self, seq=None, encoding='utf-8'):
IE_TRACE:             12:39:21.544362 line        10         self.encoding = encoding
IE_TRACE:             12:39:21.544373 line        11         super(Headers, self).__init__(seq)
IE_TRACE:                 Source path:... /path/to/BugsInPy/workspace/scrapy/scrapy/utils/datatypes.py
IE_TRACE:                 Starting var:.. self = {}
IE_TRACE:                 Starting var:.. seq = {'Location': 'http://www.example.com/redirected'}
IE_TRACE:                 Starting var:.. __class__ = <class 'scrapy.utils.datatypes.CaselessDict'>
IE_TRACE:                 12:39:21.544384 call       167     def __init__(self, seq=None):
IE_TRACE:                 12:39:21.544404 line       168         super(CaselessDict, self).__init__()
IE_TRACE:                 12:39:21.544415 line       169         if seq:
IE_TRACE:                 12:39:21.544424 line       170             self.update(seq)
IE_TRACE:                     Starting var:.. self = {}
IE_TRACE:                     Starting var:.. seq = {'Location': 'http://www.example.com/redirected'}
IE_TRACE:                     Starting var:.. __class__ = <class 'scrapy.utils.datatypes.CaselessDict'>
IE_TRACE:                     12:39:21.544437 call       203     def update(self, seq):
IE_TRACE:                     12:39:21.544456 line       204         seq = seq.items() if isinstance(seq, dict) else seq
IE_TRACE:                     Modified var:.. seq = dict_items([('Location', 'http://www.example.com/redirected')])
IE_TRACE:                     12:39:21.544467 line       205         iseq = ((self.normkey(k), self.normvalue(v)) for k, v in seq)
IE_TRACE:                     New var:....... iseq = <generator object CaselessDict.update.<locals>.<genexpr> at 0x7e5d703cf3d0>
IE_TRACE:                     12:39:21.544483 line       206         super(CaselessDict, self).update(iseq)
IE_TRACE:                         Starting var:.. .0 = <dict_itemiterator object at 0x7e5d702c3240>
IE_TRACE:                         Starting var:.. self = {}
IE_TRACE:                         12:39:21.544501 call       205         iseq = ((self.normkey(k), self.normvalue(v)) for k, v in seq)
IE_TRACE:                         12:39:21.544519 line       205         iseq = ((self.normkey(k), self.normvalue(v)) for k, v in seq)
IE_TRACE:                             Source path:... /path/to/BugsInPy/workspace/scrapy/scrapy/http/headers.py
IE_TRACE:                             Starting var:.. self = {}
IE_TRACE:                             Starting var:.. key = 'Location'
IE_TRACE:                             12:39:21.544531 call        13     def normkey(self, key):
IE_TRACE:                             12:39:21.544550 line        15         return self._tobytes(key.title())
IE_TRACE:                                 Starting var:.. self = {}
IE_TRACE:                                 Starting var:.. x = 'Location'
IE_TRACE:                                 12:39:21.544564 call        28     def _tobytes(self, x):
IE_TRACE:                                 12:39:21.544579 line        29         if isinstance(x, bytes):
IE_TRACE:                                 12:39:21.544589 line        31         elif isinstance(x, six.text_type):
IE_TRACE:                                 12:39:21.544599 line        32             return x.encode(self.encoding)
IE_TRACE:                                 12:39:21.544608 return      32             return x.encode(self.encoding)
IE_TRACE:                                 Return value:.. b'Location'
IE_TRACE:                             12:39:21.544622 return      15         return self._tobytes(key.title())
IE_TRACE:                             Return value:.. b'Location'
IE_TRACE:                             Starting var:.. self = {}
IE_TRACE:                             Starting var:.. value = 'http://www.example.com/redirected'
IE_TRACE:                             12:39:21.544641 call        17     def normvalue(self, value):
IE_TRACE:                             12:39:21.544657 line        19         if value is None:
IE_TRACE:                             12:39:21.544666 line        21         elif isinstance(value, (six.text_type, bytes)):
IE_TRACE:                             12:39:21.544676 line        22             value = [value]
IE_TRACE:                             Modified var:.. value = ['http://www.example.com/redirected']
IE_TRACE:                             12:39:21.544686 line        26         return [self._tobytes(x) for x in value]
IE_TRACE:                                 Starting var:.. self = {}
IE_TRACE:                                 Starting var:.. x = 'http://www.example.com/redirected'
IE_TRACE:                                 12:39:21.544698 call        28     def _tobytes(self, x):
IE_TRACE:                                 12:39:21.544713 line        29         if isinstance(x, bytes):
IE_TRACE:                                 12:39:21.544723 line        31         elif isinstance(x, six.text_type):
IE_TRACE:                                 12:39:21.544733 line        32             return x.encode(self.encoding)
IE_TRACE:                                 12:39:21.544742 return      32             return x.encode(self.encoding)
IE_TRACE:                                 Return value:.. bytes(len=33)
IE_TRACE:                             New var:....... x = 'http://www.example.com/redirected'
IE_TRACE:                             12:39:21.544755 line        26         return [self._tobytes(x) for x in value]
IE_TRACE:                             12:39:21.544768 return      26         return [self._tobytes(x) for x in value]
IE_TRACE:                             Return value:.. [b'http://www.example.com/redirected']
IE_TRACE:                         Source path:... /path/to/BugsInPy/workspace/scrapy/scrapy/utils/datatypes.py
IE_TRACE:                         New var:....... k = 'Location'
IE_TRACE:                         New var:....... v = 'http://www.example.com/redirected'
IE_TRACE:                         12:39:21.544782 return     205         iseq = ((self.normkey(k), self.normvalue(v)) for k, v in seq)
IE_TRACE:                         Return value:.. (b'Location', [b'http://www.example.com/redirected'])
IE_TRACE:                         Starting var:.. .0 = <dict_itemiterator object at 0x7e5d702c3240>
IE_TRACE:                         Starting var:.. k = 'Location'
IE_TRACE:                         Starting var:.. v = 'http://www.example.com/redirected'
IE_TRACE:                         Starting var:.. self = {b'Location': [b'http://www.example.com/redirected']}
IE_TRACE:                         12:39:21.544806 call       205         iseq = ((self.normkey(k), self.normvalue(v)) for k, v in seq)
IE_TRACE:                         12:39:21.544827 line       205         iseq = ((self.normkey(k), self.normvalue(v)) for k, v in seq)
IE_TRACE:                         12:39:21.544839 return     205         iseq = ((self.normkey(k), self.normvalue(v)) for k, v in seq)
IE_TRACE:                         Return value:.. None
IE_TRACE:                     Modified var:.. self = {b'Location': [b'http://www.example.com/redirected']}
IE_TRACE:                     12:39:21.544854 return     206         super(CaselessDict, self).update(iseq)
IE_TRACE:                     Return value:.. None
IE_TRACE:                 Modified var:.. self = {b'Location': [b'http://www.example.com/redirected']}
IE_TRACE:                 12:39:21.544872 return     170             self.update(seq)
IE_TRACE:                 Return value:.. None
IE_TRACE:             Source path:... /path/to/BugsInPy/workspace/scrapy/scrapy/http/headers.py
IE_TRACE:             Modified var:.. self = {b'Location': [b'http://www.example.com/redirected']}
IE_TRACE:             12:39:21.544889 return      11         super(Headers, self).__init__(seq)
IE_TRACE:             Return value:.. None
IE_TRACE:         Source path:... /path/to/BugsInPy/workspace/scrapy/scrapy/http/response/__init__.py
IE_TRACE:         12:39:21.544908 line        18         self.status = int(status)
IE_TRACE:         12:39:21.544926 line        19         self._set_body(body)
IE_TRACE:             Starting var:.. self = REPR FAILED
IE_TRACE:             Starting var:.. body = b''
IE_TRACE:             12:39:21.544943 call        49     def _set_body(self, body):
IE_TRACE:             12:39:21.544958 line        50         if body is None:
IE_TRACE:             12:39:21.544968 line        52         elif not isinstance(body, bytes):
IE_TRACE:             12:39:21.544978 line        58             self._body = body
IE_TRACE:             12:39:21.544987 return      58             self._body = body
IE_TRACE:             Return value:.. None
IE_TRACE:         12:39:21.545000 line        20         self._set_url(url)
IE_TRACE:             Starting var:.. self = REPR FAILED
IE_TRACE:             Starting var:.. url = 'http://www.example.com/301'
IE_TRACE:             12:39:21.545016 call        37     def _set_url(self, url):
IE_TRACE:             12:39:21.545031 line        38         if isinstance(url, str):
IE_TRACE:             12:39:21.545040 line        39             self._url = url
IE_TRACE:             Modified var:.. self = <301 http://www.example.com/301>
IE_TRACE:             12:39:21.545049 return      39             self._url = url
IE_TRACE:             Return value:.. None
IE_TRACE:         Modified var:.. self = <301 http://www.example.com/301>
IE_TRACE:         12:39:21.545064 line        21         self.request = request
IE_TRACE:         12:39:21.545080 line        22         self.flags = [] if flags is None else list(flags)
IE_TRACE:         12:39:21.545092 return      22         self.flags = [] if flags is None else list(flags)
IE_TRACE:         Return value:.. None
IE_TRACE:     Source path:... /path/to/BugsInPy/workspace/scrapy/tests/test_downloadermiddleware_redirect.py
IE_TRACE:     New var:....... rsp = <301 http://www.example.com/301>
IE_TRACE:     12:39:21.545109 line       151             r = self.mw.process_response(req, rsp, self.spider)
IE_TRACE:         Source path:... /path/to/BugsInPy/workspace/scrapy/scrapy/downloadermiddlewares/redirect.py
IE_TRACE:         Starting var:.. self = <scrapy.downloadermiddlewares.redirect.RedirectMiddleware object at 0x7e5d706b68a0>
IE_TRACE:         Starting var:.. request = <GET http://www.example.com/301>
IE_TRACE:         Starting var:.. response = <301 http://www.example.com/301>
IE_TRACE:         Starting var:.. spider = <Spider 'foo' at 0x7e5d714c5a90>
IE_TRACE:         12:39:21.545135 call        57     def process_response(self, request, response, spider):
IE_TRACE:         12:39:21.545163 line        58         if (request.meta.get('dont_redirect', False) or
IE_TRACE:             Source path:... /path/to/BugsInPy/workspace/scrapy/scrapy/http/request/__init__.py
IE_TRACE:             Starting var:.. self = <GET http://www.example.com/301>
IE_TRACE:             12:39:21.545177 call        41     def meta(self):
IE_TRACE:             12:39:21.545195 line        42         if self._meta is None:
IE_TRACE:             12:39:21.545205 line        44         return self._meta
IE_TRACE:             12:39:21.545212 return      44         return self._meta
IE_TRACE:             Return value:.. {'handle_httpstatus_list': [404, 301, 302]}
IE_TRACE:         Source path:... /path/to/BugsInPy/workspace/scrapy/scrapy/downloadermiddlewares/redirect.py
IE_TRACE:         12:39:21.545225 line        59                response.status in getattr(spider, 'handle_httpstatus_list', [])):
IE_TRACE:         12:39:21.545241 line        62         if request.method == 'HEAD':
IE_TRACE:         12:39:21.545252 line        70         if response.status in [302, 303] and 'Location' in response.headers:
IE_TRACE:         12:39:21.545263 line        75         if response.status in [301, 307] and 'Location' in response.headers:
IE_TRACE:             Source path:... /path/to/BugsInPy/workspace/scrapy/scrapy/utils/datatypes.py
IE_TRACE:             Starting var:.. self = {b'Location': [b'http://www.example.com/redirected']}
IE_TRACE:             Starting var:.. key = 'Location'
IE_TRACE:             12:39:21.545277 call       181     def __contains__(self, key):
IE_TRACE:             12:39:21.545295 line       182         return dict.__contains__(self, self.normkey(key))
IE_TRACE:                 Source path:... /path/to/BugsInPy/workspace/scrapy/scrapy/http/headers.py
IE_TRACE:                 Starting var:.. self = {b'Location': [b'http://www.example.com/redirected']}
IE_TRACE:                 Starting var:.. key = 'Location'
IE_TRACE:                 12:39:21.545305 call        13     def normkey(self, key):
IE_TRACE:                 12:39:21.545322 line        15         return self._tobytes(key.title())
IE_TRACE:                     Starting var:.. self = {b'Location': [b'http://www.example.com/redirected']}
IE_TRACE:                     Starting var:.. x = 'Location'
IE_TRACE:                     12:39:21.545332 call        28     def _tobytes(self, x):
IE_TRACE:                     12:39:21.545347 line        29         if isinstance(x, bytes):
IE_TRACE:                     12:39:21.545356 line        31         elif isinstance(x, six.text_type):
IE_TRACE:                     12:39:21.545366 line        32             return x.encode(self.encoding)
IE_TRACE:                     12:39:21.545375 return      32             return x.encode(self.encoding)
IE_TRACE:                     Return value:.. b'Location'
IE_TRACE:                 12:39:21.545388 return      15         return self._tobytes(key.title())
IE_TRACE:                 Return value:.. b'Location'
IE_TRACE:             Source path:... /path/to/BugsInPy/workspace/scrapy/scrapy/utils/datatypes.py
IE_TRACE:             12:39:21.545401 return     182         return dict.__contains__(self, self.normkey(key))
IE_TRACE:             Return value:.. True
IE_TRACE:         Source path:... /path/to/BugsInPy/workspace/scrapy/scrapy/downloadermiddlewares/redirect.py
IE_TRACE:         12:39:21.545417 line        76             redirected_url = urljoin(request.url, response.headers['location'])
IE_TRACE:             Source path:... /path/to/BugsInPy/workspace/scrapy/scrapy/http/request/__init__.py
IE_TRACE:             Starting var:.. self = <GET http://www.example.com/301>
IE_TRACE:             12:39:21.545433 call        46     def _get_url(self):
IE_TRACE:             12:39:21.545447 line        47         return self._url
IE_TRACE:             12:39:21.545455 return      47         return self._url
IE_TRACE:             Return value:.. 'http://www.example.com/301'
IE_TRACE:             Source path:... /path/to/BugsInPy/workspace/scrapy/scrapy/http/headers.py
IE_TRACE:             Starting var:.. self = {b'Location': [b'http://www.example.com/redirected']}
IE_TRACE:             Starting var:.. key = 'location'
IE_TRACE:             Starting var:.. __class__ = <class 'scrapy.http.headers.Headers'>
IE_TRACE:             12:39:21.545468 call        38     def __getitem__(self, key):
IE_TRACE:             12:39:21.545489 line        39         try:
IE_TRACE:             12:39:21.545500 line        40             return super(Headers, self).__getitem__(key)[-1]
IE_TRACE:                 Source path:... /path/to/BugsInPy/workspace/scrapy/scrapy/utils/datatypes.py
IE_TRACE:                 Starting var:.. self = {b'Location': [b'http://www.example.com/redirected']}
IE_TRACE:                 Starting var:.. key = 'location'
IE_TRACE:                 12:39:21.545511 call       172     def __getitem__(self, key):
IE_TRACE:                 12:39:21.545528 line       173         return dict.__getitem__(self, self.normkey(key))
IE_TRACE:                     Source path:... /path/to/BugsInPy/workspace/scrapy/scrapy/http/headers.py
IE_TRACE:                     Starting var:.. self = {b'Location': [b'http://www.example.com/redirected']}
IE_TRACE:                     Starting var:.. key = 'location'
IE_TRACE:                     12:39:21.545538 call        13     def normkey(self, key):
IE_TRACE:                     12:39:21.545555 line        15         return self._tobytes(key.title())
IE_TRACE:                         Starting var:.. self = {b'Location': [b'http://www.example.com/redirected']}
IE_TRACE:                         Starting var:.. x = 'Location'
IE_TRACE:                         12:39:21.545565 call        28     def _tobytes(self, x):
IE_TRACE:                         12:39:21.545580 line        29         if isinstance(x, bytes):
IE_TRACE:                         12:39:21.545589 line        31         elif isinstance(x, six.text_type):
IE_TRACE:                         12:39:21.545599 line        32             return x.encode(self.encoding)
IE_TRACE:                         12:39:21.545609 return      32             return x.encode(self.encoding)
IE_TRACE:                         Return value:.. b'Location'
IE_TRACE:                     12:39:21.545621 return      15         return self._tobytes(key.title())
IE_TRACE:                     Return value:.. b'Location'
IE_TRACE:                 Source path:... /path/to/BugsInPy/workspace/scrapy/scrapy/utils/datatypes.py
IE_TRACE:                 12:39:21.545633 return     173         return dict.__getitem__(self, self.normkey(key))
IE_TRACE:                 Return value:.. [b'http://www.example.com/redirected']
IE_TRACE:             Source path:... /path/to/BugsInPy/workspace/scrapy/scrapy/http/headers.py
IE_TRACE:             12:39:21.545649 return      40             return super(Headers, self).__getitem__(key)[-1]
IE_TRACE:             Return value:.. bytes(len=33)
IE_TRACE:         Source path:... /path/to/BugsInPy/workspace/scrapy/scrapy/downloadermiddlewares/redirect.py
IE_TRACE:         12:39:21.545878 exception   76             redirected_url = urljoin(request.url, response.headers['location'])
IE_TRACE:         Exception:..... TypeError: Cannot mix str and non-str arguments
IE_TRACE:         Call ended by exception
IE_TRACE:     Source path:... /path/to/BugsInPy/workspace/scrapy/tests/test_downloadermiddleware_redirect.py
IE_TRACE:     12:39:21.545913 exception  151             r = self.mw.process_response(req, rsp, self.spider)
IE_TRACE:     Exception:..... TypeError: Cannot mix str and non-str arguments
IE_TRACE:     Call ended by exception
IE_TRACE: 12:39:21.545946 exception  153         _test_passthrough(Request(url, meta={'handle_httpstatus_list':
IE_TRACE: Exception:..... TypeError: Cannot mix str and non-str arguments
IE_TRACE: Call ended by exception
IE_TRACE: Elapsed time: 00:00:00.018895
======================================================================
ERROR: test_request_meta_handling (tests.test_downloadermiddleware_redirect.RedirectMiddlewareTest.test_request_meta_handling)
----------------------------------------------------------------------
Traceback (most recent call last):
  File "/path/to/.venv/lib/python3.12/site-packages/pysnooper/tracer.py", line 320, in simple_wrapper
    return function(*args, **kwargs)
           ^^^^^^^^^^^^^^^^^^^^^^^^^
  File "/path/to/BugsInPy/workspace/scrapy/tests/test_downloadermiddleware_redirect.py", line 153, in test_request_meta_handling
    _test_passthrough(Request(url, meta={'handle_httpstatus_list':
  File "/path/to/BugsInPy/workspace/scrapy/tests/test_downloadermiddleware_redirect.py", line 151, in _test_passthrough
    r = self.mw.process_response(req, rsp, self.spider)
        ^^^^^^^^^^^^^^^^^^^^^^^^^^^^^^^^^^^^^^^^^^^^^^^
  File "/path/to/BugsInPy/workspace/scrapy/scrapy/downloadermiddlewares/redirect.py", line 76, in process_response
    redirected_url = urljoin(request.url, response.headers['location'])
                     ^^^^^^^^^^^^^^^^^^^^^^^^^^^^^^^^^^^^^^^^^^^^^^^^^^
  File "/usr/lib/python3.12/urllib/parse.py", line 563, in urljoin
    base, url, _coerce_result = _coerce_args(base, url)
                                ^^^^^^^^^^^^^^^^^^^^^^^
  File "/usr/lib/python3.12/urllib/parse.py", line 130, in _coerce_args
    raise TypeError("Cannot mix str and non-str arguments")
TypeError: Cannot mix str and non-str arguments

----------------------------------------------------------------------
Ran 1 test in 1.523s

FAILED (errors=1)


Exit code: 1
