Cleared: /path/to/results/scrapy/bug18
Running: python -m unittest -q tests.test_responsetypes.ResponseTypesTest.test_from_content_disposition
Workdir: /path/to/BugsInPy/workspace/scrapy
PYTHONPATH: /path/to/BugsInPy/workspace/scrapy::
IE_TRACE: Source path:... /path/to/BugsInPy/workspace/scrapy/tests/test_responsetypes.py
IE_TRACE: Starting var:.. self = <tests.test_responsetypes.ResponseTypesTest testMethod=test_from_content_disposition>
IE_TRACE: 12:35:32.379328 call        25     def test_from_content_disposition(self):
IE_TRACE: 12:35:32.379521 line        27             (b'attachment; filename="data.xml"', XmlResponse),
IE_TRACE: 12:35:32.379549 line        28             (b'attachment; filename=data.xml', XmlResponse),
IE_TRACE: 12:35:32.379567 line        29             (u'attachment;filename=data£.tar.gz'.encode('utf-8'), Response),
IE_TRACE: 12:35:32.379582 line        30             (u'attachment;filename=dataµ.tar.gz'.encode('latin-1'), Response),
IE_TRACE: 12:35:32.379596 line        31             (u'attachment;filename=data高.doc'.encode('gbk'), Response),
IE_TRACE:     Source path:... /usr/lib/python3.12/encodings/__init__.py
IE_TRACE:     Starting var:.. encoding = 'gbk'
IE_TRACE:     12:35:32.379631 call        71 def search_function(encoding):
IE_TRACE:     12:35:32.379706 line        74     entry = _cache.get(encoding, _unknown)
IE_TRACE:     New var:....... entry = '--unknown--'
IE_TRACE:     12:35:32.379723 line        75     if entry is not _unknown:
IE_TRACE:     12:35:32.379746 line        85     norm_encoding = normalize_encoding(encoding)
IE_TRACE:         Starting var:.. encoding = 'gbk'
IE_TRACE:         12:35:32.379768 call        43 def normalize_encoding(encoding):
IE_TRACE:         12:35:32.379789 line        55     if isinstance(encoding, bytes):
IE_TRACE:         12:35:32.379804 line        58     chars = []
IE_TRACE:         New var:....... chars = []
IE_TRACE:         12:35:32.379817 line        59     punct = False
IE_TRACE:         New var:....... punct = False
IE_TRACE:         12:35:32.379836 line        60     for c in encoding:
IE_TRACE:         New var:....... c = 'g'
IE_TRACE:         12:35:32.379863 line        61         if c.isalnum() or c == '.':
IE_TRACE:         12:35:32.379889 line        62             if punct and chars:
IE_TRACE:         12:35:32.379906 line        64             if c.isascii():
IE_TRACE:         12:35:32.379922 line        65                 chars.append(c)
IE_TRACE:         Modified var:.. chars = ['g']
IE_TRACE:         12:35:32.379937 line        66             punct = False
IE_TRACE:         12:35:32.379959 line        60     for c in encoding:
IE_TRACE:         Modified var:.. c = 'b'
IE_TRACE:         12:35:32.379975 line        61         if c.isalnum() or c == '.':
IE_TRACE:         12:35:32.379993 line        62             if punct and chars:
IE_TRACE:         12:35:32.380008 line        64             if c.isascii():
IE_TRACE:         12:35:32.380023 line        65                 chars.append(c)
IE_TRACE:         Modified var:.. chars = ['g', 'b']
IE_TRACE:         12:35:32.380037 line        66             punct = False
IE_TRACE:         12:35:32.380058 line        60     for c in encoding:
IE_TRACE:         Modified var:.. c = 'k'
IE_TRACE:         12:35:32.380074 line        61         if c.isalnum() or c == '.':
IE_TRACE:         12:35:32.380093 line        62             if punct and chars:
IE_TRACE:         12:35:32.380108 line        64             if c.isascii():
IE_TRACE:         12:35:32.380122 line        65                 chars.append(c)
IE_TRACE:         Modified var:.. chars = ['g', 'b', 'k']
IE_TRACE:         12:35:32.380137 line        66             punct = False
IE_TRACE:         12:35:32.380157 line        60     for c in encoding:
IE_TRACE:         12:35:32.380172 line        69     return ''.join(chars)
IE_TRACE:         12:35:32.380187 return      69     return ''.join(chars)
IE_TRACE:         Return value:.. 'gbk'
IE_TRACE:     New var:....... norm_encoding = 'gbk'
IE_TRACE:     12:35:32.380216 line        86     aliased_encoding = _aliases.get(norm_encoding) or \
IE_TRACE:     12:35:32.380239 line        87                        _aliases.get(norm_encoding.replace('.', '_'))
IE_TRACE:     12:35:32.380255 line        86     aliased_encoding = _aliases.get(norm_encoding) or \
IE_TRACE:     New var:....... aliased_encoding = None
IE_TRACE:     12:35:32.380270 line        88     if aliased_encoding is not None:
IE_TRACE:     12:35:32.380290 line        92         modnames = [norm_encoding]
IE_TRACE:     New var:....... modnames = ['gbk']
IE_TRACE:     12:35:32.380306 line        93     for modname in modnames:
IE_TRACE:     New var:....... modname = 'gbk'
IE_TRACE:     12:35:32.380328 line        94         if not modname or '.' in modname:
IE_TRACE:     12:35:32.380353 line        96         try:
IE_TRACE:     12:35:32.380371 line        99             mod = __import__('encodings.' + modname, fromlist=_import_tail,
IE_TRACE:     12:35:32.380389 line       100                              level=0)
IE_TRACE:     12:35:32.380406 line        99             mod = __import__('encodings.' + modname, fromlist=_import_tail,
IE_TRACE:         Source path:... <frozen importlib._bootstrap>
IE_TRACE:         Starting var:.. name = 'encodings.gbk'
IE_TRACE:         Starting var:.. import_ = <built-in function __import__>
IE_TRACE:         12:35:32.380431 call      1349 SOURCE IS UNAVAILABLE
IE_TRACE:         12:35:32.380482 line      1354 SOURCE IS UNAVAILABLE
IE_TRACE:         New var:....... module = <object object at 0x76f5704c0060>
IE_TRACE:         12:35:32.380499 line      1355 SOURCE IS UNAVAILABLE
IE_TRACE:         12:35:32.380522 line      1357 SOURCE IS UNAVAILABLE
IE_TRACE:             Starting var:.. self = <_frozen_importlib._ModuleLockManager object at 0x76f56d1e89e0>
IE_TRACE:             Starting var:.. name = 'encodings.gbk'
IE_TRACE:             12:35:32.380540 call       412 SOURCE IS UNAVAILABLE
IE_TRACE:             12:35:32.380565 line       413 SOURCE IS UNAVAILABLE
IE_TRACE:             12:35:32.380579 line       414 SOURCE IS UNAVAILABLE
IE_TRACE:             12:35:32.380593 return     414 SOURCE IS UNAVAILABLE
IE_TRACE:             Return value:.. None
IE_TRACE:             Starting var:.. self = <_frozen_importlib._ModuleLockManager object at 0x76f56d1e89e0>
IE_TRACE:             12:35:32.380616 call       416 SOURCE IS UNAVAILABLE
IE_TRACE:             12:35:32.380635 line       417 SOURCE IS UNAVAILABLE
IE_TRACE:                 Starting var:.. name = 'encodings.gbk'
IE_TRACE:                 12:35:32.380653 call       426 SOURCE IS UNAVAILABLE
IE_TRACE:                 12:35:32.380675 line       432 SOURCE IS UNAVAILABLE
IE_TRACE:                 12:35:32.380692 line       433 SOURCE IS UNAVAILABLE
IE_TRACE:                 12:35:32.380705 line       434 SOURCE IS UNAVAILABLE
IE_TRACE:                 12:35:32.380718 line       435 SOURCE IS UNAVAILABLE
IE_TRACE:                 12:35:32.380732 exception  435 SOURCE IS UNAVAILABLE
IE_TRACE:                 Exception:..... KeyError: 'encodings.gbk'
IE_TRACE:                 12:35:32.380810 line       436 SOURCE IS UNAVAILABLE
IE_TRACE:                 12:35:32.380826 line       437 SOURCE IS UNAVAILABLE
IE_TRACE:                 New var:....... lock = None
IE_TRACE:                 12:35:32.380840 line       439 SOURCE IS UNAVAILABLE
IE_TRACE:                 12:35:32.380860 line       440 SOURCE IS UNAVAILABLE
IE_TRACE:                 12:35:32.380874 line       443 SOURCE IS UNAVAILABLE
IE_TRACE:                     Starting var:.. self = REPR FAILED
IE_TRACE:                     Starting var:.. name = 'encodings.gbk'
IE_TRACE:                     12:35:32.380891 call       232 SOURCE IS UNAVAILABLE
IE_TRACE:                     12:35:32.380919 line       253 SOURCE IS UNAVAILABLE
IE_TRACE:                     12:35:32.380935 line       254 SOURCE IS UNAVAILABLE
IE_TRACE:                     12:35:32.380951 line       257 SOURCE IS UNAVAILABLE
IE_TRACE:                     Modified var:.. self = _ModuleLock('encodings.gbk') at 130796469784256
IE_TRACE:                     12:35:32.380966 line       261 SOURCE IS UNAVAILABLE
IE_TRACE:                     12:35:32.380986 line       272 SOURCE IS UNAVAILABLE
IE_TRACE:                     12:35:32.381000 line       286 SOURCE IS UNAVAILABLE
IE_TRACE:                     12:35:32.381014 return     286 SOURCE IS UNAVAILABLE
IE_TRACE:                     Return value:.. None
IE_TRACE:                 Modified var:.. lock = _ModuleLock('encodings.gbk') at 130796469784256
IE_TRACE:                 12:35:32.381035 line       445 SOURCE IS UNAVAILABLE
IE_TRACE:                 New var:....... cb = <function _get_module_lock.<locals>.cb at 0x76f56d3d8860>
IE_TRACE:                 12:35:32.381054 line       456 SOURCE IS UNAVAILABLE
IE_TRACE:                 12:35:32.381077 line       458 SOURCE IS UNAVAILABLE
IE_TRACE:                 12:35:32.381093 line       460 SOURCE IS UNAVAILABLE
IE_TRACE:                 12:35:32.381108 return     460 SOURCE IS UNAVAILABLE
IE_TRACE:                 Return value:.. _ModuleLock('encodings.gbk') at 130796469784256
IE_TRACE:             12:35:32.381132 line       418 SOURCE IS UNAVAILABLE
IE_TRACE:                 Starting var:.. self = _ModuleLock('encodings.gbk') at 130796469784256
IE_TRACE:                 12:35:32.381151 call       304 SOURCE IS UNAVAILABLE
IE_TRACE:                 12:35:32.381170 line       310 SOURCE IS UNAVAILABLE
IE_TRACE:                 New var:....... tid = 130796523647104
IE_TRACE:                 12:35:32.381184 line       311 SOURCE IS UNAVAILABLE
IE_TRACE:                     Starting var:.. self = <_frozen_importlib._BlockingOnManager object at 0x76f56d1e9040>
IE_TRACE:                     Starting var:.. thread_id = 130796523647104
IE_TRACE:                     Starting var:.. lock = _ModuleLock('encodings.gbk') at 130796469784256
IE_TRACE:                     12:35:32.381206 call       158 SOURCE IS UNAVAILABLE
IE_TRACE:                     12:35:32.381234 line       159 SOURCE IS UNAVAILABLE
IE_TRACE:                     12:35:32.381250 line       160 SOURCE IS UNAVAILABLE
IE_TRACE:                     12:35:32.381265 return     160 SOURCE IS UNAVAILABLE
IE_TRACE:                     Return value:.. None
IE_TRACE:                     Starting var:.. self = <_frozen_importlib._BlockingOnManager object at 0x76f56d1e9040>
IE_TRACE:                     12:35:32.381288 call       162 SOURCE IS UNAVAILABLE
IE_TRACE:                     12:35:32.381306 line       170 SOURCE IS UNAVAILABLE
IE_TRACE:                         Starting var:.. self = <_frozen_importlib._WeakValueDictionary object at 0x76f5704e32c0>
IE_TRACE:                         Starting var:.. key = 130796523647104
IE_TRACE:                         Starting var:.. default = []
IE_TRACE:                         12:35:32.381323 call       124 SOURCE IS UNAVAILABLE
IE_TRACE:                         12:35:32.381352 line       125 SOURCE IS UNAVAILABLE
IE_TRACE:                         12:35:32.381369 line       126 SOURCE IS UNAVAILABLE
IE_TRACE:                         12:35:32.381385 exception  126 SOURCE IS UNAVAILABLE
IE_TRACE:                         Exception:..... KeyError: 130796523647104
IE_TRACE:                         12:35:32.381416 line       127 SOURCE IS UNAVAILABLE
IE_TRACE:                         12:35:32.381434 line       128 SOURCE IS UNAVAILABLE
IE_TRACE:                         New var:....... o = None
IE_TRACE:                         12:35:32.381450 line       129 SOURCE IS UNAVAILABLE
IE_TRACE:                         12:35:32.381471 line       130 SOURCE IS UNAVAILABLE
IE_TRACE:                         12:35:32.381488 line       132 SOURCE IS UNAVAILABLE
IE_TRACE:                             Starting var:.. type = <class '_frozen_importlib._WeakValueDictionary.__init__.<locals>.KeyedRef'>
IE_TRACE:                             Starting var:.. ob = []
IE_TRACE:                             Starting var:.. key = 130796523647104
IE_TRACE:                             Starting var:.. __class__ = <class '_frozen_importlib._WeakValueDictionary.__init__.<locals>.KeyedRef'>
IE_TRACE:                             12:35:32.381508 call        74 SOURCE IS UNAVAILABLE
IE_TRACE:                             12:35:32.381543 line        75 SOURCE IS UNAVAILABLE
IE_TRACE:                             New var:....... self = <weakref at 0x76f56d1e48e0; to '_List' at 0x76f56d1ec5f0>
IE_TRACE:                             12:35:32.381562 line        76 SOURCE IS UNAVAILABLE
IE_TRACE:                             12:35:32.381587 line        77 SOURCE IS UNAVAILABLE
IE_TRACE:                             12:35:32.381606 return      77 SOURCE IS UNAVAILABLE
IE_TRACE:                             Return value:.. <weakref at 0x76f56d1e48e0; to '_List' at 0x76f56d1ec5f0>
IE_TRACE:                             Starting var:.. self = <weakref at 0x76f56d1e48e0; to '_List' at 0x76f56d1ec5f0>
IE_TRACE:                             Starting var:.. ob = []
IE_TRACE:                             Starting var:.. key = 130796523647104
IE_TRACE:                             Starting var:.. __class__ = <class '_frozen_importlib._WeakValueDictionary.__init__.<locals>.KeyedRef'>
IE_TRACE:                             12:35:32.381632 call        79 SOURCE IS UNAVAILABLE
IE_TRACE:                             12:35:32.381665 line        80 SOURCE IS UNAVAILABLE
IE_TRACE:                             12:35:32.381683 return      80 SOURCE IS UNAVAILABLE
IE_TRACE:                             Return value:.. None
IE_TRACE:                         12:35:32.381706 line       133 SOURCE IS UNAVAILABLE
IE_TRACE:                         12:35:32.381724 return     133 SOURCE IS UNAVAILABLE
IE_TRACE:                         Return value:.. []
IE_TRACE:                     12:35:32.381747 line       171 SOURCE IS UNAVAILABLE
IE_TRACE:                     12:35:32.381760 return     171 SOURCE IS UNAVAILABLE
IE_TRACE:                     Return value:.. None
IE_TRACE:                 12:35:32.381779 line       312 SOURCE IS UNAVAILABLE
IE_TRACE:                 12:35:32.381794 line       316 SOURCE IS UNAVAILABLE
IE_TRACE:                 12:35:32.381808 line       317 SOURCE IS UNAVAILABLE
IE_TRACE:                 12:35:32.381823 line       324 SOURCE IS UNAVAILABLE
IE_TRACE:                 12:35:32.381837 line       325 SOURCE IS UNAVAILABLE
IE_TRACE:                 12:35:32.381851 line       326 SOURCE IS UNAVAILABLE
IE_TRACE:                 12:35:32.381865 line       316 SOURCE IS UNAVAILABLE
IE_TRACE:                 12:35:32.381879 line       311 SOURCE IS UNAVAILABLE
IE_TRACE:                     Starting var:.. self = <_frozen_importlib._BlockingOnManager object at 0x76f56d1e9040>
IE_TRACE:                     Starting var:.. args = (None, None, None)
IE_TRACE:                     Starting var:.. kwargs = {}
IE_TRACE:                     12:35:32.381894 call       173 SOURCE IS UNAVAILABLE
IE_TRACE:                     12:35:32.381923 line       175 SOURCE IS UNAVAILABLE
IE_TRACE:                     12:35:32.381941 return     175 SOURCE IS UNAVAILABLE
IE_TRACE:                     Return value:.. None
IE_TRACE:                     Starting var:.. wr = <weakref at 0x76f56d1e48e0; dead>
IE_TRACE:                     Starting var:.. self_weakref = <weakref at 0x76f5704f0770; to '_WeakValueDictionary' at 0x76f5704e32c0>
IE_TRACE:                     12:35:32.381964 call        82 SOURCE IS UNAVAILABLE
IE_TRACE:                     12:35:32.381990 line        86 SOURCE IS UNAVAILABLE
IE_TRACE:                     New var:....... self = <_frozen_importlib._WeakValueDictionary object at 0x76f5704e32c0>
IE_TRACE:                     12:35:32.382006 line        87 SOURCE IS UNAVAILABLE
IE_TRACE:                     12:35:32.382027 line        88 SOURCE IS UNAVAILABLE
IE_TRACE:                     12:35:32.382043 line        91 SOURCE IS UNAVAILABLE
IE_TRACE:                     12:35:32.382059 return      91 SOURCE IS UNAVAILABLE
IE_TRACE:                     Return value:.. None
IE_TRACE:                 12:35:32.382081 return     311 SOURCE IS UNAVAILABLE
IE_TRACE:                 Return value:.. True
IE_TRACE:             12:35:32.382102 return     418 SOURCE IS UNAVAILABLE
IE_TRACE:             Return value:.. None
IE_TRACE:         12:35:32.382120 line      1358 SOURCE IS UNAVAILABLE
IE_TRACE:         12:35:32.382136 line      1359 SOURCE IS UNAVAILABLE
IE_TRACE:         12:35:32.382152 line      1360 SOURCE IS UNAVAILABLE
IE_TRACE:             Starting var:.. name = 'encodings.gbk'
IE_TRACE:             Starting var:.. import_ = <built-in function __import__>
IE_TRACE:             12:35:32.382177 call      1304 SOURCE IS UNAVAILABLE
IE_TRACE:             12:35:32.382208 line      1305 SOURCE IS UNAVAILABLE
IE_TRACE:             New var:....... path = None
IE_TRACE:             12:35:32.382224 line      1306 SOURCE IS UNAVAILABLE
IE_TRACE:             New var:....... parent = 'encodings'
IE_TRACE:             12:35:32.382245 line      1307 SOURCE IS UNAVAILABLE
IE_TRACE:             New var:....... parent_spec = None
IE_TRACE:             12:35:32.382267 line      1308 SOURCE IS UNAVAILABLE
IE_TRACE:             12:35:32.382289 line      1309 SOURCE IS UNAVAILABLE
IE_TRACE:             12:35:32.382307 line      1312 SOURCE IS UNAVAILABLE
IE_TRACE:             12:35:32.382326 line      1314 SOURCE IS UNAVAILABLE
IE_TRACE:             New var:....... parent_module = <module 'encodings' from '/usr/lib/python3.12/encodings/__init__.py'>
IE_TRACE:             12:35:32.382344 line      1315 SOURCE IS UNAVAILABLE
IE_TRACE:             12:35:32.382380 line      1316 SOURCE IS UNAVAILABLE
IE_TRACE:             Modified var:.. path = ['/usr/lib/python3.12/encodings']
IE_TRACE:             12:35:32.382402 line      1320 SOURCE IS UNAVAILABLE
IE_TRACE:             Modified var:.. parent_spec = ModuleSpec(name='encodings', loader=<_frozen_importlib_external.SourceFileLoader object at 0x76f570528da0>, origin='/usr/lib/python3.12/encodings/__init__.py', submodule_search_locations=['/usr/lib/python3.12/encodings'])
IE_TRACE:             12:35:32.382428 line      1321 SOURCE IS UNAVAILABLE
IE_TRACE:             New var:....... child = 'gbk'
IE_TRACE:             12:35:32.382462 line      1322 SOURCE IS UNAVAILABLE
IE_TRACE:                 Starting var:.. name = 'encodings.gbk'
IE_TRACE:                 Starting var:.. path = ['/usr/lib/python3.12/encodings']
IE_TRACE:                 Starting var:.. target = None
IE_TRACE:                 12:35:32.382499 call      1240 SOURCE IS UNAVAILABLE
IE_TRACE:                 12:35:32.382529 line      1242 SOURCE IS UNAVAILABLE
IE_TRACE:                 New var:....... meta_path = [<_distutils_hack.DistutilsMetaFinder object at 0x76f56fa744a0>, <class '_frozen_importlib.BuiltinImporter'>, <class '_frozen_importlib.FrozenImporter'>, <class '_frozen_importlib_external.PathFinder'>, <class '__editable___cookiecutter_2_0_0_finder._EditableFinder'>, <six._SixMetaPathImporter object at 0x76f56ee13170>]
IE_TRACE:                 12:35:32.382548 line      1243 SOURCE IS UNAVAILABLE
IE_TRACE:                 12:35:32.382575 line      1248 SOURCE IS UNAVAILABLE
IE_TRACE:                 12:35:32.382595 line      1254 SOURCE IS UNAVAILABLE
IE_TRACE:                 New var:....... is_reload = False
IE_TRACE:                 12:35:32.382614 line      1255 SOURCE IS UNAVAILABLE
IE_TRACE:                 New var:....... finder = <_distutils_hack.DistutilsMetaFinder object at 0x76f56fa744a0>
IE_TRACE:                 12:35:32.382640 line      1256 SOURCE IS UNAVAILABLE
IE_TRACE:                     Starting var:.. self = <_frozen_importlib._ImportLockContext object at 0x76f56d1e9820>
IE_TRACE:                     12:35:32.382668 call      1222 SOURCE IS UNAVAILABLE
IE_TRACE:                     12:35:32.382687 line      1224 SOURCE IS UNAVAILABLE
IE_TRACE:                     12:35:32.382703 return    1224 SOURCE IS UNAVAILABLE
IE_TRACE:                     Return value:.. None
IE_TRACE:                 12:35:32.382723 line      1257 SOURCE IS UNAVAILABLE
IE_TRACE:                 12:35:32.382746 line      1258 SOURCE IS UNAVAILABLE
IE_TRACE:                 New var:....... find_spec = <bound method DistutilsMetaFinder.find_spec of <_distutils_hack.DistutilsMetaFinder object at 0x76f56fa744a0>>
IE_TRACE:                 12:35:32.382768 line      1262 SOURCE IS UNAVAILABLE
IE_TRACE:                     Source path:... /path/to/.venv/lib/python3.12/site-packages/_distutils_hack/__init__.py
IE_TRACE:                     Starting var:.. self = <_distutils_hack.DistutilsMetaFinder object at 0x76f56fa744a0>
IE_TRACE:                     Starting var:.. fullname = 'encodings.gbk'
IE_TRACE:                     Starting var:.. path = ['/usr/lib/python3.12/encodings']
IE_TRACE:                     Starting var:.. target = None
IE_TRACE:                     12:35:32.382799 call       101     def find_spec(self, fullname, path, target=None):
IE_TRACE:                     12:35:32.382886 line       104         if path is not None and not fullname.startswith('test.'):
IE_TRACE:                     12:35:32.382908 line       105             return None
IE_TRACE:                     12:35:32.382927 return     105             return None
IE_TRACE:                     Return value:.. None
IE_TRACE:                 Source path:... <frozen importlib._bootstrap>
IE_TRACE:                 New var:....... spec = None
IE_TRACE:                 12:35:32.382951 line      1256 SOURCE IS UNAVAILABLE
IE_TRACE:                     Starting var:.. self = <_frozen_importlib._ImportLockContext object at 0x76f56d1e9820>
IE_TRACE:                     Starting var:.. exc_type = None
IE_TRACE:                     Starting var:.. exc_value = None
IE_TRACE:                     Starting var:.. exc_traceback = None
IE_TRACE:                     12:35:32.382986 call      1226 SOURCE IS UNAVAILABLE
IE_TRACE:                     12:35:32.383019 line      1228 SOURCE IS UNAVAILABLE
IE_TRACE:                     12:35:32.383038 return    1228 SOURCE IS UNAVAILABLE
IE_TRACE:                     Return value:.. None
IE_TRACE:                 12:35:32.383061 line      1263 SOURCE IS UNAVAILABLE
IE_TRACE:                 12:35:32.383086 line      1255 SOURCE IS UNAVAILABLE
IE_TRACE:                 Modified var:.. finder = <class '_frozen_importlib.BuiltinImporter'>
IE_TRACE:                 12:35:32.383110 line      1256 SOURCE IS UNAVAILABLE
IE_TRACE:                     Starting var:.. self = <_frozen_importlib._ImportLockContext object at 0x76f56d1e9e20>
IE_TRACE:                     12:35:32.383137 call      1222 SOURCE IS UNAVAILABLE
IE_TRACE:                     12:35:32.383156 line      1224 SOURCE IS UNAVAILABLE
IE_TRACE:                     12:35:32.383170 return    1224 SOURCE IS UNAVAILABLE
IE_TRACE:                     Return value:.. None
IE_TRACE:                 12:35:32.383189 line      1257 SOURCE IS UNAVAILABLE
IE_TRACE:                 12:35:32.383217 line      1258 SOURCE IS UNAVAILABLE
IE_TRACE:                 Modified var:.. find_spec = <bound method BuiltinImporter.find_spec of <class '_frozen_importlib.BuiltinImporter'>>
IE_TRACE:                 12:35:32.383241 line      1262 SOURCE IS UNAVAILABLE
IE_TRACE:                     Starting var:.. cls = <class '_frozen_importlib.BuiltinImporter'>
IE_TRACE:                     Starting var:.. fullname = 'encodings.gbk'
IE_TRACE:                     Starting var:.. path = ['/usr/lib/python3.12/encodings']
IE_TRACE:                     Starting var:.. target = None
IE_TRACE:                     12:35:32.383270 call       982 SOURCE IS UNAVAILABLE
IE_TRACE:                     12:35:32.383301 line       984 SOURCE IS UNAVAILABLE
IE_TRACE:                     12:35:32.383319 line       987 SOURCE IS UNAVAILABLE
IE_TRACE:                     12:35:32.383336 return     987 SOURCE IS UNAVAILABLE
IE_TRACE:                     Return value:.. None
IE_TRACE:                 12:35:32.383359 line      1256 SOURCE IS UNAVAILABLE
IE_TRACE:                     Starting var:.. self = <_frozen_importlib._ImportLockContext object at 0x76f56d1e9e20>
IE_TRACE:                     Starting var:.. exc_type = None
IE_TRACE:                     Starting var:.. exc_value = None
IE_TRACE:                     Starting var:.. exc_traceback = None
IE_TRACE:                     12:35:32.383383 call      1226 SOURCE IS UNAVAILABLE
IE_TRACE:                     12:35:32.383414 line      1228 SOURCE IS UNAVAILABLE
IE_TRACE:                     12:35:32.383431 return    1228 SOURCE IS UNAVAILABLE
IE_TRACE:                     Return value:.. None
IE_TRACE:                 12:35:32.383453 line      1263 SOURCE IS UNAVAILABLE
IE_TRACE:                 12:35:32.383476 line      1255 SOURCE IS UNAVAILABLE
IE_TRACE:                 Modified var:.. finder = <class '_frozen_importlib.FrozenImporter'>
IE_TRACE:                 12:35:32.383500 line      1256 SOURCE IS UNAVAILABLE
IE_TRACE:                     Starting var:.. self = <_frozen_importlib._ImportLockContext object at 0x76f56d1ea210>
IE_TRACE:                     12:35:32.383527 call      1222 SOURCE IS UNAVAILABLE
IE_TRACE:                     12:35:32.383544 line      1224 SOURCE IS UNAVAILABLE
IE_TRACE:                     12:35:32.383558 return    1224 SOURCE IS UNAVAILABLE
IE_TRACE:                     Return value:.. None
IE_TRACE:                 12:35:32.383577 line      1257 SOURCE IS UNAVAILABLE
IE_TRACE:                 12:35:32.383600 line      1258 SOURCE IS UNAVAILABLE
IE_TRACE:                 Modified var:.. find_spec = <bound method FrozenImporter.find_spec of <class '_frozen_importlib.FrozenImporter'>>
IE_TRACE:                 12:35:32.383623 line      1262 SOURCE IS UNAVAILABLE
IE_TRACE:                     Starting var:.. cls = <class '_frozen_importlib.FrozenImporter'>
IE_TRACE:                     Starting var:.. fullname = 'encodings.gbk'
IE_TRACE:                     Starting var:.. path = ['/usr/lib/python3.12/encodings']
IE_TRACE:                     Starting var:.. target = None
IE_TRACE:                     12:35:32.383655 call      1128 SOURCE IS UNAVAILABLE
IE_TRACE:                     12:35:32.383689 line      1130 SOURCE IS UNAVAILABLE
IE_TRACE:                         Starting var:.. f = <built-in function find_frozen>
IE_TRACE:                         Starting var:.. args = ('encodings.gbk',)
IE_TRACE:                         Starting var:.. kwds = {}
IE_TRACE:                         12:35:32.383710 call       480 SOURCE IS UNAVAILABLE
IE_TRACE:                         12:35:32.383739 line       488 SOURCE IS UNAVAILABLE
IE_TRACE:                         12:35:32.383757 return     488 SOURCE IS UNAVAILABLE
IE_TRACE:                         Return value:.. None
IE_TRACE:                     New var:....... info = None
IE_TRACE:                     12:35:32.383780 line      1131 SOURCE IS UNAVAILABLE
IE_TRACE:                     12:35:32.383804 line      1132 SOURCE IS UNAVAILABLE
IE_TRACE:                     12:35:32.383824 return    1132 SOURCE IS UNAVAILABLE
IE_TRACE:                     Return value:.. None
IE_TRACE:                 12:35:32.383848 line      1256 SOURCE IS UNAVAILABLE
IE_TRACE:                     Starting var:.. self = <_frozen_importlib._ImportLockContext object at 0x76f56d1ea210>
IE_TRACE:                     Starting var:.. exc_type = None
IE_TRACE:                     Starting var:.. exc_value = None
IE_TRACE:                     Starting var:.. exc_traceback = None
IE_TRACE:                     12:35:32.383873 call      1226 SOURCE IS UNAVAILABLE
IE_TRACE:                     12:35:32.383905 line      1228 SOURCE IS UNAVAILABLE
IE_TRACE:                     12:35:32.383923 return    1228 SOURCE IS UNAVAILABLE
IE_TRACE:                     Return value:.. None
IE_TRACE:                 12:35:32.383944 line      1263 SOURCE IS UNAVAILABLE
IE_TRACE:                 12:35:32.383968 line      1255 SOURCE IS UNAVAILABLE
IE_TRACE:                 Modified var:.. finder = <class '_frozen_importlib_external.PathFinder'>
IE_TRACE:                 12:35:32.383991 line      1256 SOURCE IS UNAVAILABLE
IE_TRACE:                     Starting var:.. self = <_frozen_importlib._ImportLockContext object at 0x76f56d1ea7e0>
IE_TRACE:                     12:35:32.384018 call      1222 SOURCE IS UNAVAILABLE
IE_TRACE:                     12:35:32.384035 line      1224 SOURCE IS UNAVAILABLE
IE_TRACE:                     12:35:32.384049 return    1224 SOURCE IS UNAVAILABLE
IE_TRACE:                     Return value:.. None
IE_TRACE:                 12:35:32.384068 line      1257 SOURCE IS UNAVAILABLE
IE_TRACE:                 12:35:32.384092 line      1258 SOURCE IS UNAVAILABLE
IE_TRACE:                 Modified var:.. find_spec = <bound method PathFinder.find_spec of <class '_frozen_importlib_external.PathFinder'>>
IE_TRACE:                 12:35:32.384115 line      1262 SOURCE IS UNAVAILABLE
IE_TRACE:                     Source path:... <frozen importlib._bootstrap_external>
IE_TRACE:                     Starting var:.. cls = <class '_frozen_importlib_external.PathFinder'>
IE_TRACE:                     Starting var:.. fullname = 'encodings.gbk'
IE_TRACE:                     Starting var:.. path = ['/usr/lib/python3.12/encodings']
IE_TRACE:                     Starting var:.. target = None
IE_TRACE:                     12:35:32.384145 call      1520 SOURCE IS UNAVAILABLE
IE_TRACE:                     12:35:32.384221 line      1526 SOURCE IS UNAVAILABLE
IE_TRACE:                     12:35:32.384241 line      1528 SOURCE IS UNAVAILABLE
IE_TRACE:                         Starting var:.. cls = <class '_frozen_importlib_external.PathFinder'>
IE_TRACE:                         Starting var:.. fullname = 'encodings.gbk'
IE_TRACE:                         Starting var:.. path = ['/usr/lib/python3.12/encodings']
IE_TRACE:                         Starting var:.. target = None
IE_TRACE:                         12:35:32.384263 call      1491 SOURCE IS UNAVAILABLE
IE_TRACE:                         12:35:32.384297 line      1496 SOURCE IS UNAVAILABLE
IE_TRACE:                         New var:....... namespace_path = []
IE_TRACE:                         12:35:32.384316 line      1497 SOURCE IS UNAVAILABLE
IE_TRACE:                         New var:....... entry = '/usr/lib/python3.12/encodings'
IE_TRACE:                         12:35:32.384340 line      1498 SOURCE IS UNAVAILABLE
IE_TRACE:                         12:35:32.384365 line      1500 SOURCE IS UNAVAILABLE
IE_TRACE:                             Starting var:.. cls = <class '_frozen_importlib_external.PathFinder'>
IE_TRACE:                             Starting var:.. path = '/usr/lib/python3.12/encodings'
IE_TRACE:                             12:35:32.384391 call      1469 SOURCE IS UNAVAILABLE
IE_TRACE:                             12:35:32.384415 line      1477 SOURCE IS UNAVAILABLE
IE_TRACE:                             12:35:32.384432 line      1484 SOURCE IS UNAVAILABLE
IE_TRACE:                             12:35:32.384448 line      1485 SOURCE IS UNAVAILABLE
IE_TRACE:                             New var:....... finder = FileFinder('/usr/lib/python3.12/encodings')
IE_TRACE:                             12:35:32.384465 line      1489 SOURCE IS UNAVAILABLE
IE_TRACE:                             12:35:32.384488 return    1489 SOURCE IS UNAVAILABLE
IE_TRACE:                             Return value:.. FileFinder('/usr/lib/python3.12/encodings')
IE_TRACE:                         New var:....... finder = FileFinder('/usr/lib/python3.12/encodings')
IE_TRACE:                         12:35:32.384512 line      1501 SOURCE IS UNAVAILABLE
IE_TRACE:                         12:35:32.384538 line      1502 SOURCE IS UNAVAILABLE
IE_TRACE:                             Starting var:.. self = FileFinder('/usr/lib/python3.12/encodings')
IE_TRACE:                             Starting var:.. fullname = 'encodings.gbk'
IE_TRACE:                             Starting var:.. target = None
IE_TRACE:                             12:35:32.384571 call      1593 SOURCE IS UNAVAILABLE
IE_TRACE:                             12:35:32.384605 line      1598 SOURCE IS UNAVAILABLE
IE_TRACE:                             New var:....... is_namespace = False
IE_TRACE:                             12:35:32.384626 line      1599 SOURCE IS UNAVAILABLE
IE_TRACE:                             New var:....... tail_module = 'gbk'
IE_TRACE:                             12:35:32.384652 line      1600 SOURCE IS UNAVAILABLE
IE_TRACE:                             12:35:32.384678 line      1601 SOURCE IS UNAVAILABLE
IE_TRACE:                                 Starting var:.. path = '/usr/lib/python3.12/encodings'
IE_TRACE:                                 12:35:32.384701 call       140 SOURCE IS UNAVAILABLE
IE_TRACE:                                 12:35:32.384722 line       147 SOURCE IS UNAVAILABLE
IE_TRACE:                                 12:35:32.384742 return     147 SOURCE IS UNAVAILABLE
IE_TRACE:                                 Return value:.. os.stat_result(st_mode=16877, st_ino=526233, st_dev=66309, st_nlink=3, st_uid=0, st_gid=0, st_size=20480, st_atime=1780573795, st_mtime=1775119204, st_ctime=1775119204)
IE_TRACE:                             New var:....... mtime = 1775119204.8187785
IE_TRACE:                             12:35:32.384768 line      1604 SOURCE IS UNAVAILABLE
IE_TRACE:                             12:35:32.384801 line      1608 SOURCE IS UNAVAILABLE
IE_TRACE:                                 12:35:32.384826 call        71 SOURCE IS UNAVAILABLE
IE_TRACE:                                 12:35:32.384842 line        73 SOURCE IS UNAVAILABLE
IE_TRACE:                                 12:35:32.384857 return      73 SOURCE IS UNAVAILABLE
IE_TRACE:                                 Return value:.. False
IE_TRACE:                             12:35:32.384878 line      1612 SOURCE IS UNAVAILABLE
IE_TRACE:                             New var:....... cache = set(len=123)
IE_TRACE:                             12:35:32.384902 line      1613 SOURCE IS UNAVAILABLE
IE_TRACE:                             New var:....... cache_module = 'gbk'
IE_TRACE:                             12:35:32.384932 line      1615 SOURCE IS UNAVAILABLE
IE_TRACE:                             12:35:32.384962 line      1627 SOURCE IS UNAVAILABLE
IE_TRACE:                             New var:....... suffix = '.cpython-312-x86_64-linux-gnu.so'
IE_TRACE:                             New var:....... loader_class = <class '_frozen_importlib_external.ExtensionFileLoader'>
IE_TRACE:                             12:35:32.384988 line      1628 SOURCE IS UNAVAILABLE
IE_TRACE:                             12:35:32.385025 line      1629 SOURCE IS UNAVAILABLE
IE_TRACE:                                 Starting var:.. path_parts = ('/usr/lib/python3.12/encodings', 'gbk.cpython-312-x86_64-linux-gnu.so')
IE_TRACE:                                 12:35:32.385056 call       126 SOURCE IS UNAVAILABLE
IE_TRACE:                                 12:35:32.385078 line       128 SOURCE IS UNAVAILABLE
IE_TRACE:                                 12:35:32.385096 line       129 SOURCE IS UNAVAILABLE
IE_TRACE:                                 12:35:32.385112 line       128 SOURCE IS UNAVAILABLE
IE_TRACE:                                 12:35:32.385129 line       129 SOURCE IS UNAVAILABLE
IE_TRACE:                                 New var:....... part = '/usr/lib/python3.12/encodings'
IE_TRACE:                                 12:35:32.385145 line       128 SOURCE IS UNAVAILABLE
IE_TRACE:                                 12:35:32.385166 line       128 SOURCE IS UNAVAILABLE
IE_TRACE:                                 12:35:32.385184 line       129 SOURCE IS UNAVAILABLE
IE_TRACE:                                 Modified var:.. part = 'gbk.cpython-312-x86_64-linux-gnu.so'
IE_TRACE:                                 12:35:32.385205 line       128 SOURCE IS UNAVAILABLE
IE_TRACE:                                 12:35:32.385226 line       128 SOURCE IS UNAVAILABLE
IE_TRACE:                                 12:35:32.385243 return     128 SOURCE IS UNAVAILABLE
IE_TRACE:                                 Return value:.. '/usr/lib/python3.12/encodings/gbk.cpython-312-x86_64-linux-gnu.so'
IE_TRACE:                             New var:....... full_path = '/usr/lib/python3.12/encodings/gbk.cpython-312-x86_64-linux-gnu.so'
IE_TRACE:                             12:35:32.385266 line      1632 SOURCE IS UNAVAILABLE
IE_TRACE:                                 Source path:... <frozen importlib._bootstrap>
IE_TRACE:                                 Starting var:.. message = 'trying {}'
IE_TRACE:                                 Starting var:.. verbosity = 2
IE_TRACE:                                 Starting var:.. args = ('/usr/lib/python3.12/encodings/gbk.cpython-312-x86_64-linux-gnu.so',)
IE_TRACE:                                 12:35:32.385304 call       491 SOURCE IS UNAVAILABLE
IE_TRACE:                                 12:35:32.385339 line       493 SOURCE IS UNAVAILABLE
IE_TRACE:                                 12:35:32.385358 return     493 SOURCE IS UNAVAILABLE
IE_TRACE:                                 Return value:.. None
IE_TRACE:                             Source path:... <frozen importlib._bootstrap_external>
IE_TRACE:                             12:35:32.385382 line      1633 SOURCE IS UNAVAILABLE
IE_TRACE:                             12:35:32.385417 line      1627 SOURCE IS UNAVAILABLE
IE_TRACE:                             Modified var:.. suffix = '.abi3.so'
IE_TRACE:                             12:35:32.385446 line      1628 SOURCE IS UNAVAILABLE
IE_TRACE:                             12:35:32.385477 line      1629 SOURCE IS UNAVAILABLE
IE_TRACE:                                 Starting var:.. path_parts = ('/usr/lib/python3.12/encodings', 'gbk.abi3.so')
IE_TRACE:                                 12:35:32.385506 call       126 SOURCE IS UNAVAILABLE
IE_TRACE:                                 12:35:32.385526 line       128 SOURCE IS UNAVAILABLE
IE_TRACE:                                 12:35:32.385543 line       129 SOURCE IS UNAVAILABLE
IE_TRACE:                                 12:35:32.385559 line       128 SOURCE IS UNAVAILABLE
IE_TRACE:                                 12:35:32.385575 line       129 SOURCE IS UNAVAILABLE
IE_TRACE:                                 New var:....... part = '/usr/lib/python3.12/encodings'
IE_TRACE:                                 12:35:32.385591 line       128 SOURCE IS UNAVAILABLE
IE_TRACE:                                 12:35:32.385611 line       128 SOURCE IS UNAVAILABLE
IE_TRACE:                                 12:35:32.385628 line       129 SOURCE IS UNAVAILABLE
IE_TRACE:                                 Modified var:.. part = 'gbk.abi3.so'
IE_TRACE:                                 12:35:32.385645 line       128 SOURCE IS UNAVAILABLE
IE_TRACE:                                 12:35:32.385666 line       128 SOURCE IS UNAVAILABLE
IE_TRACE:                                 12:35:32.385683 return     128 SOURCE IS UNAVAILABLE
IE_TRACE:                                 Return value:.. '/usr/lib/python3.12/encodings/gbk.abi3.so'
IE_TRACE:                             Modified var:.. full_path = '/usr/lib/python3.12/encodings/gbk.abi3.so'
IE_TRACE:                             12:35:32.385704 line      1632 SOURCE IS UNAVAILABLE
IE_TRACE:                                 Source path:... <frozen importlib._bootstrap>
IE_TRACE:                                 Starting var:.. message = 'trying {}'
IE_TRACE:                                 Starting var:.. verbosity = 2
IE_TRACE:                                 Starting var:.. args = ('/usr/lib/python3.12/encodings/gbk.abi3.so',)
IE_TRACE:                                 12:35:32.385737 call       491 SOURCE IS UNAVAILABLE
IE_TRACE:                                 12:35:32.385771 line       493 SOURCE IS UNAVAILABLE
IE_TRACE:                                 12:35:32.385790 return     493 SOURCE IS UNAVAILABLE
IE_TRACE:                                 Return value:.. None
IE_TRACE:                             Source path:... <frozen importlib._bootstrap_external>
IE_TRACE:                             12:35:32.385813 line      1633 SOURCE IS UNAVAILABLE
IE_TRACE:                             12:35:32.385846 line      1627 SOURCE IS UNAVAILABLE
IE_TRACE:                             Modified var:.. suffix = '.so'
IE_TRACE:                             12:35:32.385874 line      1628 SOURCE IS UNAVAILABLE
IE_TRACE:                             12:35:32.385906 line      1629 SOURCE IS UNAVAILABLE
IE_TRACE:                                 Starting var:.. path_parts = ('/usr/lib/python3.12/encodings', 'gbk.so')
IE_TRACE:                                 12:35:32.385934 call       126 SOURCE IS UNAVAILABLE
IE_TRACE:                                 12:35:32.385954 line       128 SOURCE IS UNAVAILABLE
IE_TRACE:                                 12:35:32.385970 line       129 SOURCE IS UNAVAILABLE
IE_TRACE:                                 12:35:32.385987 line       128 SOURCE IS UNAVAILABLE
IE_TRACE:                                 12:35:32.386003 line       129 SOURCE IS UNAVAILABLE
IE_TRACE:                                 New var:....... part = '/usr/lib/python3.12/encodings'
IE_TRACE:                                 12:35:32.386019 line       128 SOURCE IS UNAVAILABLE
IE_TRACE:                                 12:35:32.386039 line       128 SOURCE IS UNAVAILABLE
IE_TRACE:                                 12:35:32.386056 line       129 SOURCE IS UNAVAILABLE
IE_TRACE:                                 Modified var:.. part = 'gbk.so'
IE_TRACE:                                 12:35:32.386073 line       128 SOURCE IS UNAVAILABLE
IE_TRACE:                                 12:35:32.386093 line       128 SOURCE IS UNAVAILABLE
IE_TRACE:                                 12:35:32.386110 return     128 SOURCE IS UNAVAILABLE
IE_TRACE:                                 Return value:.. '/usr/lib/python3.12/encodings/gbk.so'
IE_TRACE:                             Modified var:.. full_path = '/usr/lib/python3.12/encodings/gbk.so'
IE_TRACE:                             12:35:32.386132 line      1632 SOURCE IS UNAVAILABLE
IE_TRACE:                                 Source path:... <frozen importlib._bootstrap>
IE_TRACE:                                 Starting var:.. message = 'trying {}'
IE_TRACE:                                 Starting var:.. verbosity = 2
IE_TRACE:                                 Starting var:.. args = ('/usr/lib/python3.12/encodings/gbk.so',)
IE_TRACE:                                 12:35:32.386164 call       491 SOURCE IS UNAVAILABLE
IE_TRACE:                                 12:35:32.386222 line       493 SOURCE IS UNAVAILABLE
IE_TRACE:                                 12:35:32.386242 return     493 SOURCE IS UNAVAILABLE
IE_TRACE:                                 Return value:.. None
IE_TRACE:                             Source path:... <frozen importlib._bootstrap_external>
IE_TRACE:                             12:35:32.386265 line      1633 SOURCE IS UNAVAILABLE
IE_TRACE:                             12:35:32.386297 line      1627 SOURCE IS UNAVAILABLE
IE_TRACE:                             Modified var:.. suffix = '.py'
IE_TRACE:                             Modified var:.. loader_class = <class '_frozen_importlib_external.SourceFileLoader'>
IE_TRACE:                             12:35:32.386326 line      1628 SOURCE IS UNAVAILABLE
IE_TRACE:                             12:35:32.386361 line      1629 SOURCE IS UNAVAILABLE
IE_TRACE:                                 Starting var:.. path_parts = ('/usr/lib/python3.12/encodings', 'gbk.py')
IE_TRACE:                                 12:35:32.386389 call       126 SOURCE IS UNAVAILABLE
IE_TRACE:                                 12:35:32.386409 line       128 SOURCE IS UNAVAILABLE
IE_TRACE:                                 12:35:32.386426 line       129 SOURCE IS UNAVAILABLE
IE_TRACE:                                 12:35:32.386442 line       128 SOURCE IS UNAVAILABLE
IE_TRACE:                                 12:35:32.386458 line       129 SOURCE IS UNAVAILABLE
IE_TRACE:                                 New var:....... part = '/usr/lib/python3.12/encodings'
IE_TRACE:                                 12:35:32.386474 line       128 SOURCE IS UNAVAILABLE
IE_TRACE:                                 12:35:32.386494 line       128 SOURCE IS UNAVAILABLE
IE_TRACE:                                 12:35:32.386512 line       129 SOURCE IS UNAVAILABLE
IE_TRACE:                                 Modified var:.. part = 'gbk.py'
IE_TRACE:                                 12:35:32.386529 line       128 SOURCE IS UNAVAILABLE
IE_TRACE:                                 12:35:32.386549 line       128 SOURCE IS UNAVAILABLE
IE_TRACE:                                 12:35:32.386566 return     128 SOURCE IS UNAVAILABLE
IE_TRACE:                                 Return value:.. '/usr/lib/python3.12/encodings/gbk.py'
IE_TRACE:                             Modified var:.. full_path = '/usr/lib/python3.12/encodings/gbk.py'
IE_TRACE:                             12:35:32.386588 line      1632 SOURCE IS UNAVAILABLE
IE_TRACE:                                 Source path:... <frozen importlib._bootstrap>
IE_TRACE:                                 Starting var:.. message = 'trying {}'
IE_TRACE:                                 Starting var:.. verbosity = 2
IE_TRACE:                                 Starting var:.. args = ('/usr/lib/python3.12/encodings/gbk.py',)
IE_TRACE:                                 12:35:32.386621 call       491 SOURCE IS UNAVAILABLE
IE_TRACE:                                 12:35:32.386654 line       493 SOURCE IS UNAVAILABLE
IE_TRACE:                                 12:35:32.386673 return     493 SOURCE IS UNAVAILABLE
IE_TRACE:                                 Return value:.. None
IE_TRACE:                             Source path:... <frozen importlib._bootstrap_external>
IE_TRACE:                             12:35:32.386696 line      1633 SOURCE IS UNAVAILABLE
IE_TRACE:                             12:35:32.386729 line      1634 SOURCE IS UNAVAILABLE
IE_TRACE:                                 Starting var:.. path = '/usr/lib/python3.12/encodings/gbk.py'
IE_TRACE:                                 12:35:32.386758 call       159 SOURCE IS UNAVAILABLE
IE_TRACE:                                 12:35:32.386778 line       161 SOURCE IS UNAVAILABLE
IE_TRACE:                                     Starting var:.. path = '/usr/lib/python3.12/encodings/gbk.py'
IE_TRACE:                                     Starting var:.. mode = 32768
IE_TRACE:                                     12:35:32.386796 call       150 SOURCE IS UNAVAILABLE
IE_TRACE:                                     12:35:32.386823 line       152 SOURCE IS UNAVAILABLE
IE_TRACE:                                     12:35:32.386841 line       153 SOURCE IS UNAVAILABLE
IE_TRACE:                                     New var:....... stat_info = os.stat_result(st_mode=33188, st_ino=527615, st_dev=66309, st_nlink=1, st_uid=0, st_gid=0, st_size=1015, st_atime=1775119205, st_mtime=1772540118, st_ctime=1775119204)
IE_TRACE:                                     12:35:32.386868 line       156 SOURCE IS UNAVAILABLE
IE_TRACE:                                     12:35:32.386893 return     156 SOURCE IS UNAVAILABLE
IE_TRACE:                                     Return value:.. True
IE_TRACE:                                 12:35:32.386919 return     161 SOURCE IS UNAVAILABLE
IE_TRACE:                                 Return value:.. True
IE_TRACE:                             12:35:32.386940 line      1635 SOURCE IS UNAVAILABLE
IE_TRACE:                             12:35:32.386969 line      1636 SOURCE IS UNAVAILABLE
IE_TRACE:                             12:35:32.386997 line      1635 SOURCE IS UNAVAILABLE
IE_TRACE:                                 Starting var:.. self = FileFinder('/usr/lib/python3.12/encodings')
IE_TRACE:                                 Starting var:.. loader_class = <class '_frozen_importlib_external.SourceFileLoader'>
IE_TRACE:                                 Starting var:.. fullname = 'encodings.gbk'
IE_TRACE:                                 Starting var:.. path = '/usr/lib/python3.12/encodings/gbk.py'
IE_TRACE:                                 Starting var:.. smsl = None
IE_TRACE:                                 Starting var:.. target = None
IE_TRACE:                                 12:35:32.387027 call      1588 SOURCE IS UNAVAILABLE
IE_TRACE:                                 12:35:32.387069 line      1589 SOURCE IS UNAVAILABLE
IE_TRACE:                                     Starting var:.. self = <_frozen_importlib_external.SourceFileLoader object at 0x76f56d1ebb60>
IE_TRACE:                                     Starting var:.. fullname = 'encodings.gbk'
IE_TRACE:                                     Starting var:.. path = '/usr/lib/python3.12/encodings/gbk.py'
IE_TRACE:                                     12:35:32.387093 call      1153 SOURCE IS UNAVAILABLE
IE_TRACE:                                     12:35:32.387123 line      1156 SOURCE IS UNAVAILABLE
IE_TRACE:                                     12:35:32.387143 line      1157 SOURCE IS UNAVAILABLE
IE_TRACE:                                     12:35:32.387162 return    1157 SOURCE IS UNAVAILABLE
IE_TRACE:                                     Return value:.. None
IE_TRACE:                                 New var:....... loader = <_frozen_importlib_external.SourceFileLoader object at 0x76f56d1ebb60>
IE_TRACE:                                 12:35:32.387185 line      1590 SOURCE IS UNAVAILABLE
IE_TRACE:                                 12:35:32.387216 line      1591 SOURCE IS UNAVAILABLE
IE_TRACE:                                 12:35:32.387239 line      1590 SOURCE IS UNAVAILABLE
IE_TRACE:                                     Starting var:.. name = 'encodings.gbk'
IE_TRACE:                                     Starting var:.. location = '/usr/lib/python3.12/encodings/gbk.py'
IE_TRACE:                                     Starting var:.. loader = <_frozen_importlib_external.SourceFileLoader object at 0x76f56d1ebb60>
IE_TRACE:                                     Starting var:.. submodule_search_locations = None
IE_TRACE:                                     12:35:32.387271 call       802 SOURCE IS UNAVAILABLE
IE_TRACE:                                     12:35:32.387308 line       814 SOURCE IS UNAVAILABLE
IE_TRACE:                                     12:35:32.387330 line       826 SOURCE IS UNAVAILABLE
IE_TRACE:                                     12:35:32.387352 line       827 SOURCE IS UNAVAILABLE
IE_TRACE:                                     12:35:32.387373 line       828 SOURCE IS UNAVAILABLE
IE_TRACE:                                     12:35:32.387412 line       838 SOURCE IS UNAVAILABLE
IE_TRACE:                                     New var:....... spec = ModuleSpec(name='encodings.gbk', loader=<_frozen_importlib_external.SourceFileLoader object at 0x76f56d1ebb60>, origin='/usr/lib/python3.12/encodings/gbk.py')
IE_TRACE:                                     12:35:32.387445 line       839 SOURCE IS UNAVAILABLE
IE_TRACE:                                     12:35:32.387474 line       842 SOURCE IS UNAVAILABLE
IE_TRACE:                                     12:35:32.387500 line       852 SOURCE IS UNAVAILABLE
IE_TRACE:                                     12:35:32.387524 line       863 SOURCE IS UNAVAILABLE
IE_TRACE:                                     12:35:32.387547 line       864 SOURCE IS UNAVAILABLE
IE_TRACE:                                     12:35:32.387570 line       869 SOURCE IS UNAVAILABLE
IE_TRACE:                                     12:35:32.387594 return     869 SOURCE IS UNAVAILABLE
IE_TRACE:                                     Return value:.. ModuleSpec(name='encodings.gbk', loader=<_frozen_importlib_external.SourceFileLoader object at 0x76f56d1ebb60>, origin='/usr/lib/python3.12/encodings/gbk.py')
IE_TRACE:                                 12:35:32.387624 return    1590 SOURCE IS UNAVAILABLE
IE_TRACE:                                 Return value:.. ModuleSpec(name='encodings.gbk', loader=<_frozen_importlib_external.SourceFileLoader object at 0x76f56d1ebb60>, origin='/usr/lib/python3.12/encodings/gbk.py')
IE_TRACE:                             12:35:32.387653 return    1635 SOURCE IS UNAVAILABLE
IE_TRACE:                             Return value:.. ModuleSpec(name='encodings.gbk', loader=<_frozen_importlib_external.SourceFileLoader object at 0x76f56d1ebb60>, origin='/usr/lib/python3.12/encodings/gbk.py')
IE_TRACE:                         New var:....... spec = ModuleSpec(name='encodings.gbk', loader=<_frozen_importlib_external.SourceFileLoader object at 0x76f56d1ebb60>, origin='/usr/lib/python3.12/encodings/gbk.py')
IE_TRACE:                         12:35:32.387689 line      1503 SOURCE IS UNAVAILABLE
IE_TRACE:                         12:35:32.387718 line      1505 SOURCE IS UNAVAILABLE
IE_TRACE:                         12:35:32.387742 line      1506 SOURCE IS UNAVAILABLE
IE_TRACE:                         12:35:32.387766 return    1506 SOURCE IS UNAVAILABLE
IE_TRACE:                         Return value:.. ModuleSpec(name='encodings.gbk', loader=<_frozen_importlib_external.SourceFileLoader object at 0x76f56d1ebb60>, origin='/usr/lib/python3.12/encodings/gbk.py')
IE_TRACE:                     New var:....... spec = ModuleSpec(name='encodings.gbk', loader=<_frozen_importlib_external.SourceFileLoader object at 0x76f56d1ebb60>, origin='/usr/lib/python3.12/encodings/gbk.py')
IE_TRACE:                     12:35:32.387796 line      1529 SOURCE IS UNAVAILABLE
IE_TRACE:                     12:35:32.387819 line      1531 SOURCE IS UNAVAILABLE
IE_TRACE:                     12:35:32.387839 line      1542 SOURCE IS UNAVAILABLE
IE_TRACE:                     12:35:32.387859 return    1542 SOURCE IS UNAVAILABLE
IE_TRACE:                     Return value:.. ModuleSpec(name='encodings.gbk', loader=<_frozen_importlib_external.SourceFileLoader object at 0x76f56d1ebb60>, origin='/usr/lib/python3.12/encodings/gbk.py')
IE_TRACE:                 Source path:... <frozen importlib._bootstrap>
IE_TRACE:                 Modified var:.. spec = ModuleSpec(name='encodings.gbk', loader=<_frozen_importlib_external.SourceFileLoader object at 0x76f56d1ebb60>, origin='/usr/lib/python3.12/encodings/gbk.py')
IE_TRACE:                 12:35:32.387884 line      1256 SOURCE IS UNAVAILABLE
IE_TRACE:                     Starting var:.. self = <_frozen_importlib._ImportLockContext object at 0x76f56d1ea7e0>
IE_TRACE:                     Starting var:.. exc_type = None
IE_TRACE:                     Starting var:.. exc_value = None
IE_TRACE:                     Starting var:.. exc_traceback = None
IE_TRACE:                     12:35:32.387920 call      1226 SOURCE IS UNAVAILABLE
IE_TRACE:                     12:35:32.387953 line      1228 SOURCE IS UNAVAILABLE
IE_TRACE:                     12:35:32.387971 return    1228 SOURCE IS UNAVAILABLE
IE_TRACE:                     Return value:.. None
IE_TRACE:                 12:35:32.387993 line      1263 SOURCE IS UNAVAILABLE
IE_TRACE:                 12:35:32.388019 line      1265 SOURCE IS UNAVAILABLE
IE_TRACE:                 12:35:32.388044 line      1280 SOURCE IS UNAVAILABLE
IE_TRACE:                 12:35:32.388068 return    1280 SOURCE IS UNAVAILABLE
IE_TRACE:                 Return value:.. ModuleSpec(name='encodings.gbk', loader=<_frozen_importlib_external.SourceFileLoader object at 0x76f56d1ebb60>, origin='/usr/lib/python3.12/encodings/gbk.py')
IE_TRACE:             New var:....... spec = ModuleSpec(name='encodings.gbk', loader=<_frozen_importlib_external.SourceFileLoader object at 0x76f56d1ebb60>, origin='/usr/lib/python3.12/encodings/gbk.py')
IE_TRACE:             12:35:32.388099 line      1323 SOURCE IS UNAVAILABLE
IE_TRACE:             12:35:32.388131 line      1326 SOURCE IS UNAVAILABLE
IE_TRACE:             12:35:32.388156 line      1329 SOURCE IS UNAVAILABLE
IE_TRACE:             12:35:32.388180 line      1330 SOURCE IS UNAVAILABLE
IE_TRACE:             12:35:32.388207 line      1331 SOURCE IS UNAVAILABLE
IE_TRACE:                 Starting var:.. spec = ModuleSpec(name='encodings.gbk', loader=<_frozen_importlib_external.SourceFileLoader object at 0x76f56d1ebb60>, origin='/usr/lib/python3.12/encodings/gbk.py')
IE_TRACE:                 12:35:32.388239 call       911 SOURCE IS UNAVAILABLE
IE_TRACE:                 12:35:32.388260 line       913 SOURCE IS UNAVAILABLE
IE_TRACE:                 12:35:32.388275 line       915 SOURCE IS UNAVAILABLE
IE_TRACE:                 12:35:32.388291 line       921 SOURCE IS UNAVAILABLE
IE_TRACE:                     Starting var:.. spec = ModuleSpec(name='encodings.gbk', loader=<_frozen_importlib_external.SourceFileLoader object at 0x76f56d1ebb60>, origin='/usr/lib/python3.12/encodings/gbk.py')
IE_TRACE:                     12:35:32.388309 call       806 SOURCE IS UNAVAILABLE
IE_TRACE:                     12:35:32.388329 line       809 SOURCE IS UNAVAILABLE
IE_TRACE:                     New var:....... module = None
IE_TRACE:                     12:35:32.388344 line       810 SOURCE IS UNAVAILABLE
IE_TRACE:                     12:35:32.388364 line       813 SOURCE IS UNAVAILABLE
IE_TRACE:                         Source path:... <frozen importlib._bootstrap_external>
IE_TRACE:                         Starting var:.. self = <_frozen_importlib_external.SourceFileLoader object at 0x76f56d1ebb60>
IE_TRACE:                         Starting var:.. spec = ModuleSpec(name='encodings.gbk', loader=<_frozen_importlib_external.SourceFileLoader object at 0x76f56d1ebb60>, origin='/usr/lib/python3.12/encodings/gbk.py')
IE_TRACE:                         12:35:32.388382 call       986 SOURCE IS UNAVAILABLE
IE_TRACE:                         12:35:32.388411 line       986 SOURCE IS UNAVAILABLE
IE_TRACE:                         12:35:32.388428 return     986 SOURCE IS UNAVAILABLE
IE_TRACE:                         Return value:.. None
IE_TRACE:                     Source path:... <frozen importlib._bootstrap>
IE_TRACE:                     12:35:32.388450 line       817 SOURCE IS UNAVAILABLE
IE_TRACE:                     12:35:32.388470 line       818 SOURCE IS UNAVAILABLE
IE_TRACE:                         Starting var:.. name = 'encodings.gbk'
IE_TRACE:                         12:35:32.388487 call        48 SOURCE IS UNAVAILABLE
IE_TRACE:                         12:35:32.388506 line        49 SOURCE IS UNAVAILABLE
IE_TRACE:                         12:35:32.388521 return      49 SOURCE IS UNAVAILABLE
IE_TRACE:                         Return value:.. <module 'encodings.gbk'>
IE_TRACE:                     Modified var:.. module = <module 'encodings.gbk'>
IE_TRACE:                     12:35:32.388545 line       819 SOURCE IS UNAVAILABLE
IE_TRACE:                         Starting var:.. spec = ModuleSpec(name='encodings.gbk', loader=<_frozen_importlib_external.SourceFileLoader object at 0x76f56d1ebb60>, origin='/usr/lib/python3.12/encodings/gbk.py')
IE_TRACE:                         Starting var:.. module = <module 'encodings.gbk'>
IE_TRACE:                         Starting var:.. override = False
IE_TRACE:                         12:35:32.388576 call       733 SOURCE IS UNAVAILABLE
IE_TRACE:                         12:35:32.388610 line       737 SOURCE IS UNAVAILABLE
IE_TRACE:                         12:35:32.388631 line       743 SOURCE IS UNAVAILABLE
IE_TRACE:                         12:35:32.388652 line       744 SOURCE IS UNAVAILABLE
IE_TRACE:                         New var:....... loader = <_frozen_importlib_external.SourceFileLoader object at 0x76f56d1ebb60>
IE_TRACE:                         12:35:32.388672 line       745 SOURCE IS UNAVAILABLE
IE_TRACE:                         12:35:32.388697 line       766 SOURCE IS UNAVAILABLE
IE_TRACE:                         12:35:32.388719 line       767 SOURCE IS UNAVAILABLE
IE_TRACE:                         Modified var:.. module = <module 'encodings.gbk' (<_frozen_importlib_external.SourceFileLoader object at 0x76f56d1ebb60>)>
IE_TRACE:                         12:35:32.388747 line       771 SOURCE IS UNAVAILABLE
IE_TRACE:                         12:35:32.388773 line       772 SOURCE IS UNAVAILABLE
IE_TRACE:                         12:35:32.388795 line       773 SOURCE IS UNAVAILABLE
IE_TRACE:                             Starting var:.. self = ModuleSpec(name='encodings.gbk', loader=<_frozen_importlib_external.SourceFileLoader object at 0x76f56d1ebb60>, origin='/usr/lib/python3.12/encodings/gbk.py')
IE_TRACE:                             12:35:32.388818 call       645 SOURCE IS UNAVAILABLE
IE_TRACE:                             12:35:32.388838 line       648 SOURCE IS UNAVAILABLE
IE_TRACE:                             12:35:32.388855 line       649 SOURCE IS UNAVAILABLE
IE_TRACE:                             12:35:32.388871 return     649 SOURCE IS UNAVAILABLE
IE_TRACE:                             Return value:.. 'encodings'
IE_TRACE:                         12:35:32.388893 line       777 SOURCE IS UNAVAILABLE
IE_TRACE:                         12:35:32.388915 line       778 SOURCE IS UNAVAILABLE
IE_TRACE:                         Modified var:.. module = <module 'encodings.gbk' from '/usr/lib/python3.12/encodings/gbk.py'>
IE_TRACE:                         12:35:32.388936 line       782 SOURCE IS UNAVAILABLE
IE_TRACE:                         12:35:32.388961 line       783 SOURCE IS UNAVAILABLE
IE_TRACE:                         12:35:32.388981 line       790 SOURCE IS UNAVAILABLE
IE_TRACE:                             Starting var:.. self = ModuleSpec(name='encodings.gbk', loader=<_frozen_importlib_external.SourceFileLoader object at 0x76f56d1ebb60>, origin='/usr/lib/python3.12/encodings/gbk.py')
IE_TRACE:                             12:35:32.389002 call       653 SOURCE IS UNAVAILABLE
IE_TRACE:                             12:35:32.389022 line       655 SOURCE IS UNAVAILABLE
IE_TRACE:                             12:35:32.389038 return     655 SOURCE IS UNAVAILABLE
IE_TRACE:                             Return value:.. True
IE_TRACE:                         12:35:32.389059 line       791 SOURCE IS UNAVAILABLE
IE_TRACE:                         12:35:32.389080 line       792 SOURCE IS UNAVAILABLE
IE_TRACE:                         12:35:32.389101 line       793 SOURCE IS UNAVAILABLE
IE_TRACE:                         12:35:32.389122 line       797 SOURCE IS UNAVAILABLE
IE_TRACE:                         12:35:32.389143 line       798 SOURCE IS UNAVAILABLE
IE_TRACE:                             Starting var:.. self = ModuleSpec(name='encodings.gbk', loader=<_frozen_importlib_external.SourceFileLoader object at 0x76f56d1ebb60>, origin='/usr/lib/python3.12/encodings/gbk.py')
IE_TRACE:                             12:35:32.389165 call       632 SOURCE IS UNAVAILABLE
IE_TRACE:                             12:35:32.389185 line       634 SOURCE IS UNAVAILABLE
IE_TRACE:                             12:35:32.389204 line       635 SOURCE IS UNAVAILABLE
IE_TRACE:                             12:35:32.389220 line       636 SOURCE IS UNAVAILABLE
IE_TRACE:                             12:35:32.389236 line       638 SOURCE IS UNAVAILABLE
IE_TRACE:                                 Source path:... <frozen importlib._bootstrap_external>
IE_TRACE:                                 Starting var:.. filename = '/usr/lib/python3.12/encodings/gbk.py'
IE_TRACE:                                 12:35:32.389255 call       611 SOURCE IS UNAVAILABLE
IE_TRACE:                                 12:35:32.389280 line       612 SOURCE IS UNAVAILABLE
IE_TRACE:                                 12:35:32.389296 line       613 SOURCE IS UNAVAILABLE
IE_TRACE:                                 12:35:32.389312 line       614 SOURCE IS UNAVAILABLE
IE_TRACE:                                     Starting var:.. path = '/usr/lib/python3.12/encodings/gbk.py'
IE_TRACE:                                     Starting var:.. debug_override = None
IE_TRACE:                                     Starting var:.. optimization = None
IE_TRACE:                                     12:35:32.389337 call       482 SOURCE IS UNAVAILABLE
IE_TRACE:                                     12:35:32.389371 line       500 SOURCE IS UNAVAILABLE
IE_TRACE:                                     12:35:32.389392 line       507 SOURCE IS UNAVAILABLE
IE_TRACE:                                     12:35:32.389413 line       508 SOURCE IS UNAVAILABLE
IE_TRACE:                                     New var:....... head = '/usr/lib/python3.12/encodings'
IE_TRACE:                                     New var:....... tail = 'gbk.py'
IE_TRACE:                                     12:35:32.389462 line       509 SOURCE IS UNAVAILABLE
IE_TRACE:                                     New var:....... base = 'gbk'
IE_TRACE:                                     New var:....... sep = '.'
IE_TRACE:                                     New var:....... rest = 'py'
IE_TRACE:                                     12:35:32.389494 line       510 SOURCE IS UNAVAILABLE
IE_TRACE:                                     New var:....... tag = 'cpython-312'
IE_TRACE:                                     12:35:32.389531 line       511 SOURCE IS UNAVAILABLE
IE_TRACE:                                     12:35:32.389566 line       513 SOURCE IS UNAVAILABLE
IE_TRACE:                                     New var:....... almost_filename = 'gbk.cpython-312'
IE_TRACE:                                     12:35:32.389593 line       514 SOURCE IS UNAVAILABLE
IE_TRACE:                                     12:35:32.389625 line       515 SOURCE IS UNAVAILABLE
IE_TRACE:                                     12:35:32.389653 line       516 SOURCE IS UNAVAILABLE
IE_TRACE:                                     Modified var:.. optimization = ''
IE_TRACE:                                     12:35:32.389680 line       519 SOURCE IS UNAVAILABLE
IE_TRACE:                                     12:35:32.389711 line       520 SOURCE IS UNAVAILABLE
IE_TRACE:                                     12:35:32.389737 line       524 SOURCE IS UNAVAILABLE
IE_TRACE:                                     New var:....... filename = 'gbk.cpython-312.pyc'
IE_TRACE:                                     12:35:32.389764 line       525 SOURCE IS UNAVAILABLE
IE_TRACE:                                     12:35:32.389796 line       549 SOURCE IS UNAVAILABLE
IE_TRACE:                                     12:35:32.389834 return     549 SOURCE IS UNAVAILABLE
IE_TRACE:                                     Return value:.. '/usr/lib/python3.12/encodings/__pycache__/gbk.cpython-312.pyc'
IE_TRACE:                                 12:35:32.389869 return     614 SOURCE IS UNAVAILABLE
IE_TRACE:                                 Return value:.. '/usr/lib/python3.12/encodings/__pycache__/gbk.cpython-312.pyc'
IE_TRACE:                             Source path:... <frozen importlib._bootstrap>
IE_TRACE:                             12:35:32.389890 line       639 SOURCE IS UNAVAILABLE
IE_TRACE:                             12:35:32.389910 return     639 SOURCE IS UNAVAILABLE
IE_TRACE:                             Return value:.. '/usr/lib/python3.12/encodings/__pycache__/gbk.cpython-312.pyc'
IE_TRACE:                         12:35:32.389932 line       799 SOURCE IS UNAVAILABLE
IE_TRACE:                         12:35:32.389953 line       800 SOURCE IS UNAVAILABLE
IE_TRACE:                             Starting var:.. self = ModuleSpec(name='encodings.gbk', loader=<_frozen_importlib_external.SourceFileLoader object at 0x76f56d1ebb60>, origin='/usr/lib/python3.12/encodings/gbk.py')
IE_TRACE:                             12:35:32.389975 call       632 SOURCE IS UNAVAILABLE
IE_TRACE:                             12:35:32.389994 line       634 SOURCE IS UNAVAILABLE
IE_TRACE:                             12:35:32.390010 line       639 SOURCE IS UNAVAILABLE
IE_TRACE:                             12:35:32.390027 return     639 SOURCE IS UNAVAILABLE
IE_TRACE:                             Return value:.. '/usr/lib/python3.12/encodings/__pycache__/gbk.cpython-312.pyc'
IE_TRACE:                         12:35:32.390047 line       803 SOURCE IS UNAVAILABLE
IE_TRACE:                         12:35:32.390068 return     803 SOURCE IS UNAVAILABLE
IE_TRACE:                         Return value:.. <module 'encodings.gbk' from '/usr/lib/python3.12/encodings/gbk.py'>
IE_TRACE:                     Modified var:.. module = <module 'encodings.gbk' from '/usr/lib/python3.12/encodings/gbk.py'>
IE_TRACE:                     12:35:32.390094 line       820 SOURCE IS UNAVAILABLE
IE_TRACE:                     12:35:32.390115 return     820 SOURCE IS UNAVAILABLE
IE_TRACE:                     Return value:.. <module 'encodings.gbk' from '/usr/lib/python3.12/encodings/gbk.py'>
IE_TRACE:                 New var:....... module = <module 'encodings.gbk' from '/usr/lib/python3.12/encodings/gbk.py'>
IE_TRACE:                 12:35:32.390137 line       926 SOURCE IS UNAVAILABLE
IE_TRACE:                 12:35:32.390158 line       927 SOURCE IS UNAVAILABLE
IE_TRACE:                 12:35:32.390174 line       928 SOURCE IS UNAVAILABLE
IE_TRACE:                 12:35:32.390191 line       929 SOURCE IS UNAVAILABLE
IE_TRACE:                 12:35:32.390210 line       930 SOURCE IS UNAVAILABLE
IE_TRACE:                 12:35:32.390226 line       935 SOURCE IS UNAVAILABLE
IE_TRACE:                     Source path:... <frozen importlib._bootstrap_external>
IE_TRACE:                     Starting var:.. self = <_frozen_importlib_external.SourceFileLoader object at 0x76f56d1ebb60>
IE_TRACE:                     Starting var:.. module = <module 'encodings.gbk' from '/usr/lib/python3.12/encodings/gbk.py'>
IE_TRACE:                     12:35:32.390245 call       989 SOURCE IS UNAVAILABLE
IE_TRACE:                     12:35:32.390274 line       991 SOURCE IS UNAVAILABLE
IE_TRACE:                         Starting var:.. self = <_frozen_importlib_external.SourceFileLoader object at 0x76f56d1ebb60>
IE_TRACE:                         Starting var:.. fullname = 'encodings.gbk'
IE_TRACE:                         12:35:32.390305 call      1062 SOURCE IS UNAVAILABLE
IE_TRACE:                         12:35:32.390334 line      1069 SOURCE IS UNAVAILABLE
IE_TRACE:                             Starting var:.. self = <_frozen_importlib_external.SourceFileLoader object at 0x76f56d1ebb60>
IE_TRACE:                             Starting var:.. name = 'encodings.gbk'
IE_TRACE:                             Starting var:.. args = ()
IE_TRACE:                             Starting var:.. kwargs = {}
IE_TRACE:                             Starting var:.. method = <function FileLoader.get_filename at 0x76f5704eeca0>
IE_TRACE:                             12:35:32.390355 call       643 SOURCE IS UNAVAILABLE
IE_TRACE:                             12:35:32.390394 line       644 SOURCE IS UNAVAILABLE
IE_TRACE:                             12:35:32.390417 line       646 SOURCE IS UNAVAILABLE
IE_TRACE:                             12:35:32.390438 line       649 SOURCE IS UNAVAILABLE
IE_TRACE:                                 Starting var:.. self = <_frozen_importlib_external.SourceFileLoader object at 0x76f56d1ebb60>
IE_TRACE:                                 Starting var:.. fullname = 'encodings.gbk'
IE_TRACE:                                 12:35:32.390459 call      1178 SOURCE IS UNAVAILABLE
IE_TRACE:                                 12:35:32.390484 line      1181 SOURCE IS UNAVAILABLE
IE_TRACE:                                 12:35:32.390502 return    1181 SOURCE IS UNAVAILABLE
IE_TRACE:                                 Return value:.. '/usr/lib/python3.12/encodings/gbk.py'
IE_TRACE:                             12:35:32.390524 return     649 SOURCE IS UNAVAILABLE
IE_TRACE:                             Return value:.. '/usr/lib/python3.12/encodings/gbk.py'
IE_TRACE:                         New var:....... source_path = '/usr/lib/python3.12/encodings/gbk.py'
IE_TRACE:                         12:35:32.390550 line      1070 SOURCE IS UNAVAILABLE
IE_TRACE:                         New var:....... source_mtime = None
IE_TRACE:                         12:35:32.390573 line      1071 SOURCE IS UNAVAILABLE
IE_TRACE:                         New var:....... source_bytes = None
IE_TRACE:                         12:35:32.390598 line      1072 SOURCE IS UNAVAILABLE
IE_TRACE:                         New var:....... source_hash = None
IE_TRACE:                         12:35:32.390624 line      1073 SOURCE IS UNAVAILABLE
IE_TRACE:                         New var:....... hash_based = False
IE_TRACE:                         12:35:32.390650 line      1074 SOURCE IS UNAVAILABLE
IE_TRACE:                         New var:....... check_source = True
IE_TRACE:                         12:35:32.390678 line      1075 SOURCE IS UNAVAILABLE
IE_TRACE:                         12:35:32.390706 line      1076 SOURCE IS UNAVAILABLE
IE_TRACE:                             Starting var:.. path = '/usr/lib/python3.12/encodings/gbk.py'
IE_TRACE:                             Starting var:.. debug_override = None
IE_TRACE:                             Starting var:.. optimization = None
IE_TRACE:                             12:35:32.390732 call       482 SOURCE IS UNAVAILABLE
IE_TRACE:                             12:35:32.390763 line       500 SOURCE IS UNAVAILABLE
IE_TRACE:                             12:35:32.390783 line       507 SOURCE IS UNAVAILABLE
IE_TRACE:                             12:35:32.390803 line       508 SOURCE IS UNAVAILABLE
IE_TRACE:                                 Starting var:.. path = '/usr/lib/python3.12/encodings/gbk.py'
IE_TRACE:                                 12:35:32.390824 call       132 SOURCE IS UNAVAILABLE
IE_TRACE:                                 12:35:32.390846 line       134 SOURCE IS UNAVAILABLE
IE_TRACE:                                     Starting var:.. .0 = <str_ascii_iterator object at 0x76f56d1ebd90>
IE_TRACE:                                     Starting var:.. path = '/usr/lib/python3.12/encodings/gbk.py'
IE_TRACE:                                     12:35:32.390865 call       134 SOURCE IS UNAVAILABLE
IE_TRACE:                                     12:35:32.390894 line       134 SOURCE IS UNAVAILABLE
IE_TRACE:                                     New var:....... p = '/'
IE_TRACE:                                     12:35:32.390914 return     134 SOURCE IS UNAVAILABLE
IE_TRACE:                                     Return value:.. 29
IE_TRACE:                                     Starting var:.. .0 = <str_ascii_iterator object at 0x76f56d1ebd90>
IE_TRACE:                                     Starting var:.. p = '/'
IE_TRACE:                                     Starting var:.. path = '/usr/lib/python3.12/encodings/gbk.py'
IE_TRACE:                                     12:35:32.390943 call       134 SOURCE IS UNAVAILABLE
IE_TRACE:                                     12:35:32.390974 line       134 SOURCE IS UNAVAILABLE
IE_TRACE:                                     12:35:32.390994 return     134 SOURCE IS UNAVAILABLE
IE_TRACE:                                     Return value:.. None
IE_TRACE:                                 New var:....... i = 29
IE_TRACE:                                 12:35:32.391019 line       135 SOURCE IS UNAVAILABLE
IE_TRACE:                                 12:35:32.391041 line       137 SOURCE IS UNAVAILABLE
IE_TRACE:                                 12:35:32.391060 return     137 SOURCE IS UNAVAILABLE
IE_TRACE:                                 Return value:.. ('/usr/lib/python3.12/encodings', 'gbk.py')
IE_TRACE:                             New var:....... head = '/usr/lib/python3.12/encodings'
IE_TRACE:                             New var:....... tail = 'gbk.py'
IE_TRACE:                             12:35:32.391084 line       509 SOURCE IS UNAVAILABLE
IE_TRACE:                             New var:....... base = 'gbk'
IE_TRACE:                             New var:....... sep = '.'
IE_TRACE:                             New var:....... rest = 'py'
IE_TRACE:                             12:35:32.391116 line       510 SOURCE IS UNAVAILABLE
IE_TRACE:                             New var:....... tag = 'cpython-312'
IE_TRACE:                             12:35:32.391154 line       511 SOURCE IS UNAVAILABLE
IE_TRACE:                             12:35:32.391184 line       513 SOURCE IS UNAVAILABLE
IE_TRACE:                             New var:....... almost_filename = 'gbk.cpython-312'
IE_TRACE:                             12:35:32.391214 line       514 SOURCE IS UNAVAILABLE
IE_TRACE:                             12:35:32.391245 line       515 SOURCE IS UNAVAILABLE
IE_TRACE:                             12:35:32.391272 line       516 SOURCE IS UNAVAILABLE
IE_TRACE:                             Modified var:.. optimization = ''
IE_TRACE:                             12:35:32.391299 line       519 SOURCE IS UNAVAILABLE
IE_TRACE:                             12:35:32.391330 line       520 SOURCE IS UNAVAILABLE
IE_TRACE:                             12:35:32.391357 line       524 SOURCE IS UNAVAILABLE
IE_TRACE:                             New var:....... filename = 'gbk.cpython-312.pyc'
IE_TRACE:                             12:35:32.391384 line       525 SOURCE IS UNAVAILABLE
IE_TRACE:                             12:35:32.391416 line       549 SOURCE IS UNAVAILABLE
IE_TRACE:                                 Starting var:.. path_parts = ('/usr/lib/python3.12/encodings', '__pycache__', 'gbk.cpython-312.pyc')
IE_TRACE:                                 12:35:32.391444 call       126 SOURCE IS UNAVAILABLE
IE_TRACE:                                 12:35:32.391467 line       128 SOURCE IS UNAVAILABLE
IE_TRACE:                                 12:35:32.391485 line       129 SOURCE IS UNAVAILABLE
IE_TRACE:                                 12:35:32.391503 line       128 SOURCE IS UNAVAILABLE
IE_TRACE:                                 12:35:32.391521 line       129 SOURCE IS UNAVAILABLE
IE_TRACE:                                 New var:....... part = '/usr/lib/python3.12/encodings'
IE_TRACE:                                 12:35:32.391539 line       128 SOURCE IS UNAVAILABLE
IE_TRACE:                                 12:35:32.391561 line       128 SOURCE IS UNAVAILABLE
IE_TRACE:                                 12:35:32.391580 line       129 SOURCE IS UNAVAILABLE
IE_TRACE:                                 Modified var:.. part = '__pycache__'
IE_TRACE:                                 12:35:32.391598 line       128 SOURCE IS UNAVAILABLE
IE_TRACE:                                 12:35:32.391620 line       128 SOURCE IS UNAVAILABLE
IE_TRACE:                                 12:35:32.391638 line       129 SOURCE IS UNAVAILABLE
IE_TRACE:                                 Modified var:.. part = 'gbk.cpython-312.pyc'
IE_TRACE:                                 12:35:32.391656 line       128 SOURCE IS UNAVAILABLE
IE_TRACE:                                 12:35:32.391678 line       128 SOURCE IS UNAVAILABLE
IE_TRACE:                                 12:35:32.391696 return     128 SOURCE IS UNAVAILABLE
IE_TRACE:                                 Return value:.. '/usr/lib/python3.12/encodings/__pycache__/gbk.cpython-312.pyc'
IE_TRACE:                             12:35:32.391719 return     549 SOURCE IS UNAVAILABLE
IE_TRACE:                             Return value:.. '/usr/lib/python3.12/encodings/__pycache__/gbk.cpython-312.pyc'
IE_TRACE:                         New var:....... bytecode_path = '/usr/lib/python3.12/encodings/__pycache__/gbk.cpython-312.pyc'
IE_TRACE:                         12:35:32.391753 line      1080 SOURCE IS UNAVAILABLE
IE_TRACE:                         12:35:32.391784 line      1081 SOURCE IS UNAVAILABLE
IE_TRACE:                             Starting var:.. self = <_frozen_importlib_external.SourceFileLoader object at 0x76f56d1ebb60>
IE_TRACE:                             Starting var:.. path = '/usr/lib/python3.12/encodings/gbk.py'
IE_TRACE:                             12:35:32.391812 call      1202 SOURCE IS UNAVAILABLE
IE_TRACE:                             12:35:32.391837 line      1204 SOURCE IS UNAVAILABLE
IE_TRACE:                                 Starting var:.. path = '/usr/lib/python3.12/encodings/gbk.py'
IE_TRACE:                                 12:35:32.391856 call       140 SOURCE IS UNAVAILABLE
IE_TRACE:                                 12:35:32.391876 line       147 SOURCE IS UNAVAILABLE
IE_TRACE:                                 12:35:32.391894 return     147 SOURCE IS UNAVAILABLE
IE_TRACE:                                 Return value:.. os.stat_result(st_mode=33188, st_ino=527615, st_dev=66309, st_nlink=1, st_uid=0, st_gid=0, st_size=1015, st_atime=1775119205, st_mtime=1772540118, st_ctime=1775119204)
IE_TRACE:                             New var:....... st = os.stat_result(st_mode=33188, st_ino=527615, st_dev=66309, st_nlink=1, st_uid=0, st_gid=0, st_size=1015, st_atime=1775119205, st_mtime=1772540118, st_ctime=1775119204)
IE_TRACE:                             12:35:32.391917 line      1205 SOURCE IS UNAVAILABLE
IE_TRACE:                             12:35:32.391941 return    1205 SOURCE IS UNAVAILABLE
IE_TRACE:                             Return value:.. {'mtime': 1772540118.0, 'size': 1015}
IE_TRACE:                         New var:....... st = {'mtime': 1772540118.0, 'size': 1015}
IE_TRACE:                         12:35:32.391968 line      1085 SOURCE IS UNAVAILABLE
IE_TRACE:                         Modified var:.. source_mtime = 1772540118
IE_TRACE:                         12:35:32.392001 line      1086 SOURCE IS UNAVAILABLE
IE_TRACE:                         12:35:32.392033 line      1087 SOURCE IS UNAVAILABLE
IE_TRACE:                             Starting var:.. self = <_frozen_importlib_external.SourceFileLoader object at 0x76f56d1ebb60>
IE_TRACE:                             Starting var:.. path = '/usr/lib/python3.12/encodings/__pycache__/gbk.cpython-312.pyc'
IE_TRACE:                             12:35:32.392062 call      1183 SOURCE IS UNAVAILABLE
IE_TRACE:                             12:35:32.392088 line      1185 SOURCE IS UNAVAILABLE
IE_TRACE:                             12:35:32.392106 line      1186 SOURCE IS UNAVAILABLE
IE_TRACE:                             New var:....... file = <_io.BufferedReader name='/usr/lib/python3.12/encodings/__pycache__/gbk.cpython-312.pyc'>
IE_TRACE:                             12:35:32.392134 line      1187 SOURCE IS UNAVAILABLE
IE_TRACE:                             12:35:32.392361 line      1186 SOURCE IS UNAVAILABLE
IE_TRACE:                             12:35:32.392416 return    1186 SOURCE IS UNAVAILABLE
IE_TRACE:                             Return value:.. bytes(len=1988)
IE_TRACE:                         New var:....... data = bytes(len=1988)
IE_TRACE:                         12:35:32.392453 line      1092 SOURCE IS UNAVAILABLE
IE_TRACE:                         12:35:32.392498 line      1093 SOURCE IS UNAVAILABLE
IE_TRACE:                         12:35:32.392528 line      1091 SOURCE IS UNAVAILABLE
IE_TRACE:                         New var:....... exc_details = {'name': 'encodings.gbk', 'path': '/usr/lib/python3.12/encodings/__pycache__/gbk.cpython-312.pyc'}
IE_TRACE:                         12:35:32.392557 line      1095 SOURCE IS UNAVAILABLE
IE_TRACE:                         12:35:32.392591 line      1096 SOURCE IS UNAVAILABLE
IE_TRACE:                             Starting var:.. data = bytes(len=1988)
IE_TRACE:                             Starting var:.. name = 'encodings.gbk'
IE_TRACE:                             Starting var:.. exc_details = {'name': 'encodings.gbk', 'path': '/usr/lib/python3.12/encodings/__pycache__/gbk.cpython-312.pyc'}
IE_TRACE:                             12:35:32.392627 call       666 SOURCE IS UNAVAILABLE
IE_TRACE:                             12:35:32.392661 line       682 SOURCE IS UNAVAILABLE
IE_TRACE:                             New var:....... magic = b'\xcb\r\r\n'
IE_TRACE:                             12:35:32.392681 line       683 SOURCE IS UNAVAILABLE
IE_TRACE:                             12:35:32.392707 line       687 SOURCE IS UNAVAILABLE
IE_TRACE:                             12:35:32.392728 line       691 SOURCE IS UNAVAILABLE
IE_TRACE:                                 Starting var:.. data = b'\x00\x00\x00\x00'
IE_TRACE:                                 12:35:32.392750 call        84 SOURCE IS UNAVAILABLE
IE_TRACE:                                 12:35:32.392772 line        86 SOURCE IS UNAVAILABLE
IE_TRACE:                                 12:35:32.392789 line        87 SOURCE IS UNAVAILABLE
IE_TRACE:                                 12:35:32.392807 return      87 SOURCE IS UNAVAILABLE
IE_TRACE:                                 Return value:.. 0
IE_TRACE:                             New var:....... flags = 0
IE_TRACE:                             12:35:32.392829 line       693 SOURCE IS UNAVAILABLE
IE_TRACE:                             12:35:32.392855 line       696 SOURCE IS UNAVAILABLE
IE_TRACE:                             12:35:32.392877 return     696 SOURCE IS UNAVAILABLE
IE_TRACE:                             Return value:.. 0
IE_TRACE:                         New var:....... flags = 0
IE_TRACE:                         12:35:32.392904 line      1097 SOURCE IS UNAVAILABLE
IE_TRACE:                         New var:....... bytes_data = <memory at 0x76f56d338940>
IE_TRACE:                         12:35:32.392941 line      1098 SOURCE IS UNAVAILABLE
IE_TRACE:                         12:35:32.392978 line      1099 SOURCE IS UNAVAILABLE
IE_TRACE:                         12:35:32.393011 line      1112 SOURCE IS UNAVAILABLE
IE_TRACE:                         12:35:32.393042 line      1113 SOURCE IS UNAVAILABLE
IE_TRACE:                         12:35:32.393074 line      1114 SOURCE IS UNAVAILABLE
IE_TRACE:                         12:35:32.393105 line      1115 SOURCE IS UNAVAILABLE
IE_TRACE:                         12:35:32.393136 line      1116 SOURCE IS UNAVAILABLE
IE_TRACE:                         12:35:32.393168 line      1117 SOURCE IS UNAVAILABLE
IE_TRACE:                         12:35:32.393203 line      1112 SOURCE IS UNAVAILABLE
IE_TRACE:                             Starting var:.. data = bytes(len=1988)
IE_TRACE:                             Starting var:.. source_mtime = 1772540118
IE_TRACE:                             Starting var:.. source_size = 1015
IE_TRACE:                             Starting var:.. name = 'encodings.gbk'
IE_TRACE:                             Starting var:.. exc_details = {'name': 'encodings.gbk', 'path': '/usr/lib/python3.12/encodings/__pycache__/gbk.cpython-312.pyc'}
IE_TRACE:                             12:35:32.393238 call       699 SOURCE IS UNAVAILABLE
IE_TRACE:                             12:35:32.393279 line       718 SOURCE IS UNAVAILABLE
IE_TRACE:                                 Starting var:.. data = b'\xd6\xd0\xa6i'
IE_TRACE:                                 12:35:32.393302 call        84 SOURCE IS UNAVAILABLE
IE_TRACE:                                 12:35:32.393322 line        86 SOURCE IS UNAVAILABLE
IE_TRACE:                                 12:35:32.393338 line        87 SOURCE IS UNAVAILABLE
IE_TRACE:                                 12:35:32.393354 return      87 SOURCE IS UNAVAILABLE
IE_TRACE:                                 Return value:.. 1772540118
IE_TRACE:                             12:35:32.393376 line       722 SOURCE IS UNAVAILABLE
IE_TRACE:                             12:35:32.393397 line       723 SOURCE IS UNAVAILABLE
IE_TRACE:                                 Starting var:.. data = b'\xf7\x03\x00\x00'
IE_TRACE:                                 12:35:32.393419 call        84 SOURCE IS UNAVAILABLE
IE_TRACE:                                 12:35:32.393438 line        86 SOURCE IS UNAVAILABLE
IE_TRACE:                                 12:35:32.393454 line        87 SOURCE IS UNAVAILABLE
IE_TRACE:                                 12:35:32.393470 return      87 SOURCE IS UNAVAILABLE
IE_TRACE:                                 Return value:.. 1015
IE_TRACE:                             12:35:32.393491 return     723 SOURCE IS UNAVAILABLE
IE_TRACE:                             Return value:.. None
IE_TRACE:                         12:35:32.393518 line      1122 SOURCE IS UNAVAILABLE
IE_TRACE:                         12:35:32.393551 line      1123 SOURCE IS UNAVAILABLE
IE_TRACE:                         12:35:32.393582 line      1122 SOURCE IS UNAVAILABLE
IE_TRACE:                             Source path:... <frozen importlib._bootstrap>
IE_TRACE:                             Starting var:.. message = '{} matches {}'
IE_TRACE:                             Starting var:.. verbosity = 1
IE_TRACE:                             Starting var:.. args = ('/usr/lib/python3.12/encodings/__pycache__/gbk.cpython-312.pyc', '/usr/lib/python3.12/encodings/gbk.py')
IE_TRACE:                             12:35:32.393615 call       491 SOURCE IS UNAVAILABLE
IE_TRACE:                             12:35:32.393655 line       493 SOURCE IS UNAVAILABLE
IE_TRACE:                             12:35:32.393674 return     493 SOURCE IS UNAVAILABLE
IE_TRACE:                             Return value:.. None
IE_TRACE:                         Source path:... <frozen importlib._bootstrap_external>
IE_TRACE:                         12:35:32.393698 line      1124 SOURCE IS UNAVAILABLE
IE_TRACE:                         12:35:32.393734 line      1125 SOURCE IS UNAVAILABLE
IE_TRACE:                         12:35:32.393766 line      1126 SOURCE IS UNAVAILABLE
IE_TRACE:                         12:35:32.393797 line      1124 SOURCE IS UNAVAILABLE
IE_TRACE:                             Starting var:.. data = <memory at 0x76f56d338940>
IE_TRACE:                             Starting var:.. name = 'encodings.gbk'
IE_TRACE:                             Starting var:.. bytecode_path = '/usr/lib/python3.12/encodings/__pycache__/gbk.cpython-312.pyc'
IE_TRACE:                             Starting var:.. source_path = '/usr/lib/python3.12/encodings/gbk.py'
IE_TRACE:                             12:35:32.393831 call       751 SOURCE IS UNAVAILABLE
IE_TRACE:                             12:35:32.393866 line       753 SOURCE IS UNAVAILABLE
IE_TRACE:                             New var:....... code = <code object <module> at 0xa5b5280, file "/usr/lib/python3.12/encodings/gbk.py", line 1>
IE_TRACE:                             12:35:32.393903 line       754 SOURCE IS UNAVAILABLE
IE_TRACE:                             12:35:32.393930 line       755 SOURCE IS UNAVAILABLE
IE_TRACE:                                 Source path:... <frozen importlib._bootstrap>
IE_TRACE:                                 Starting var:.. message = 'code object from {!r}'
IE_TRACE:                                 Starting var:.. verbosity = 1
IE_TRACE:                                 Starting var:.. args = ('/usr/lib/python3.12/encodings/__pycache__/gbk.cpython-312.pyc',)
IE_TRACE:                                 12:35:32.393953 call       491 SOURCE IS UNAVAILABLE
IE_TRACE:                                 12:35:32.393986 line       493 SOURCE IS UNAVAILABLE
IE_TRACE:                                 12:35:32.394006 return     493 SOURCE IS UNAVAILABLE
IE_TRACE:                                 Return value:.. None
IE_TRACE:                             Source path:... <frozen importlib._bootstrap_external>
IE_TRACE:                             12:35:32.394029 line       756 SOURCE IS UNAVAILABLE
IE_TRACE:                             12:35:32.394054 line       757 SOURCE IS UNAVAILABLE
IE_TRACE:                             12:35:32.394075 line       758 SOURCE IS UNAVAILABLE
IE_TRACE:                             12:35:32.394095 return     758 SOURCE IS UNAVAILABLE
IE_TRACE:                             Return value:.. <code object <module> at 0xa5b5280, file "/usr/lib/python3.12/encodings/gbk.py", line 1>
IE_TRACE:                         12:35:32.394121 return    1124 SOURCE IS UNAVAILABLE
IE_TRACE:                         Return value:.. <code object <module> at 0xa5b5280, file "/usr/lib/python3.12/encodings/gbk.py", line 1>
IE_TRACE:                     New var:....... code = <code object <module> at 0xa5b5280, file "/usr/lib/python3.12/encodings/gbk.py", line 1>
IE_TRACE:                     12:35:32.394161 line       992 SOURCE IS UNAVAILABLE
IE_TRACE:                     12:35:32.394186 line       995 SOURCE IS UNAVAILABLE
IE_TRACE:                         Source path:... <frozen importlib._bootstrap>
IE_TRACE:                         Starting var:.. f = <built-in function exec>
IE_TRACE:                         Starting var:.. args = (<code object <module> at 0xa5b5280, file "/usr/lib/python3.12/encodings/gbk.py", line 1>, {'__name__': 'encodings.gbk', '__doc__': None, '__package__': 'encodings', '__loader__': <_frozen_importlib_external.SourceFileLoader object at 0x76f56d1ebb6...frozen_importlib_external.SourceFileLoader object at 0x76f56d1ebb60>, origin='/usr/lib/python3.12/encodings/gbk.py'), '__file__': '/usr/lib/python3.12/encodings/gbk.py', '__cached__': '/usr/lib/python3.12/encodings/__pycache__/gbk.cpython-312.pyc'})
IE_TRACE:                         Starting var:.. kwds = {}
IE_TRACE:                         12:35:32.394209 call       480 SOURCE IS UNAVAILABLE
IE_TRACE:                         12:35:32.394251 line       488 SOURCE IS UNAVAILABLE
IE_TRACE:                             Source path:... /usr/lib/python3.12/encodings/gbk.py
IE_TRACE:                             Starting var:.. __name__ = 'encodings.gbk'
IE_TRACE:                             Starting var:.. __doc__ = None
IE_TRACE:                             Starting var:.. __package__ = 'encodings'
IE_TRACE:                             Starting var:.. __loader__ = <_frozen_importlib_external.SourceFileLoader object at 0x76f56d1ebb60>
IE_TRACE:                             Starting var:.. __spec__ = ModuleSpec(name='encodings.gbk', loader=<_frozen_importlib_external.SourceFileLoader object at 0x76f56d1ebb60>, origin='/usr/lib/python3.12/encodings/gbk.py')
IE_TRACE:                             Starting var:.. __file__ = '/usr/lib/python3.12/encodings/gbk.py'
IE_TRACE:                             Starting var:.. __cached__ = '/usr/lib/python3.12/encodings/__pycache__/gbk.cpython-312.pyc'
IE_TRACE:                             Starting var:.. __builtins__ = dict(len=157)
IE_TRACE:                             12:35:32.394280 call         0     )
IE_TRACE:                             12:35:32.394730 line         7 import _codecs_cn, codecs
IE_TRACE:                                 Source path:... <frozen importlib._bootstrap>
IE_TRACE:                                 Starting var:.. name = '_codecs_cn'
IE_TRACE:                                 Starting var:.. import_ = <built-in function __import__>
IE_TRACE:                                 12:35:32.394769 call      1349 SOURCE IS UNAVAILABLE
IE_TRACE:                                 12:35:32.394804 line      1354 SOURCE IS UNAVAILABLE
IE_TRACE:                                 New var:....... module = <object object at 0x76f5704c0060>
IE_TRACE:                                 12:35:32.394824 line      1355 SOURCE IS UNAVAILABLE
IE_TRACE:                                 12:35:32.394848 line      1357 SOURCE IS UNAVAILABLE
IE_TRACE:                                     Starting var:.. self = <_frozen_importlib._ModuleLockManager object at 0x76f56d1ebd10>
IE_TRACE:                                     Starting var:.. name = '_codecs_cn'
IE_TRACE:                                     12:35:32.394868 call       412 SOURCE IS UNAVAILABLE
IE_TRACE:                                     12:35:32.394893 line       413 SOURCE IS UNAVAILABLE
IE_TRACE:                                     12:35:32.394911 line       414 SOURCE IS UNAVAILABLE
IE_TRACE:                                     12:35:32.394929 return     414 SOURCE IS UNAVAILABLE
IE_TRACE:                                     Return value:.. None
IE_TRACE:                                     Starting var:.. self = <_frozen_importlib._ModuleLockManager object at 0x76f56d1ebd10>
IE_TRACE:                                     12:35:32.394954 call       416 SOURCE IS UNAVAILABLE
IE_TRACE:                                     12:35:32.394974 line       417 SOURCE IS UNAVAILABLE
IE_TRACE:                                     12:35:32.395010 line       418 SOURCE IS UNAVAILABLE
IE_TRACE:                                     12:35:32.395086 return     418 SOURCE IS UNAVAILABLE
IE_TRACE:                                     Return value:.. None
IE_TRACE:                                 12:35:32.395109 line      1358 SOURCE IS UNAVAILABLE
IE_TRACE:                                 12:35:32.395129 line      1359 SOURCE IS UNAVAILABLE
IE_TRACE:                                 12:35:32.395148 line      1360 SOURCE IS UNAVAILABLE
IE_TRACE:                                     Starting var:.. name = '_codecs_cn'
IE_TRACE:                                     Starting var:.. import_ = <built-in function __import__>
IE_TRACE:                                     12:35:32.395168 call      1304 SOURCE IS UNAVAILABLE
IE_TRACE:                                     12:35:32.395195 line      1305 SOURCE IS UNAVAILABLE
IE_TRACE:                                     New var:....... path = None
IE_TRACE:                                     12:35:32.395219 line      1306 SOURCE IS UNAVAILABLE
IE_TRACE:                                     New var:....... parent = ''
IE_TRACE:                                     12:35:32.395244 line      1307 SOURCE IS UNAVAILABLE
IE_TRACE:                                     New var:....... parent_spec = None
IE_TRACE:                                     12:35:32.395270 line      1308 SOURCE IS UNAVAILABLE
IE_TRACE:                                     12:35:32.395297 line      1322 SOURCE IS UNAVAILABLE
IE_TRACE:                                     New var:....... spec = ModuleSpec(name='_codecs_cn', loader=<_frozen_importlib_external.ExtensionFileLoader object at 0x76f56d1f4170>, origin='/usr/lib/python3.12/lib-dynload/_codecs_cn.cpython-312-x86_64-linux-gnu.so')
IE_TRACE:                                     12:35:32.395876 line      1323 SOURCE IS UNAVAILABLE
IE_TRACE:                                     12:35:32.395915 line      1326 SOURCE IS UNAVAILABLE
IE_TRACE:                                     12:35:32.395942 line      1330 SOURCE IS UNAVAILABLE
IE_TRACE:                                     12:35:32.395967 line      1331 SOURCE IS UNAVAILABLE
IE_TRACE:                                     New var:....... module = <module '_codecs_cn' from '/usr/lib/python3.12/lib-dynload/_codecs_cn.cpython-312-x86_64-linux-gnu.so'>
IE_TRACE:                                     12:35:32.396712 line      1333 SOURCE IS UNAVAILABLE
IE_TRACE:                                     12:35:32.396784 line      1335 SOURCE IS UNAVAILABLE
IE_TRACE:                                     12:35:32.396820 line      1343 SOURCE IS UNAVAILABLE
IE_TRACE:                                     12:35:32.396849 return    1343 SOURCE IS UNAVAILABLE
IE_TRACE:                                     Return value:.. <module '_codecs_cn' from '/usr/lib/python3.12/lib-dynload/_codecs_cn.cpython-312-x86_64-linux-gnu.so'>
IE_TRACE:                                 12:35:32.396885 line      1357 SOURCE IS UNAVAILABLE
IE_TRACE:                                     Starting var:.. self = <_frozen_importlib._ModuleLockManager object at 0x76f56d1ebd10>
IE_TRACE:                                     Starting var:.. args = (None, None, None)
IE_TRACE:                                     Starting var:.. kwargs = {}
IE_TRACE:                                     12:35:32.396909 call       420 SOURCE IS UNAVAILABLE
IE_TRACE:                                     12:35:32.396943 line       421 SOURCE IS UNAVAILABLE
IE_TRACE:                                     12:35:32.396978 return     421 SOURCE IS UNAVAILABLE
IE_TRACE:                                     Return value:.. None
IE_TRACE:                                     Starting var:.. ref = <weakref at 0x76f56d1eea20; dead>
IE_TRACE:                                     Starting var:.. name = '_codecs_cn'
IE_TRACE:                                     12:35:32.397007 call       445 SOURCE IS UNAVAILABLE
IE_TRACE:                                     12:35:32.397036 line       446 SOURCE IS UNAVAILABLE
IE_TRACE:                                     12:35:32.397055 line       447 SOURCE IS UNAVAILABLE
IE_TRACE:                                     12:35:32.397073 line       451 SOURCE IS UNAVAILABLE
IE_TRACE:                                     12:35:32.397091 line       452 SOURCE IS UNAVAILABLE
IE_TRACE:                                     12:35:32.397108 line       454 SOURCE IS UNAVAILABLE
IE_TRACE:                                     12:35:32.397125 return     454 SOURCE IS UNAVAILABLE
IE_TRACE:                                     Return value:.. None
IE_TRACE:                                 12:35:32.397149 return    1357 SOURCE IS UNAVAILABLE
IE_TRACE:                                 Return value:.. <module '_codecs_cn' from '/usr/lib/python3.12/lib-dynload/_codecs_cn.cpython-312-x86_64-linux-gnu.so'>
IE_TRACE:                             Source path:... /usr/lib/python3.12/encodings/gbk.py
IE_TRACE:                             New var:....... _codecs_cn = <module '_codecs_cn' from '/usr/lib/python3.12/lib-dynload/_codecs_cn.cpython-312-x86_64-linux-gnu.so'>
IE_TRACE:                             New var:....... codecs = <module 'codecs' (frozen)>
IE_TRACE:                             12:35:32.397179 line         8 import _multibytecodec as mbc
IE_TRACE:                                 Source path:... <frozen importlib._bootstrap>
IE_TRACE:                                 Starting var:.. name = '_multibytecodec'
IE_TRACE:                                 Starting var:.. import_ = <built-in function __import__>
IE_TRACE:                                 12:35:32.397236 call      1349 SOURCE IS UNAVAILABLE
IE_TRACE:                                 12:35:32.397267 line      1354 SOURCE IS UNAVAILABLE
IE_TRACE:                                 New var:....... module = <object object at 0x76f5704c0060>
IE_TRACE:                                 12:35:32.397286 line      1355 SOURCE IS UNAVAILABLE
IE_TRACE:                                 12:35:32.397309 line      1357 SOURCE IS UNAVAILABLE
IE_TRACE:                                     Starting var:.. self = <_frozen_importlib._ModuleLockManager object at 0x76f56d3cbfb0>
IE_TRACE:                                     Starting var:.. name = '_multibytecodec'
IE_TRACE:                                     12:35:32.397329 call       412 SOURCE IS UNAVAILABLE
IE_TRACE:                                     12:35:32.397355 line       413 SOURCE IS UNAVAILABLE
IE_TRACE:                                     12:35:32.397374 line       414 SOURCE IS UNAVAILABLE
IE_TRACE:                                     12:35:32.397392 return     414 SOURCE IS UNAVAILABLE
IE_TRACE:                                     Return value:.. None
IE_TRACE:                                     Starting var:.. self = <_frozen_importlib._ModuleLockManager object at 0x76f56d3cbfb0>
IE_TRACE:                                     12:35:32.397415 call       416 SOURCE IS UNAVAILABLE
IE_TRACE:                                     12:35:32.397436 line       417 SOURCE IS UNAVAILABLE
IE_TRACE:                                     12:35:32.397471 line       418 SOURCE IS UNAVAILABLE
IE_TRACE:                                     12:35:32.397547 return     418 SOURCE IS UNAVAILABLE
IE_TRACE:                                     Return value:.. None
IE_TRACE:                                 12:35:32.397570 line      1358 SOURCE IS UNAVAILABLE
IE_TRACE:                                 12:35:32.397591 line      1359 SOURCE IS UNAVAILABLE
IE_TRACE:                                 12:35:32.397611 line      1360 SOURCE IS UNAVAILABLE
IE_TRACE:                                     Starting var:.. name = '_multibytecodec'
IE_TRACE:                                     Starting var:.. import_ = <built-in function __import__>
IE_TRACE:                                     12:35:32.397630 call      1304 SOURCE IS UNAVAILABLE
IE_TRACE:                                     12:35:32.397656 line      1305 SOURCE IS UNAVAILABLE
IE_TRACE:                                     New var:....... path = None
IE_TRACE:                                     12:35:32.397676 line      1306 SOURCE IS UNAVAILABLE
IE_TRACE:                                     New var:....... parent = ''
IE_TRACE:                                     12:35:32.397700 line      1307 SOURCE IS UNAVAILABLE
IE_TRACE:                                     New var:....... parent_spec = None
IE_TRACE:                                     12:35:32.397725 line      1308 SOURCE IS UNAVAILABLE
IE_TRACE:                                     12:35:32.397752 line      1322 SOURCE IS UNAVAILABLE
IE_TRACE:                                     New var:....... spec = ModuleSpec(name='_multibytecodec', loader=<_frozen_importlib_external.ExtensionFileLoader object at 0x76f56d1f44a0>, origin='/usr/lib/python3.12/lib-dynload/_multibytecodec.cpython-312-x86_64-linux-gnu.so')
IE_TRACE:                                     12:35:32.398334 line      1323 SOURCE IS UNAVAILABLE
IE_TRACE:                                     12:35:32.398370 line      1326 SOURCE IS UNAVAILABLE
IE_TRACE:                                     12:35:32.398396 line      1330 SOURCE IS UNAVAILABLE
IE_TRACE:                                     12:35:32.398421 line      1331 SOURCE IS UNAVAILABLE
IE_TRACE:                                     New var:....... module = <module '_multibytecodec' from '/usr/lib/python3.12/lib-dynload/_multibytecodec.cpython-312-x86_64-linux-gnu.so'>
IE_TRACE:                                     12:35:32.399107 line      1333 SOURCE IS UNAVAILABLE
IE_TRACE:                                     12:35:32.399179 line      1335 SOURCE IS UNAVAILABLE
IE_TRACE:                                     12:35:32.399219 line      1343 SOURCE IS UNAVAILABLE
IE_TRACE:                                     12:35:32.399248 return    1343 SOURCE IS UNAVAILABLE
IE_TRACE:                                     Return value:.. <module '_multibytecodec' from '/usr/lib/python3.12/lib-dynload/_multibytecodec.cpython-312-x86_64-linux-gnu.so'>
IE_TRACE:                                 12:35:32.399285 line      1357 SOURCE IS UNAVAILABLE
IE_TRACE:                                     Starting var:.. self = <_frozen_importlib._ModuleLockManager object at 0x76f56d3cbfb0>
IE_TRACE:                                     Starting var:.. args = (None, None, None)
IE_TRACE:                                     Starting var:.. kwargs = {}
IE_TRACE:                                     12:35:32.399307 call       420 SOURCE IS UNAVAILABLE
IE_TRACE:                                     12:35:32.399342 line       421 SOURCE IS UNAVAILABLE
IE_TRACE:                                     12:35:32.399372 return     421 SOURCE IS UNAVAILABLE
IE_TRACE:                                     Return value:.. None
IE_TRACE:                                     Starting var:.. ref = <weakref at 0x76f56d1ef1f0; dead>
IE_TRACE:                                     Starting var:.. name = '_multibytecodec'
IE_TRACE:                                     12:35:32.399399 call       445 SOURCE IS UNAVAILABLE
IE_TRACE:                                     12:35:32.399427 line       446 SOURCE IS UNAVAILABLE
IE_TRACE:                                     12:35:32.399445 line       447 SOURCE IS UNAVAILABLE
IE_TRACE:                                     12:35:32.399463 line       451 SOURCE IS UNAVAILABLE
IE_TRACE:                                     12:35:32.399480 line       452 SOURCE IS UNAVAILABLE
IE_TRACE:                                     12:35:32.399497 line       454 SOURCE IS UNAVAILABLE
IE_TRACE:                                     12:35:32.399514 return     454 SOURCE IS UNAVAILABLE
IE_TRACE:                                     Return value:.. None
IE_TRACE:                                 12:35:32.399537 return    1357 SOURCE IS UNAVAILABLE
IE_TRACE:                                 Return value:.. <module '_multibytecodec' from '/usr/lib/python3.12/lib-dynload/_multibytecodec.cpython-312-x86_64-linux-gnu.so'>
IE_TRACE:                             Source path:... /usr/lib/python3.12/encodings/gbk.py
IE_TRACE:                             New var:....... mbc = <module '_multibytecodec' from '/usr/lib/python3.12/lib-dynload/_multibytecodec.cpython-312-x86_64-linux-gnu.so'>
IE_TRACE:                             12:35:32.399568 line        10 codec = _codecs_cn.getcodec('gbk')
IE_TRACE:                             New var:....... codec = <_multibytecodec.MultibyteCodec object at 0x76f56d1ebfa0>
IE_TRACE:                             12:35:32.399620 line        12 class Codec(codecs.Codec):
IE_TRACE:                                 12:35:32.399663 call        12 class Codec(codecs.Codec):
IE_TRACE:                                 12:35:32.399680 line        12 class Codec(codecs.Codec):
IE_TRACE:                                 New var:....... __module__ = 'encodings.gbk'
IE_TRACE:                                 New var:....... __qualname__ = 'Codec'
IE_TRACE:                                 12:35:32.399696 line        13     encode = codec.encode
IE_TRACE:                                 New var:....... encode = <built-in method encode of _multibytecodec.MultibyteCodec object at 0x76f56d1ebfa0>
IE_TRACE:                                 12:35:32.399721 line        14     decode = codec.decode
IE_TRACE:                                 New var:....... decode = <built-in method decode of _multibytecodec.MultibyteCodec object at 0x76f56d1ebfa0>
IE_TRACE:                                 12:35:32.399743 return      14     decode = codec.decode
IE_TRACE:                                 Return value:.. None
IE_TRACE:                             New var:....... Codec = <class 'encodings.gbk.Codec'>
IE_TRACE:                             12:35:32.399786 line        16 class IncrementalEncoder(mbc.MultibyteIncrementalEncoder,
IE_TRACE:                             12:35:32.399827 line        17                          codecs.IncrementalEncoder):
IE_TRACE:                             12:35:32.399862 line        16 class IncrementalEncoder(mbc.MultibyteIncrementalEncoder,
IE_TRACE:                                 12:35:32.399896 call        16 class IncrementalEncoder(mbc.MultibyteIncrementalEncoder,
IE_TRACE:                                 12:35:32.399912 line        16 class IncrementalEncoder(mbc.MultibyteIncrementalEncoder,
IE_TRACE:                                 New var:....... __module__ = 'encodings.gbk'
IE_TRACE:                                 New var:....... __qualname__ = 'IncrementalEncoder'
IE_TRACE:                                 12:35:32.399926 line        18     codec = codec
IE_TRACE:                                 New var:....... codec = <_multibytecodec.MultibyteCodec object at 0x76f56d1ebfa0>
IE_TRACE:                                 12:35:32.399950 return      18     codec = codec
IE_TRACE:                                 Return value:.. None
IE_TRACE:                             New var:....... IncrementalEncoder = <class 'encodings.gbk.IncrementalEncoder'>
IE_TRACE:                             12:35:32.399990 line        20 class IncrementalDecoder(mbc.MultibyteIncrementalDecoder,
IE_TRACE:                             12:35:32.400032 line        21                          codecs.IncrementalDecoder):
IE_TRACE:                             12:35:32.400066 line        20 class IncrementalDecoder(mbc.MultibyteIncrementalDecoder,
IE_TRACE:                                 12:35:32.400100 call        20 class IncrementalDecoder(mbc.MultibyteIncrementalDecoder,
IE_TRACE:                                 12:35:32.400115 line        20 class IncrementalDecoder(mbc.MultibyteIncrementalDecoder,
IE_TRACE:                                 New var:....... __module__ = 'encodings.gbk'
IE_TRACE:                                 New var:....... __qualname__ = 'IncrementalDecoder'
IE_TRACE:                                 12:35:32.400129 line        22     codec = codec
IE_TRACE:                                 New var:....... codec = <_multibytecodec.MultibyteCodec object at 0x76f56d1ebfa0>
IE_TRACE:                                 12:35:32.400153 return      22     codec = codec
IE_TRACE:                                 Return value:.. None
IE_TRACE:                             New var:....... IncrementalDecoder = <class 'encodings.gbk.IncrementalDecoder'>
IE_TRACE:                             12:35:32.400188 line        24 class StreamReader(Codec, mbc.MultibyteStreamReader, codecs.StreamReader):
IE_TRACE:                                 12:35:32.400235 call        24 class StreamReader(Codec, mbc.MultibyteStreamReader, codecs.StreamReader):
IE_TRACE:                                 12:35:32.400250 line        24 class StreamReader(Codec, mbc.MultibyteStreamReader, codecs.StreamReader):
IE_TRACE:                                 New var:....... __module__ = 'encodings.gbk'
IE_TRACE:                                 New var:....... __qualname__ = 'StreamReader'
IE_TRACE:                                 12:35:32.400264 line        25     codec = codec
IE_TRACE:                                 New var:....... codec = <_multibytecodec.MultibyteCodec object at 0x76f56d1ebfa0>
IE_TRACE:                                 12:35:32.400286 return      25     codec = codec
IE_TRACE:                                 Return value:.. None
IE_TRACE:                             New var:....... StreamReader = <class 'encodings.gbk.StreamReader'>
IE_TRACE:                             12:35:32.400328 line        27 class StreamWriter(Codec, mbc.MultibyteStreamWriter, codecs.StreamWriter):
IE_TRACE:                                 12:35:32.400371 call        27 class StreamWriter(Codec, mbc.MultibyteStreamWriter, codecs.StreamWriter):
IE_TRACE:                                 12:35:32.400386 line        27 class StreamWriter(Codec, mbc.MultibyteStreamWriter, codecs.StreamWriter):
IE_TRACE:                                 New var:....... __module__ = 'encodings.gbk'
IE_TRACE:                                 New var:....... __qualname__ = 'StreamWriter'
IE_TRACE:                                 12:35:32.400400 line        28     codec = codec
IE_TRACE:                                 New var:....... codec = <_multibytecodec.MultibyteCodec object at 0x76f56d1ebfa0>
IE_TRACE:                                 12:35:32.400424 return      28     codec = codec
IE_TRACE:                                 Return value:.. None
IE_TRACE:                             New var:....... StreamWriter = <class 'encodings.gbk.StreamWriter'>
IE_TRACE:                             12:35:32.400463 line        30 def getregentry():
IE_TRACE:                             New var:....... getregentry = <function getregentry at 0x76f56d3d8b80>
IE_TRACE:                             12:35:32.400505 return      30 def getregentry():
IE_TRACE:                             Return value:.. None
IE_TRACE:                         Source path:... <frozen importlib._bootstrap>
IE_TRACE:                         Modified var:.. args = (<code object <module> at 0xa5b5280, file "/usr/lib/python3.12/encodings/gbk.py", line 1>, {'__name__': 'encodings.gbk', '__doc__': None, '__package__': 'encodings', '__loader__': <_frozen_importlib_external.SourceFileLoader object at 0x76f56d1ebb6...ementalEncoder'>, 'IncrementalDecoder': <class 'encodings.gbk.IncrementalDecoder'>, 'StreamReader': <class 'encodings.gbk.StreamReader'>, 'StreamWriter': <class 'encodings.gbk.StreamWriter'>, 'getregentry': <function getregentry at 0x76f56d3d8b80>})
IE_TRACE:                         12:35:32.400554 return     488 SOURCE IS UNAVAILABLE
IE_TRACE:                         Return value:.. None
IE_TRACE:                     Source path:... <frozen importlib._bootstrap_external>
IE_TRACE:                     12:35:32.400760 return     995 SOURCE IS UNAVAILABLE
IE_TRACE:                     Return value:.. None
IE_TRACE:                 Source path:... <frozen importlib._bootstrap>
IE_TRACE:                 12:35:32.400796 line       946 SOURCE IS UNAVAILABLE
IE_TRACE:                 12:35:32.400821 line       947 SOURCE IS UNAVAILABLE
IE_TRACE:                 12:35:32.400840 line       948 SOURCE IS UNAVAILABLE
IE_TRACE:                     Starting var:.. message = 'import {!r} # {!r}'
IE_TRACE:                     Starting var:.. verbosity = 1
IE_TRACE:                     Starting var:.. args = ('encodings.gbk', <_frozen_importlib_external.SourceFileLoader object at 0x76f56d1ebb60>)
IE_TRACE:                     12:35:32.400859 call       491 SOURCE IS UNAVAILABLE
IE_TRACE:                     12:35:32.400892 line       493 SOURCE IS UNAVAILABLE
IE_TRACE:                     12:35:32.400910 return     493 SOURCE IS UNAVAILABLE
IE_TRACE:                     Return value:.. None
IE_TRACE:                 12:35:32.400933 line       950 SOURCE IS UNAVAILABLE
IE_TRACE:                 12:35:32.400951 line       952 SOURCE IS UNAVAILABLE
IE_TRACE:                 12:35:32.400968 return     952 SOURCE IS UNAVAILABLE
IE_TRACE:                 Return value:.. <module 'encodings.gbk' from '/usr/lib/python3.12/encodings/gbk.py'>
IE_TRACE:             New var:....... module = <module 'encodings.gbk' from '/usr/lib/python3.12/encodings/gbk.py'>
IE_TRACE:             12:35:32.400992 line      1333 SOURCE IS UNAVAILABLE
IE_TRACE:             12:35:32.401027 line      1334 SOURCE IS UNAVAILABLE
IE_TRACE:             12:35:32.401056 line      1335 SOURCE IS UNAVAILABLE
IE_TRACE:             12:35:32.401083 line      1337 SOURCE IS UNAVAILABLE
IE_TRACE:             12:35:32.401109 line      1338 SOURCE IS UNAVAILABLE
IE_TRACE:             12:35:32.401135 line      1339 SOURCE IS UNAVAILABLE
IE_TRACE:             12:35:32.401161 line      1343 SOURCE IS UNAVAILABLE
IE_TRACE:             12:35:32.401186 return    1343 SOURCE IS UNAVAILABLE
IE_TRACE:             Return value:.. <module 'encodings.gbk' from '/usr/lib/python3.12/encodings/gbk.py'>
IE_TRACE:         12:35:32.401222 line      1357 SOURCE IS UNAVAILABLE
IE_TRACE:             Starting var:.. self = <_frozen_importlib._ModuleLockManager object at 0x76f56d1e89e0>
IE_TRACE:             Starting var:.. args = (None, None, None)
IE_TRACE:             Starting var:.. kwargs = {}
IE_TRACE:             12:35:32.401239 call       420 SOURCE IS UNAVAILABLE
IE_TRACE:             12:35:32.401265 line       421 SOURCE IS UNAVAILABLE
IE_TRACE:                 Starting var:.. self = _ModuleLock('encodings.gbk') at 130796469784256
IE_TRACE:                 12:35:32.401282 call       372 SOURCE IS UNAVAILABLE
IE_TRACE:                 12:35:32.401304 line       373 SOURCE IS UNAVAILABLE
IE_TRACE:                 New var:....... tid = 130796523647104
IE_TRACE:                 12:35:32.401317 line       374 SOURCE IS UNAVAILABLE
IE_TRACE:                 12:35:32.401335 line       375 SOURCE IS UNAVAILABLE
IE_TRACE:                 12:35:32.401349 line       377 SOURCE IS UNAVAILABLE
IE_TRACE:                 12:35:32.401363 line       378 SOURCE IS UNAVAILABLE
IE_TRACE:                 12:35:32.401377 line       379 SOURCE IS UNAVAILABLE
IE_TRACE:                 12:35:32.401390 line       380 SOURCE IS UNAVAILABLE
IE_TRACE:                 12:35:32.401404 line       381 SOURCE IS UNAVAILABLE
IE_TRACE:                 12:35:32.401417 line       374 SOURCE IS UNAVAILABLE
IE_TRACE:                 12:35:32.401431 return     374 SOURCE IS UNAVAILABLE
IE_TRACE:                 Return value:.. None
IE_TRACE:             12:35:32.401452 return     421 SOURCE IS UNAVAILABLE
IE_TRACE:             Return value:.. None
IE_TRACE:             Starting var:.. ref = <weakref at 0x76f56d1ec400; dead>
IE_TRACE:             Starting var:.. name = 'encodings.gbk'
IE_TRACE:             12:35:32.401475 call       445 SOURCE IS UNAVAILABLE
IE_TRACE:             12:35:32.401501 line       446 SOURCE IS UNAVAILABLE
IE_TRACE:             12:35:32.401516 line       447 SOURCE IS UNAVAILABLE
IE_TRACE:             12:35:32.401530 line       451 SOURCE IS UNAVAILABLE
IE_TRACE:             12:35:32.401543 line       452 SOURCE IS UNAVAILABLE
IE_TRACE:             12:35:32.401556 line       454 SOURCE IS UNAVAILABLE
IE_TRACE:             12:35:32.401570 return     454 SOURCE IS UNAVAILABLE
IE_TRACE:             Return value:.. None
IE_TRACE:         12:35:32.401589 return    1357 SOURCE IS UNAVAILABLE
IE_TRACE:         Return value:.. <module 'encodings.gbk' from '/usr/lib/python3.12/encodings/gbk.py'>
IE_TRACE:     Source path:... /usr/lib/python3.12/encodings/__init__.py
IE_TRACE:     New var:....... mod = <module 'encodings.gbk' from '/usr/lib/python3.12/encodings/gbk.py'>
IE_TRACE:     12:35:32.401612 line       106             break
IE_TRACE:     12:35:32.401645 line       110     try:
IE_TRACE:     12:35:32.401665 line       111         getregentry = mod.getregentry
IE_TRACE:     New var:....... getregentry = <function getregentry at 0x76f56d3d8b80>
IE_TRACE:     12:35:32.401685 line       116     if mod is None:
IE_TRACE:     12:35:32.401710 line       122     entry = getregentry()
IE_TRACE:         Source path:... /usr/lib/python3.12/encodings/gbk.py
IE_TRACE:         12:35:32.401732 call        30 def getregentry():
IE_TRACE:         12:35:32.401748 line        31     return codecs.CodecInfo(
IE_TRACE:         12:35:32.401759 line        32         name='gbk',
IE_TRACE:         12:35:32.401769 line        33         encode=Codec().encode,
IE_TRACE:         12:35:32.401780 line        34         decode=Codec().decode,
IE_TRACE:         12:35:32.401790 line        35         incrementalencoder=IncrementalEncoder,
IE_TRACE:         12:35:32.401800 line        36         incrementaldecoder=IncrementalDecoder,
IE_TRACE:         12:35:32.401809 line        37         streamreader=StreamReader,
IE_TRACE:         12:35:32.401819 line        38         streamwriter=StreamWriter,
IE_TRACE:         12:35:32.401829 line        31     return codecs.CodecInfo(
IE_TRACE:             Source path:... <frozen codecs>
IE_TRACE:             Starting var:.. cls = <class 'codecs.CodecInfo'>
IE_TRACE:             Starting var:.. encode = <built-in method encode of _multibytecodec.MultibyteCodec object at 0x76f56d1ebfa0>
IE_TRACE:             Starting var:.. decode = <built-in method decode of _multibytecodec.MultibyteCodec object at 0x76f56d1ebfa0>
IE_TRACE:             Starting var:.. streamreader = <class 'encodings.gbk.StreamReader'>
IE_TRACE:             Starting var:.. streamwriter = <class 'encodings.gbk.StreamWriter'>
IE_TRACE:             Starting var:.. incrementalencoder = <class 'encodings.gbk.IncrementalEncoder'>
IE_TRACE:             Starting var:.. incrementaldecoder = <class 'encodings.gbk.IncrementalDecoder'>
IE_TRACE:             Starting var:.. name = 'gbk'
IE_TRACE:             Starting var:.. _is_text_encoding = None
IE_TRACE:             12:35:32.401843 call        94 SOURCE IS UNAVAILABLE
IE_TRACE:             12:35:32.401918 line        97 SOURCE IS UNAVAILABLE
IE_TRACE:             New var:....... self = REPR FAILED
IE_TRACE:             12:35:32.401944 line        98 SOURCE IS UNAVAILABLE
IE_TRACE:             Modified var:.. self = <codecs.CodecInfo object for encoding gbk at 0x76f56d1e5730>
IE_TRACE:             12:35:32.401978 line        99 SOURCE IS UNAVAILABLE
IE_TRACE:             12:35:32.402010 line       100 SOURCE IS UNAVAILABLE
IE_TRACE:             12:35:32.402034 line       101 SOURCE IS UNAVAILABLE
IE_TRACE:             12:35:32.402058 line       102 SOURCE IS UNAVAILABLE
IE_TRACE:             12:35:32.402082 line       103 SOURCE IS UNAVAILABLE
IE_TRACE:             12:35:32.402105 line       104 SOURCE IS UNAVAILABLE
IE_TRACE:             12:35:32.402128 line       105 SOURCE IS UNAVAILABLE
IE_TRACE:             12:35:32.402151 line       107 SOURCE IS UNAVAILABLE
IE_TRACE:             12:35:32.402174 return     107 SOURCE IS UNAVAILABLE
IE_TRACE:             Return value:.. <codecs.CodecInfo object for encoding gbk at 0x76f56d1e5730>
IE_TRACE:         Source path:... /usr/lib/python3.12/encodings/gbk.py
IE_TRACE:         12:35:32.402208 return      31     return codecs.CodecInfo(
IE_TRACE:         Return value:.. <codecs.CodecInfo object for encoding gbk at 0x76f56d1e5730>
IE_TRACE:     Source path:... /usr/lib/python3.12/encodings/__init__.py
IE_TRACE:     Modified var:.. entry = <codecs.CodecInfo object for encoding gbk at 0x76f56d1e5730>
IE_TRACE:     12:35:32.402230 line       123     if not isinstance(entry, codecs.CodecInfo):
IE_TRACE:     12:35:32.402262 line       139     _cache[encoding] = entry
IE_TRACE:     12:35:32.402284 line       143     try:
IE_TRACE:     12:35:32.402306 line       144         codecaliases = mod.getaliases()
IE_TRACE:     12:35:32.402329 exception  144         codecaliases = mod.getaliases()
IE_TRACE:     Exception:..... AttributeError: module 'encodings.gbk' has no attribute 'getaliases'
IE_TRACE:     12:35:32.402645 line       145     except AttributeError:
IE_TRACE:     12:35:32.402673 line       146         pass
IE_TRACE:     12:35:32.402697 line       153     return entry
IE_TRACE:     12:35:32.402719 return     153     return entry
IE_TRACE:     Return value:.. <codecs.CodecInfo object for encoding gbk at 0x76f56d1e5730>
IE_TRACE: Source path:... /path/to/BugsInPy/workspace/scrapy/tests/test_responsetypes.py
IE_TRACE: 12:35:32.402748 line        32             (u'attachment;filename=دورهdata.html'.encode('cp720'), HtmlResponse),
IE_TRACE:     Source path:... /usr/lib/python3.12/encodings/__init__.py
IE_TRACE:     Starting var:.. encoding = 'cp720'
IE_TRACE:     12:35:32.402773 call        71 def search_function(encoding):
IE_TRACE:     12:35:32.402796 line        74     entry = _cache.get(encoding, _unknown)
IE_TRACE:     New var:....... entry = '--unknown--'
IE_TRACE:     12:35:32.402810 line        75     if entry is not _unknown:
IE_TRACE:     12:35:32.402828 line        85     norm_encoding = normalize_encoding(encoding)
IE_TRACE:         Starting var:.. encoding = 'cp720'
IE_TRACE:         12:35:32.402844 call        43 def normalize_encoding(encoding):
IE_TRACE:         12:35:32.402861 line        55     if isinstance(encoding, bytes):
IE_TRACE:         12:35:32.402874 line        58     chars = []
IE_TRACE:         New var:....... chars = []
IE_TRACE:         12:35:32.402887 line        59     punct = False
IE_TRACE:         New var:....... punct = False
IE_TRACE:         12:35:32.402904 line        60     for c in encoding:
IE_TRACE:         New var:....... c = 'c'
IE_TRACE:         12:35:32.402923 line        61         if c.isalnum() or c == '.':
IE_TRACE:         12:35:32.402943 line        62             if punct and chars:
IE_TRACE:         12:35:32.402958 line        64             if c.isascii():
IE_TRACE:         12:35:32.402973 line        65                 chars.append(c)
IE_TRACE:         Modified var:.. chars = ['c']
IE_TRACE:         12:35:32.402988 line        66             punct = False
IE_TRACE:         12:35:32.403006 line        60     for c in encoding:
IE_TRACE:         Modified var:.. c = 'p'
IE_TRACE:         12:35:32.403021 line        61         if c.isalnum() or c == '.':
IE_TRACE:         12:35:32.403039 line        62             if punct and chars:
IE_TRACE:         12:35:32.403053 line        64             if c.isascii():
IE_TRACE:         12:35:32.403068 line        65                 chars.append(c)
IE_TRACE:         Modified var:.. chars = ['c', 'p']
IE_TRACE:         12:35:32.403082 line        66             punct = False
IE_TRACE:         12:35:32.403100 line        60     for c in encoding:
IE_TRACE:         Modified var:.. c = '7'
IE_TRACE:         12:35:32.403115 line        61         if c.isalnum() or c == '.':
IE_TRACE:         12:35:32.403133 line        62             if punct and chars:
IE_TRACE:         12:35:32.403148 line        64             if c.isascii():
IE_TRACE:         12:35:32.403162 line        65                 chars.append(c)
IE_TRACE:         Modified var:.. chars = ['c', 'p', '7']
IE_TRACE:         12:35:32.403176 line        66             punct = False
IE_TRACE:         12:35:32.403195 line        60     for c in encoding:
IE_TRACE:         Modified var:.. c = '2'
IE_TRACE:         12:35:32.403228 line        61         if c.isalnum() or c == '.':
IE_TRACE:         12:35:32.403246 line        62             if punct and chars:
IE_TRACE:         12:35:32.403260 line        64             if c.isascii():
IE_TRACE:         12:35:32.403275 line        65                 chars.append(c)
IE_TRACE:         Modified var:.. chars = ['c', 'p', '7', '2']
IE_TRACE:         12:35:32.403289 line        66             punct = False
IE_TRACE:         12:35:32.403307 line        60     for c in encoding:
IE_TRACE:         Modified var:.. c = '0'
IE_TRACE:         12:35:32.403321 line        61         if c.isalnum() or c == '.':
IE_TRACE:         12:35:32.403339 line        62             if punct and chars:
IE_TRACE:         12:35:32.403353 line        64             if c.isascii():
IE_TRACE:         12:35:32.403367 line        65                 chars.append(c)
IE_TRACE:         Modified var:.. chars = ['c', 'p', '7', '2', '0']
IE_TRACE:         12:35:32.403382 line        66             punct = False
IE_TRACE:         12:35:32.403400 line        60     for c in encoding:
IE_TRACE:         12:35:32.403414 line        69     return ''.join(chars)
IE_TRACE:         12:35:32.403429 return      69     return ''.join(chars)
IE_TRACE:         Return value:.. 'cp720'
IE_TRACE:     New var:....... norm_encoding = 'cp720'
IE_TRACE:     12:35:32.403450 line        86     aliased_encoding = _aliases.get(norm_encoding) or \
IE_TRACE:     12:35:32.403470 line        87                        _aliases.get(norm_encoding.replace('.', '_'))
IE_TRACE:     12:35:32.403486 line        86     aliased_encoding = _aliases.get(norm_encoding) or \
IE_TRACE:     New var:....... aliased_encoding = None
IE_TRACE:     12:35:32.403500 line        88     if aliased_encoding is not None:
IE_TRACE:     12:35:32.403520 line        92         modnames = [norm_encoding]
IE_TRACE:     New var:....... modnames = ['cp720']
IE_TRACE:     12:35:32.403535 line        93     for modname in modnames:
IE_TRACE:     New var:....... modname = 'cp720'
IE_TRACE:     12:35:32.403556 line        94         if not modname or '.' in modname:
IE_TRACE:     12:35:32.403578 line        96         try:
IE_TRACE:     12:35:32.403596 line        99             mod = __import__('encodings.' + modname, fromlist=_import_tail,
IE_TRACE:     12:35:32.403613 line       100                              level=0)
IE_TRACE:     12:35:32.403631 line        99             mod = __import__('encodings.' + modname, fromlist=_import_tail,
IE_TRACE:         Source path:... <frozen importlib._bootstrap>
IE_TRACE:         Starting var:.. name = 'encodings.cp720'
IE_TRACE:         Starting var:.. import_ = <built-in function __import__>
IE_TRACE:         12:35:32.403651 call      1349 SOURCE IS UNAVAILABLE
IE_TRACE:         12:35:32.403679 line      1354 SOURCE IS UNAVAILABLE
IE_TRACE:         New var:....... module = <object object at 0x76f5704c0060>
IE_TRACE:         12:35:32.403693 line      1355 SOURCE IS UNAVAILABLE
IE_TRACE:         12:35:32.403713 line      1357 SOURCE IS UNAVAILABLE
IE_TRACE:             Starting var:.. self = <_frozen_importlib._ModuleLockManager object at 0x76f56d1e84d0>
IE_TRACE:             Starting var:.. name = 'encodings.cp720'
IE_TRACE:             12:35:32.403729 call       412 SOURCE IS UNAVAILABLE
IE_TRACE:             12:35:32.403751 line       413 SOURCE IS UNAVAILABLE
IE_TRACE:             12:35:32.403765 line       414 SOURCE IS UNAVAILABLE
IE_TRACE:             12:35:32.403778 return     414 SOURCE IS UNAVAILABLE
IE_TRACE:             Return value:.. None
IE_TRACE:             Starting var:.. self = <_frozen_importlib._ModuleLockManager object at 0x76f56d1e84d0>
IE_TRACE:             12:35:32.403798 call       416 SOURCE IS UNAVAILABLE
IE_TRACE:             12:35:32.403814 line       417 SOURCE IS UNAVAILABLE
IE_TRACE:                 Starting var:.. name = 'encodings.cp720'
IE_TRACE:                 12:35:32.403828 call       426 SOURCE IS UNAVAILABLE
IE_TRACE:                 12:35:32.403845 line       432 SOURCE IS UNAVAILABLE
IE_TRACE:                 12:35:32.403859 line       433 SOURCE IS UNAVAILABLE
IE_TRACE:                 12:35:32.403872 line       434 SOURCE IS UNAVAILABLE
IE_TRACE:                 12:35:32.403885 line       435 SOURCE IS UNAVAILABLE
IE_TRACE:                 12:35:32.403898 exception  435 SOURCE IS UNAVAILABLE
IE_TRACE:                 Exception:..... KeyError: 'encodings.cp720'
IE_TRACE:                 12:35:32.403928 line       436 SOURCE IS UNAVAILABLE
IE_TRACE:                 12:35:32.403943 line       437 SOURCE IS UNAVAILABLE
IE_TRACE:                 New var:....... lock = None
IE_TRACE:                 12:35:32.403957 line       439 SOURCE IS UNAVAILABLE
IE_TRACE:                 12:35:32.403975 line       440 SOURCE IS UNAVAILABLE
IE_TRACE:                 12:35:32.403990 line       443 SOURCE IS UNAVAILABLE
IE_TRACE:                     Starting var:.. self = REPR FAILED
IE_TRACE:                     Starting var:.. name = 'encodings.cp720'
IE_TRACE:                     12:35:32.404005 call       232 SOURCE IS UNAVAILABLE
IE_TRACE:                     12:35:32.404030 line       253 SOURCE IS UNAVAILABLE
IE_TRACE:                     12:35:32.404047 line       254 SOURCE IS UNAVAILABLE
IE_TRACE:                     12:35:32.404062 line       257 SOURCE IS UNAVAILABLE
IE_TRACE:                     Modified var:.. self = _ModuleLock('encodings.cp720') at 130796470804432
IE_TRACE:                     12:35:32.404078 line       261 SOURCE IS UNAVAILABLE
IE_TRACE:                     12:35:32.404096 line       272 SOURCE IS UNAVAILABLE
IE_TRACE:                     12:35:32.404110 line       286 SOURCE IS UNAVAILABLE
IE_TRACE:                     12:35:32.404124 return     286 SOURCE IS UNAVAILABLE
IE_TRACE:                     Return value:.. None
IE_TRACE:                 Modified var:.. lock = _ModuleLock('encodings.cp720') at 130796470804432
IE_TRACE:                 12:35:32.404144 line       445 SOURCE IS UNAVAILABLE
IE_TRACE:                 New var:....... cb = <function _get_module_lock.<locals>.cb at 0x76f56d303920>
IE_TRACE:                 12:35:32.404162 line       456 SOURCE IS UNAVAILABLE
IE_TRACE:                 12:35:32.404183 line       458 SOURCE IS UNAVAILABLE
IE_TRACE:                 12:35:32.404202 line       460 SOURCE IS UNAVAILABLE
IE_TRACE:                 12:35:32.404218 return     460 SOURCE IS UNAVAILABLE
IE_TRACE:                 Return value:.. _ModuleLock('encodings.cp720') at 130796470804432
IE_TRACE:             12:35:32.404239 line       418 SOURCE IS UNAVAILABLE
IE_TRACE:                 Starting var:.. self = _ModuleLock('encodings.cp720') at 130796470804432
IE_TRACE:                 12:35:32.404253 call       304 SOURCE IS UNAVAILABLE
IE_TRACE:                 12:35:32.404271 line       310 SOURCE IS UNAVAILABLE
IE_TRACE:                 New var:....... tid = 130796523647104
IE_TRACE:                 12:35:32.404284 line       311 SOURCE IS UNAVAILABLE
IE_TRACE:                     Starting var:.. self = <_frozen_importlib._BlockingOnManager object at 0x76f56e9c0350>
IE_TRACE:                     Starting var:.. thread_id = 130796523647104
IE_TRACE:                     Starting var:.. lock = _ModuleLock('encodings.cp720') at 130796470804432
IE_TRACE:                     12:35:32.404303 call       158 SOURCE IS UNAVAILABLE
IE_TRACE:                     12:35:32.404331 line       159 SOURCE IS UNAVAILABLE
IE_TRACE:                     12:35:32.404348 line       160 SOURCE IS UNAVAILABLE
IE_TRACE:                     12:35:32.404364 return     160 SOURCE IS UNAVAILABLE
IE_TRACE:                     Return value:.. None
IE_TRACE:                     Starting var:.. self = <_frozen_importlib._BlockingOnManager object at 0x76f56e9c0350>
IE_TRACE:                     12:35:32.404386 call       162 SOURCE IS UNAVAILABLE
IE_TRACE:                     12:35:32.404403 line       170 SOURCE IS UNAVAILABLE
IE_TRACE:                         Starting var:.. self = <_frozen_importlib._WeakValueDictionary object at 0x76f5704e32c0>
IE_TRACE:                         Starting var:.. key = 130796523647104
IE_TRACE:                         Starting var:.. default = []
IE_TRACE:                         12:35:32.404417 call       124 SOURCE IS UNAVAILABLE
IE_TRACE:                         12:35:32.404445 line       125 SOURCE IS UNAVAILABLE
IE_TRACE:                         12:35:32.404464 line       126 SOURCE IS UNAVAILABLE
IE_TRACE:                         12:35:32.404480 exception  126 SOURCE IS UNAVAILABLE
IE_TRACE:                         Exception:..... KeyError: 130796523647104
IE_TRACE:                         12:35:32.404510 line       127 SOURCE IS UNAVAILABLE
IE_TRACE:                         12:35:32.404527 line       128 SOURCE IS UNAVAILABLE
IE_TRACE:                         New var:....... o = None
IE_TRACE:                         12:35:32.404543 line       129 SOURCE IS UNAVAILABLE
IE_TRACE:                         12:35:32.404564 line       130 SOURCE IS UNAVAILABLE
IE_TRACE:                         12:35:32.404585 line       132 SOURCE IS UNAVAILABLE
IE_TRACE:                             Starting var:.. type = <class '_frozen_importlib._WeakValueDictionary.__init__.<locals>.KeyedRef'>
IE_TRACE:                             Starting var:.. ob = []
IE_TRACE:                             Starting var:.. key = 130796523647104
IE_TRACE:                             Starting var:.. __class__ = <class '_frozen_importlib._WeakValueDictionary.__init__.<locals>.KeyedRef'>
IE_TRACE:                             12:35:32.404602 call        74 SOURCE IS UNAVAILABLE
IE_TRACE:                             12:35:32.404636 line        75 SOURCE IS UNAVAILABLE
IE_TRACE:                             New var:....... self = <weakref at 0x76f56d1e6560; to '_List' at 0x76f56d1ec410>
IE_TRACE:                             12:35:32.404654 line        76 SOURCE IS UNAVAILABLE
IE_TRACE:                             12:35:32.404678 line        77 SOURCE IS UNAVAILABLE
IE_TRACE:                             12:35:32.404697 return      77 SOURCE IS UNAVAILABLE
IE_TRACE:                             Return value:.. <weakref at 0x76f56d1e6560; to '_List' at 0x76f56d1ec410>
IE_TRACE:                             Starting var:.. self = <weakref at 0x76f56d1e6560; to '_List' at 0x76f56d1ec410>
IE_TRACE:                             Starting var:.. ob = []
IE_TRACE:                             Starting var:.. key = 130796523647104
IE_TRACE:                             Starting var:.. __class__ = <class '_frozen_importlib._WeakValueDictionary.__init__.<locals>.KeyedRef'>
IE_TRACE:                             12:35:32.404722 call        79 SOURCE IS UNAVAILABLE
IE_TRACE:                             12:35:32.404753 line        80 SOURCE IS UNAVAILABLE
IE_TRACE:                             12:35:32.404771 return      80 SOURCE IS UNAVAILABLE
IE_TRACE:                             Return value:.. None
IE_TRACE:                         12:35:32.404794 line       133 SOURCE IS UNAVAILABLE
IE_TRACE:                         12:35:32.404811 return     133 SOURCE IS UNAVAILABLE
IE_TRACE:                         Return value:.. []
IE_TRACE:                     12:35:32.404832 line       171 SOURCE IS UNAVAILABLE
IE_TRACE:                     12:35:32.404846 return     171 SOURCE IS UNAVAILABLE
IE_TRACE:                     Return value:.. None
IE_TRACE:                 12:35:32.404864 line       312 SOURCE IS UNAVAILABLE
IE_TRACE:                 12:35:32.404878 line       316 SOURCE IS UNAVAILABLE
IE_TRACE:                 12:35:32.404893 line       317 SOURCE IS UNAVAILABLE
IE_TRACE:                 12:35:32.404907 line       324 SOURCE IS UNAVAILABLE
IE_TRACE:                 12:35:32.404921 line       325 SOURCE IS UNAVAILABLE
IE_TRACE:                 12:35:32.404935 line       326 SOURCE IS UNAVAILABLE
IE_TRACE:                 12:35:32.404948 line       316 SOURCE IS UNAVAILABLE
IE_TRACE:                 12:35:32.404962 line       311 SOURCE IS UNAVAILABLE
IE_TRACE:                     Starting var:.. self = <_frozen_importlib._BlockingOnManager object at 0x76f56e9c0350>
IE_TRACE:                     Starting var:.. args = (None, None, None)
IE_TRACE:                     Starting var:.. kwargs = {}
IE_TRACE:                     12:35:32.404976 call       173 SOURCE IS UNAVAILABLE
IE_TRACE:                     12:35:32.405003 line       175 SOURCE IS UNAVAILABLE
IE_TRACE:                     12:35:32.405019 return     175 SOURCE IS UNAVAILABLE
IE_TRACE:                     Return value:.. None
IE_TRACE:                     Starting var:.. wr = <weakref at 0x76f56d1e6560; dead>
IE_TRACE:                     Starting var:.. self_weakref = <weakref at 0x76f5704f0770; to '_WeakValueDictionary' at 0x76f5704e32c0>
IE_TRACE:                     12:35:32.405040 call        82 SOURCE IS UNAVAILABLE
IE_TRACE:                     12:35:32.405065 line        86 SOURCE IS UNAVAILABLE
IE_TRACE:                     New var:....... self = <_frozen_importlib._WeakValueDictionary object at 0x76f5704e32c0>
IE_TRACE:                     12:35:32.405080 line        87 SOURCE IS UNAVAILABLE
IE_TRACE:                     12:35:32.405101 line        88 SOURCE IS UNAVAILABLE
IE_TRACE:                     12:35:32.405118 line        91 SOURCE IS UNAVAILABLE
IE_TRACE:                     12:35:32.405134 return      91 SOURCE IS UNAVAILABLE
IE_TRACE:                     Return value:.. None
IE_TRACE:                 12:35:32.405155 return     311 SOURCE IS UNAVAILABLE
IE_TRACE:                 Return value:.. True
IE_TRACE:             12:35:32.405177 return     418 SOURCE IS UNAVAILABLE
IE_TRACE:             Return value:.. None
IE_TRACE:         12:35:32.405196 line      1358 SOURCE IS UNAVAILABLE
IE_TRACE:         12:35:32.405212 line      1359 SOURCE IS UNAVAILABLE
IE_TRACE:         12:35:32.405228 line      1360 SOURCE IS UNAVAILABLE
IE_TRACE:             Starting var:.. name = 'encodings.cp720'
IE_TRACE:             Starting var:.. import_ = <built-in function __import__>
IE_TRACE:             12:35:32.405245 call      1304 SOURCE IS UNAVAILABLE
IE_TRACE:             12:35:32.405269 line      1305 SOURCE IS UNAVAILABLE
IE_TRACE:             New var:....... path = None
IE_TRACE:             12:35:32.405285 line      1306 SOURCE IS UNAVAILABLE
IE_TRACE:             New var:....... parent = 'encodings'
IE_TRACE:             12:35:32.405306 line      1307 SOURCE IS UNAVAILABLE
IE_TRACE:             New var:....... parent_spec = None
IE_TRACE:             12:35:32.405328 line      1308 SOURCE IS UNAVAILABLE
IE_TRACE:             12:35:32.405350 line      1309 SOURCE IS UNAVAILABLE
IE_TRACE:             12:35:32.405369 line      1312 SOURCE IS UNAVAILABLE
IE_TRACE:             12:35:32.405387 line      1314 SOURCE IS UNAVAILABLE
IE_TRACE:             New var:....... parent_module = <module 'encodings' from '/usr/lib/python3.12/encodings/__init__.py'>
IE_TRACE:             12:35:32.405405 line      1315 SOURCE IS UNAVAILABLE
IE_TRACE:             12:35:32.405429 line      1316 SOURCE IS UNAVAILABLE
IE_TRACE:             Modified var:.. path = ['/usr/lib/python3.12/encodings']
IE_TRACE:             12:35:32.405450 line      1320 SOURCE IS UNAVAILABLE
IE_TRACE:             Modified var:.. parent_spec = ModuleSpec(name='encodings', loader=<_frozen_importlib_external.SourceFileLoader object at 0x76f570528da0>, origin='/usr/lib/python3.12/encodings/__init__.py', submodule_search_locations=['/usr/lib/python3.12/encodings'])
IE_TRACE:             12:35:32.405474 line      1321 SOURCE IS UNAVAILABLE
IE_TRACE:             New var:....... child = 'cp720'
IE_TRACE:             12:35:32.405502 line      1322 SOURCE IS UNAVAILABLE
IE_TRACE:                 Starting var:.. name = 'encodings.cp720'
IE_TRACE:                 Starting var:.. path = ['/usr/lib/python3.12/encodings']
IE_TRACE:                 Starting var:.. target = None
IE_TRACE:                 12:35:32.405531 call      1240 SOURCE IS UNAVAILABLE
IE_TRACE:                 12:35:32.405560 line      1242 SOURCE IS UNAVAILABLE
IE_TRACE:                 New var:....... meta_path = [<_distutils_hack.DistutilsMetaFinder object at 0x76f56fa744a0>, <class '_frozen_importlib.BuiltinImporter'>, <class '_frozen_importlib.FrozenImporter'>, <class '_frozen_importlib_external.PathFinder'>, <class '__editable___cookiecutter_2_0_0_finder._EditableFinder'>, <six._SixMetaPathImporter object at 0x76f56ee13170>]
IE_TRACE:                 12:35:32.405577 line      1243 SOURCE IS UNAVAILABLE
IE_TRACE:                 12:35:32.405602 line      1248 SOURCE IS UNAVAILABLE
IE_TRACE:                 12:35:32.405622 line      1254 SOURCE IS UNAVAILABLE
IE_TRACE:                 New var:....... is_reload = False
IE_TRACE:                 12:35:32.405641 line      1255 SOURCE IS UNAVAILABLE
IE_TRACE:                 New var:....... finder = <_distutils_hack.DistutilsMetaFinder object at 0x76f56fa744a0>
IE_TRACE:                 12:35:32.405666 line      1256 SOURCE IS UNAVAILABLE
IE_TRACE:                     Starting var:.. self = <_frozen_importlib._ImportLockContext object at 0x76f56d1f5820>
IE_TRACE:                     12:35:32.405693 call      1222 SOURCE IS UNAVAILABLE
IE_TRACE:                     12:35:32.405711 line      1224 SOURCE IS UNAVAILABLE
IE_TRACE:                     12:35:32.405726 return    1224 SOURCE IS UNAVAILABLE
IE_TRACE:                     Return value:.. None
IE_TRACE:                 12:35:32.405745 line      1257 SOURCE IS UNAVAILABLE
IE_TRACE:                 12:35:32.405768 line      1258 SOURCE IS UNAVAILABLE
IE_TRACE:                 New var:....... find_spec = <bound method DistutilsMetaFinder.find_spec of <_distutils_hack.DistutilsMetaFinder object at 0x76f56fa744a0>>
IE_TRACE:                 12:35:32.405789 line      1262 SOURCE IS UNAVAILABLE
IE_TRACE:                     Source path:... /path/to/.venv/lib/python3.12/site-packages/_distutils_hack/__init__.py
IE_TRACE:                     Starting var:.. self = <_distutils_hack.DistutilsMetaFinder object at 0x76f56fa744a0>
IE_TRACE:                     Starting var:.. fullname = 'encodings.cp720'
IE_TRACE:                     Starting var:.. path = ['/usr/lib/python3.12/encodings']
IE_TRACE:                     Starting var:.. target = None
IE_TRACE:                     12:35:32.405818 call       101     def find_spec(self, fullname, path, target=None):
IE_TRACE:                     12:35:32.405856 line       104         if path is not None and not fullname.startswith('test.'):
IE_TRACE:                     12:35:32.405876 line       105             return None
IE_TRACE:                     12:35:32.405894 return     105             return None
IE_TRACE:                     Return value:.. None
IE_TRACE:                 Source path:... <frozen importlib._bootstrap>
IE_TRACE:                 New var:....... spec = None
IE_TRACE:                 12:35:32.405918 line      1256 SOURCE IS UNAVAILABLE
IE_TRACE:                     Starting var:.. self = <_frozen_importlib._ImportLockContext object at 0x76f56d1f5820>
IE_TRACE:                     Starting var:.. exc_type = None
IE_TRACE:                     Starting var:.. exc_value = None
IE_TRACE:                     Starting var:.. exc_traceback = None
IE_TRACE:                     12:35:32.405951 call      1226 SOURCE IS UNAVAILABLE
IE_TRACE:                     12:35:32.405982 line      1228 SOURCE IS UNAVAILABLE
IE_TRACE:                     12:35:32.406000 return    1228 SOURCE IS UNAVAILABLE
IE_TRACE:                     Return value:.. None
IE_TRACE:                 12:35:32.406023 line      1263 SOURCE IS UNAVAILABLE
IE_TRACE:                 12:35:32.406048 line      1255 SOURCE IS UNAVAILABLE
IE_TRACE:                 Modified var:.. finder = <class '_frozen_importlib.BuiltinImporter'>
IE_TRACE:                 12:35:32.406071 line      1256 SOURCE IS UNAVAILABLE
IE_TRACE:                     Starting var:.. self = <_frozen_importlib._ImportLockContext object at 0x76f56d1f5940>
IE_TRACE:                     12:35:32.406099 call      1222 SOURCE IS UNAVAILABLE
IE_TRACE:                     12:35:32.406116 line      1224 SOURCE IS UNAVAILABLE
IE_TRACE:                     12:35:32.406130 return    1224 SOURCE IS UNAVAILABLE
IE_TRACE:                     Return value:.. None
IE_TRACE:                 12:35:32.406149 line      1257 SOURCE IS UNAVAILABLE
IE_TRACE:                 12:35:32.406173 line      1258 SOURCE IS UNAVAILABLE
IE_TRACE:                 Modified var:.. find_spec = <bound method BuiltinImporter.find_spec of <class '_frozen_importlib.BuiltinImporter'>>
IE_TRACE:                 12:35:32.406198 line      1262 SOURCE IS UNAVAILABLE
IE_TRACE:                     Starting var:.. cls = <class '_frozen_importlib.BuiltinImporter'>
IE_TRACE:                     Starting var:.. fullname = 'encodings.cp720'
IE_TRACE:                     Starting var:.. path = ['/usr/lib/python3.12/encodings']
IE_TRACE:                     Starting var:.. target = None
IE_TRACE:                     12:35:32.406226 call       982 SOURCE IS UNAVAILABLE
IE_TRACE:                     12:35:32.406257 line       984 SOURCE IS UNAVAILABLE
IE_TRACE:                     12:35:32.406274 line       987 SOURCE IS UNAVAILABLE
IE_TRACE:                     12:35:32.406291 return     987 SOURCE IS UNAVAILABLE
IE_TRACE:                     Return value:.. None
IE_TRACE:                 12:35:32.406313 line      1256 SOURCE IS UNAVAILABLE
IE_TRACE:                     Starting var:.. self = <_frozen_importlib._ImportLockContext object at 0x76f56d1f5940>
IE_TRACE:                     Starting var:.. exc_type = None
IE_TRACE:                     Starting var:.. exc_value = None
IE_TRACE:                     Starting var:.. exc_traceback = None
IE_TRACE:                     12:35:32.406337 call      1226 SOURCE IS UNAVAILABLE
IE_TRACE:                     12:35:32.406367 line      1228 SOURCE IS UNAVAILABLE
IE_TRACE:                     12:35:32.406385 return    1228 SOURCE IS UNAVAILABLE
IE_TRACE:                     Return value:.. None
IE_TRACE:                 12:35:32.406407 line      1263 SOURCE IS UNAVAILABLE
IE_TRACE:                 12:35:32.406430 line      1255 SOURCE IS UNAVAILABLE
IE_TRACE:                 Modified var:.. finder = <class '_frozen_importlib.FrozenImporter'>
IE_TRACE:                 12:35:32.406453 line      1256 SOURCE IS UNAVAILABLE
IE_TRACE:                     Starting var:.. self = <_frozen_importlib._ImportLockContext object at 0x76f56d1f5c10>
IE_TRACE:                     12:35:32.406480 call      1222 SOURCE IS UNAVAILABLE
IE_TRACE:                     12:35:32.406497 line      1224 SOURCE IS UNAVAILABLE
IE_TRACE:                     12:35:32.406511 return    1224 SOURCE IS UNAVAILABLE
IE_TRACE:                     Return value:.. None
IE_TRACE:                 12:35:32.406529 line      1257 SOURCE IS UNAVAILABLE
IE_TRACE:                 12:35:32.406552 line      1258 SOURCE IS UNAVAILABLE
IE_TRACE:                 Modified var:.. find_spec = <bound method FrozenImporter.find_spec of <class '_frozen_importlib.FrozenImporter'>>
IE_TRACE:                 12:35:32.406575 line      1262 SOURCE IS UNAVAILABLE
IE_TRACE:                     Starting var:.. cls = <class '_frozen_importlib.FrozenImporter'>
IE_TRACE:                     Starting var:.. fullname = 'encodings.cp720'
IE_TRACE:                     Starting var:.. path = ['/usr/lib/python3.12/encodings']
IE_TRACE:                     Starting var:.. target = None
IE_TRACE:                     12:35:32.406603 call      1128 SOURCE IS UNAVAILABLE
IE_TRACE:                     12:35:32.406635 line      1130 SOURCE IS UNAVAILABLE
IE_TRACE:                         Starting var:.. f = <built-in function find_frozen>
IE_TRACE:                         Starting var:.. args = ('encodings.cp720',)
IE_TRACE:                         Starting var:.. kwds = {}
IE_TRACE:                         12:35:32.406655 call       480 SOURCE IS UNAVAILABLE
IE_TRACE:                         12:35:32.406683 line       488 SOURCE IS UNAVAILABLE
IE_TRACE:                         12:35:32.406703 return     488 SOURCE IS UNAVAILABLE
IE_TRACE:                         Return value:.. None
IE_TRACE:                     New var:....... info = None
IE_TRACE:                     12:35:32.406725 line      1131 SOURCE IS UNAVAILABLE
IE_TRACE:                     12:35:32.406749 line      1132 SOURCE IS UNAVAILABLE
IE_TRACE:                     12:35:32.406769 return    1132 SOURCE IS UNAVAILABLE
IE_TRACE:                     Return value:.. None
IE_TRACE:                 12:35:32.406793 line      1256 SOURCE IS UNAVAILABLE
IE_TRACE:                     Starting var:.. self = <_frozen_importlib._ImportLockContext object at 0x76f56d1f5c10>
IE_TRACE:                     Starting var:.. exc_type = None
IE_TRACE:                     Starting var:.. exc_value = None
IE_TRACE:                     Starting var:.. exc_traceback = None
IE_TRACE:                     12:35:32.406816 call      1226 SOURCE IS UNAVAILABLE
IE_TRACE:                     12:35:32.406846 line      1228 SOURCE IS UNAVAILABLE
IE_TRACE:                     12:35:32.406864 return    1228 SOURCE IS UNAVAILABLE
IE_TRACE:                     Return value:.. None
IE_TRACE:                 12:35:32.406885 line      1263 SOURCE IS UNAVAILABLE
IE_TRACE:                 12:35:32.406908 line      1255 SOURCE IS UNAVAILABLE
IE_TRACE:                 Modified var:.. finder = <class '_frozen_importlib_external.PathFinder'>
IE_TRACE:                 12:35:32.406932 line      1256 SOURCE IS UNAVAILABLE
IE_TRACE:                     Starting var:.. self = <_frozen_importlib._ImportLockContext object at 0x76f56d1f6150>
IE_TRACE:                     12:35:32.406958 call      1222 SOURCE IS UNAVAILABLE
IE_TRACE:                     12:35:32.406975 line      1224 SOURCE IS UNAVAILABLE
IE_TRACE:                     12:35:32.406989 return    1224 SOURCE IS UNAVAILABLE
IE_TRACE:                     Return value:.. None
IE_TRACE:                 12:35:32.407007 line      1257 SOURCE IS UNAVAILABLE
IE_TRACE:                 12:35:32.407030 line      1258 SOURCE IS UNAVAILABLE
IE_TRACE:                 Modified var:.. find_spec = <bound method PathFinder.find_spec of <class '_frozen_importlib_external.PathFinder'>>
IE_TRACE:                 12:35:32.407053 line      1262 SOURCE IS UNAVAILABLE
IE_TRACE:                     Source path:... <frozen importlib._bootstrap_external>
IE_TRACE:                     Starting var:.. cls = <class '_frozen_importlib_external.PathFinder'>
IE_TRACE:                     Starting var:.. fullname = 'encodings.cp720'
IE_TRACE:                     Starting var:.. path = ['/usr/lib/python3.12/encodings']
IE_TRACE:                     Starting var:.. target = None
IE_TRACE:                     12:35:32.407080 call      1520 SOURCE IS UNAVAILABLE
IE_TRACE:                     12:35:32.407115 line      1526 SOURCE IS UNAVAILABLE
IE_TRACE:                     12:35:32.407134 line      1528 SOURCE IS UNAVAILABLE
IE_TRACE:                         Starting var:.. cls = <class '_frozen_importlib_external.PathFinder'>
IE_TRACE:                         Starting var:.. fullname = 'encodings.cp720'
IE_TRACE:                         Starting var:.. path = ['/usr/lib/python3.12/encodings']
IE_TRACE:                         Starting var:.. target = None
IE_TRACE:                         12:35:32.407153 call      1491 SOURCE IS UNAVAILABLE
IE_TRACE:                         12:35:32.407186 line      1496 SOURCE IS UNAVAILABLE
IE_TRACE:                         New var:....... namespace_path = []
IE_TRACE:                         12:35:32.407207 line      1497 SOURCE IS UNAVAILABLE
IE_TRACE:                         New var:....... entry = '/usr/lib/python3.12/encodings'
IE_TRACE:                         12:35:32.407230 line      1498 SOURCE IS UNAVAILABLE
IE_TRACE:                         12:35:32.407255 line      1500 SOURCE IS UNAVAILABLE
IE_TRACE:                             Starting var:.. cls = <class '_frozen_importlib_external.PathFinder'>
IE_TRACE:                             Starting var:.. path = '/usr/lib/python3.12/encodings'
IE_TRACE:                             12:35:32.407278 call      1469 SOURCE IS UNAVAILABLE
IE_TRACE:                             12:35:32.407301 line      1477 SOURCE IS UNAVAILABLE
IE_TRACE:                             12:35:32.407318 line      1484 SOURCE IS UNAVAILABLE
IE_TRACE:                             12:35:32.407334 line      1485 SOURCE IS UNAVAILABLE
IE_TRACE:                             New var:....... finder = FileFinder('/usr/lib/python3.12/encodings')
IE_TRACE:                             12:35:32.407350 line      1489 SOURCE IS UNAVAILABLE
IE_TRACE:                             12:35:32.407372 return    1489 SOURCE IS UNAVAILABLE
IE_TRACE:                             Return value:.. FileFinder('/usr/lib/python3.12/encodings')
IE_TRACE:                         New var:....... finder = FileFinder('/usr/lib/python3.12/encodings')
IE_TRACE:                         12:35:32.407394 line      1501 SOURCE IS UNAVAILABLE
IE_TRACE:                         12:35:32.407420 line      1502 SOURCE IS UNAVAILABLE
IE_TRACE:                             Starting var:.. self = FileFinder('/usr/lib/python3.12/encodings')
IE_TRACE:                             Starting var:.. fullname = 'encodings.cp720'
IE_TRACE:                             Starting var:.. target = None
IE_TRACE:                             12:35:32.407444 call      1593 SOURCE IS UNAVAILABLE
IE_TRACE:                             12:35:32.407474 line      1598 SOURCE IS UNAVAILABLE
IE_TRACE:                             New var:....... is_namespace = False
IE_TRACE:                             12:35:32.407495 line      1599 SOURCE IS UNAVAILABLE
IE_TRACE:                             New var:....... tail_module = 'cp720'
IE_TRACE:                             12:35:32.407520 line      1600 SOURCE IS UNAVAILABLE
IE_TRACE:                             12:35:32.407545 line      1601 SOURCE IS UNAVAILABLE
IE_TRACE:                                 Starting var:.. path = '/usr/lib/python3.12/encodings'
IE_TRACE:                                 12:35:32.407568 call       140 SOURCE IS UNAVAILABLE
IE_TRACE:                                 12:35:32.407587 line       147 SOURCE IS UNAVAILABLE
IE_TRACE:                                 12:35:32.407608 return     147 SOURCE IS UNAVAILABLE
IE_TRACE:                                 Return value:.. os.stat_result(st_mode=16877, st_ino=526233, st_dev=66309, st_nlink=3, st_uid=0, st_gid=0, st_size=20480, st_atime=1780573795, st_mtime=1775119204, st_ctime=1775119204)
IE_TRACE:                             New var:....... mtime = 1775119204.8187785
IE_TRACE:                             12:35:32.407635 line      1604 SOURCE IS UNAVAILABLE
IE_TRACE:                             12:35:32.407665 line      1608 SOURCE IS UNAVAILABLE
IE_TRACE:                                 12:35:32.407689 call        71 SOURCE IS UNAVAILABLE
IE_TRACE:                                 12:35:32.407704 line        73 SOURCE IS UNAVAILABLE
IE_TRACE:                                 12:35:32.407718 return      73 SOURCE IS UNAVAILABLE
IE_TRACE:                                 Return value:.. False
IE_TRACE:                             12:35:32.407738 line      1612 SOURCE IS UNAVAILABLE
IE_TRACE:                             New var:....... cache = set(len=123)
IE_TRACE:                             12:35:32.407762 line      1613 SOURCE IS UNAVAILABLE
IE_TRACE:                             New var:....... cache_module = 'cp720'
IE_TRACE:                             12:35:32.407791 line      1615 SOURCE IS UNAVAILABLE
IE_TRACE:                             12:35:32.407820 line      1627 SOURCE IS UNAVAILABLE
IE_TRACE:                             New var:....... suffix = '.cpython-312-x86_64-linux-gnu.so'
IE_TRACE:                             New var:....... loader_class = <class '_frozen_importlib_external.ExtensionFileLoader'>
IE_TRACE:                             12:35:32.407845 line      1628 SOURCE IS UNAVAILABLE
IE_TRACE:                             12:35:32.407880 line      1629 SOURCE IS UNAVAILABLE
IE_TRACE:                                 Starting var:.. path_parts = ('/usr/lib/python3.12/encodings', 'cp720.cpython-312-x86_64-linux-gnu.so')
IE_TRACE:                                 12:35:32.407909 call       126 SOURCE IS UNAVAILABLE
IE_TRACE:                                 12:35:32.407930 line       128 SOURCE IS UNAVAILABLE
IE_TRACE:                                 12:35:32.407946 line       129 SOURCE IS UNAVAILABLE
IE_TRACE:                                 12:35:32.407963 line       128 SOURCE IS UNAVAILABLE
IE_TRACE:                                 12:35:32.407979 line       129 SOURCE IS UNAVAILABLE
IE_TRACE:                                 New var:....... part = '/usr/lib/python3.12/encodings'
IE_TRACE:                                 12:35:32.407995 line       128 SOURCE IS UNAVAILABLE
IE_TRACE:                                 12:35:32.408016 line       128 SOURCE IS UNAVAILABLE
IE_TRACE:                                 12:35:32.408034 line       129 SOURCE IS UNAVAILABLE
IE_TRACE:                                 Modified var:.. part = 'cp720.cpython-312-x86_64-linux-gnu.so'
IE_TRACE:                                 12:35:32.408051 line       128 SOURCE IS UNAVAILABLE
IE_TRACE:                                 12:35:32.408071 line       128 SOURCE IS UNAVAILABLE
IE_TRACE:                                 12:35:32.408088 return     128 SOURCE IS UNAVAILABLE
IE_TRACE:                                 Return value:.. '/usr/lib/python3.12/encodings/cp720.cpython-312-x86_64-linux-gnu.so'
IE_TRACE:                             New var:....... full_path = '/usr/lib/python3.12/encodings/cp720.cpython-312-x86_64-linux-gnu.so'
IE_TRACE:                             12:35:32.408110 line      1632 SOURCE IS UNAVAILABLE
IE_TRACE:                                 Source path:... <frozen importlib._bootstrap>
IE_TRACE:                                 Starting var:.. message = 'trying {}'
IE_TRACE:                                 Starting var:.. verbosity = 2
IE_TRACE:                                 Starting var:.. args = ('/usr/lib/python3.12/encodings/cp720.cpython-312-x86_64-linux-gnu.so',)
IE_TRACE:                                 12:35:32.408145 call       491 SOURCE IS UNAVAILABLE
IE_TRACE:                                 12:35:32.408179 line       493 SOURCE IS UNAVAILABLE
IE_TRACE:                                 12:35:32.408199 return     493 SOURCE IS UNAVAILABLE
IE_TRACE:                                 Return value:.. None
IE_TRACE:                             Source path:... <frozen importlib._bootstrap_external>
IE_TRACE:                             12:35:32.408226 line      1633 SOURCE IS UNAVAILABLE
IE_TRACE:                             12:35:32.408260 line      1627 SOURCE IS UNAVAILABLE
IE_TRACE:                             Modified var:.. suffix = '.abi3.so'
IE_TRACE:                             12:35:32.408288 line      1628 SOURCE IS UNAVAILABLE
IE_TRACE:                             12:35:32.408320 line      1629 SOURCE IS UNAVAILABLE
IE_TRACE:                                 Starting var:.. path_parts = ('/usr/lib/python3.12/encodings', 'cp720.abi3.so')
IE_TRACE:                                 12:35:32.408348 call       126 SOURCE IS UNAVAILABLE
IE_TRACE:                                 12:35:32.408369 line       128 SOURCE IS UNAVAILABLE
IE_TRACE:                                 12:35:32.408386 line       129 SOURCE IS UNAVAILABLE
IE_TRACE:                                 12:35:32.408403 line       128 SOURCE IS UNAVAILABLE
IE_TRACE:                                 12:35:32.408419 line       129 SOURCE IS UNAVAILABLE
IE_TRACE:                                 New var:....... part = '/usr/lib/python3.12/encodings'
IE_TRACE:                                 12:35:32.408435 line       128 SOURCE IS UNAVAILABLE
IE_TRACE:                                 12:35:32.408456 line       128 SOURCE IS UNAVAILABLE
IE_TRACE:                                 12:35:32.408473 line       129 SOURCE IS UNAVAILABLE
IE_TRACE:                                 Modified var:.. part = 'cp720.abi3.so'
IE_TRACE:                                 12:35:32.408490 line       128 SOURCE IS UNAVAILABLE
IE_TRACE:                                 12:35:32.408511 line       128 SOURCE IS UNAVAILABLE
IE_TRACE:                                 12:35:32.408528 return     128 SOURCE IS UNAVAILABLE
IE_TRACE:                                 Return value:.. '/usr/lib/python3.12/encodings/cp720.abi3.so'
IE_TRACE:                             Modified var:.. full_path = '/usr/lib/python3.12/encodings/cp720.abi3.so'
IE_TRACE:                             12:35:32.408549 line      1632 SOURCE IS UNAVAILABLE
IE_TRACE:                                 Source path:... <frozen importlib._bootstrap>
IE_TRACE:                                 Starting var:.. message = 'trying {}'
IE_TRACE:                                 Starting var:.. verbosity = 2
IE_TRACE:                                 Starting var:.. args = ('/usr/lib/python3.12/encodings/cp720.abi3.so',)
IE_TRACE:                                 12:35:32.408581 call       491 SOURCE IS UNAVAILABLE
IE_TRACE:                                 12:35:32.408614 line       493 SOURCE IS UNAVAILABLE
IE_TRACE:                                 12:35:32.408632 return     493 SOURCE IS UNAVAILABLE
IE_TRACE:                                 Return value:.. None
IE_TRACE:                             Source path:... <frozen importlib._bootstrap_external>
IE_TRACE:                             12:35:32.408655 line      1633 SOURCE IS UNAVAILABLE
IE_TRACE:                             12:35:32.408687 line      1627 SOURCE IS UNAVAILABLE
IE_TRACE:                             Modified var:.. suffix = '.so'
IE_TRACE:                             12:35:32.408715 line      1628 SOURCE IS UNAVAILABLE
IE_TRACE:                             12:35:32.408745 line      1629 SOURCE IS UNAVAILABLE
IE_TRACE:                                 Starting var:.. path_parts = ('/usr/lib/python3.12/encodings', 'cp720.so')
IE_TRACE:                                 12:35:32.408773 call       126 SOURCE IS UNAVAILABLE
IE_TRACE:                                 12:35:32.408793 line       128 SOURCE IS UNAVAILABLE
IE_TRACE:                                 12:35:32.408809 line       129 SOURCE IS UNAVAILABLE
IE_TRACE:                                 12:35:32.408825 line       128 SOURCE IS UNAVAILABLE
IE_TRACE:                                 12:35:32.408841 line       129 SOURCE IS UNAVAILABLE
IE_TRACE:                                 New var:....... part = '/usr/lib/python3.12/encodings'
IE_TRACE:                                 12:35:32.408857 line       128 SOURCE IS UNAVAILABLE
IE_TRACE:                                 12:35:32.408877 line       128 SOURCE IS UNAVAILABLE
IE_TRACE:                                 12:35:32.408894 line       129 SOURCE IS UNAVAILABLE
IE_TRACE:                                 Modified var:.. part = 'cp720.so'
IE_TRACE:                                 12:35:32.408911 line       128 SOURCE IS UNAVAILABLE
IE_TRACE:                                 12:35:32.408931 line       128 SOURCE IS UNAVAILABLE
IE_TRACE:                                 12:35:32.408947 return     128 SOURCE IS UNAVAILABLE
IE_TRACE:                                 Return value:.. '/usr/lib/python3.12/encodings/cp720.so'
IE_TRACE:                             Modified var:.. full_path = '/usr/lib/python3.12/encodings/cp720.so'
IE_TRACE:                             12:35:32.408968 line      1632 SOURCE IS UNAVAILABLE
IE_TRACE:                                 Source path:... <frozen importlib._bootstrap>
IE_TRACE:                                 Starting var:.. message = 'trying {}'
IE_TRACE:                                 Starting var:.. verbosity = 2
IE_TRACE:                                 Starting var:.. args = ('/usr/lib/python3.12/encodings/cp720.so',)
IE_TRACE:                                 12:35:32.409001 call       491 SOURCE IS UNAVAILABLE
IE_TRACE:                                 12:35:32.409033 line       493 SOURCE IS UNAVAILABLE
IE_TRACE:                                 12:35:32.409052 return     493 SOURCE IS UNAVAILABLE
IE_TRACE:                                 Return value:.. None
IE_TRACE:                             Source path:... <frozen importlib._bootstrap_external>
IE_TRACE:                             12:35:32.409074 line      1633 SOURCE IS UNAVAILABLE
IE_TRACE:                             12:35:32.409107 line      1627 SOURCE IS UNAVAILABLE
IE_TRACE:                             Modified var:.. suffix = '.py'
IE_TRACE:                             Modified var:.. loader_class = <class '_frozen_importlib_external.SourceFileLoader'>
IE_TRACE:                             12:35:32.409134 line      1628 SOURCE IS UNAVAILABLE
IE_TRACE:                             12:35:32.409169 line      1629 SOURCE IS UNAVAILABLE
IE_TRACE:                                 Starting var:.. path_parts = ('/usr/lib/python3.12/encodings', 'cp720.py')
IE_TRACE:                                 12:35:32.409198 call       126 SOURCE IS UNAVAILABLE
IE_TRACE:                                 12:35:32.409221 line       128 SOURCE IS UNAVAILABLE
IE_TRACE:                                 12:35:32.409237 line       129 SOURCE IS UNAVAILABLE
IE_TRACE:                                 12:35:32.409253 line       128 SOURCE IS UNAVAILABLE
IE_TRACE:                                 12:35:32.409269 line       129 SOURCE IS UNAVAILABLE
IE_TRACE:                                 New var:....... part = '/usr/lib/python3.12/encodings'
IE_TRACE:                                 12:35:32.409285 line       128 SOURCE IS UNAVAILABLE
IE_TRACE:                                 12:35:32.409305 line       128 SOURCE IS UNAVAILABLE
IE_TRACE:                                 12:35:32.409322 line       129 SOURCE IS UNAVAILABLE
IE_TRACE:                                 Modified var:.. part = 'cp720.py'
IE_TRACE:                                 12:35:32.409339 line       128 SOURCE IS UNAVAILABLE
IE_TRACE:                                 12:35:32.409359 line       128 SOURCE IS UNAVAILABLE
IE_TRACE:                                 12:35:32.409375 return     128 SOURCE IS UNAVAILABLE
IE_TRACE:                                 Return value:.. '/usr/lib/python3.12/encodings/cp720.py'
IE_TRACE:                             Modified var:.. full_path = '/usr/lib/python3.12/encodings/cp720.py'
IE_TRACE:                             12:35:32.409396 line      1632 SOURCE IS UNAVAILABLE
IE_TRACE:                                 Source path:... <frozen importlib._bootstrap>
IE_TRACE:                                 Starting var:.. message = 'trying {}'
IE_TRACE:                                 Starting var:.. verbosity = 2
IE_TRACE:                                 Starting var:.. args = ('/usr/lib/python3.12/encodings/cp720.py',)
IE_TRACE:                                 12:35:32.409428 call       491 SOURCE IS UNAVAILABLE
IE_TRACE:                                 12:35:32.409460 line       493 SOURCE IS UNAVAILABLE
IE_TRACE:                                 12:35:32.409478 return     493 SOURCE IS UNAVAILABLE
IE_TRACE:                                 Return value:.. None
IE_TRACE:                             Source path:... <frozen importlib._bootstrap_external>
IE_TRACE:                             12:35:32.409501 line      1633 SOURCE IS UNAVAILABLE
IE_TRACE:                             12:35:32.409533 line      1634 SOURCE IS UNAVAILABLE
IE_TRACE:                                 Starting var:.. path = '/usr/lib/python3.12/encodings/cp720.py'
IE_TRACE:                                 12:35:32.409562 call       159 SOURCE IS UNAVAILABLE
IE_TRACE:                                 12:35:32.409581 line       161 SOURCE IS UNAVAILABLE
IE_TRACE:                                     Starting var:.. path = '/usr/lib/python3.12/encodings/cp720.py'
IE_TRACE:                                     Starting var:.. mode = 32768
IE_TRACE:                                     12:35:32.409597 call       150 SOURCE IS UNAVAILABLE
IE_TRACE:                                     12:35:32.409622 line       152 SOURCE IS UNAVAILABLE
IE_TRACE:                                     12:35:32.409641 line       153 SOURCE IS UNAVAILABLE
IE_TRACE:                                     New var:....... stat_info = os.stat_result(st_mode=33188, st_ino=527526, st_dev=66309, st_nlink=1, st_uid=0, st_gid=0, st_size=13686, st_atime=1775119205, st_mtime=1772540118, st_ctime=1775119204)
IE_TRACE:                                     12:35:32.409670 line       156 SOURCE IS UNAVAILABLE
IE_TRACE:                                     12:35:32.409696 return     156 SOURCE IS UNAVAILABLE
IE_TRACE:                                     Return value:.. True
IE_TRACE:                                 12:35:32.409721 return     161 SOURCE IS UNAVAILABLE
IE_TRACE:                                 Return value:.. True
IE_TRACE:                             12:35:32.409743 line      1635 SOURCE IS UNAVAILABLE
IE_TRACE:                             12:35:32.409774 line      1636 SOURCE IS UNAVAILABLE
IE_TRACE:                             12:35:32.409803 line      1635 SOURCE IS UNAVAILABLE
IE_TRACE:                                 Starting var:.. self = FileFinder('/usr/lib/python3.12/encodings')
IE_TRACE:                                 Starting var:.. loader_class = <class '_frozen_importlib_external.SourceFileLoader'>
IE_TRACE:                                 Starting var:.. fullname = 'encodings.cp720'
IE_TRACE:                                 Starting var:.. path = '/usr/lib/python3.12/encodings/cp720.py'
IE_TRACE:                                 Starting var:.. smsl = None
IE_TRACE:                                 Starting var:.. target = None
IE_TRACE:                                 12:35:32.409833 call      1588 SOURCE IS UNAVAILABLE
IE_TRACE:                                 12:35:32.409876 line      1589 SOURCE IS UNAVAILABLE
IE_TRACE:                                     Starting var:.. self = <_frozen_importlib_external.SourceFileLoader object at 0x76f56d1f78f0>
IE_TRACE:                                     Starting var:.. fullname = 'encodings.cp720'
IE_TRACE:                                     Starting var:.. path = '/usr/lib/python3.12/encodings/cp720.py'
IE_TRACE:                                     12:35:32.409900 call      1153 SOURCE IS UNAVAILABLE
IE_TRACE:                                     12:35:32.409930 line      1156 SOURCE IS UNAVAILABLE
IE_TRACE:                                     12:35:32.409949 line      1157 SOURCE IS UNAVAILABLE
IE_TRACE:                                     12:35:32.409968 return    1157 SOURCE IS UNAVAILABLE
IE_TRACE:                                     Return value:.. None
IE_TRACE:                                 New var:....... loader = <_frozen_importlib_external.SourceFileLoader object at 0x76f56d1f78f0>
IE_TRACE:                                 12:35:32.409992 line      1590 SOURCE IS UNAVAILABLE
IE_TRACE:                                 12:35:32.410020 line      1591 SOURCE IS UNAVAILABLE
IE_TRACE:                                 12:35:32.410043 line      1590 SOURCE IS UNAVAILABLE
IE_TRACE:                                     Starting var:.. name = 'encodings.cp720'
IE_TRACE:                                     Starting var:.. location = '/usr/lib/python3.12/encodings/cp720.py'
IE_TRACE:                                     Starting var:.. loader = <_frozen_importlib_external.SourceFileLoader object at 0x76f56d1f78f0>
IE_TRACE:                                     Starting var:.. submodule_search_locations = None
IE_TRACE:                                     12:35:32.410068 call       802 SOURCE IS UNAVAILABLE
IE_TRACE:                                     12:35:32.410104 line       814 SOURCE IS UNAVAILABLE
IE_TRACE:                                     12:35:32.410126 line       826 SOURCE IS UNAVAILABLE
IE_TRACE:                                     12:35:32.410148 line       827 SOURCE IS UNAVAILABLE
IE_TRACE:                                     12:35:32.410169 line       828 SOURCE IS UNAVAILABLE
IE_TRACE:                                     12:35:32.410206 line       838 SOURCE IS UNAVAILABLE
IE_TRACE:                                     New var:....... spec = ModuleSpec(name='encodings.cp720', loader=<_frozen_importlib_external.SourceFileLoader object at 0x76f56d1f78f0>, origin='/usr/lib/python3.12/encodings/cp720.py')
IE_TRACE:                                     12:35:32.410238 line       839 SOURCE IS UNAVAILABLE
IE_TRACE:                                     12:35:32.410267 line       842 SOURCE IS UNAVAILABLE
IE_TRACE:                                     12:35:32.410291 line       852 SOURCE IS UNAVAILABLE
IE_TRACE:                                     12:35:32.410315 line       863 SOURCE IS UNAVAILABLE
IE_TRACE:                                     12:35:32.410338 line       864 SOURCE IS UNAVAILABLE
IE_TRACE:                                     12:35:32.410361 line       869 SOURCE IS UNAVAILABLE
IE_TRACE:                                     12:35:32.410384 return     869 SOURCE IS UNAVAILABLE
IE_TRACE:                                     Return value:.. ModuleSpec(name='encodings.cp720', loader=<_frozen_importlib_external.SourceFileLoader object at 0x76f56d1f78f0>, origin='/usr/lib/python3.12/encodings/cp720.py')
IE_TRACE:                                 12:35:32.410413 return    1590 SOURCE IS UNAVAILABLE
IE_TRACE:                                 Return value:.. ModuleSpec(name='encodings.cp720', loader=<_frozen_importlib_external.SourceFileLoader object at 0x76f56d1f78f0>, origin='/usr/lib/python3.12/encodings/cp720.py')
IE_TRACE:                             12:35:32.410443 return    1635 SOURCE IS UNAVAILABLE
IE_TRACE:                             Return value:.. ModuleSpec(name='encodings.cp720', loader=<_frozen_importlib_external.SourceFileLoader object at 0x76f56d1f78f0>, origin='/usr/lib/python3.12/encodings/cp720.py')
IE_TRACE:                         New var:....... spec = ModuleSpec(name='encodings.cp720', loader=<_frozen_importlib_external.SourceFileLoader object at 0x76f56d1f78f0>, origin='/usr/lib/python3.12/encodings/cp720.py')
IE_TRACE:                         12:35:32.410479 line      1503 SOURCE IS UNAVAILABLE
IE_TRACE:                         12:35:32.410509 line      1505 SOURCE IS UNAVAILABLE
IE_TRACE:                         12:35:32.410534 line      1506 SOURCE IS UNAVAILABLE
IE_TRACE:                         12:35:32.410558 return    1506 SOURCE IS UNAVAILABLE
IE_TRACE:                         Return value:.. ModuleSpec(name='encodings.cp720', loader=<_frozen_importlib_external.SourceFileLoader object at 0x76f56d1f78f0>, origin='/usr/lib/python3.12/encodings/cp720.py')
IE_TRACE:                     New var:....... spec = ModuleSpec(name='encodings.cp720', loader=<_frozen_importlib_external.SourceFileLoader object at 0x76f56d1f78f0>, origin='/usr/lib/python3.12/encodings/cp720.py')
IE_TRACE:                     12:35:32.410587 line      1529 SOURCE IS UNAVAILABLE
IE_TRACE:                     12:35:32.410612 line      1531 SOURCE IS UNAVAILABLE
IE_TRACE:                     12:35:32.410632 line      1542 SOURCE IS UNAVAILABLE
IE_TRACE:                     12:35:32.410653 return    1542 SOURCE IS UNAVAILABLE
IE_TRACE:                     Return value:.. ModuleSpec(name='encodings.cp720', loader=<_frozen_importlib_external.SourceFileLoader object at 0x76f56d1f78f0>, origin='/usr/lib/python3.12/encodings/cp720.py')
IE_TRACE:                 Source path:... <frozen importlib._bootstrap>
IE_TRACE:                 Modified var:.. spec = ModuleSpec(name='encodings.cp720', loader=<_frozen_importlib_external.SourceFileLoader object at 0x76f56d1f78f0>, origin='/usr/lib/python3.12/encodings/cp720.py')
IE_TRACE:                 12:35:32.410679 line      1256 SOURCE IS UNAVAILABLE
IE_TRACE:                     Starting var:.. self = <_frozen_importlib._ImportLockContext object at 0x76f56d1f6150>
IE_TRACE:                     Starting var:.. exc_type = None
IE_TRACE:                     Starting var:.. exc_value = None
IE_TRACE:                     Starting var:.. exc_traceback = None
IE_TRACE:                     12:35:32.410715 call      1226 SOURCE IS UNAVAILABLE
IE_TRACE:                     12:35:32.410746 line      1228 SOURCE IS UNAVAILABLE
IE_TRACE:                     12:35:32.410764 return    1228 SOURCE IS UNAVAILABLE
IE_TRACE:                     Return value:.. None
IE_TRACE:                 12:35:32.410787 line      1263 SOURCE IS UNAVAILABLE
IE_TRACE:                 12:35:32.410813 line      1265 SOURCE IS UNAVAILABLE
IE_TRACE:                 12:35:32.410838 line      1280 SOURCE IS UNAVAILABLE
IE_TRACE:                 12:35:32.410862 return    1280 SOURCE IS UNAVAILABLE
IE_TRACE:                 Return value:.. ModuleSpec(name='encodings.cp720', loader=<_frozen_importlib_external.SourceFileLoader object at 0x76f56d1f78f0>, origin='/usr/lib/python3.12/encodings/cp720.py')
IE_TRACE:             New var:....... spec = ModuleSpec(name='encodings.cp720', loader=<_frozen_importlib_external.SourceFileLoader object at 0x76f56d1f78f0>, origin='/usr/lib/python3.12/encodings/cp720.py')
IE_TRACE:             12:35:32.410893 line      1323 SOURCE IS UNAVAILABLE
IE_TRACE:             12:35:32.410925 line      1326 SOURCE IS UNAVAILABLE
IE_TRACE:             12:35:32.410952 line      1329 SOURCE IS UNAVAILABLE
IE_TRACE:             12:35:32.410977 line      1330 SOURCE IS UNAVAILABLE
IE_TRACE:             12:35:32.411001 line      1331 SOURCE IS UNAVAILABLE
IE_TRACE:                 Starting var:.. spec = ModuleSpec(name='encodings.cp720', loader=<_frozen_importlib_external.SourceFileLoader object at 0x76f56d1f78f0>, origin='/usr/lib/python3.12/encodings/cp720.py')
IE_TRACE:                 12:35:32.411027 call       911 SOURCE IS UNAVAILABLE
IE_TRACE:                 12:35:32.411047 line       913 SOURCE IS UNAVAILABLE
IE_TRACE:                 12:35:32.411062 line       915 SOURCE IS UNAVAILABLE
IE_TRACE:                 12:35:32.411079 line       921 SOURCE IS UNAVAILABLE
IE_TRACE:                     Starting var:.. spec = ModuleSpec(name='encodings.cp720', loader=<_frozen_importlib_external.SourceFileLoader object at 0x76f56d1f78f0>, origin='/usr/lib/python3.12/encodings/cp720.py')
IE_TRACE:                     12:35:32.411095 call       806 SOURCE IS UNAVAILABLE
IE_TRACE:                     12:35:32.411115 line       809 SOURCE IS UNAVAILABLE
IE_TRACE:                     New var:....... module = None
IE_TRACE:                     12:35:32.411130 line       810 SOURCE IS UNAVAILABLE
IE_TRACE:                     12:35:32.411150 line       813 SOURCE IS UNAVAILABLE
IE_TRACE:                         Source path:... <frozen importlib._bootstrap_external>
IE_TRACE:                         Starting var:.. self = <_frozen_importlib_external.SourceFileLoader object at 0x76f56d1f78f0>
IE_TRACE:                         Starting var:.. spec = ModuleSpec(name='encodings.cp720', loader=<_frozen_importlib_external.SourceFileLoader object at 0x76f56d1f78f0>, origin='/usr/lib/python3.12/encodings/cp720.py')
IE_TRACE:                         12:35:32.411168 call       986 SOURCE IS UNAVAILABLE
IE_TRACE:                         12:35:32.411199 line       986 SOURCE IS UNAVAILABLE
IE_TRACE:                         12:35:32.411216 return     986 SOURCE IS UNAVAILABLE
IE_TRACE:                         Return value:.. None
IE_TRACE:                     Source path:... <frozen importlib._bootstrap>
IE_TRACE:                     12:35:32.411238 line       817 SOURCE IS UNAVAILABLE
IE_TRACE:                     12:35:32.411259 line       818 SOURCE IS UNAVAILABLE
IE_TRACE:                         Starting var:.. name = 'encodings.cp720'
IE_TRACE:                         12:35:32.411275 call        48 SOURCE IS UNAVAILABLE
IE_TRACE:                         12:35:32.411294 line        49 SOURCE IS UNAVAILABLE
IE_TRACE:                         12:35:32.411309 return      49 SOURCE IS UNAVAILABLE
IE_TRACE:                         Return value:.. <module 'encodings.cp720'>
IE_TRACE:                     Modified var:.. module = <module 'encodings.cp720'>
IE_TRACE:                     12:35:32.411333 line       819 SOURCE IS UNAVAILABLE
IE_TRACE:                         Starting var:.. spec = ModuleSpec(name='encodings.cp720', loader=<_frozen_importlib_external.SourceFileLoader object at 0x76f56d1f78f0>, origin='/usr/lib/python3.12/encodings/cp720.py')
IE_TRACE:                         Starting var:.. module = <module 'encodings.cp720'>
IE_TRACE:                         Starting var:.. override = False
IE_TRACE:                         12:35:32.411358 call       733 SOURCE IS UNAVAILABLE
IE_TRACE:                         12:35:32.411390 line       737 SOURCE IS UNAVAILABLE
IE_TRACE:                         12:35:32.411412 line       743 SOURCE IS UNAVAILABLE
IE_TRACE:                         12:35:32.411434 line       744 SOURCE IS UNAVAILABLE
IE_TRACE:                         New var:....... loader = <_frozen_importlib_external.SourceFileLoader object at 0x76f56d1f78f0>
IE_TRACE:                         12:35:32.411454 line       745 SOURCE IS UNAVAILABLE
IE_TRACE:                         12:35:32.411479 line       766 SOURCE IS UNAVAILABLE
IE_TRACE:                         12:35:32.411501 line       767 SOURCE IS UNAVAILABLE
IE_TRACE:                         Modified var:.. module = <module 'encodings.cp720' (<_frozen_importlib_external.SourceFileLoader object at 0x76f56d1f78f0>)>
IE_TRACE:                         12:35:32.411523 line       771 SOURCE IS UNAVAILABLE
IE_TRACE:                         12:35:32.411549 line       772 SOURCE IS UNAVAILABLE
IE_TRACE:                         12:35:32.411571 line       773 SOURCE IS UNAVAILABLE
IE_TRACE:                             Starting var:.. self = ModuleSpec(name='encodings.cp720', loader=<_frozen_importlib_external.SourceFileLoader object at 0x76f56d1f78f0>, origin='/usr/lib/python3.12/encodings/cp720.py')
IE_TRACE:                             12:35:32.411593 call       645 SOURCE IS UNAVAILABLE
IE_TRACE:                             12:35:32.411613 line       648 SOURCE IS UNAVAILABLE
IE_TRACE:                             12:35:32.411629 line       649 SOURCE IS UNAVAILABLE
IE_TRACE:                             12:35:32.411645 return     649 SOURCE IS UNAVAILABLE
IE_TRACE:                             Return value:.. 'encodings'
IE_TRACE:                         12:35:32.411667 line       777 SOURCE IS UNAVAILABLE
IE_TRACE:                         12:35:32.411689 line       778 SOURCE IS UNAVAILABLE
IE_TRACE:                         Modified var:.. module = <module 'encodings.cp720' from '/usr/lib/python3.12/encodings/cp720.py'>
IE_TRACE:                         12:35:32.411710 line       782 SOURCE IS UNAVAILABLE
IE_TRACE:                         12:35:32.411735 line       783 SOURCE IS UNAVAILABLE
IE_TRACE:                         12:35:32.411755 line       790 SOURCE IS UNAVAILABLE
IE_TRACE:                             Starting var:.. self = ModuleSpec(name='encodings.cp720', loader=<_frozen_importlib_external.SourceFileLoader object at 0x76f56d1f78f0>, origin='/usr/lib/python3.12/encodings/cp720.py')
IE_TRACE:                             12:35:32.411776 call       653 SOURCE IS UNAVAILABLE
IE_TRACE:                             12:35:32.411796 line       655 SOURCE IS UNAVAILABLE
IE_TRACE:                             12:35:32.411812 return     655 SOURCE IS UNAVAILABLE
IE_TRACE:                             Return value:.. True
IE_TRACE:                         12:35:32.411833 line       791 SOURCE IS UNAVAILABLE
IE_TRACE:                         12:35:32.411854 line       792 SOURCE IS UNAVAILABLE
IE_TRACE:                         12:35:32.411874 line       793 SOURCE IS UNAVAILABLE
IE_TRACE:                         12:35:32.411895 line       797 SOURCE IS UNAVAILABLE
IE_TRACE:                         12:35:32.411916 line       798 SOURCE IS UNAVAILABLE
IE_TRACE:                             Starting var:.. self = ModuleSpec(name='encodings.cp720', loader=<_frozen_importlib_external.SourceFileLoader object at 0x76f56d1f78f0>, origin='/usr/lib/python3.12/encodings/cp720.py')
IE_TRACE:                             12:35:32.411937 call       632 SOURCE IS UNAVAILABLE
IE_TRACE:                             12:35:32.411956 line       634 SOURCE IS UNAVAILABLE
IE_TRACE:                             12:35:32.411972 line       635 SOURCE IS UNAVAILABLE
IE_TRACE:                             12:35:32.411988 line       636 SOURCE IS UNAVAILABLE
IE_TRACE:                             12:35:32.412004 line       638 SOURCE IS UNAVAILABLE
IE_TRACE:                                 Source path:... <frozen importlib._bootstrap_external>
IE_TRACE:                                 Starting var:.. filename = '/usr/lib/python3.12/encodings/cp720.py'
IE_TRACE:                                 12:35:32.412021 call       611 SOURCE IS UNAVAILABLE
IE_TRACE:                                 12:35:32.412044 line       612 SOURCE IS UNAVAILABLE
IE_TRACE:                                 12:35:32.412060 line       613 SOURCE IS UNAVAILABLE
IE_TRACE:                                 12:35:32.412076 line       614 SOURCE IS UNAVAILABLE
IE_TRACE:                                     Starting var:.. path = '/usr/lib/python3.12/encodings/cp720.py'
IE_TRACE:                                     Starting var:.. debug_override = None
IE_TRACE:                                     Starting var:.. optimization = None
IE_TRACE:                                     12:35:32.412093 call       482 SOURCE IS UNAVAILABLE
IE_TRACE:                                     12:35:32.412125 line       500 SOURCE IS UNAVAILABLE
IE_TRACE:                                     12:35:32.412147 line       507 SOURCE IS UNAVAILABLE
IE_TRACE:                                     12:35:32.412167 line       508 SOURCE IS UNAVAILABLE
IE_TRACE:                                     New var:....... head = '/usr/lib/python3.12/encodings'
IE_TRACE:                                     New var:....... tail = 'cp720.py'
IE_TRACE:                                     12:35:32.412214 line       509 SOURCE IS UNAVAILABLE
IE_TRACE:                                     New var:....... base = 'cp720'
IE_TRACE:                                     New var:....... sep = '.'
IE_TRACE:                                     New var:....... rest = 'py'
IE_TRACE:                                     12:35:32.412246 line       510 SOURCE IS UNAVAILABLE
IE_TRACE:                                     New var:....... tag = 'cpython-312'
IE_TRACE:                                     12:35:32.412284 line       511 SOURCE IS UNAVAILABLE
IE_TRACE:                                     12:35:32.412314 line       513 SOURCE IS UNAVAILABLE
IE_TRACE:                                     New var:....... almost_filename = 'cp720.cpython-312'
IE_TRACE:                                     12:35:32.412341 line       514 SOURCE IS UNAVAILABLE
IE_TRACE:                                     12:35:32.412372 line       515 SOURCE IS UNAVAILABLE
IE_TRACE:                                     12:35:32.412399 line       516 SOURCE IS UNAVAILABLE
IE_TRACE:                                     Modified var:.. optimization = ''
IE_TRACE:                                     12:35:32.412425 line       519 SOURCE IS UNAVAILABLE
IE_TRACE:                                     12:35:32.412456 line       520 SOURCE IS UNAVAILABLE
IE_TRACE:                                     12:35:32.412482 line       524 SOURCE IS UNAVAILABLE
IE_TRACE:                                     New var:....... filename = 'cp720.cpython-312.pyc'
IE_TRACE:                                     12:35:32.412509 line       525 SOURCE IS UNAVAILABLE
IE_TRACE:                                     12:35:32.412541 line       549 SOURCE IS UNAVAILABLE
IE_TRACE:                                     12:35:32.412579 return     549 SOURCE IS UNAVAILABLE
IE_TRACE:                                     Return value:.. '/usr/lib/python3.12/encodings/__pycache__/cp720.cpython-312.pyc'
IE_TRACE:                                 12:35:32.412613 return     614 SOURCE IS UNAVAILABLE
IE_TRACE:                                 Return value:.. '/usr/lib/python3.12/encodings/__pycache__/cp720.cpython-312.pyc'
IE_TRACE:                             Source path:... <frozen importlib._bootstrap>
IE_TRACE:                             12:35:32.412635 line       639 SOURCE IS UNAVAILABLE
IE_TRACE:                             12:35:32.412655 return     639 SOURCE IS UNAVAILABLE
IE_TRACE:                             Return value:.. '/usr/lib/python3.12/encodings/__pycache__/cp720.cpython-312.pyc'
IE_TRACE:                         12:35:32.412676 line       799 SOURCE IS UNAVAILABLE
IE_TRACE:                         12:35:32.412698 line       800 SOURCE IS UNAVAILABLE
IE_TRACE:                             Starting var:.. self = ModuleSpec(name='encodings.cp720', loader=<_frozen_importlib_external.SourceFileLoader object at 0x76f56d1f78f0>, origin='/usr/lib/python3.12/encodings/cp720.py')
IE_TRACE:                             12:35:32.412719 call       632 SOURCE IS UNAVAILABLE
IE_TRACE:                             12:35:32.412738 line       634 SOURCE IS UNAVAILABLE
IE_TRACE:                             12:35:32.412754 line       639 SOURCE IS UNAVAILABLE
IE_TRACE:                             12:35:32.412770 return     639 SOURCE IS UNAVAILABLE
IE_TRACE:                             Return value:.. '/usr/lib/python3.12/encodings/__pycache__/cp720.cpython-312.pyc'
IE_TRACE:                         12:35:32.412790 line       803 SOURCE IS UNAVAILABLE
IE_TRACE:                         12:35:32.412810 return     803 SOURCE IS UNAVAILABLE
IE_TRACE:                         Return value:.. <module 'encodings.cp720' from '/usr/lib/python3.12/encodings/cp720.py'>
IE_TRACE:                     Modified var:.. module = <module 'encodings.cp720' from '/usr/lib/python3.12/encodings/cp720.py'>
IE_TRACE:                     12:35:32.412836 line       820 SOURCE IS UNAVAILABLE
IE_TRACE:                     12:35:32.412857 return     820 SOURCE IS UNAVAILABLE
IE_TRACE:                     Return value:.. <module 'encodings.cp720' from '/usr/lib/python3.12/encodings/cp720.py'>
IE_TRACE:                 New var:....... module = <module 'encodings.cp720' from '/usr/lib/python3.12/encodings/cp720.py'>
IE_TRACE:                 12:35:32.412879 line       926 SOURCE IS UNAVAILABLE
IE_TRACE:                 12:35:32.412899 line       927 SOURCE IS UNAVAILABLE
IE_TRACE:                 12:35:32.412916 line       928 SOURCE IS UNAVAILABLE
IE_TRACE:                 12:35:32.412932 line       929 SOURCE IS UNAVAILABLE
IE_TRACE:                 12:35:32.412948 line       930 SOURCE IS UNAVAILABLE
IE_TRACE:                 12:35:32.412964 line       935 SOURCE IS UNAVAILABLE
IE_TRACE:                     Source path:... <frozen importlib._bootstrap_external>
IE_TRACE:                     Starting var:.. self = <_frozen_importlib_external.SourceFileLoader object at 0x76f56d1f78f0>
IE_TRACE:                     Starting var:.. module = <module 'encodings.cp720' from '/usr/lib/python3.12/encodings/cp720.py'>
IE_TRACE:                     12:35:32.412981 call       989 SOURCE IS UNAVAILABLE
IE_TRACE:                     12:35:32.413008 line       991 SOURCE IS UNAVAILABLE
IE_TRACE:                         Starting var:.. self = <_frozen_importlib_external.SourceFileLoader object at 0x76f56d1f78f0>
IE_TRACE:                         Starting var:.. fullname = 'encodings.cp720'
IE_TRACE:                         12:35:32.413028 call      1062 SOURCE IS UNAVAILABLE
IE_TRACE:                         12:35:32.413054 line      1069 SOURCE IS UNAVAILABLE
IE_TRACE:                             Starting var:.. self = <_frozen_importlib_external.SourceFileLoader object at 0x76f56d1f78f0>
IE_TRACE:                             Starting var:.. name = 'encodings.cp720'
IE_TRACE:                             Starting var:.. args = ()
IE_TRACE:                             Starting var:.. kwargs = {}
IE_TRACE:                             Starting var:.. method = <function FileLoader.get_filename at 0x76f5704eeca0>
IE_TRACE:                             12:35:32.413074 call       643 SOURCE IS UNAVAILABLE
IE_TRACE:                             12:35:32.413112 line       644 SOURCE IS UNAVAILABLE
IE_TRACE:                             12:35:32.413133 line       646 SOURCE IS UNAVAILABLE
IE_TRACE:                             12:35:32.413154 line       649 SOURCE IS UNAVAILABLE
IE_TRACE:                                 Starting var:.. self = <_frozen_importlib_external.SourceFileLoader object at 0x76f56d1f78f0>
IE_TRACE:                                 Starting var:.. fullname = 'encodings.cp720'
IE_TRACE:                                 12:35:32.413175 call      1178 SOURCE IS UNAVAILABLE
IE_TRACE:                                 12:35:32.413201 line      1181 SOURCE IS UNAVAILABLE
IE_TRACE:                                 12:35:32.413219 return    1181 SOURCE IS UNAVAILABLE
IE_TRACE:                                 Return value:.. '/usr/lib/python3.12/encodings/cp720.py'
IE_TRACE:                             12:35:32.413240 return     649 SOURCE IS UNAVAILABLE
IE_TRACE:                             Return value:.. '/usr/lib/python3.12/encodings/cp720.py'
IE_TRACE:                         New var:....... source_path = '/usr/lib/python3.12/encodings/cp720.py'
IE_TRACE:                         12:35:32.413265 line      1070 SOURCE IS UNAVAILABLE
IE_TRACE:                         New var:....... source_mtime = None
IE_TRACE:                         12:35:32.413289 line      1071 SOURCE IS UNAVAILABLE
IE_TRACE:                         New var:....... source_bytes = None
IE_TRACE:                         12:35:32.413313 line      1072 SOURCE IS UNAVAILABLE
IE_TRACE:                         New var:....... source_hash = None
IE_TRACE:                         12:35:32.413339 line      1073 SOURCE IS UNAVAILABLE
IE_TRACE:                         New var:....... hash_based = False
IE_TRACE:                         12:35:32.413366 line      1074 SOURCE IS UNAVAILABLE
IE_TRACE:                         New var:....... check_source = True
IE_TRACE:                         12:35:32.413393 line      1075 SOURCE IS UNAVAILABLE
IE_TRACE:                         12:35:32.413422 line      1076 SOURCE IS UNAVAILABLE
IE_TRACE:                             Starting var:.. path = '/usr/lib/python3.12/encodings/cp720.py'
IE_TRACE:                             Starting var:.. debug_override = None
IE_TRACE:                             Starting var:.. optimization = None
IE_TRACE:                             12:35:32.413447 call       482 SOURCE IS UNAVAILABLE
IE_TRACE:                             12:35:32.413477 line       500 SOURCE IS UNAVAILABLE
IE_TRACE:                             12:35:32.413497 line       507 SOURCE IS UNAVAILABLE
IE_TRACE:                             12:35:32.413517 line       508 SOURCE IS UNAVAILABLE
IE_TRACE:                                 Starting var:.. path = '/usr/lib/python3.12/encodings/cp720.py'
IE_TRACE:                                 12:35:32.413538 call       132 SOURCE IS UNAVAILABLE
IE_TRACE:                                 12:35:32.413559 line       134 SOURCE IS UNAVAILABLE
IE_TRACE:                                     Starting var:.. .0 = <str_ascii_iterator object at 0x76f56d1e8040>
IE_TRACE:                                     Starting var:.. path = '/usr/lib/python3.12/encodings/cp720.py'
IE_TRACE:                                     12:35:32.413578 call       134 SOURCE IS UNAVAILABLE
IE_TRACE:                                     12:35:32.413605 line       134 SOURCE IS UNAVAILABLE
IE_TRACE:                                     New var:....... p = '/'
IE_TRACE:                                     12:35:32.413625 return     134 SOURCE IS UNAVAILABLE
IE_TRACE:                                     Return value:.. 29
IE_TRACE:                                     Starting var:.. .0 = <str_ascii_iterator object at 0x76f56d1e8040>
IE_TRACE:                                     Starting var:.. p = '/'
IE_TRACE:                                     Starting var:.. path = '/usr/lib/python3.12/encodings/cp720.py'
IE_TRACE:                                     12:35:32.413653 call       134 SOURCE IS UNAVAILABLE
IE_TRACE:                                     12:35:32.413683 line       134 SOURCE IS UNAVAILABLE
IE_TRACE:                                     12:35:32.413703 return     134 SOURCE IS UNAVAILABLE
IE_TRACE:                                     Return value:.. None
IE_TRACE:                                 New var:....... i = 29
IE_TRACE:                                 12:35:32.413727 line       135 SOURCE IS UNAVAILABLE
IE_TRACE:                                 12:35:32.413748 line       137 SOURCE IS UNAVAILABLE
IE_TRACE:                                 12:35:32.413767 return     137 SOURCE IS UNAVAILABLE
IE_TRACE:                                 Return value:.. ('/usr/lib/python3.12/encodings', 'cp720.py')
IE_TRACE:                             New var:....... head = '/usr/lib/python3.12/encodings'
IE_TRACE:                             New var:....... tail = 'cp720.py'
IE_TRACE:                             12:35:32.413790 line       509 SOURCE IS UNAVAILABLE
IE_TRACE:                             New var:....... base = 'cp720'
IE_TRACE:                             New var:....... sep = '.'
IE_TRACE:                             New var:....... rest = 'py'
IE_TRACE:                             12:35:32.413820 line       510 SOURCE IS UNAVAILABLE
IE_TRACE:                             New var:....... tag = 'cpython-312'
IE_TRACE:                             12:35:32.413856 line       511 SOURCE IS UNAVAILABLE
IE_TRACE:                             12:35:32.413885 line       513 SOURCE IS UNAVAILABLE
IE_TRACE:                             New var:....... almost_filename = 'cp720.cpython-312'
IE_TRACE:                             12:35:32.413911 line       514 SOURCE IS UNAVAILABLE
IE_TRACE:                             12:35:32.413941 line       515 SOURCE IS UNAVAILABLE
IE_TRACE:                             12:35:32.413967 line       516 SOURCE IS UNAVAILABLE
IE_TRACE:                             Modified var:.. optimization = ''
IE_TRACE:                             12:35:32.413993 line       519 SOURCE IS UNAVAILABLE
IE_TRACE:                             12:35:32.414023 line       520 SOURCE IS UNAVAILABLE
IE_TRACE:                             12:35:32.414049 line       524 SOURCE IS UNAVAILABLE
IE_TRACE:                             New var:....... filename = 'cp720.cpython-312.pyc'
IE_TRACE:                             12:35:32.414075 line       525 SOURCE IS UNAVAILABLE
IE_TRACE:                             12:35:32.414106 line       549 SOURCE IS UNAVAILABLE
IE_TRACE:                                 Starting var:.. path_parts = ('/usr/lib/python3.12/encodings', '__pycache__', 'cp720.cpython-312.pyc')
IE_TRACE:                                 12:35:32.414134 call       126 SOURCE IS UNAVAILABLE
IE_TRACE:                                 12:35:32.414156 line       128 SOURCE IS UNAVAILABLE
IE_TRACE:                                 12:35:32.414173 line       129 SOURCE IS UNAVAILABLE
IE_TRACE:                                 12:35:32.414190 line       128 SOURCE IS UNAVAILABLE
IE_TRACE:                                 12:35:32.414209 line       129 SOURCE IS UNAVAILABLE
IE_TRACE:                                 New var:....... part = '/usr/lib/python3.12/encodings'
IE_TRACE:                                 12:35:32.414226 line       128 SOURCE IS UNAVAILABLE
IE_TRACE:                                 12:35:32.414247 line       128 SOURCE IS UNAVAILABLE
IE_TRACE:                                 12:35:32.414265 line       129 SOURCE IS UNAVAILABLE
IE_TRACE:                                 Modified var:.. part = '__pycache__'
IE_TRACE:                                 12:35:32.414283 line       128 SOURCE IS UNAVAILABLE
IE_TRACE:                                 12:35:32.414304 line       128 SOURCE IS UNAVAILABLE
IE_TRACE:                                 12:35:32.414322 line       129 SOURCE IS UNAVAILABLE
IE_TRACE:                                 Modified var:.. part = 'cp720.cpython-312.pyc'
IE_TRACE:                                 12:35:32.414339 line       128 SOURCE IS UNAVAILABLE
IE_TRACE:                                 12:35:32.414360 line       128 SOURCE IS UNAVAILABLE
IE_TRACE:                                 12:35:32.414378 return     128 SOURCE IS UNAVAILABLE
IE_TRACE:                                 Return value:.. '/usr/lib/python3.12/encodings/__pycache__/cp720.cpython-312.pyc'
IE_TRACE:                             12:35:32.414400 return     549 SOURCE IS UNAVAILABLE
IE_TRACE:                             Return value:.. '/usr/lib/python3.12/encodings/__pycache__/cp720.cpython-312.pyc'
IE_TRACE:                         New var:....... bytecode_path = '/usr/lib/python3.12/encodings/__pycache__/cp720.cpython-312.pyc'
IE_TRACE:                         12:35:32.414433 line      1080 SOURCE IS UNAVAILABLE
IE_TRACE:                         12:35:32.414463 line      1081 SOURCE IS UNAVAILABLE
IE_TRACE:                             Starting var:.. self = <_frozen_importlib_external.SourceFileLoader object at 0x76f56d1f78f0>
IE_TRACE:                             Starting var:.. path = '/usr/lib/python3.12/encodings/cp720.py'
IE_TRACE:                             12:35:32.414490 call      1202 SOURCE IS UNAVAILABLE
IE_TRACE:                             12:35:32.414514 line      1204 SOURCE IS UNAVAILABLE
IE_TRACE:                                 Starting var:.. path = '/usr/lib/python3.12/encodings/cp720.py'
IE_TRACE:                                 12:35:32.414531 call       140 SOURCE IS UNAVAILABLE
IE_TRACE:                                 12:35:32.414550 line       147 SOURCE IS UNAVAILABLE
IE_TRACE:                                 12:35:32.414568 return     147 SOURCE IS UNAVAILABLE
IE_TRACE:                                 Return value:.. os.stat_result(st_mode=33188, st_ino=527526, st_dev=66309, st_nlink=1, st_uid=0, st_gid=0, st_size=13686, st_atime=1775119205, st_mtime=1772540118, st_ctime=1775119204)
IE_TRACE:                             New var:....... st = os.stat_result(st_mode=33188, st_ino=527526, st_dev=66309, st_nlink=1, st_uid=0, st_gid=0, st_size=13686, st_atime=1775119205, st_mtime=1772540118, st_ctime=1775119204)
IE_TRACE:                             12:35:32.414591 line      1205 SOURCE IS UNAVAILABLE
IE_TRACE:                             12:35:32.414615 return    1205 SOURCE IS UNAVAILABLE
IE_TRACE:                             Return value:.. {'mtime': 1772540118.0, 'size': 13686}
IE_TRACE:                         New var:....... st = {'mtime': 1772540118.0, 'size': 13686}
IE_TRACE:                         12:35:32.414641 line      1085 SOURCE IS UNAVAILABLE
IE_TRACE:                         Modified var:.. source_mtime = 1772540118
IE_TRACE:                         12:35:32.414673 line      1086 SOURCE IS UNAVAILABLE
IE_TRACE:                         12:35:32.414704 line      1087 SOURCE IS UNAVAILABLE
IE_TRACE:                             Starting var:.. self = <_frozen_importlib_external.SourceFileLoader object at 0x76f56d1f78f0>
IE_TRACE:                             Starting var:.. path = '/usr/lib/python3.12/encodings/__pycache__/cp720.cpython-312.pyc'
IE_TRACE:                             12:35:32.414733 call      1183 SOURCE IS UNAVAILABLE
IE_TRACE:                             12:35:32.414757 line      1185 SOURCE IS UNAVAILABLE
IE_TRACE:                             12:35:32.414775 line      1186 SOURCE IS UNAVAILABLE
IE_TRACE:                             New var:....... file = <_io.BufferedReader name='/usr/lib/python3.12/encodings/__pycache__/cp720.cpython-312.pyc'>
IE_TRACE:                             12:35:32.414804 line      1187 SOURCE IS UNAVAILABLE
IE_TRACE:                             12:35:32.414997 line      1186 SOURCE IS UNAVAILABLE
IE_TRACE:                             12:35:32.415022 return    1186 SOURCE IS UNAVAILABLE
IE_TRACE:                             Return value:.. bytes(len=3204)
IE_TRACE:                         New var:....... data = bytes(len=3204)
IE_TRACE:                         12:35:32.415049 line      1092 SOURCE IS UNAVAILABLE
IE_TRACE:                         12:35:32.415083 line      1093 SOURCE IS UNAVAILABLE
IE_TRACE:                         12:35:32.415113 line      1091 SOURCE IS UNAVAILABLE
IE_TRACE:                         New var:....... exc_details = {'name': 'encodings.cp720', 'path': '/usr/lib/python3.12/encodings/__pycache__/cp720.cpython-312.pyc'}
IE_TRACE:                         12:35:32.415142 line      1095 SOURCE IS UNAVAILABLE
IE_TRACE:                         12:35:32.415176 line      1096 SOURCE IS UNAVAILABLE
IE_TRACE:                             Starting var:.. data = bytes(len=3204)
IE_TRACE:                             Starting var:.. name = 'encodings.cp720'
IE_TRACE:                             Starting var:.. exc_details = {'name': 'encodings.cp720', 'path': '/usr/lib/python3.12/encodings/__pycache__/cp720.cpython-312.pyc'}
IE_TRACE:                             12:35:32.415211 call       666 SOURCE IS UNAVAILABLE
IE_TRACE:                             12:35:32.415240 line       682 SOURCE IS UNAVAILABLE
IE_TRACE:                             New var:....... magic = b'\xcb\r\r\n'
IE_TRACE:                             12:35:32.415260 line       683 SOURCE IS UNAVAILABLE
IE_TRACE:                             12:35:32.415285 line       687 SOURCE IS UNAVAILABLE
IE_TRACE:                             12:35:32.415305 line       691 SOURCE IS UNAVAILABLE
IE_TRACE:                                 Starting var:.. data = b'\x00\x00\x00\x00'
IE_TRACE:                                 12:35:32.415326 call        84 SOURCE IS UNAVAILABLE
IE_TRACE:                                 12:35:32.415346 line        86 SOURCE IS UNAVAILABLE
IE_TRACE:                                 12:35:32.415363 line        87 SOURCE IS UNAVAILABLE
IE_TRACE:                                 12:35:32.415380 return      87 SOURCE IS UNAVAILABLE
IE_TRACE:                                 Return value:.. 0
IE_TRACE:                             New var:....... flags = 0
IE_TRACE:                             12:35:32.415401 line       693 SOURCE IS UNAVAILABLE
IE_TRACE:                             12:35:32.415427 line       696 SOURCE IS UNAVAILABLE
IE_TRACE:                             12:35:32.415448 return     696 SOURCE IS UNAVAILABLE
IE_TRACE:                             Return value:.. 0
IE_TRACE:                         New var:....... flags = 0
IE_TRACE:                         12:35:32.415474 line      1097 SOURCE IS UNAVAILABLE
IE_TRACE:                         New var:....... bytes_data = <memory at 0x76f56d338a00>
IE_TRACE:                         12:35:32.415509 line      1098 SOURCE IS UNAVAILABLE
IE_TRACE:                         12:35:32.415545 line      1099 SOURCE IS UNAVAILABLE
IE_TRACE:                         12:35:32.415577 line      1112 SOURCE IS UNAVAILABLE
IE_TRACE:                         12:35:32.415609 line      1113 SOURCE IS UNAVAILABLE
IE_TRACE:                         12:35:32.415639 line      1114 SOURCE IS UNAVAILABLE
IE_TRACE:                         12:35:32.415670 line      1115 SOURCE IS UNAVAILABLE
IE_TRACE:                         12:35:32.415701 line      1116 SOURCE IS UNAVAILABLE
IE_TRACE:                         12:35:32.415732 line      1117 SOURCE IS UNAVAILABLE
IE_TRACE:                         12:35:32.415763 line      1112 SOURCE IS UNAVAILABLE
IE_TRACE:                             Starting var:.. data = bytes(len=3204)
IE_TRACE:                             Starting var:.. source_mtime = 1772540118
IE_TRACE:                             Starting var:.. source_size = 13686
IE_TRACE:                             Starting var:.. name = 'encodings.cp720'
IE_TRACE:                             Starting var:.. exc_details = {'name': 'encodings.cp720', 'path': '/usr/lib/python3.12/encodings/__pycache__/cp720.cpython-312.pyc'}
IE_TRACE:                             12:35:32.415794 call       699 SOURCE IS UNAVAILABLE
IE_TRACE:                             12:35:32.415832 line       718 SOURCE IS UNAVAILABLE
IE_TRACE:                                 Starting var:.. data = b'\xd6\xd0\xa6i'
IE_TRACE:                                 12:35:32.415854 call        84 SOURCE IS UNAVAILABLE
IE_TRACE:                                 12:35:32.415874 line        86 SOURCE IS UNAVAILABLE
IE_TRACE:                                 12:35:32.415890 line        87 SOURCE IS UNAVAILABLE
IE_TRACE:                                 12:35:32.415906 return      87 SOURCE IS UNAVAILABLE
IE_TRACE:                                 Return value:.. 1772540118
IE_TRACE:                             12:35:32.415927 line       722 SOURCE IS UNAVAILABLE
IE_TRACE:                             12:35:32.415949 line       723 SOURCE IS UNAVAILABLE
IE_TRACE:                                 Starting var:.. data = b'v5\x00\x00'
IE_TRACE:                                 12:35:32.415971 call        84 SOURCE IS UNAVAILABLE
IE_TRACE:                                 12:35:32.415990 line        86 SOURCE IS UNAVAILABLE
IE_TRACE:                                 12:35:32.416006 line        87 SOURCE IS UNAVAILABLE
IE_TRACE:                                 12:35:32.416022 return      87 SOURCE IS UNAVAILABLE
IE_TRACE:                                 Return value:.. 13686
IE_TRACE:                             12:35:32.416043 return     723 SOURCE IS UNAVAILABLE
IE_TRACE:                             Return value:.. None
IE_TRACE:                         12:35:32.416070 line      1122 SOURCE IS UNAVAILABLE
IE_TRACE:                         12:35:32.416102 line      1123 SOURCE IS UNAVAILABLE
IE_TRACE:                         12:35:32.416134 line      1122 SOURCE IS UNAVAILABLE
IE_TRACE:                             Source path:... <frozen importlib._bootstrap>
IE_TRACE:                             Starting var:.. message = '{} matches {}'
IE_TRACE:                             Starting var:.. verbosity = 1
IE_TRACE:                             Starting var:.. args = ('/usr/lib/python3.12/encodings/__pycache__/cp720.cpython-312.pyc', '/usr/lib/python3.12/encodings/cp720.py')
IE_TRACE:                             12:35:32.416166 call       491 SOURCE IS UNAVAILABLE
IE_TRACE:                             12:35:32.416202 line       493 SOURCE IS UNAVAILABLE
IE_TRACE:                             12:35:32.416221 return     493 SOURCE IS UNAVAILABLE
IE_TRACE:                             Return value:.. None
IE_TRACE:                         Source path:... <frozen importlib._bootstrap_external>
IE_TRACE:                         12:35:32.416245 line      1124 SOURCE IS UNAVAILABLE
IE_TRACE:                         12:35:32.416281 line      1125 SOURCE IS UNAVAILABLE
IE_TRACE:                         12:35:32.416312 line      1126 SOURCE IS UNAVAILABLE
IE_TRACE:                         12:35:32.416342 line      1124 SOURCE IS UNAVAILABLE
IE_TRACE:                             Starting var:.. data = <memory at 0x76f56d338a00>
IE_TRACE:                             Starting var:.. name = 'encodings.cp720'
IE_TRACE:                             Starting var:.. bytecode_path = '/usr/lib/python3.12/encodings/__pycache__/cp720.cpython-312.pyc'
IE_TRACE:                             Starting var:.. source_path = '/usr/lib/python3.12/encodings/cp720.py'
IE_TRACE:                             12:35:32.416374 call       751 SOURCE IS UNAVAILABLE
IE_TRACE:                             12:35:32.416407 line       753 SOURCE IS UNAVAILABLE
IE_TRACE:                             New var:....... code = <code object <module> at 0x76f56d591e30, file "/usr/lib/python3.12/encodings/cp720.py", line 1>
IE_TRACE:                             12:35:32.416452 line       754 SOURCE IS UNAVAILABLE
IE_TRACE:                             12:35:32.416478 line       755 SOURCE IS UNAVAILABLE
IE_TRACE:                                 Source path:... <frozen importlib._bootstrap>
IE_TRACE:                                 Starting var:.. message = 'code object from {!r}'
IE_TRACE:                                 Starting var:.. verbosity = 1
IE_TRACE:                                 Starting var:.. args = ('/usr/lib/python3.12/encodings/__pycache__/cp720.cpython-312.pyc',)
IE_TRACE:                                 12:35:32.416500 call       491 SOURCE IS UNAVAILABLE
IE_TRACE:                                 12:35:32.416533 line       493 SOURCE IS UNAVAILABLE
IE_TRACE:                                 12:35:32.416552 return     493 SOURCE IS UNAVAILABLE
IE_TRACE:                                 Return value:.. None
IE_TRACE:                             Source path:... <frozen importlib._bootstrap_external>
IE_TRACE:                             12:35:32.416576 line       756 SOURCE IS UNAVAILABLE
IE_TRACE:                             12:35:32.416600 line       757 SOURCE IS UNAVAILABLE
IE_TRACE:                             12:35:32.416621 line       758 SOURCE IS UNAVAILABLE
IE_TRACE:                             12:35:32.416641 return     758 SOURCE IS UNAVAILABLE
IE_TRACE:                             Return value:.. <code object <module> at 0x76f56d591e30, file "/usr/lib/python3.12/encodings/cp720.py", line 1>
IE_TRACE:                         12:35:32.416667 return    1124 SOURCE IS UNAVAILABLE
IE_TRACE:                         Return value:.. <code object <module> at 0x76f56d591e30, file "/usr/lib/python3.12/encodings/cp720.py", line 1>
IE_TRACE:                     New var:....... code = <code object <module> at 0x76f56d591e30, file "/usr/lib/python3.12/encodings/cp720.py", line 1>
IE_TRACE:                     12:35:32.416704 line       992 SOURCE IS UNAVAILABLE
IE_TRACE:                     12:35:32.416727 line       995 SOURCE IS UNAVAILABLE
IE_TRACE:                         Source path:... <frozen importlib._bootstrap>
IE_TRACE:                         Starting var:.. f = <built-in function exec>
IE_TRACE:                         Starting var:.. args = (<code object <module> at 0x76f56d591e30, file "/usr/lib/python3.12/encodings/cp720.py", line 1>, {'__name__': 'encodings.cp720', '__doc__': None, '__package__': 'encodings', '__loader__': <_frozen_importlib_external.SourceFileLoader object at 0x76..._importlib_external.SourceFileLoader object at 0x76f56d1f78f0>, origin='/usr/lib/python3.12/encodings/cp720.py'), '__file__': '/usr/lib/python3.12/encodings/cp720.py', '__cached__': '/usr/lib/python3.12/encodings/__pycache__/cp720.cpython-312.pyc'})
IE_TRACE:                         Starting var:.. kwds = {}
IE_TRACE:                         12:35:32.416745 call       480 SOURCE IS UNAVAILABLE
IE_TRACE:                         12:35:32.416786 line       488 SOURCE IS UNAVAILABLE
IE_TRACE:                             Source path:... /usr/lib/python3.12/encodings/cp720.py
IE_TRACE:                             Starting var:.. __name__ = 'encodings.cp720'
IE_TRACE:                             Starting var:.. __doc__ = None
IE_TRACE:                             Starting var:.. __package__ = 'encodings'
IE_TRACE:                             Starting var:.. __loader__ = <_frozen_importlib_external.SourceFileLoader object at 0x76f56d1f78f0>
IE_TRACE:                             Starting var:.. __spec__ = ModuleSpec(name='encodings.cp720', loader=<_frozen_importlib_external.SourceFileLoader object at 0x76f56d1f78f0>, origin='/usr/lib/python3.12/encodings/cp720.py')
IE_TRACE:                             Starting var:.. __file__ = '/usr/lib/python3.12/encodings/cp720.py'
IE_TRACE:                             Starting var:.. __cached__ = '/usr/lib/python3.12/encodings/__pycache__/cp720.cpython-312.pyc'
IE_TRACE:                             Starting var:.. __builtins__ = dict(len=157)
IE_TRACE:                             12:35:32.416814 call         0 encoding_table=codecs.charmap_build(decoding_table)
IE_TRACE:                             12:35:32.417018 line         1 """Python Character Mapping Codec cp720 generated on Windows:
IE_TRACE:                             Modified var:.. __doc__ = 'Python Character Mapping Codec cp720 generated on Windows:\nVista 6.0.6002 SP2 Multiprocessor Free with the command:\n  python Tools/unicode/genwincodec.py 720\n'
IE_TRACE:                             12:35:32.417047 line         7 import codecs
IE_TRACE:                             New var:....... codecs = <module 'codecs' (frozen)>
IE_TRACE:                             12:35:32.417077 line        11 class Codec(codecs.Codec):
IE_TRACE:                                 12:35:32.417112 call        11 class Codec(codecs.Codec):
IE_TRACE:                                 12:35:32.417128 line        11 class Codec(codecs.Codec):
IE_TRACE:                                 New var:....... __module__ = 'encodings.cp720'
IE_TRACE:                                 New var:....... __qualname__ = 'Codec'
IE_TRACE:                                 12:35:32.417143 line        13     def encode(self,input,errors='strict'):
IE_TRACE:                                 New var:....... encode = <function Codec.encode at 0x76f56d3d8f40>
IE_TRACE:                                 12:35:32.417169 line        16     def decode(self,input,errors='strict'):
IE_TRACE:                                 New var:....... decode = <function Codec.decode at 0x76f56d3d8fe0>
IE_TRACE:                                 12:35:32.417191 return      16     def decode(self,input,errors='strict'):
IE_TRACE:                                 Return value:.. None
IE_TRACE:                             New var:....... Codec = <class 'encodings.cp720.Codec'>
IE_TRACE:                             12:35:32.417237 line        19 class IncrementalEncoder(codecs.IncrementalEncoder):
IE_TRACE:                                 12:35:32.417273 call        19 class IncrementalEncoder(codecs.IncrementalEncoder):
IE_TRACE:                                 12:35:32.417288 line        19 class IncrementalEncoder(codecs.IncrementalEncoder):
IE_TRACE:                                 New var:....... __module__ = 'encodings.cp720'
IE_TRACE:                                 New var:....... __qualname__ = 'IncrementalEncoder'
IE_TRACE:                                 12:35:32.417303 line        20     def encode(self, input, final=False):
IE_TRACE:                                 New var:....... encode = <function IncrementalEncoder.encode at 0x76f56d3d9080>
IE_TRACE:                                 12:35:32.417326 return      20     def encode(self, input, final=False):
IE_TRACE:                                 Return value:.. None
IE_TRACE:                             New var:....... IncrementalEncoder = <class 'encodings.cp720.IncrementalEncoder'>
IE_TRACE:                             12:35:32.417362 line        23 class IncrementalDecoder(codecs.IncrementalDecoder):
IE_TRACE:                                 12:35:32.417399 call        23 class IncrementalDecoder(codecs.IncrementalDecoder):
IE_TRACE:                                 12:35:32.417413 line        23 class IncrementalDecoder(codecs.IncrementalDecoder):
IE_TRACE:                                 New var:....... __module__ = 'encodings.cp720'
IE_TRACE:                                 New var:....... __qualname__ = 'IncrementalDecoder'
IE_TRACE:                                 12:35:32.417428 line        24     def decode(self, input, final=False):
IE_TRACE:                                 New var:....... decode = <function IncrementalDecoder.decode at 0x76f56d3d9120>
IE_TRACE:                                 12:35:32.417451 return      24     def decode(self, input, final=False):
IE_TRACE:                                 Return value:.. None
IE_TRACE:                             New var:....... IncrementalDecoder = <class 'encodings.cp720.IncrementalDecoder'>
IE_TRACE:                             12:35:32.417485 line        27 class StreamWriter(Codec,codecs.StreamWriter):
IE_TRACE:                                 12:35:32.417521 call        27 class StreamWriter(Codec,codecs.StreamWriter):
IE_TRACE:                                 12:35:32.417535 line        27 class StreamWriter(Codec,codecs.StreamWriter):
IE_TRACE:                                 New var:....... __module__ = 'encodings.cp720'
IE_TRACE:                                 New var:....... __qualname__ = 'StreamWriter'
IE_TRACE:                                 12:35:32.417550 line        28     pass
IE_TRACE:                                 12:35:32.417573 return      28     pass
IE_TRACE:                                 Return value:.. None
IE_TRACE:                             New var:....... StreamWriter = <class 'encodings.cp720.StreamWriter'>
IE_TRACE:                             12:35:32.417607 line        30 class StreamReader(Codec,codecs.StreamReader):
IE_TRACE:                                 12:35:32.417644 call        30 class StreamReader(Codec,codecs.StreamReader):
IE_TRACE:                                 12:35:32.417659 line        30 class StreamReader(Codec,codecs.StreamReader):
IE_TRACE:                                 New var:....... __module__ = 'encodings.cp720'
IE_TRACE:                                 New var:....... __qualname__ = 'StreamReader'
IE_TRACE:                                 12:35:32.417673 line        31     pass
IE_TRACE:                                 12:35:32.417696 return      31     pass
IE_TRACE:                                 Return value:.. None
IE_TRACE:                             New var:....... StreamReader = <class 'encodings.cp720.StreamReader'>
IE_TRACE:                             12:35:32.417727 line        35 def getregentry():
IE_TRACE:                             New var:....... getregentry = <function getregentry at 0x76f56d3d8ea0>
IE_TRACE:                             12:35:32.417763 line        50     '\x00'      #  0x00 -> CONTROL CHARACTER
IE_TRACE:                             12:35:32.417800 line        49 decoding_table = (
IE_TRACE:                             New var:....... decoding_table = '\x00\x01\x02\x03\x04\x05\x06\x07\x08\t\n\x0b\x0c\r\x0e\x0f\x10\x11\x12\x13\x14\x15\x16\x17\x18\x19\x1a\x1b\x1c\x1d\x1e\x1f !"#$%&\'()*+,-./0123456789:;<=>?@ABCDEFGHIJKLMNOPQRSTUVWXYZ[\\]^_`abcdefghijklmnopqrstuvwxyz{|}~\x7f\x80\x81éâ\x84à\x86çêëèïî\x8d\x8e\x8f\x90ّْô¤ـûùءآأؤ£إئابةتثجحخدذرزسشص«»░▒▓│┤╡╢╖╕╣║╗╝╜╛┐└┴┬├─┼╞╟╚╔╩╦╠═╬╧╨╤╥╙╘╒╓╫╪┘┌█▄▌▐▀ضطظعغفµقكلمنهوىي≡ًٌٍَُِ≈°∙·√ⁿ²■\xa0'
IE_TRACE:                             12:35:32.417834 line       309 encoding_table=codecs.charmap_build(decoding_table)
IE_TRACE:                             New var:....... encoding_table = <EncodingMap object at 0xa637040>
IE_TRACE:                             12:35:32.417882 return     309 encoding_table=codecs.charmap_build(decoding_table)
IE_TRACE:                             Return value:.. None
IE_TRACE:                         Source path:... <frozen importlib._bootstrap>
IE_TRACE:                         Modified var:.. args = (<code object <module> at 0x76f56d591e30, file "/usr/lib/python3.12/encodings/cp720.py", line 1>, {'__name__': 'encodings.cp720', '__doc__': 'Python Character Mapping Codec cp720 generated on Windows:\nVista 6.0.6002 SP2 Multiprocessor Free with th...]^_`abcdefghijklmnopqrstuvwxyz{|}~\x7f\x80\x81éâ\x84à\x86çêëèïî\x8d\x8e\x8f\x90ّْô¤ـûùءآأؤ£إئابةتثجحخدذرزسشص«»░▒▓│┤╡╢╖╕╣║╗╝╜╛┐└┴┬├─┼╞╟╚╔╩╦╠═╬╧╨╤╥╙╘╒╓╫╪┘┌█▄▌▐▀ضطظعغفµقكلمنهوىي≡ًٌٍَُِ≈°∙·√ⁿ²■\xa0', 'encoding_table': <EncodingMap object at 0xa637040>})
IE_TRACE:                         12:35:32.417932 return     488 SOURCE IS UNAVAILABLE
IE_TRACE:                         Return value:.. None
IE_TRACE:                     Source path:... <frozen importlib._bootstrap_external>
IE_TRACE:                     12:35:32.418032 return     995 SOURCE IS UNAVAILABLE
IE_TRACE:                     Return value:.. None
IE_TRACE:                 Source path:... <frozen importlib._bootstrap>
IE_TRACE:                 12:35:32.418062 line       946 SOURCE IS UNAVAILABLE
IE_TRACE:                 12:35:32.418086 line       947 SOURCE IS UNAVAILABLE
IE_TRACE:                 12:35:32.418104 line       948 SOURCE IS UNAVAILABLE
IE_TRACE:                     Starting var:.. message = 'import {!r} # {!r}'
IE_TRACE:                     Starting var:.. verbosity = 1
IE_TRACE:                     Starting var:.. args = ('encodings.cp720', <_frozen_importlib_external.SourceFileLoader object at 0x76f56d1f78f0>)
IE_TRACE:                     12:35:32.418123 call       491 SOURCE IS UNAVAILABLE
IE_TRACE:                     12:35:32.418152 line       493 SOURCE IS UNAVAILABLE
IE_TRACE:                     12:35:32.418170 return     493 SOURCE IS UNAVAILABLE
IE_TRACE:                     Return value:.. None
IE_TRACE:                 12:35:32.418194 line       950 SOURCE IS UNAVAILABLE
IE_TRACE:                 12:35:32.418212 line       952 SOURCE IS UNAVAILABLE
IE_TRACE:                 12:35:32.418229 return     952 SOURCE IS UNAVAILABLE
IE_TRACE:                 Return value:.. <module 'encodings.cp720' from '/usr/lib/python3.12/encodings/cp720.py'>
IE_TRACE:             New var:....... module = <module 'encodings.cp720' from '/usr/lib/python3.12/encodings/cp720.py'>
IE_TRACE:             12:35:32.418252 line      1333 SOURCE IS UNAVAILABLE
IE_TRACE:             12:35:32.418286 line      1334 SOURCE IS UNAVAILABLE
IE_TRACE:             12:35:32.418314 line      1335 SOURCE IS UNAVAILABLE
IE_TRACE:             12:35:32.418341 line      1337 SOURCE IS UNAVAILABLE
IE_TRACE:             12:35:32.418367 line      1338 SOURCE IS UNAVAILABLE
IE_TRACE:             12:35:32.418393 line      1339 SOURCE IS UNAVAILABLE
IE_TRACE:             12:35:32.418420 line      1343 SOURCE IS UNAVAILABLE
IE_TRACE:             12:35:32.418446 return    1343 SOURCE IS UNAVAILABLE
IE_TRACE:             Return value:.. <module 'encodings.cp720' from '/usr/lib/python3.12/encodings/cp720.py'>
IE_TRACE:         12:35:32.418478 line      1357 SOURCE IS UNAVAILABLE
IE_TRACE:             Starting var:.. self = <_frozen_importlib._ModuleLockManager object at 0x76f56d1e84d0>
IE_TRACE:             Starting var:.. args = (None, None, None)
IE_TRACE:             Starting var:.. kwargs = {}
IE_TRACE:             12:35:32.418495 call       420 SOURCE IS UNAVAILABLE
IE_TRACE:             12:35:32.418521 line       421 SOURCE IS UNAVAILABLE
IE_TRACE:                 Starting var:.. self = _ModuleLock('encodings.cp720') at 130796470804432
IE_TRACE:                 12:35:32.418538 call       372 SOURCE IS UNAVAILABLE
IE_TRACE:                 12:35:32.418556 line       373 SOURCE IS UNAVAILABLE
IE_TRACE:                 New var:....... tid = 130796523647104
IE_TRACE:                 12:35:32.418570 line       374 SOURCE IS UNAVAILABLE
IE_TRACE:                 12:35:32.418589 line       375 SOURCE IS UNAVAILABLE
IE_TRACE:                 12:35:32.418603 line       377 SOURCE IS UNAVAILABLE
IE_TRACE:                 12:35:32.418617 line       378 SOURCE IS UNAVAILABLE
IE_TRACE:                 12:35:32.418631 line       379 SOURCE IS UNAVAILABLE
IE_TRACE:                 12:35:32.418644 line       380 SOURCE IS UNAVAILABLE
IE_TRACE:                 12:35:32.418658 line       381 SOURCE IS UNAVAILABLE
IE_TRACE:                 12:35:32.418672 line       374 SOURCE IS UNAVAILABLE
IE_TRACE:                 12:35:32.418686 return     374 SOURCE IS UNAVAILABLE
IE_TRACE:                 Return value:.. None
IE_TRACE:             12:35:32.418705 return     421 SOURCE IS UNAVAILABLE
IE_TRACE:             Return value:.. None
IE_TRACE:             Starting var:.. ref = <weakref at 0x76f56d1eed90; dead>
IE_TRACE:             Starting var:.. name = 'encodings.cp720'
IE_TRACE:             12:35:32.418726 call       445 SOURCE IS UNAVAILABLE
IE_TRACE:             12:35:32.418749 line       446 SOURCE IS UNAVAILABLE
IE_TRACE:             12:35:32.418764 line       447 SOURCE IS UNAVAILABLE
IE_TRACE:             12:35:32.418778 line       451 SOURCE IS UNAVAILABLE
IE_TRACE:             12:35:32.418791 line       452 SOURCE IS UNAVAILABLE
IE_TRACE:             12:35:32.418805 line       454 SOURCE IS UNAVAILABLE
IE_TRACE:             12:35:32.418818 return     454 SOURCE IS UNAVAILABLE
IE_TRACE:             Return value:.. None
IE_TRACE:         12:35:32.418837 return    1357 SOURCE IS UNAVAILABLE
IE_TRACE:         Return value:.. <module 'encodings.cp720' from '/usr/lib/python3.12/encodings/cp720.py'>
IE_TRACE:     Source path:... /usr/lib/python3.12/encodings/__init__.py
IE_TRACE:     New var:....... mod = <module 'encodings.cp720' from '/usr/lib/python3.12/encodings/cp720.py'>
IE_TRACE:     12:35:32.418861 line       106             break
IE_TRACE:     12:35:32.418893 line       110     try:
IE_TRACE:     12:35:32.418914 line       111         getregentry = mod.getregentry
IE_TRACE:     New var:....... getregentry = <function getregentry at 0x76f56d3d8ea0>
IE_TRACE:     12:35:32.418935 line       116     if mod is None:
IE_TRACE:     12:35:32.418960 line       122     entry = getregentry()
IE_TRACE:         Source path:... /usr/lib/python3.12/encodings/cp720.py
IE_TRACE:         12:35:32.418983 call        35 def getregentry():
IE_TRACE:         12:35:32.419000 line        36     return codecs.CodecInfo(
IE_TRACE:         12:35:32.419011 line        37         name='cp720',
IE_TRACE:         12:35:32.419021 line        38         encode=Codec().encode,
IE_TRACE:         12:35:32.419032 line        39         decode=Codec().decode,
IE_TRACE:         12:35:32.419042 line        40         incrementalencoder=IncrementalEncoder,
IE_TRACE:         12:35:32.419052 line        41         incrementaldecoder=IncrementalDecoder,
IE_TRACE:         12:35:32.419062 line        42         streamreader=StreamReader,
IE_TRACE:         12:35:32.419072 line        43         streamwriter=StreamWriter,
IE_TRACE:         12:35:32.419081 line        36     return codecs.CodecInfo(
IE_TRACE:             Source path:... <frozen codecs>
IE_TRACE:             Starting var:.. cls = <class 'codecs.CodecInfo'>
IE_TRACE:             Starting var:.. encode = <bound method Codec.encode of <encodings.cp720.Codec object at 0x76f56d1ebd70>>
IE_TRACE:             Starting var:.. decode = <bound method Codec.decode of <encodings.cp720.Codec object at 0x76f56d2e1fd0>>
IE_TRACE:             Starting var:.. streamreader = <class 'encodings.cp720.StreamReader'>
IE_TRACE:             Starting var:.. streamwriter = <class 'encodings.cp720.StreamWriter'>
IE_TRACE:             Starting var:.. incrementalencoder = <class 'encodings.cp720.IncrementalEncoder'>
IE_TRACE:             Starting var:.. incrementaldecoder = <class 'encodings.cp720.IncrementalDecoder'>
IE_TRACE:             Starting var:.. name = 'cp720'
IE_TRACE:             Starting var:.. _is_text_encoding = None
IE_TRACE:             12:35:32.419094 call        94 SOURCE IS UNAVAILABLE
IE_TRACE:             12:35:32.419155 line        97 SOURCE IS UNAVAILABLE
IE_TRACE:             New var:....... self = REPR FAILED
IE_TRACE:             12:35:32.419180 line        98 SOURCE IS UNAVAILABLE
IE_TRACE:             Modified var:.. self = <codecs.CodecInfo object for encoding cp720 at 0x76f56d2163f0>
IE_TRACE:             12:35:32.419215 line        99 SOURCE IS UNAVAILABLE
IE_TRACE:             12:35:32.419245 line       100 SOURCE IS UNAVAILABLE
IE_TRACE:             12:35:32.419269 line       101 SOURCE IS UNAVAILABLE
IE_TRACE:             12:35:32.419292 line       102 SOURCE IS UNAVAILABLE
IE_TRACE:             12:35:32.419316 line       103 SOURCE IS UNAVAILABLE
IE_TRACE:             12:35:32.419339 line       104 SOURCE IS UNAVAILABLE
IE_TRACE:             12:35:32.419361 line       105 SOURCE IS UNAVAILABLE
IE_TRACE:             12:35:32.419384 line       107 SOURCE IS UNAVAILABLE
IE_TRACE:             12:35:32.419406 return     107 SOURCE IS UNAVAILABLE
IE_TRACE:             Return value:.. <codecs.CodecInfo object for encoding cp720 at 0x76f56d2163f0>
IE_TRACE:         Source path:... /usr/lib/python3.12/encodings/cp720.py
IE_TRACE:         12:35:32.419436 return      36     return codecs.CodecInfo(
IE_TRACE:         Return value:.. <codecs.CodecInfo object for encoding cp720 at 0x76f56d2163f0>
IE_TRACE:     Source path:... /usr/lib/python3.12/encodings/__init__.py
IE_TRACE:     Modified var:.. entry = <codecs.CodecInfo object for encoding cp720 at 0x76f56d2163f0>
IE_TRACE:     12:35:32.419457 line       123     if not isinstance(entry, codecs.CodecInfo):
IE_TRACE:     12:35:32.419489 line       139     _cache[encoding] = entry
IE_TRACE:     12:35:32.419512 line       143     try:
IE_TRACE:     12:35:32.419534 line       144         codecaliases = mod.getaliases()
IE_TRACE:     12:35:32.419558 exception  144         codecaliases = mod.getaliases()
IE_TRACE:     Exception:..... AttributeError: module 'encodings.cp720' has no attribute 'getaliases'
IE_TRACE:     12:35:32.419862 line       145     except AttributeError:
IE_TRACE:     12:35:32.419889 line       146         pass
IE_TRACE:     12:35:32.419913 line       153     return entry
IE_TRACE:     12:35:32.419935 return     153     return entry
IE_TRACE:     Return value:.. <codecs.CodecInfo object for encoding cp720 at 0x76f56d2163f0>
IE_TRACE:     Source path:... /usr/lib/python3.12/encodings/cp720.py
IE_TRACE:     Starting var:.. self = <encodings.cp720.Codec object at 0x76f56d1ebd70>
IE_TRACE:     Starting var:.. input = 'attachment;filename=دورهdata.html'
IE_TRACE:     Starting var:.. errors = 'strict'
IE_TRACE:     12:35:32.419964 call        13     def encode(self,input,errors='strict'):
IE_TRACE:     12:35:32.419996 line        14         return codecs.charmap_encode(input,errors,encoding_table)
IE_TRACE:     12:35:32.420012 return      14         return codecs.charmap_encode(input,errors,encoding_table)
IE_TRACE:     Return value:.. (b'attachment;filename=\xa7\xed\xa9\xecdata.html', 33)
IE_TRACE: Source path:... /path/to/BugsInPy/workspace/scrapy/tests/test_responsetypes.py
IE_TRACE: 12:35:32.420031 line        33             (u'attachment;filename=日本語版Wikipedia.xml'.encode('iso2022_jp'), XmlResponse),
IE_TRACE:     Source path:... /usr/lib/python3.12/encodings/__init__.py
IE_TRACE:     Starting var:.. encoding = 'iso2022_jp'
IE_TRACE:     12:35:32.420057 call        71 def search_function(encoding):
IE_TRACE:     12:35:32.420079 line        74     entry = _cache.get(encoding, _unknown)
IE_TRACE:     New var:....... entry = '--unknown--'
IE_TRACE:     12:35:32.420092 line        75     if entry is not _unknown:
IE_TRACE:     12:35:32.420110 line        85     norm_encoding = normalize_encoding(encoding)
IE_TRACE:         Starting var:.. encoding = 'iso2022_jp'
IE_TRACE:         12:35:32.420126 call        43 def normalize_encoding(encoding):
IE_TRACE:         12:35:32.420142 line        55     if isinstance(encoding, bytes):
IE_TRACE:         12:35:32.420155 line        58     chars = []
IE_TRACE:         New var:....... chars = []
IE_TRACE:         12:35:32.420167 line        59     punct = False
IE_TRACE:         New var:....... punct = False
IE_TRACE:         12:35:32.420184 line        60     for c in encoding:
IE_TRACE:         New var:....... c = 'i'
IE_TRACE:         12:35:32.420205 line        61         if c.isalnum() or c == '.':
IE_TRACE:         12:35:32.420225 line        62             if punct and chars:
IE_TRACE:         12:35:32.420240 line        64             if c.isascii():
IE_TRACE:         12:35:32.420254 line        65                 chars.append(c)
IE_TRACE:         Modified var:.. chars = ['i']
IE_TRACE:         12:35:32.420269 line        66             punct = False
IE_TRACE:         12:35:32.420287 line        60     for c in encoding:
IE_TRACE:         Modified var:.. c = 's'
IE_TRACE:         12:35:32.420302 line        61         if c.isalnum() or c == '.':
IE_TRACE:         12:35:32.420320 line        62             if punct and chars:
IE_TRACE:         12:35:32.420334 line        64             if c.isascii():
IE_TRACE:         12:35:32.420349 line        65                 chars.append(c)
IE_TRACE:         Modified var:.. chars = ['i', 's']
IE_TRACE:         12:35:32.420363 line        66             punct = False
IE_TRACE:         12:35:32.420381 line        60     for c in encoding:
IE_TRACE:         Modified var:.. c = 'o'
IE_TRACE:         12:35:32.420396 line        61         if c.isalnum() or c == '.':
IE_TRACE:         12:35:32.420413 line        62             if punct and chars:
IE_TRACE:         12:35:32.420428 line        64             if c.isascii():
IE_TRACE:         12:35:32.420442 line        65                 chars.append(c)
IE_TRACE:         Modified var:.. chars = ['i', 's', 'o']
IE_TRACE:         12:35:32.420456 line        66             punct = False
IE_TRACE:         12:35:32.420474 line        60     for c in encoding:
IE_TRACE:         Modified var:.. c = '2'
IE_TRACE:         12:35:32.420489 line        61         if c.isalnum() or c == '.':
IE_TRACE:         12:35:32.420507 line        62             if punct and chars:
IE_TRACE:         12:35:32.420521 line        64             if c.isascii():
IE_TRACE:         12:35:32.420535 line        65                 chars.append(c)
IE_TRACE:         Modified var:.. chars = ['i', 's', 'o', '2']
IE_TRACE:         12:35:32.420550 line        66             punct = False
IE_TRACE:         12:35:32.420567 line        60     for c in encoding:
IE_TRACE:         Modified var:.. c = '0'
IE_TRACE:         12:35:32.420582 line        61         if c.isalnum() or c == '.':
IE_TRACE:         12:35:32.420600 line        62             if punct and chars:
IE_TRACE:         12:35:32.420614 line        64             if c.isascii():
IE_TRACE:         12:35:32.420628 line        65                 chars.append(c)
IE_TRACE:         Modified var:.. chars = ['i', 's', 'o', '2', '0']
IE_TRACE:         12:35:32.420643 line        66             punct = False
IE_TRACE:         12:35:32.420661 line        60     for c in encoding:
IE_TRACE:         Modified var:.. c = '2'
IE_TRACE:         12:35:32.420675 line        61         if c.isalnum() or c == '.':
IE_TRACE:         12:35:32.420693 line        62             if punct and chars:
IE_TRACE:         12:35:32.420708 line        64             if c.isascii():
IE_TRACE:         12:35:32.420722 line        65                 chars.append(c)
IE_TRACE:         Modified var:.. chars = ['i', 's', 'o', '2', '0', '2']
IE_TRACE:         12:35:32.420736 line        66             punct = False
IE_TRACE:         12:35:32.420754 line        60     for c in encoding:
IE_TRACE:         12:35:32.420769 line        61         if c.isalnum() or c == '.':
IE_TRACE:         12:35:32.420783 line        62             if punct and chars:
IE_TRACE:         12:35:32.420797 line        64             if c.isascii():
IE_TRACE:         12:35:32.420812 line        65                 chars.append(c)
IE_TRACE:         Modified var:.. chars = ['i', 's', 'o', '2', '0', '2', '2']
IE_TRACE:         12:35:32.420826 line        66             punct = False
IE_TRACE:         12:35:32.420844 line        60     for c in encoding:
IE_TRACE:         Modified var:.. c = '_'
IE_TRACE:         12:35:32.420859 line        61         if c.isalnum() or c == '.':
IE_TRACE:         12:35:32.420877 line        68             punct = True
IE_TRACE:         Modified var:.. punct = True
IE_TRACE:         12:35:32.420892 line        60     for c in encoding:
IE_TRACE:         Modified var:.. c = 'j'
IE_TRACE:         12:35:32.420910 line        61         if c.isalnum() or c == '.':
IE_TRACE:         12:35:32.420928 line        62             if punct and chars:
IE_TRACE:         12:35:32.420943 line        63                 chars.append('_')
IE_TRACE:         Modified var:.. chars = ['i', 's', 'o', '2', '0', '2', '2', '_']
IE_TRACE:         12:35:32.420958 line        64             if c.isascii():
IE_TRACE:         12:35:32.420976 line        65                 chars.append(c)
IE_TRACE:         Modified var:.. chars = ['i', 's', 'o', '2', '0', '2', '2', '_', 'j']
IE_TRACE:         12:35:32.420990 line        66             punct = False
IE_TRACE:         Modified var:.. punct = False
IE_TRACE:         12:35:32.421008 line        60     for c in encoding:
IE_TRACE:         Modified var:.. c = 'p'
IE_TRACE:         12:35:32.421027 line        61         if c.isalnum() or c == '.':
IE_TRACE:         12:35:32.421045 line        62             if punct and chars:
IE_TRACE:         12:35:32.421059 line        64             if c.isascii():
IE_TRACE:         12:35:32.421074 line        65                 chars.append(c)
IE_TRACE:         Modified var:.. chars = ['i', 's', 'o', '2', '0', '2', '2', '_', 'j', 'p']
IE_TRACE:         12:35:32.421088 line        66             punct = False
IE_TRACE:         12:35:32.421107 line        60     for c in encoding:
IE_TRACE:         12:35:32.421122 line        69     return ''.join(chars)
IE_TRACE:         12:35:32.421138 return      69     return ''.join(chars)
IE_TRACE:         Return value:.. 'iso2022_jp'
IE_TRACE:     New var:....... norm_encoding = 'iso2022_jp'
IE_TRACE:     12:35:32.421158 line        86     aliased_encoding = _aliases.get(norm_encoding) or \
IE_TRACE:     12:35:32.421177 line        87                        _aliases.get(norm_encoding.replace('.', '_'))
IE_TRACE:     12:35:32.421194 line        86     aliased_encoding = _aliases.get(norm_encoding) or \
IE_TRACE:     New var:....... aliased_encoding = None
IE_TRACE:     12:35:32.421209 line        88     if aliased_encoding is not None:
IE_TRACE:     12:35:32.421228 line        92         modnames = [norm_encoding]
IE_TRACE:     New var:....... modnames = ['iso2022_jp']
IE_TRACE:     12:35:32.421243 line        93     for modname in modnames:
IE_TRACE:     New var:....... modname = 'iso2022_jp'
IE_TRACE:     12:35:32.421265 line        94         if not modname or '.' in modname:
IE_TRACE:     12:35:32.421287 line        96         try:
IE_TRACE:     12:35:32.421304 line        99             mod = __import__('encodings.' + modname, fromlist=_import_tail,
IE_TRACE:     12:35:32.421322 line       100                              level=0)
IE_TRACE:     12:35:32.421339 line        99             mod = __import__('encodings.' + modname, fromlist=_import_tail,
IE_TRACE:         Source path:... <frozen importlib._bootstrap>
IE_TRACE:         Starting var:.. name = 'encodings.iso2022_jp'
IE_TRACE:         Starting var:.. import_ = <built-in function __import__>
IE_TRACE:         12:35:32.421359 call      1349 SOURCE IS UNAVAILABLE
IE_TRACE:         12:35:32.421386 line      1354 SOURCE IS UNAVAILABLE
IE_TRACE:         New var:....... module = <object object at 0x76f5704c0060>
IE_TRACE:         12:35:32.421400 line      1355 SOURCE IS UNAVAILABLE
IE_TRACE:         12:35:32.421420 line      1357 SOURCE IS UNAVAILABLE
IE_TRACE:             Starting var:.. self = <_frozen_importlib._ModuleLockManager object at 0x76f56d1ebe60>
IE_TRACE:             Starting var:.. name = 'encodings.iso2022_jp'
IE_TRACE:             12:35:32.421436 call       412 SOURCE IS UNAVAILABLE
IE_TRACE:             12:35:32.421457 line       413 SOURCE IS UNAVAILABLE
IE_TRACE:             12:35:32.421471 line       414 SOURCE IS UNAVAILABLE
IE_TRACE:             12:35:32.421485 return     414 SOURCE IS UNAVAILABLE
IE_TRACE:             Return value:.. None
IE_TRACE:             Starting var:.. self = <_frozen_importlib._ModuleLockManager object at 0x76f56d1ebe60>
IE_TRACE:             12:35:32.421504 call       416 SOURCE IS UNAVAILABLE
IE_TRACE:             12:35:32.421520 line       417 SOURCE IS UNAVAILABLE
IE_TRACE:                 Starting var:.. name = 'encodings.iso2022_jp'
IE_TRACE:                 12:35:32.421534 call       426 SOURCE IS UNAVAILABLE
IE_TRACE:                 12:35:32.421551 line       432 SOURCE IS UNAVAILABLE
IE_TRACE:                 12:35:32.421566 line       433 SOURCE IS UNAVAILABLE
IE_TRACE:                 12:35:32.421579 line       434 SOURCE IS UNAVAILABLE
IE_TRACE:                 12:35:32.421592 line       435 SOURCE IS UNAVAILABLE
IE_TRACE:                 12:35:32.421605 exception  435 SOURCE IS UNAVAILABLE
IE_TRACE:                 Exception:..... KeyError: 'encodings.iso2022_jp'
IE_TRACE:                 12:35:32.421634 line       436 SOURCE IS UNAVAILABLE
IE_TRACE:                 12:35:32.421649 line       437 SOURCE IS UNAVAILABLE
IE_TRACE:                 New var:....... lock = None
IE_TRACE:                 12:35:32.421662 line       439 SOURCE IS UNAVAILABLE
IE_TRACE:                 12:35:32.421681 line       440 SOURCE IS UNAVAILABLE
IE_TRACE:                 12:35:32.421695 line       443 SOURCE IS UNAVAILABLE
IE_TRACE:                     Starting var:.. self = REPR FAILED
IE_TRACE:                     Starting var:.. name = 'encodings.iso2022_jp'
IE_TRACE:                     12:35:32.421710 call       232 SOURCE IS UNAVAILABLE
IE_TRACE:                     12:35:32.421734 line       253 SOURCE IS UNAVAILABLE
IE_TRACE:                     12:35:32.421750 line       254 SOURCE IS UNAVAILABLE
IE_TRACE:                     12:35:32.421765 line       257 SOURCE IS UNAVAILABLE
IE_TRACE:                     Modified var:.. self = _ModuleLock('encodings.iso2022_jp') at 130796471762336
IE_TRACE:                     12:35:32.421779 line       261 SOURCE IS UNAVAILABLE
IE_TRACE:                     12:35:32.421798 line       272 SOURCE IS UNAVAILABLE
IE_TRACE:                     12:35:32.421812 line       286 SOURCE IS UNAVAILABLE
IE_TRACE:                     12:35:32.421826 return     286 SOURCE IS UNAVAILABLE
IE_TRACE:                     Return value:.. None
IE_TRACE:                 Modified var:.. lock = _ModuleLock('encodings.iso2022_jp') at 130796471762336
IE_TRACE:                 12:35:32.421846 line       445 SOURCE IS UNAVAILABLE
IE_TRACE:                 New var:....... cb = <function _get_module_lock.<locals>.cb at 0x76f56d303920>
IE_TRACE:                 12:35:32.421865 line       456 SOURCE IS UNAVAILABLE
IE_TRACE:                 12:35:32.421885 line       458 SOURCE IS UNAVAILABLE
IE_TRACE:                 12:35:32.421901 line       460 SOURCE IS UNAVAILABLE
IE_TRACE:                 12:35:32.421917 return     460 SOURCE IS UNAVAILABLE
IE_TRACE:                 Return value:.. _ModuleLock('encodings.iso2022_jp') at 130796471762336
IE_TRACE:             12:35:32.421937 line       418 SOURCE IS UNAVAILABLE
IE_TRACE:                 Starting var:.. self = _ModuleLock('encodings.iso2022_jp') at 130796471762336
IE_TRACE:                 12:35:32.421951 call       304 SOURCE IS UNAVAILABLE
IE_TRACE:                 12:35:32.421968 line       310 SOURCE IS UNAVAILABLE
IE_TRACE:                 New var:....... tid = 130796523647104
IE_TRACE:                 12:35:32.421981 line       311 SOURCE IS UNAVAILABLE
IE_TRACE:                     Starting var:.. self = <_frozen_importlib._BlockingOnManager object at 0x76f56d3cbef0>
IE_TRACE:                     Starting var:.. thread_id = 130796523647104
IE_TRACE:                     Starting var:.. lock = _ModuleLock('encodings.iso2022_jp') at 130796471762336
IE_TRACE:                     12:35:32.421999 call       158 SOURCE IS UNAVAILABLE
IE_TRACE:                     12:35:32.422027 line       159 SOURCE IS UNAVAILABLE
IE_TRACE:                     12:35:32.422043 line       160 SOURCE IS UNAVAILABLE
IE_TRACE:                     12:35:32.422059 return     160 SOURCE IS UNAVAILABLE
IE_TRACE:                     Return value:.. None
IE_TRACE:                     Starting var:.. self = <_frozen_importlib._BlockingOnManager object at 0x76f56d3cbef0>
IE_TRACE:                     12:35:32.422081 call       162 SOURCE IS UNAVAILABLE
IE_TRACE:                     12:35:32.422098 line       170 SOURCE IS UNAVAILABLE
IE_TRACE:                         Starting var:.. self = <_frozen_importlib._WeakValueDictionary object at 0x76f5704e32c0>
IE_TRACE:                         Starting var:.. key = 130796523647104
IE_TRACE:                         Starting var:.. default = []
IE_TRACE:                         12:35:32.422112 call       124 SOURCE IS UNAVAILABLE
IE_TRACE:                         12:35:32.422139 line       125 SOURCE IS UNAVAILABLE
IE_TRACE:                         12:35:32.422155 line       126 SOURCE IS UNAVAILABLE
IE_TRACE:                         12:35:32.422171 exception  126 SOURCE IS UNAVAILABLE
IE_TRACE:                         Exception:..... KeyError: 130796523647104
IE_TRACE:                         12:35:32.422203 line       127 SOURCE IS UNAVAILABLE
IE_TRACE:                         12:35:32.422220 line       128 SOURCE IS UNAVAILABLE
IE_TRACE:                         New var:....... o = None
IE_TRACE:                         12:35:32.422237 line       129 SOURCE IS UNAVAILABLE
IE_TRACE:                         12:35:32.422258 line       130 SOURCE IS UNAVAILABLE
IE_TRACE:                         12:35:32.422275 line       132 SOURCE IS UNAVAILABLE
IE_TRACE:                             Starting var:.. type = <class '_frozen_importlib._WeakValueDictionary.__init__.<locals>.KeyedRef'>
IE_TRACE:                             Starting var:.. ob = []
IE_TRACE:                             Starting var:.. key = 130796523647104
IE_TRACE:                             Starting var:.. __class__ = <class '_frozen_importlib._WeakValueDictionary.__init__.<locals>.KeyedRef'>
IE_TRACE:                             12:35:32.422293 call        74 SOURCE IS UNAVAILABLE
IE_TRACE:                             12:35:32.422325 line        75 SOURCE IS UNAVAILABLE
IE_TRACE:                             New var:....... self = <weakref at 0x76f56d216140; to '_List' at 0x76f56d1fca00>
IE_TRACE:                             12:35:32.422343 line        76 SOURCE IS UNAVAILABLE
IE_TRACE:                             12:35:32.422367 line        77 SOURCE IS UNAVAILABLE
IE_TRACE:                             12:35:32.422386 return      77 SOURCE IS UNAVAILABLE
IE_TRACE:                             Return value:.. <weakref at 0x76f56d216140; to '_List' at 0x76f56d1fca00>
IE_TRACE:                             Starting var:.. self = <weakref at 0x76f56d216140; to '_List' at 0x76f56d1fca00>
IE_TRACE:                             Starting var:.. ob = []
IE_TRACE:                             Starting var:.. key = 130796523647104
IE_TRACE:                             Starting var:.. __class__ = <class '_frozen_importlib._WeakValueDictionary.__init__.<locals>.KeyedRef'>
IE_TRACE:                             12:35:32.422410 call        79 SOURCE IS UNAVAILABLE
IE_TRACE:                             12:35:32.422441 line        80 SOURCE IS UNAVAILABLE
IE_TRACE:                             12:35:32.422459 return      80 SOURCE IS UNAVAILABLE
IE_TRACE:                             Return value:.. None
IE_TRACE:                         12:35:32.422481 line       133 SOURCE IS UNAVAILABLE
IE_TRACE:                         12:35:32.422498 return     133 SOURCE IS UNAVAILABLE
IE_TRACE:                         Return value:.. []
IE_TRACE:                     12:35:32.422520 line       171 SOURCE IS UNAVAILABLE
IE_TRACE:                     12:35:32.422533 return     171 SOURCE IS UNAVAILABLE
IE_TRACE:                     Return value:.. None
IE_TRACE:                 12:35:32.422551 line       312 SOURCE IS UNAVAILABLE
IE_TRACE:                 12:35:32.422566 line       316 SOURCE IS UNAVAILABLE
IE_TRACE:                 12:35:32.422581 line       317 SOURCE IS UNAVAILABLE
IE_TRACE:                 12:35:32.422595 line       324 SOURCE IS UNAVAILABLE
IE_TRACE:                 12:35:32.422609 line       325 SOURCE IS UNAVAILABLE
IE_TRACE:                 12:35:32.422622 line       326 SOURCE IS UNAVAILABLE
IE_TRACE:                 12:35:32.422636 line       316 SOURCE IS UNAVAILABLE
IE_TRACE:                 12:35:32.422650 line       311 SOURCE IS UNAVAILABLE
IE_TRACE:                     Starting var:.. self = <_frozen_importlib._BlockingOnManager object at 0x76f56d3cbef0>
IE_TRACE:                     Starting var:.. args = (None, None, None)
IE_TRACE:                     Starting var:.. kwargs = {}
IE_TRACE:                     12:35:32.422664 call       173 SOURCE IS UNAVAILABLE
IE_TRACE:                     12:35:32.422690 line       175 SOURCE IS UNAVAILABLE
IE_TRACE:                     12:35:32.422706 return     175 SOURCE IS UNAVAILABLE
IE_TRACE:                     Return value:.. None
IE_TRACE:                     Starting var:.. wr = <weakref at 0x76f56d216140; dead>
IE_TRACE:                     Starting var:.. self_weakref = <weakref at 0x76f5704f0770; to '_WeakValueDictionary' at 0x76f5704e32c0>
IE_TRACE:                     12:35:32.422727 call        82 SOURCE IS UNAVAILABLE
IE_TRACE:                     12:35:32.422752 line        86 SOURCE IS UNAVAILABLE
IE_TRACE:                     New var:....... self = <_frozen_importlib._WeakValueDictionary object at 0x76f5704e32c0>
IE_TRACE:                     12:35:32.422767 line        87 SOURCE IS UNAVAILABLE
IE_TRACE:                     12:35:32.422788 line        88 SOURCE IS UNAVAILABLE
IE_TRACE:                     12:35:32.422804 line        91 SOURCE IS UNAVAILABLE
IE_TRACE:                     12:35:32.422820 return      91 SOURCE IS UNAVAILABLE
IE_TRACE:                     Return value:.. None
IE_TRACE:                 12:35:32.422841 return     311 SOURCE IS UNAVAILABLE
IE_TRACE:                 Return value:.. True
IE_TRACE:             12:35:32.422860 return     418 SOURCE IS UNAVAILABLE
IE_TRACE:             Return value:.. None
IE_TRACE:         12:35:32.422878 line      1358 SOURCE IS UNAVAILABLE
IE_TRACE:         12:35:32.422893 line      1359 SOURCE IS UNAVAILABLE
IE_TRACE:         12:35:32.422908 line      1360 SOURCE IS UNAVAILABLE
IE_TRACE:             Starting var:.. name = 'encodings.iso2022_jp'
IE_TRACE:             Starting var:.. import_ = <built-in function __import__>
IE_TRACE:             12:35:32.422925 call      1304 SOURCE IS UNAVAILABLE
IE_TRACE:             12:35:32.422948 line      1305 SOURCE IS UNAVAILABLE
IE_TRACE:             New var:....... path = None
IE_TRACE:             12:35:32.422964 line      1306 SOURCE IS UNAVAILABLE
IE_TRACE:             New var:....... parent = 'encodings'
IE_TRACE:             12:35:32.422984 line      1307 SOURCE IS UNAVAILABLE
IE_TRACE:             New var:....... parent_spec = None
IE_TRACE:             12:35:32.423006 line      1308 SOURCE IS UNAVAILABLE
IE_TRACE:             12:35:32.423028 line      1309 SOURCE IS UNAVAILABLE
IE_TRACE:             12:35:32.423047 line      1312 SOURCE IS UNAVAILABLE
IE_TRACE:             12:35:32.423066 line      1314 SOURCE IS UNAVAILABLE
IE_TRACE:             New var:....... parent_module = <module 'encodings' from '/usr/lib/python3.12/encodings/__init__.py'>
IE_TRACE:             12:35:32.423084 line      1315 SOURCE IS UNAVAILABLE
IE_TRACE:             12:35:32.423110 line      1316 SOURCE IS UNAVAILABLE
IE_TRACE:             Modified var:.. path = ['/usr/lib/python3.12/encodings']
IE_TRACE:             12:35:32.423131 line      1320 SOURCE IS UNAVAILABLE
IE_TRACE:             Modified var:.. parent_spec = ModuleSpec(name='encodings', loader=<_frozen_importlib_external.SourceFileLoader object at 0x76f570528da0>, origin='/usr/lib/python3.12/encodings/__init__.py', submodule_search_locations=['/usr/lib/python3.12/encodings'])
IE_TRACE:             12:35:32.423156 line      1321 SOURCE IS UNAVAILABLE
IE_TRACE:             New var:....... child = 'iso2022_jp'
IE_TRACE:             12:35:32.423184 line      1322 SOURCE IS UNAVAILABLE
IE_TRACE:                 Starting var:.. name = 'encodings.iso2022_jp'
IE_TRACE:                 Starting var:.. path = ['/usr/lib/python3.12/encodings']
IE_TRACE:                 Starting var:.. target = None
IE_TRACE:                 12:35:32.423216 call      1240 SOURCE IS UNAVAILABLE
IE_TRACE:                 12:35:32.423245 line      1242 SOURCE IS UNAVAILABLE
IE_TRACE:                 New var:....... meta_path = [<_distutils_hack.DistutilsMetaFinder object at 0x76f56fa744a0>, <class '_frozen_importlib.BuiltinImporter'>, <class '_frozen_importlib.FrozenImporter'>, <class '_frozen_importlib_external.PathFinder'>, <class '__editable___cookiecutter_2_0_0_finder._EditableFinder'>, <six._SixMetaPathImporter object at 0x76f56ee13170>]
IE_TRACE:                 12:35:32.423263 line      1243 SOURCE IS UNAVAILABLE
IE_TRACE:                 12:35:32.423288 line      1248 SOURCE IS UNAVAILABLE
IE_TRACE:                 12:35:32.423308 line      1254 SOURCE IS UNAVAILABLE
IE_TRACE:                 New var:....... is_reload = False
IE_TRACE:                 12:35:32.423327 line      1255 SOURCE IS UNAVAILABLE
IE_TRACE:                 New var:....... finder = <_distutils_hack.DistutilsMetaFinder object at 0x76f56fa744a0>
IE_TRACE:                 12:35:32.423352 line      1256 SOURCE IS UNAVAILABLE
IE_TRACE:                     Starting var:.. self = <_frozen_importlib._ImportLockContext object at 0x76f56d5984d0>
IE_TRACE:                     12:35:32.423379 call      1222 SOURCE IS UNAVAILABLE
IE_TRACE:                     12:35:32.423398 line      1224 SOURCE IS UNAVAILABLE
IE_TRACE:                     12:35:32.423412 return    1224 SOURCE IS UNAVAILABLE
IE_TRACE:                     Return value:.. None
IE_TRACE:                 12:35:32.423431 line      1257 SOURCE IS UNAVAILABLE
IE_TRACE:                 12:35:32.423454 line      1258 SOURCE IS UNAVAILABLE
IE_TRACE:                 New var:....... find_spec = <bound method DistutilsMetaFinder.find_spec of <_distutils_hack.DistutilsMetaFinder object at 0x76f56fa744a0>>
IE_TRACE:                 12:35:32.423475 line      1262 SOURCE IS UNAVAILABLE
IE_TRACE:                     Source path:... /path/to/.venv/lib/python3.12/site-packages/_distutils_hack/__init__.py
IE_TRACE:                     Starting var:.. self = <_distutils_hack.DistutilsMetaFinder object at 0x76f56fa744a0>
IE_TRACE:                     Starting var:.. fullname = 'encodings.iso2022_jp'
IE_TRACE:                     Starting var:.. path = ['/usr/lib/python3.12/encodings']
IE_TRACE:                     Starting var:.. target = None
IE_TRACE:                     12:35:32.423503 call       101     def find_spec(self, fullname, path, target=None):
IE_TRACE:                     12:35:32.423541 line       104         if path is not None and not fullname.startswith('test.'):
IE_TRACE:                     12:35:32.423561 line       105             return None
IE_TRACE:                     12:35:32.423579 return     105             return None
IE_TRACE:                     Return value:.. None
IE_TRACE:                 Source path:... <frozen importlib._bootstrap>
IE_TRACE:                 New var:....... spec = None
IE_TRACE:                 12:35:32.423602 line      1256 SOURCE IS UNAVAILABLE
IE_TRACE:                     Starting var:.. self = <_frozen_importlib._ImportLockContext object at 0x76f56d5984d0>
IE_TRACE:                     Starting var:.. exc_type = None
IE_TRACE:                     Starting var:.. exc_value = None
IE_TRACE:                     Starting var:.. exc_traceback = None
IE_TRACE:                     12:35:32.423635 call      1226 SOURCE IS UNAVAILABLE
IE_TRACE:                     12:35:32.423666 line      1228 SOURCE IS UNAVAILABLE
IE_TRACE:                     12:35:32.423684 return    1228 SOURCE IS UNAVAILABLE
IE_TRACE:                     Return value:.. None
IE_TRACE:                 12:35:32.423706 line      1263 SOURCE IS UNAVAILABLE
IE_TRACE:                 12:35:32.423731 line      1255 SOURCE IS UNAVAILABLE
IE_TRACE:                 Modified var:.. finder = <class '_frozen_importlib.BuiltinImporter'>
IE_TRACE:                 12:35:32.423755 line      1256 SOURCE IS UNAVAILABLE
IE_TRACE:                     Starting var:.. self = <_frozen_importlib._ImportLockContext object at 0x76f56d1e84d0>
IE_TRACE:                     12:35:32.423784 call      1222 SOURCE IS UNAVAILABLE
IE_TRACE:                     12:35:32.423802 line      1224 SOURCE IS UNAVAILABLE
IE_TRACE:                     12:35:32.423816 return    1224 SOURCE IS UNAVAILABLE
IE_TRACE:                     Return value:.. None
IE_TRACE:                 12:35:32.423834 line      1257 SOURCE IS UNAVAILABLE
IE_TRACE:                 12:35:32.423858 line      1258 SOURCE IS UNAVAILABLE
IE_TRACE:                 Modified var:.. find_spec = <bound method BuiltinImporter.find_spec of <class '_frozen_importlib.BuiltinImporter'>>
IE_TRACE:                 12:35:32.423882 line      1262 SOURCE IS UNAVAILABLE
IE_TRACE:                     Starting var:.. cls = <class '_frozen_importlib.BuiltinImporter'>
IE_TRACE:                     Starting var:.. fullname = 'encodings.iso2022_jp'
IE_TRACE:                     Starting var:.. path = ['/usr/lib/python3.12/encodings']
IE_TRACE:                     Starting var:.. target = None
IE_TRACE:                     12:35:32.423909 call       982 SOURCE IS UNAVAILABLE
IE_TRACE:                     12:35:32.423939 line       984 SOURCE IS UNAVAILABLE
IE_TRACE:                     12:35:32.423957 line       987 SOURCE IS UNAVAILABLE
IE_TRACE:                     12:35:32.423974 return     987 SOURCE IS UNAVAILABLE
IE_TRACE:                     Return value:.. None
IE_TRACE:                 12:35:32.423996 line      1256 SOURCE IS UNAVAILABLE
IE_TRACE:                     Starting var:.. self = <_frozen_importlib._ImportLockContext object at 0x76f56d1e84d0>
IE_TRACE:                     Starting var:.. exc_type = None
IE_TRACE:                     Starting var:.. exc_value = None
IE_TRACE:                     Starting var:.. exc_traceback = None
IE_TRACE:                     12:35:32.424020 call      1226 SOURCE IS UNAVAILABLE
IE_TRACE:                     12:35:32.424051 line      1228 SOURCE IS UNAVAILABLE
IE_TRACE:                     12:35:32.424068 return    1228 SOURCE IS UNAVAILABLE
IE_TRACE:                     Return value:.. None
IE_TRACE:                 12:35:32.424090 line      1263 SOURCE IS UNAVAILABLE
IE_TRACE:                 12:35:32.424113 line      1255 SOURCE IS UNAVAILABLE
IE_TRACE:                 Modified var:.. finder = <class '_frozen_importlib.FrozenImporter'>
IE_TRACE:                 12:35:32.424136 line      1256 SOURCE IS UNAVAILABLE
IE_TRACE:                     Starting var:.. self = <_frozen_importlib._ImportLockContext object at 0x76f56d1e84d0>
IE_TRACE:                     12:35:32.424163 call      1222 SOURCE IS UNAVAILABLE
IE_TRACE:                     12:35:32.424181 line      1224 SOURCE IS UNAVAILABLE
IE_TRACE:                     12:35:32.424197 return    1224 SOURCE IS UNAVAILABLE
IE_TRACE:                     Return value:.. None
IE_TRACE:                 12:35:32.424215 line      1257 SOURCE IS UNAVAILABLE
IE_TRACE:                 12:35:32.424238 line      1258 SOURCE IS UNAVAILABLE
IE_TRACE:                 Modified var:.. find_spec = <bound method FrozenImporter.find_spec of <class '_frozen_importlib.FrozenImporter'>>
IE_TRACE:                 12:35:32.424260 line      1262 SOURCE IS UNAVAILABLE
IE_TRACE:                     Starting var:.. cls = <class '_frozen_importlib.FrozenImporter'>
IE_TRACE:                     Starting var:.. fullname = 'encodings.iso2022_jp'
IE_TRACE:                     Starting var:.. path = ['/usr/lib/python3.12/encodings']
IE_TRACE:                     Starting var:.. target = None
IE_TRACE:                     12:35:32.424288 call      1128 SOURCE IS UNAVAILABLE
IE_TRACE:                     12:35:32.424320 line      1130 SOURCE IS UNAVAILABLE
IE_TRACE:                         Starting var:.. f = <built-in function find_frozen>
IE_TRACE:                         Starting var:.. args = ('encodings.iso2022_jp',)
IE_TRACE:                         Starting var:.. kwds = {}
IE_TRACE:                         12:35:32.424340 call       480 SOURCE IS UNAVAILABLE
IE_TRACE:                         12:35:32.424367 line       488 SOURCE IS UNAVAILABLE
IE_TRACE:                         12:35:32.424385 return     488 SOURCE IS UNAVAILABLE
IE_TRACE:                         Return value:.. None
IE_TRACE:                     New var:....... info = None
IE_TRACE:                     12:35:32.424406 line      1131 SOURCE IS UNAVAILABLE
IE_TRACE:                     12:35:32.424430 line      1132 SOURCE IS UNAVAILABLE
IE_TRACE:                     12:35:32.424449 return    1132 SOURCE IS UNAVAILABLE
IE_TRACE:                     Return value:.. None
IE_TRACE:                 12:35:32.424473 line      1256 SOURCE IS UNAVAILABLE
IE_TRACE:                     Starting var:.. self = <_frozen_importlib._ImportLockContext object at 0x76f56d1e84d0>
IE_TRACE:                     Starting var:.. exc_type = None
IE_TRACE:                     Starting var:.. exc_value = None
IE_TRACE:                     Starting var:.. exc_traceback = None
IE_TRACE:                     12:35:32.424496 call      1226 SOURCE IS UNAVAILABLE
IE_TRACE:                     12:35:32.424527 line      1228 SOURCE IS UNAVAILABLE
IE_TRACE:                     12:35:32.424543 return    1228 SOURCE IS UNAVAILABLE
IE_TRACE:                     Return value:.. None
IE_TRACE:                 12:35:32.424565 line      1263 SOURCE IS UNAVAILABLE
IE_TRACE:                 12:35:32.424588 line      1255 SOURCE IS UNAVAILABLE
IE_TRACE:                 Modified var:.. finder = <class '_frozen_importlib_external.PathFinder'>
IE_TRACE:                 12:35:32.424611 line      1256 SOURCE IS UNAVAILABLE
IE_TRACE:                     Starting var:.. self = <_frozen_importlib._ImportLockContext object at 0x76f56d1e84d0>
IE_TRACE:                     12:35:32.424638 call      1222 SOURCE IS UNAVAILABLE
IE_TRACE:                     12:35:32.424655 line      1224 SOURCE IS UNAVAILABLE
IE_TRACE:                     12:35:32.424669 return    1224 SOURCE IS UNAVAILABLE
IE_TRACE:                     Return value:.. None
IE_TRACE:                 12:35:32.424687 line      1257 SOURCE IS UNAVAILABLE
IE_TRACE:                 12:35:32.424710 line      1258 SOURCE IS UNAVAILABLE
IE_TRACE:                 Modified var:.. find_spec = <bound method PathFinder.find_spec of <class '_frozen_importlib_external.PathFinder'>>
IE_TRACE:                 12:35:32.424733 line      1262 SOURCE IS UNAVAILABLE
IE_TRACE:                     Source path:... <frozen importlib._bootstrap_external>
IE_TRACE:                     Starting var:.. cls = <class '_frozen_importlib_external.PathFinder'>
IE_TRACE:                     Starting var:.. fullname = 'encodings.iso2022_jp'
IE_TRACE:                     Starting var:.. path = ['/usr/lib/python3.12/encodings']
IE_TRACE:                     Starting var:.. target = None
IE_TRACE:                     12:35:32.424760 call      1520 SOURCE IS UNAVAILABLE
IE_TRACE:                     12:35:32.424795 line      1526 SOURCE IS UNAVAILABLE
IE_TRACE:                     12:35:32.424813 line      1528 SOURCE IS UNAVAILABLE
IE_TRACE:                         Starting var:.. cls = <class '_frozen_importlib_external.PathFinder'>
IE_TRACE:                         Starting var:.. fullname = 'encodings.iso2022_jp'
IE_TRACE:                         Starting var:.. path = ['/usr/lib/python3.12/encodings']
IE_TRACE:                         Starting var:.. target = None
IE_TRACE:                         12:35:32.424832 call      1491 SOURCE IS UNAVAILABLE
IE_TRACE:                         12:35:32.424864 line      1496 SOURCE IS UNAVAILABLE
IE_TRACE:                         New var:....... namespace_path = []
IE_TRACE:                         12:35:32.424883 line      1497 SOURCE IS UNAVAILABLE
IE_TRACE:                         New var:....... entry = '/usr/lib/python3.12/encodings'
IE_TRACE:                         12:35:32.424906 line      1498 SOURCE IS UNAVAILABLE
IE_TRACE:                         12:35:32.424931 line      1500 SOURCE IS UNAVAILABLE
IE_TRACE:                             Starting var:.. cls = <class '_frozen_importlib_external.PathFinder'>
IE_TRACE:                             Starting var:.. path = '/usr/lib/python3.12/encodings'
IE_TRACE:                             12:35:32.424953 call      1469 SOURCE IS UNAVAILABLE
IE_TRACE:                             12:35:32.424976 line      1477 SOURCE IS UNAVAILABLE
IE_TRACE:                             12:35:32.424992 line      1484 SOURCE IS UNAVAILABLE
IE_TRACE:                             12:35:32.425008 line      1485 SOURCE IS UNAVAILABLE
IE_TRACE:                             New var:....... finder = FileFinder('/usr/lib/python3.12/encodings')
IE_TRACE:                             12:35:32.425024 line      1489 SOURCE IS UNAVAILABLE
IE_TRACE:                             12:35:32.425046 return    1489 SOURCE IS UNAVAILABLE
IE_TRACE:                             Return value:.. FileFinder('/usr/lib/python3.12/encodings')
IE_TRACE:                         New var:....... finder = FileFinder('/usr/lib/python3.12/encodings')
IE_TRACE:                         12:35:32.425068 line      1501 SOURCE IS UNAVAILABLE
IE_TRACE:                         12:35:32.425093 line      1502 SOURCE IS UNAVAILABLE
IE_TRACE:                             Starting var:.. self = FileFinder('/usr/lib/python3.12/encodings')
IE_TRACE:                             Starting var:.. fullname = 'encodings.iso2022_jp'
IE_TRACE:                             Starting var:.. target = None
IE_TRACE:                             12:35:32.425116 call      1593 SOURCE IS UNAVAILABLE
IE_TRACE:                             12:35:32.425147 line      1598 SOURCE IS UNAVAILABLE
IE_TRACE:                             New var:....... is_namespace = False
IE_TRACE:                             12:35:32.425167 line      1599 SOURCE IS UNAVAILABLE
IE_TRACE:                             New var:....... tail_module = 'iso2022_jp'
IE_TRACE:                             12:35:32.425192 line      1600 SOURCE IS UNAVAILABLE
IE_TRACE:                             12:35:32.425245 line      1601 SOURCE IS UNAVAILABLE
IE_TRACE:                                 Starting var:.. path = '/usr/lib/python3.12/encodings'
IE_TRACE:                                 12:35:32.425267 call       140 SOURCE IS UNAVAILABLE
IE_TRACE:                                 12:35:32.425287 line       147 SOURCE IS UNAVAILABLE
IE_TRACE:                                 12:35:32.425307 return     147 SOURCE IS UNAVAILABLE
IE_TRACE:                                 Return value:.. os.stat_result(st_mode=16877, st_ino=526233, st_dev=66309, st_nlink=3, st_uid=0, st_gid=0, st_size=20480, st_atime=1780573795, st_mtime=1775119204, st_ctime=1775119204)
IE_TRACE:                             New var:....... mtime = 1775119204.8187785
IE_TRACE:                             12:35:32.425331 line      1604 SOURCE IS UNAVAILABLE
IE_TRACE:                             12:35:32.425361 line      1608 SOURCE IS UNAVAILABLE
IE_TRACE:                                 12:35:32.425385 call        71 SOURCE IS UNAVAILABLE
IE_TRACE:                                 12:35:32.425401 line        73 SOURCE IS UNAVAILABLE
IE_TRACE:                                 12:35:32.425415 return      73 SOURCE IS UNAVAILABLE
IE_TRACE:                                 Return value:.. False
IE_TRACE:                             12:35:32.425435 line      1612 SOURCE IS UNAVAILABLE
IE_TRACE:                             New var:....... cache = set(len=123)
IE_TRACE:                             12:35:32.425459 line      1613 SOURCE IS UNAVAILABLE
IE_TRACE:                             New var:....... cache_module = 'iso2022_jp'
IE_TRACE:                             12:35:32.425488 line      1615 SOURCE IS UNAVAILABLE
IE_TRACE:                             12:35:32.425517 line      1627 SOURCE IS UNAVAILABLE
IE_TRACE:                             New var:....... suffix = '.cpython-312-x86_64-linux-gnu.so'
IE_TRACE:                             New var:....... loader_class = <class '_frozen_importlib_external.ExtensionFileLoader'>
IE_TRACE:                             12:35:32.425542 line      1628 SOURCE IS UNAVAILABLE
IE_TRACE:                             12:35:32.425576 line      1629 SOURCE IS UNAVAILABLE
IE_TRACE:                                 Starting var:.. path_parts = ('/usr/lib/python3.12/encodings', 'iso2022_jp.cpython-312-x86_64-linux-gnu.so')
IE_TRACE:                                 12:35:32.425604 call       126 SOURCE IS UNAVAILABLE
IE_TRACE:                                 12:35:32.425625 line       128 SOURCE IS UNAVAILABLE
IE_TRACE:                                 12:35:32.425642 line       129 SOURCE IS UNAVAILABLE
IE_TRACE:                                 12:35:32.425658 line       128 SOURCE IS UNAVAILABLE
IE_TRACE:                                 12:35:32.425674 line       129 SOURCE IS UNAVAILABLE
IE_TRACE:                                 New var:....... part = '/usr/lib/python3.12/encodings'
IE_TRACE:                                 12:35:32.425690 line       128 SOURCE IS UNAVAILABLE
IE_TRACE:                                 12:35:32.425711 line       128 SOURCE IS UNAVAILABLE
IE_TRACE:                                 12:35:32.425728 line       129 SOURCE IS UNAVAILABLE
IE_TRACE:                                 Modified var:.. part = 'iso2022_jp.cpython-312-x86_64-linux-gnu.so'
IE_TRACE:                                 12:35:32.425745 line       128 SOURCE IS UNAVAILABLE
IE_TRACE:                                 12:35:32.425765 line       128 SOURCE IS UNAVAILABLE
IE_TRACE:                                 12:35:32.425782 return     128 SOURCE IS UNAVAILABLE
IE_TRACE:                                 Return value:.. '/usr/lib/python3.12/encodings/iso2022_jp.cpython-312-x86_64-linux-gnu.so'
IE_TRACE:                             New var:....... full_path = '/usr/lib/python3.12/encodings/iso2022_jp.cpython-312-x86_64-linux-gnu.so'
IE_TRACE:                             12:35:32.425804 line      1632 SOURCE IS UNAVAILABLE
IE_TRACE:                                 Source path:... <frozen importlib._bootstrap>
IE_TRACE:                                 Starting var:.. message = 'trying {}'
IE_TRACE:                                 Starting var:.. verbosity = 2
IE_TRACE:                                 Starting var:.. args = ('/usr/lib/python3.12/encodings/iso2022_jp.cpython-312-x86_64-linux-gnu.so',)
IE_TRACE:                                 12:35:32.425838 call       491 SOURCE IS UNAVAILABLE
IE_TRACE:                                 12:35:32.425871 line       493 SOURCE IS UNAVAILABLE
IE_TRACE:                                 12:35:32.425890 return     493 SOURCE IS UNAVAILABLE
IE_TRACE:                                 Return value:.. None
IE_TRACE:                             Source path:... <frozen importlib._bootstrap_external>
IE_TRACE:                             12:35:32.425913 line      1633 SOURCE IS UNAVAILABLE
IE_TRACE:                             12:35:32.425946 line      1627 SOURCE IS UNAVAILABLE
IE_TRACE:                             Modified var:.. suffix = '.abi3.so'
IE_TRACE:                             12:35:32.425974 line      1628 SOURCE IS UNAVAILABLE
IE_TRACE:                             12:35:32.426006 line      1629 SOURCE IS UNAVAILABLE
IE_TRACE:                                 Starting var:.. path_parts = ('/usr/lib/python3.12/encodings', 'iso2022_jp.abi3.so')
IE_TRACE:                                 12:35:32.426034 call       126 SOURCE IS UNAVAILABLE
IE_TRACE:                                 12:35:32.426054 line       128 SOURCE IS UNAVAILABLE
IE_TRACE:                                 12:35:32.426070 line       129 SOURCE IS UNAVAILABLE
IE_TRACE:                                 12:35:32.426086 line       128 SOURCE IS UNAVAILABLE
IE_TRACE:                                 12:35:32.426102 line       129 SOURCE IS UNAVAILABLE
IE_TRACE:                                 New var:....... part = '/usr/lib/python3.12/encodings'
IE_TRACE:                                 12:35:32.426118 line       128 SOURCE IS UNAVAILABLE
IE_TRACE:                                 12:35:32.426138 line       128 SOURCE IS UNAVAILABLE
IE_TRACE:                                 12:35:32.426155 line       129 SOURCE IS UNAVAILABLE
IE_TRACE:                                 Modified var:.. part = 'iso2022_jp.abi3.so'
IE_TRACE:                                 12:35:32.426172 line       128 SOURCE IS UNAVAILABLE
IE_TRACE:                                 12:35:32.426192 line       128 SOURCE IS UNAVAILABLE
IE_TRACE:                                 12:35:32.426213 return     128 SOURCE IS UNAVAILABLE
IE_TRACE:                                 Return value:.. '/usr/lib/python3.12/encodings/iso2022_jp.abi3.so'
IE_TRACE:                             Modified var:.. full_path = '/usr/lib/python3.12/encodings/iso2022_jp.abi3.so'
IE_TRACE:                             12:35:32.426234 line      1632 SOURCE IS UNAVAILABLE
IE_TRACE:                                 Source path:... <frozen importlib._bootstrap>
IE_TRACE:                                 Starting var:.. message = 'trying {}'
IE_TRACE:                                 Starting var:.. verbosity = 2
IE_TRACE:                                 Starting var:.. args = ('/usr/lib/python3.12/encodings/iso2022_jp.abi3.so',)
IE_TRACE:                                 12:35:32.426267 call       491 SOURCE IS UNAVAILABLE
IE_TRACE:                                 12:35:32.426299 line       493 SOURCE IS UNAVAILABLE
IE_TRACE:                                 12:35:32.426318 return     493 SOURCE IS UNAVAILABLE
IE_TRACE:                                 Return value:.. None
IE_TRACE:                             Source path:... <frozen importlib._bootstrap_external>
IE_TRACE:                             12:35:32.426341 line      1633 SOURCE IS UNAVAILABLE
IE_TRACE:                             12:35:32.426373 line      1627 SOURCE IS UNAVAILABLE
IE_TRACE:                             Modified var:.. suffix = '.so'
IE_TRACE:                             12:35:32.426401 line      1628 SOURCE IS UNAVAILABLE
IE_TRACE:                             12:35:32.426432 line      1629 SOURCE IS UNAVAILABLE
IE_TRACE:                                 Starting var:.. path_parts = ('/usr/lib/python3.12/encodings', 'iso2022_jp.so')
IE_TRACE:                                 12:35:32.426460 call       126 SOURCE IS UNAVAILABLE
IE_TRACE:                                 12:35:32.426480 line       128 SOURCE IS UNAVAILABLE
IE_TRACE:                                 12:35:32.426496 line       129 SOURCE IS UNAVAILABLE
IE_TRACE:                                 12:35:32.426512 line       128 SOURCE IS UNAVAILABLE
IE_TRACE:                                 12:35:32.426528 line       129 SOURCE IS UNAVAILABLE
IE_TRACE:                                 New var:....... part = '/usr/lib/python3.12/encodings'
IE_TRACE:                                 12:35:32.426544 line       128 SOURCE IS UNAVAILABLE
IE_TRACE:                                 12:35:32.426564 line       128 SOURCE IS UNAVAILABLE
IE_TRACE:                                 12:35:32.426581 line       129 SOURCE IS UNAVAILABLE
IE_TRACE:                                 Modified var:.. part = 'iso2022_jp.so'
IE_TRACE:                                 12:35:32.426597 line       128 SOURCE IS UNAVAILABLE
IE_TRACE:                                 12:35:32.426618 line       128 SOURCE IS UNAVAILABLE
IE_TRACE:                                 12:35:32.426634 return     128 SOURCE IS UNAVAILABLE
IE_TRACE:                                 Return value:.. '/usr/lib/python3.12/encodings/iso2022_jp.so'
IE_TRACE:                             Modified var:.. full_path = '/usr/lib/python3.12/encodings/iso2022_jp.so'
IE_TRACE:                             12:35:32.426655 line      1632 SOURCE IS UNAVAILABLE
IE_TRACE:                                 Source path:... <frozen importlib._bootstrap>
IE_TRACE:                                 Starting var:.. message = 'trying {}'
IE_TRACE:                                 Starting var:.. verbosity = 2
IE_TRACE:                                 Starting var:.. args = ('/usr/lib/python3.12/encodings/iso2022_jp.so',)
IE_TRACE:                                 12:35:32.426686 call       491 SOURCE IS UNAVAILABLE
IE_TRACE:                                 12:35:32.426719 line       493 SOURCE IS UNAVAILABLE
IE_TRACE:                                 12:35:32.426737 return     493 SOURCE IS UNAVAILABLE
IE_TRACE:                                 Return value:.. None
IE_TRACE:                             Source path:... <frozen importlib._bootstrap_external>
IE_TRACE:                             12:35:32.426759 line      1633 SOURCE IS UNAVAILABLE
IE_TRACE:                             12:35:32.426790 line      1627 SOURCE IS UNAVAILABLE
IE_TRACE:                             Modified var:.. suffix = '.py'
IE_TRACE:                             Modified var:.. loader_class = <class '_frozen_importlib_external.SourceFileLoader'>
IE_TRACE:                             12:35:32.426818 line      1628 SOURCE IS UNAVAILABLE
IE_TRACE:                             12:35:32.426852 line      1629 SOURCE IS UNAVAILABLE
IE_TRACE:                                 Starting var:.. path_parts = ('/usr/lib/python3.12/encodings', 'iso2022_jp.py')
IE_TRACE:                                 12:35:32.426881 call       126 SOURCE IS UNAVAILABLE
IE_TRACE:                                 12:35:32.426900 line       128 SOURCE IS UNAVAILABLE
IE_TRACE:                                 12:35:32.426916 line       129 SOURCE IS UNAVAILABLE
IE_TRACE:                                 12:35:32.426932 line       128 SOURCE IS UNAVAILABLE
IE_TRACE:                                 12:35:32.426948 line       129 SOURCE IS UNAVAILABLE
IE_TRACE:                                 New var:....... part = '/usr/lib/python3.12/encodings'
IE_TRACE:                                 12:35:32.426964 line       128 SOURCE IS UNAVAILABLE
IE_TRACE:                                 12:35:32.426984 line       128 SOURCE IS UNAVAILABLE
IE_TRACE:                                 12:35:32.427001 line       129 SOURCE IS UNAVAILABLE
IE_TRACE:                                 Modified var:.. part = 'iso2022_jp.py'
IE_TRACE:                                 12:35:32.427017 line       128 SOURCE IS UNAVAILABLE
IE_TRACE:                                 12:35:32.427037 line       128 SOURCE IS UNAVAILABLE
IE_TRACE:                                 12:35:32.427054 return     128 SOURCE IS UNAVAILABLE
IE_TRACE:                                 Return value:.. '/usr/lib/python3.12/encodings/iso2022_jp.py'
IE_TRACE:                             Modified var:.. full_path = '/usr/lib/python3.12/encodings/iso2022_jp.py'
IE_TRACE:                             12:35:32.427074 line      1632 SOURCE IS UNAVAILABLE
IE_TRACE:                                 Source path:... <frozen importlib._bootstrap>
IE_TRACE:                                 Starting var:.. message = 'trying {}'
IE_TRACE:                                 Starting var:.. verbosity = 2
IE_TRACE:                                 Starting var:.. args = ('/usr/lib/python3.12/encodings/iso2022_jp.py',)
IE_TRACE:                                 12:35:32.427106 call       491 SOURCE IS UNAVAILABLE
IE_TRACE:                                 12:35:32.427137 line       493 SOURCE IS UNAVAILABLE
IE_TRACE:                                 12:35:32.427156 return     493 SOURCE IS UNAVAILABLE
IE_TRACE:                                 Return value:.. None
IE_TRACE:                             Source path:... <frozen importlib._bootstrap_external>
IE_TRACE:                             12:35:32.427178 line      1633 SOURCE IS UNAVAILABLE
IE_TRACE:                             12:35:32.427212 line      1634 SOURCE IS UNAVAILABLE
IE_TRACE:                                 Starting var:.. path = '/usr/lib/python3.12/encodings/iso2022_jp.py'
IE_TRACE:                                 12:35:32.427240 call       159 SOURCE IS UNAVAILABLE
IE_TRACE:                                 12:35:32.427260 line       161 SOURCE IS UNAVAILABLE
IE_TRACE:                                     Starting var:.. path = '/usr/lib/python3.12/encodings/iso2022_jp.py'
IE_TRACE:                                     Starting var:.. mode = 32768
IE_TRACE:                                     12:35:32.427276 call       150 SOURCE IS UNAVAILABLE
IE_TRACE:                                     12:35:32.427300 line       152 SOURCE IS UNAVAILABLE
IE_TRACE:                                     12:35:32.427318 line       153 SOURCE IS UNAVAILABLE
IE_TRACE:                                     New var:....... stat_info = os.stat_result(st_mode=33188, st_ino=527620, st_dev=66309, st_nlink=1, st_uid=0, st_gid=0, st_size=1053, st_atime=1775119205, st_mtime=1772540118, st_ctime=1775119204)
IE_TRACE:                                     12:35:32.427345 line       156 SOURCE IS UNAVAILABLE
IE_TRACE:                                     12:35:32.427369 return     156 SOURCE IS UNAVAILABLE
IE_TRACE:                                     Return value:.. True
IE_TRACE:                                 12:35:32.427394 return     161 SOURCE IS UNAVAILABLE
IE_TRACE:                                 Return value:.. True
IE_TRACE:                             12:35:32.427414 line      1635 SOURCE IS UNAVAILABLE
IE_TRACE:                             12:35:32.427442 line      1636 SOURCE IS UNAVAILABLE
IE_TRACE:                             12:35:32.427470 line      1635 SOURCE IS UNAVAILABLE
IE_TRACE:                                 Starting var:.. self = FileFinder('/usr/lib/python3.12/encodings')
IE_TRACE:                                 Starting var:.. loader_class = <class '_frozen_importlib_external.SourceFileLoader'>
IE_TRACE:                                 Starting var:.. fullname = 'encodings.iso2022_jp'
IE_TRACE:                                 Starting var:.. path = '/usr/lib/python3.12/encodings/iso2022_jp.py'
IE_TRACE:                                 Starting var:.. smsl = None
IE_TRACE:                                 Starting var:.. target = None
IE_TRACE:                                 12:35:32.427498 call      1588 SOURCE IS UNAVAILABLE
IE_TRACE:                                 12:35:32.427540 line      1589 SOURCE IS UNAVAILABLE
IE_TRACE:                                     Starting var:.. self = <_frozen_importlib_external.SourceFileLoader object at 0x76f56d1e8380>
IE_TRACE:                                     Starting var:.. fullname = 'encodings.iso2022_jp'
IE_TRACE:                                     Starting var:.. path = '/usr/lib/python3.12/encodings/iso2022_jp.py'
IE_TRACE:                                     12:35:32.427562 call      1153 SOURCE IS UNAVAILABLE
IE_TRACE:                                     12:35:32.427591 line      1156 SOURCE IS UNAVAILABLE
IE_TRACE:                                     12:35:32.427610 line      1157 SOURCE IS UNAVAILABLE
IE_TRACE:                                     12:35:32.427628 return    1157 SOURCE IS UNAVAILABLE
IE_TRACE:                                     Return value:.. None
IE_TRACE:                                 New var:....... loader = <_frozen_importlib_external.SourceFileLoader object at 0x76f56d1e8380>
IE_TRACE:                                 12:35:32.427651 line      1590 SOURCE IS UNAVAILABLE
IE_TRACE:                                 12:35:32.427678 line      1591 SOURCE IS UNAVAILABLE
IE_TRACE:                                 12:35:32.427701 line      1590 SOURCE IS UNAVAILABLE
IE_TRACE:                                     Starting var:.. name = 'encodings.iso2022_jp'
IE_TRACE:                                     Starting var:.. location = '/usr/lib/python3.12/encodings/iso2022_jp.py'
IE_TRACE:                                     Starting var:.. loader = <_frozen_importlib_external.SourceFileLoader object at 0x76f56d1e8380>
IE_TRACE:                                     Starting var:.. submodule_search_locations = None
IE_TRACE:                                     12:35:32.427725 call       802 SOURCE IS UNAVAILABLE
IE_TRACE:                                     12:35:32.427760 line       814 SOURCE IS UNAVAILABLE
IE_TRACE:                                     12:35:32.427781 line       826 SOURCE IS UNAVAILABLE
IE_TRACE:                                     12:35:32.427803 line       827 SOURCE IS UNAVAILABLE
IE_TRACE:                                     12:35:32.427823 line       828 SOURCE IS UNAVAILABLE
IE_TRACE:                                     12:35:32.427859 line       838 SOURCE IS UNAVAILABLE
IE_TRACE:                                     New var:....... spec = ModuleSpec(name='encodings.iso2022_jp', loader=<_frozen_importlib_external.SourceFileLoader object at 0x76f56d1e8380>, origin='/usr/lib/python3.12/encodings/iso2022_jp.py')
IE_TRACE:                                     12:35:32.427890 line       839 SOURCE IS UNAVAILABLE
IE_TRACE:                                     12:35:32.427918 line       842 SOURCE IS UNAVAILABLE
IE_TRACE:                                     12:35:32.427942 line       852 SOURCE IS UNAVAILABLE
IE_TRACE:                                     12:35:32.427965 line       863 SOURCE IS UNAVAILABLE
IE_TRACE:                                     12:35:32.427987 line       864 SOURCE IS UNAVAILABLE
IE_TRACE:                                     12:35:32.428010 line       869 SOURCE IS UNAVAILABLE
IE_TRACE:                                     12:35:32.428033 return     869 SOURCE IS UNAVAILABLE
IE_TRACE:                                     Return value:.. ModuleSpec(name='encodings.iso2022_jp', loader=<_frozen_importlib_external.SourceFileLoader object at 0x76f56d1e8380>, origin='/usr/lib/python3.12/encodings/iso2022_jp.py')
IE_TRACE:                                 12:35:32.428062 return    1590 SOURCE IS UNAVAILABLE
IE_TRACE:                                 Return value:.. ModuleSpec(name='encodings.iso2022_jp', loader=<_frozen_importlib_external.SourceFileLoader object at 0x76f56d1e8380>, origin='/usr/lib/python3.12/encodings/iso2022_jp.py')
IE_TRACE:                             12:35:32.428091 return    1635 SOURCE IS UNAVAILABLE
IE_TRACE:                             Return value:.. ModuleSpec(name='encodings.iso2022_jp', loader=<_frozen_importlib_external.SourceFileLoader object at 0x76f56d1e8380>, origin='/usr/lib/python3.12/encodings/iso2022_jp.py')
IE_TRACE:                         New var:....... spec = ModuleSpec(name='encodings.iso2022_jp', loader=<_frozen_importlib_external.SourceFileLoader object at 0x76f56d1e8380>, origin='/usr/lib/python3.12/encodings/iso2022_jp.py')
IE_TRACE:                         12:35:32.428126 line      1503 SOURCE IS UNAVAILABLE
IE_TRACE:                         12:35:32.428154 line      1505 SOURCE IS UNAVAILABLE
IE_TRACE:                         12:35:32.428177 line      1506 SOURCE IS UNAVAILABLE
IE_TRACE:                         12:35:32.428203 return    1506 SOURCE IS UNAVAILABLE
IE_TRACE:                         Return value:.. ModuleSpec(name='encodings.iso2022_jp', loader=<_frozen_importlib_external.SourceFileLoader object at 0x76f56d1e8380>, origin='/usr/lib/python3.12/encodings/iso2022_jp.py')
IE_TRACE:                     New var:....... spec = ModuleSpec(name='encodings.iso2022_jp', loader=<_frozen_importlib_external.SourceFileLoader object at 0x76f56d1e8380>, origin='/usr/lib/python3.12/encodings/iso2022_jp.py')
IE_TRACE:                     12:35:32.428233 line      1529 SOURCE IS UNAVAILABLE
IE_TRACE:                     12:35:32.428257 line      1531 SOURCE IS UNAVAILABLE
IE_TRACE:                     12:35:32.428277 line      1542 SOURCE IS UNAVAILABLE
IE_TRACE:                     12:35:32.428296 return    1542 SOURCE IS UNAVAILABLE
IE_TRACE:                     Return value:.. ModuleSpec(name='encodings.iso2022_jp', loader=<_frozen_importlib_external.SourceFileLoader object at 0x76f56d1e8380>, origin='/usr/lib/python3.12/encodings/iso2022_jp.py')
IE_TRACE:                 Source path:... <frozen importlib._bootstrap>
IE_TRACE:                 Modified var:.. spec = ModuleSpec(name='encodings.iso2022_jp', loader=<_frozen_importlib_external.SourceFileLoader object at 0x76f56d1e8380>, origin='/usr/lib/python3.12/encodings/iso2022_jp.py')
IE_TRACE:                 12:35:32.428321 line      1256 SOURCE IS UNAVAILABLE
IE_TRACE:                     Starting var:.. self = <_frozen_importlib._ImportLockContext object at 0x76f56d1e84d0>
IE_TRACE:                     Starting var:.. exc_type = None
IE_TRACE:                     Starting var:.. exc_value = None
IE_TRACE:                     Starting var:.. exc_traceback = None
IE_TRACE:                     12:35:32.428355 call      1226 SOURCE IS UNAVAILABLE
IE_TRACE:                     12:35:32.428386 line      1228 SOURCE IS UNAVAILABLE
IE_TRACE:                     12:35:32.428403 return    1228 SOURCE IS UNAVAILABLE
IE_TRACE:                     Return value:.. None
IE_TRACE:                 12:35:32.428425 line      1263 SOURCE IS UNAVAILABLE
IE_TRACE:                 12:35:32.428451 line      1265 SOURCE IS UNAVAILABLE
IE_TRACE:                 12:35:32.428476 line      1280 SOURCE IS UNAVAILABLE
IE_TRACE:                 12:35:32.428500 return    1280 SOURCE IS UNAVAILABLE
IE_TRACE:                 Return value:.. ModuleSpec(name='encodings.iso2022_jp', loader=<_frozen_importlib_external.SourceFileLoader object at 0x76f56d1e8380>, origin='/usr/lib/python3.12/encodings/iso2022_jp.py')
IE_TRACE:             New var:....... spec = ModuleSpec(name='encodings.iso2022_jp', loader=<_frozen_importlib_external.SourceFileLoader object at 0x76f56d1e8380>, origin='/usr/lib/python3.12/encodings/iso2022_jp.py')
IE_TRACE:             12:35:32.428531 line      1323 SOURCE IS UNAVAILABLE
IE_TRACE:             12:35:32.428563 line      1326 SOURCE IS UNAVAILABLE
IE_TRACE:             12:35:32.428589 line      1329 SOURCE IS UNAVAILABLE
IE_TRACE:             12:35:32.428613 line      1330 SOURCE IS UNAVAILABLE
IE_TRACE:             12:35:32.428638 line      1331 SOURCE IS UNAVAILABLE
IE_TRACE:                 Starting var:.. spec = ModuleSpec(name='encodings.iso2022_jp', loader=<_frozen_importlib_external.SourceFileLoader object at 0x76f56d1e8380>, origin='/usr/lib/python3.12/encodings/iso2022_jp.py')
IE_TRACE:                 12:35:32.428663 call       911 SOURCE IS UNAVAILABLE
IE_TRACE:                 12:35:32.428683 line       913 SOURCE IS UNAVAILABLE
IE_TRACE:                 12:35:32.428699 line       915 SOURCE IS UNAVAILABLE
IE_TRACE:                 12:35:32.428714 line       921 SOURCE IS UNAVAILABLE
IE_TRACE:                     Starting var:.. spec = ModuleSpec(name='encodings.iso2022_jp', loader=<_frozen_importlib_external.SourceFileLoader object at 0x76f56d1e8380>, origin='/usr/lib/python3.12/encodings/iso2022_jp.py')
IE_TRACE:                     12:35:32.428730 call       806 SOURCE IS UNAVAILABLE
IE_TRACE:                     12:35:32.428750 line       809 SOURCE IS UNAVAILABLE
IE_TRACE:                     New var:....... module = None
IE_TRACE:                     12:35:32.428765 line       810 SOURCE IS UNAVAILABLE
IE_TRACE:                     12:35:32.428785 line       813 SOURCE IS UNAVAILABLE
IE_TRACE:                         Source path:... <frozen importlib._bootstrap_external>
IE_TRACE:                         Starting var:.. self = <_frozen_importlib_external.SourceFileLoader object at 0x76f56d1e8380>
IE_TRACE:                         Starting var:.. spec = ModuleSpec(name='encodings.iso2022_jp', loader=<_frozen_importlib_external.SourceFileLoader object at 0x76f56d1e8380>, origin='/usr/lib/python3.12/encodings/iso2022_jp.py')
IE_TRACE:                         12:35:32.428801 call       986 SOURCE IS UNAVAILABLE
IE_TRACE:                         12:35:32.428829 line       986 SOURCE IS UNAVAILABLE
IE_TRACE:                         12:35:32.428846 return     986 SOURCE IS UNAVAILABLE
IE_TRACE:                         Return value:.. None
IE_TRACE:                     Source path:... <frozen importlib._bootstrap>
IE_TRACE:                     12:35:32.428867 line       817 SOURCE IS UNAVAILABLE
IE_TRACE:                     12:35:32.428887 line       818 SOURCE IS UNAVAILABLE
IE_TRACE:                         Starting var:.. name = 'encodings.iso2022_jp'
IE_TRACE:                         12:35:32.428904 call        48 SOURCE IS UNAVAILABLE
IE_TRACE:                         12:35:32.428922 line        49 SOURCE IS UNAVAILABLE
IE_TRACE:                         12:35:32.428937 return      49 SOURCE IS UNAVAILABLE
IE_TRACE:                         Return value:.. <module 'encodings.iso2022_jp'>
IE_TRACE:                     Modified var:.. module = <module 'encodings.iso2022_jp'>
IE_TRACE:                     12:35:32.428960 line       819 SOURCE IS UNAVAILABLE
IE_TRACE:                         Starting var:.. spec = ModuleSpec(name='encodings.iso2022_jp', loader=<_frozen_importlib_external.SourceFileLoader object at 0x76f56d1e8380>, origin='/usr/lib/python3.12/encodings/iso2022_jp.py')
IE_TRACE:                         Starting var:.. module = <module 'encodings.iso2022_jp'>
IE_TRACE:                         Starting var:.. override = False
IE_TRACE:                         12:35:32.428985 call       733 SOURCE IS UNAVAILABLE
IE_TRACE:                         12:35:32.429017 line       737 SOURCE IS UNAVAILABLE
IE_TRACE:                         12:35:32.429039 line       743 SOURCE IS UNAVAILABLE
IE_TRACE:                         12:35:32.429060 line       744 SOURCE IS UNAVAILABLE
IE_TRACE:                         New var:....... loader = <_frozen_importlib_external.SourceFileLoader object at 0x76f56d1e8380>
IE_TRACE:                         12:35:32.429080 line       745 SOURCE IS UNAVAILABLE
IE_TRACE:                         12:35:32.429105 line       766 SOURCE IS UNAVAILABLE
IE_TRACE:                         12:35:32.429127 line       767 SOURCE IS UNAVAILABLE
IE_TRACE:                         Modified var:.. module = <module 'encodings.iso2022_jp' (<_frozen_importlib_external.SourceFileLoader object at 0x76f56d1e8380>)>
IE_TRACE:                         12:35:32.429149 line       771 SOURCE IS UNAVAILABLE
IE_TRACE:                         12:35:32.429175 line       772 SOURCE IS UNAVAILABLE
IE_TRACE:                         12:35:32.429197 line       773 SOURCE IS UNAVAILABLE
IE_TRACE:                             Starting var:.. self = ModuleSpec(name='encodings.iso2022_jp', loader=<_frozen_importlib_external.SourceFileLoader object at 0x76f56d1e8380>, origin='/usr/lib/python3.12/encodings/iso2022_jp.py')
IE_TRACE:                             12:35:32.429222 call       645 SOURCE IS UNAVAILABLE
IE_TRACE:                             12:35:32.429242 line       648 SOURCE IS UNAVAILABLE
IE_TRACE:                             12:35:32.429258 line       649 SOURCE IS UNAVAILABLE
IE_TRACE:                             12:35:32.429274 return     649 SOURCE IS UNAVAILABLE
IE_TRACE:                             Return value:.. 'encodings'
IE_TRACE:                         12:35:32.429296 line       777 SOURCE IS UNAVAILABLE
IE_TRACE:                         12:35:32.429318 line       778 SOURCE IS UNAVAILABLE
IE_TRACE:                         Modified var:.. module = <module 'encodings.iso2022_jp' from '/usr/lib/python3.12/encodings/iso2022_jp.py'>
IE_TRACE:                         12:35:32.429339 line       782 SOURCE IS UNAVAILABLE
IE_TRACE:                         12:35:32.429364 line       783 SOURCE IS UNAVAILABLE
IE_TRACE:                         12:35:32.429385 line       790 SOURCE IS UNAVAILABLE
IE_TRACE:                             Starting var:.. self = ModuleSpec(name='encodings.iso2022_jp', loader=<_frozen_importlib_external.SourceFileLoader object at 0x76f56d1e8380>, origin='/usr/lib/python3.12/encodings/iso2022_jp.py')
IE_TRACE:                             12:35:32.429406 call       653 SOURCE IS UNAVAILABLE
IE_TRACE:                             12:35:32.429426 line       655 SOURCE IS UNAVAILABLE
IE_TRACE:                             12:35:32.429442 return     655 SOURCE IS UNAVAILABLE
IE_TRACE:                             Return value:.. True
IE_TRACE:                         12:35:32.429463 line       791 SOURCE IS UNAVAILABLE
IE_TRACE:                         12:35:32.429483 line       792 SOURCE IS UNAVAILABLE
IE_TRACE:                         12:35:32.429504 line       793 SOURCE IS UNAVAILABLE
IE_TRACE:                         12:35:32.429524 line       797 SOURCE IS UNAVAILABLE
IE_TRACE:                         12:35:32.429545 line       798 SOURCE IS UNAVAILABLE
IE_TRACE:                             Starting var:.. self = ModuleSpec(name='encodings.iso2022_jp', loader=<_frozen_importlib_external.SourceFileLoader object at 0x76f56d1e8380>, origin='/usr/lib/python3.12/encodings/iso2022_jp.py')
IE_TRACE:                             12:35:32.429566 call       632 SOURCE IS UNAVAILABLE
IE_TRACE:                             12:35:32.429586 line       634 SOURCE IS UNAVAILABLE
IE_TRACE:                             12:35:32.429602 line       635 SOURCE IS UNAVAILABLE
IE_TRACE:                             12:35:32.429618 line       636 SOURCE IS UNAVAILABLE
IE_TRACE:                             12:35:32.429634 line       638 SOURCE IS UNAVAILABLE
IE_TRACE:                                 Source path:... <frozen importlib._bootstrap_external>
IE_TRACE:                                 Starting var:.. filename = '/usr/lib/python3.12/encodings/iso2022_jp.py'
IE_TRACE:                                 12:35:32.429651 call       611 SOURCE IS UNAVAILABLE
IE_TRACE:                                 12:35:32.429673 line       612 SOURCE IS UNAVAILABLE
IE_TRACE:                                 12:35:32.429689 line       613 SOURCE IS UNAVAILABLE
IE_TRACE:                                 12:35:32.429705 line       614 SOURCE IS UNAVAILABLE
IE_TRACE:                                     Starting var:.. path = '/usr/lib/python3.12/encodings/iso2022_jp.py'
IE_TRACE:                                     Starting var:.. debug_override = None
IE_TRACE:                                     Starting var:.. optimization = None
IE_TRACE:                                     12:35:32.429723 call       482 SOURCE IS UNAVAILABLE
IE_TRACE:                                     12:35:32.429754 line       500 SOURCE IS UNAVAILABLE
IE_TRACE:                                     12:35:32.429775 line       507 SOURCE IS UNAVAILABLE
IE_TRACE:                                     12:35:32.429796 line       508 SOURCE IS UNAVAILABLE
IE_TRACE:                                     New var:....... head = '/usr/lib/python3.12/encodings'
IE_TRACE:                                     New var:....... tail = 'iso2022_jp.py'
IE_TRACE:                                     12:35:32.429841 line       509 SOURCE IS UNAVAILABLE
IE_TRACE:                                     New var:....... base = 'iso2022_jp'
IE_TRACE:                                     New var:....... sep = '.'
IE_TRACE:                                     New var:....... rest = 'py'
IE_TRACE:                                     12:35:32.429872 line       510 SOURCE IS UNAVAILABLE
IE_TRACE:                                     New var:....... tag = 'cpython-312'
IE_TRACE:                                     12:35:32.429909 line       511 SOURCE IS UNAVAILABLE
IE_TRACE:                                     12:35:32.429940 line       513 SOURCE IS UNAVAILABLE
IE_TRACE:                                     New var:....... almost_filename = 'iso2022_jp.cpython-312'
IE_TRACE:                                     12:35:32.429967 line       514 SOURCE IS UNAVAILABLE
IE_TRACE:                                     12:35:32.429998 line       515 SOURCE IS UNAVAILABLE
IE_TRACE:                                     12:35:32.430026 line       516 SOURCE IS UNAVAILABLE
IE_TRACE:                                     Modified var:.. optimization = ''
IE_TRACE:                                     12:35:32.430053 line       519 SOURCE IS UNAVAILABLE
IE_TRACE:                                     12:35:32.430083 line       520 SOURCE IS UNAVAILABLE
IE_TRACE:                                     12:35:32.430110 line       524 SOURCE IS UNAVAILABLE
IE_TRACE:                                     New var:....... filename = 'iso2022_jp.cpython-312.pyc'
IE_TRACE:                                     12:35:32.430137 line       525 SOURCE IS UNAVAILABLE
IE_TRACE:                                     12:35:32.430169 line       549 SOURCE IS UNAVAILABLE
IE_TRACE:                                     12:35:32.430210 return     549 SOURCE IS UNAVAILABLE
IE_TRACE:                                     Return value:.. '/usr/lib/python3.12/encodings/__pycache__/iso2022_jp.cpython-312.pyc'
IE_TRACE:                                 12:35:32.430245 return     614 SOURCE IS UNAVAILABLE
IE_TRACE:                                 Return value:.. '/usr/lib/python3.12/encodings/__pycache__/iso2022_jp.cpython-312.pyc'
IE_TRACE:                             Source path:... <frozen importlib._bootstrap>
IE_TRACE:                             12:35:32.430266 line       639 SOURCE IS UNAVAILABLE
IE_TRACE:                             12:35:32.430287 return     639 SOURCE IS UNAVAILABLE
IE_TRACE:                             Return value:.. '/usr/lib/python3.12/encodings/__pycache__/iso2022_jp.cpython-312.pyc'
IE_TRACE:                         12:35:32.430308 line       799 SOURCE IS UNAVAILABLE
IE_TRACE:                         12:35:32.430330 line       800 SOURCE IS UNAVAILABLE
IE_TRACE:                             Starting var:.. self = ModuleSpec(name='encodings.iso2022_jp', loader=<_frozen_importlib_external.SourceFileLoader object at 0x76f56d1e8380>, origin='/usr/lib/python3.12/encodings/iso2022_jp.py')
IE_TRACE:                             12:35:32.430352 call       632 SOURCE IS UNAVAILABLE
IE_TRACE:                             12:35:32.430373 line       634 SOURCE IS UNAVAILABLE
IE_TRACE:                             12:35:32.430391 line       639 SOURCE IS UNAVAILABLE
IE_TRACE:                             12:35:32.430407 return     639 SOURCE IS UNAVAILABLE
IE_TRACE:                             Return value:.. '/usr/lib/python3.12/encodings/__pycache__/iso2022_jp.cpython-312.pyc'
IE_TRACE:                         12:35:32.430428 line       803 SOURCE IS UNAVAILABLE
IE_TRACE:                         12:35:32.430449 return     803 SOURCE IS UNAVAILABLE
IE_TRACE:                         Return value:.. <module 'encodings.iso2022_jp' from '/usr/lib/python3.12/encodings/iso2022_jp.py'>
IE_TRACE:                     Modified var:.. module = <module 'encodings.iso2022_jp' from '/usr/lib/python3.12/encodings/iso2022_jp.py'>
IE_TRACE:                     12:35:32.430475 line       820 SOURCE IS UNAVAILABLE
IE_TRACE:                     12:35:32.430496 return     820 SOURCE IS UNAVAILABLE
IE_TRACE:                     Return value:.. <module 'encodings.iso2022_jp' from '/usr/lib/python3.12/encodings/iso2022_jp.py'>
IE_TRACE:                 New var:....... module = <module 'encodings.iso2022_jp' from '/usr/lib/python3.12/encodings/iso2022_jp.py'>
IE_TRACE:                 12:35:32.430518 line       926 SOURCE IS UNAVAILABLE
IE_TRACE:                 12:35:32.430538 line       927 SOURCE IS UNAVAILABLE
IE_TRACE:                 12:35:32.430555 line       928 SOURCE IS UNAVAILABLE
IE_TRACE:                 12:35:32.430571 line       929 SOURCE IS UNAVAILABLE
IE_TRACE:                 12:35:32.430587 line       930 SOURCE IS UNAVAILABLE
IE_TRACE:                 12:35:32.430603 line       935 SOURCE IS UNAVAILABLE
IE_TRACE:                     Source path:... <frozen importlib._bootstrap_external>
IE_TRACE:                     Starting var:.. self = <_frozen_importlib_external.SourceFileLoader object at 0x76f56d1e8380>
IE_TRACE:                     Starting var:.. module = <module 'encodings.iso2022_jp' from '/usr/lib/python3.12/encodings/iso2022_jp.py'>
IE_TRACE:                     12:35:32.430620 call       989 SOURCE IS UNAVAILABLE
IE_TRACE:                     12:35:32.430647 line       991 SOURCE IS UNAVAILABLE
IE_TRACE:                         Starting var:.. self = <_frozen_importlib_external.SourceFileLoader object at 0x76f56d1e8380>
IE_TRACE:                         Starting var:.. fullname = 'encodings.iso2022_jp'
IE_TRACE:                         12:35:32.430666 call      1062 SOURCE IS UNAVAILABLE
IE_TRACE:                         12:35:32.430692 line      1069 SOURCE IS UNAVAILABLE
IE_TRACE:                             Starting var:.. self = <_frozen_importlib_external.SourceFileLoader object at 0x76f56d1e8380>
IE_TRACE:                             Starting var:.. name = 'encodings.iso2022_jp'
IE_TRACE:                             Starting var:.. args = ()
IE_TRACE:                             Starting var:.. kwargs = {}
IE_TRACE:                             Starting var:.. method = <function FileLoader.get_filename at 0x76f5704eeca0>
IE_TRACE:                             12:35:32.430712 call       643 SOURCE IS UNAVAILABLE
IE_TRACE:                             12:35:32.430753 line       644 SOURCE IS UNAVAILABLE
IE_TRACE:                             12:35:32.430775 line       646 SOURCE IS UNAVAILABLE
IE_TRACE:                             12:35:32.430796 line       649 SOURCE IS UNAVAILABLE
IE_TRACE:                                 Starting var:.. self = <_frozen_importlib_external.SourceFileLoader object at 0x76f56d1e8380>
IE_TRACE:                                 Starting var:.. fullname = 'encodings.iso2022_jp'
IE_TRACE:                                 12:35:32.430818 call      1178 SOURCE IS UNAVAILABLE
IE_TRACE:                                 12:35:32.430843 line      1181 SOURCE IS UNAVAILABLE
IE_TRACE:                                 12:35:32.430860 return    1181 SOURCE IS UNAVAILABLE
IE_TRACE:                                 Return value:.. '/usr/lib/python3.12/encodings/iso2022_jp.py'
IE_TRACE:                             12:35:32.430882 return     649 SOURCE IS UNAVAILABLE
IE_TRACE:                             Return value:.. '/usr/lib/python3.12/encodings/iso2022_jp.py'
IE_TRACE:                         New var:....... source_path = '/usr/lib/python3.12/encodings/iso2022_jp.py'
IE_TRACE:                         12:35:32.430908 line      1070 SOURCE IS UNAVAILABLE
IE_TRACE:                         New var:....... source_mtime = None
IE_TRACE:                         12:35:32.430932 line      1071 SOURCE IS UNAVAILABLE
IE_TRACE:                         New var:....... source_bytes = None
IE_TRACE:                         12:35:32.430957 line      1072 SOURCE IS UNAVAILABLE
IE_TRACE:                         New var:....... source_hash = None
IE_TRACE:                         12:35:32.430983 line      1073 SOURCE IS UNAVAILABLE
IE_TRACE:                         New var:....... hash_based = False
IE_TRACE:                         12:35:32.431010 line      1074 SOURCE IS UNAVAILABLE
IE_TRACE:                         New var:....... check_source = True
IE_TRACE:                         12:35:32.431039 line      1075 SOURCE IS UNAVAILABLE
IE_TRACE:                         12:35:32.431068 line      1076 SOURCE IS UNAVAILABLE
IE_TRACE:                             Starting var:.. path = '/usr/lib/python3.12/encodings/iso2022_jp.py'
IE_TRACE:                             Starting var:.. debug_override = None
IE_TRACE:                             Starting var:.. optimization = None
IE_TRACE:                             12:35:32.431094 call       482 SOURCE IS UNAVAILABLE
IE_TRACE:                             12:35:32.431125 line       500 SOURCE IS UNAVAILABLE
IE_TRACE:                             12:35:32.431145 line       507 SOURCE IS UNAVAILABLE
IE_TRACE:                             12:35:32.431165 line       508 SOURCE IS UNAVAILABLE
IE_TRACE:                                 Starting var:.. path = '/usr/lib/python3.12/encodings/iso2022_jp.py'
IE_TRACE:                                 12:35:32.431186 call       132 SOURCE IS UNAVAILABLE
IE_TRACE:                                 12:35:32.431209 line       134 SOURCE IS UNAVAILABLE
IE_TRACE:                                     Starting var:.. .0 = <str_ascii_iterator object at 0x76f56d1ebdc0>
IE_TRACE:                                     Starting var:.. path = '/usr/lib/python3.12/encodings/iso2022_jp.py'
IE_TRACE:                                     12:35:32.431227 call       134 SOURCE IS UNAVAILABLE
IE_TRACE:                                     12:35:32.431255 line       134 SOURCE IS UNAVAILABLE
IE_TRACE:                                     New var:....... p = '/'
IE_TRACE:                                     12:35:32.431274 return     134 SOURCE IS UNAVAILABLE
IE_TRACE:                                     Return value:.. 29
IE_TRACE:                                     Starting var:.. .0 = <str_ascii_iterator object at 0x76f56d1ebdc0>
IE_TRACE:                                     Starting var:.. p = '/'
IE_TRACE:                                     Starting var:.. path = '/usr/lib/python3.12/encodings/iso2022_jp.py'
IE_TRACE:                                     12:35:32.431303 call       134 SOURCE IS UNAVAILABLE
IE_TRACE:                                     12:35:32.431333 line       134 SOURCE IS UNAVAILABLE
IE_TRACE:                                     12:35:32.431352 return     134 SOURCE IS UNAVAILABLE
IE_TRACE:                                     Return value:.. None
IE_TRACE:                                 New var:....... i = 29
IE_TRACE:                                 12:35:32.431377 line       135 SOURCE IS UNAVAILABLE
IE_TRACE:                                 12:35:32.431398 line       137 SOURCE IS UNAVAILABLE
IE_TRACE:                                 12:35:32.431417 return     137 SOURCE IS UNAVAILABLE
IE_TRACE:                                 Return value:.. ('/usr/lib/python3.12/encodings', 'iso2022_jp.py')
IE_TRACE:                             New var:....... head = '/usr/lib/python3.12/encodings'
IE_TRACE:                             New var:....... tail = 'iso2022_jp.py'
IE_TRACE:                             12:35:32.431440 line       509 SOURCE IS UNAVAILABLE
IE_TRACE:                             New var:....... base = 'iso2022_jp'
IE_TRACE:                             New var:....... sep = '.'
IE_TRACE:                             New var:....... rest = 'py'
IE_TRACE:                             12:35:32.431470 line       510 SOURCE IS UNAVAILABLE
IE_TRACE:                             New var:....... tag = 'cpython-312'
IE_TRACE:                             12:35:32.431506 line       511 SOURCE IS UNAVAILABLE
IE_TRACE:                             12:35:32.431536 line       513 SOURCE IS UNAVAILABLE
IE_TRACE:                             New var:....... almost_filename = 'iso2022_jp.cpython-312'
IE_TRACE:                             12:35:32.431562 line       514 SOURCE IS UNAVAILABLE
IE_TRACE:                             12:35:32.431592 line       515 SOURCE IS UNAVAILABLE
IE_TRACE:                             12:35:32.431619 line       516 SOURCE IS UNAVAILABLE
IE_TRACE:                             Modified var:.. optimization = ''
IE_TRACE:                             12:35:32.431645 line       519 SOURCE IS UNAVAILABLE
IE_TRACE:                             12:35:32.431675 line       520 SOURCE IS UNAVAILABLE
IE_TRACE:                             12:35:32.431701 line       524 SOURCE IS UNAVAILABLE
IE_TRACE:                             New var:....... filename = 'iso2022_jp.cpython-312.pyc'
IE_TRACE:                             12:35:32.431727 line       525 SOURCE IS UNAVAILABLE
IE_TRACE:                             12:35:32.431758 line       549 SOURCE IS UNAVAILABLE
IE_TRACE:                                 Starting var:.. path_parts = ('/usr/lib/python3.12/encodings', '__pycache__', 'iso2022_jp.cpython-312.pyc')
IE_TRACE:                                 12:35:32.431787 call       126 SOURCE IS UNAVAILABLE
IE_TRACE:                                 12:35:32.431808 line       128 SOURCE IS UNAVAILABLE
IE_TRACE:                                 12:35:32.431825 line       129 SOURCE IS UNAVAILABLE
IE_TRACE:                                 12:35:32.431843 line       128 SOURCE IS UNAVAILABLE
IE_TRACE:                                 12:35:32.431860 line       129 SOURCE IS UNAVAILABLE
IE_TRACE:                                 New var:....... part = '/usr/lib/python3.12/encodings'
IE_TRACE:                                 12:35:32.431877 line       128 SOURCE IS UNAVAILABLE
IE_TRACE:                                 12:35:32.431898 line       128 SOURCE IS UNAVAILABLE
IE_TRACE:                                 12:35:32.431916 line       129 SOURCE IS UNAVAILABLE
IE_TRACE:                                 Modified var:.. part = '__pycache__'
IE_TRACE:                                 12:35:32.431934 line       128 SOURCE IS UNAVAILABLE
IE_TRACE:                                 12:35:32.431955 line       128 SOURCE IS UNAVAILABLE
IE_TRACE:                                 12:35:32.431973 line       129 SOURCE IS UNAVAILABLE
IE_TRACE:                                 Modified var:.. part = 'iso2022_jp.cpython-312.pyc'
IE_TRACE:                                 12:35:32.431990 line       128 SOURCE IS UNAVAILABLE
IE_TRACE:                                 12:35:32.432011 line       128 SOURCE IS UNAVAILABLE
IE_TRACE:                                 12:35:32.432029 return     128 SOURCE IS UNAVAILABLE
IE_TRACE:                                 Return value:.. '/usr/lib/python3.12/encodings/__pycache__/iso2022_jp.cpython-312.pyc'
IE_TRACE:                             12:35:32.432051 return     549 SOURCE IS UNAVAILABLE
IE_TRACE:                             Return value:.. '/usr/lib/python3.12/encodings/__pycache__/iso2022_jp.cpython-312.pyc'
IE_TRACE:                         New var:....... bytecode_path = '/usr/lib/python3.12/encodings/__pycache__/iso2022_jp.cpython-312.pyc'
IE_TRACE:                         12:35:32.432084 line      1080 SOURCE IS UNAVAILABLE
IE_TRACE:                         12:35:32.432114 line      1081 SOURCE IS UNAVAILABLE
IE_TRACE:                             Starting var:.. self = <_frozen_importlib_external.SourceFileLoader object at 0x76f56d1e8380>
IE_TRACE:                             Starting var:.. path = '/usr/lib/python3.12/encodings/iso2022_jp.py'
IE_TRACE:                             12:35:32.432142 call      1202 SOURCE IS UNAVAILABLE
IE_TRACE:                             12:35:32.432167 line      1204 SOURCE IS UNAVAILABLE
IE_TRACE:                                 Starting var:.. path = '/usr/lib/python3.12/encodings/iso2022_jp.py'
IE_TRACE:                                 12:35:32.432185 call       140 SOURCE IS UNAVAILABLE
IE_TRACE:                                 12:35:32.432207 line       147 SOURCE IS UNAVAILABLE
IE_TRACE:                                 12:35:32.432224 return     147 SOURCE IS UNAVAILABLE
IE_TRACE:                                 Return value:.. os.stat_result(st_mode=33188, st_ino=527620, st_dev=66309, st_nlink=1, st_uid=0, st_gid=0, st_size=1053, st_atime=1775119205, st_mtime=1772540118, st_ctime=1775119204)
IE_TRACE:                             New var:....... st = os.stat_result(st_mode=33188, st_ino=527620, st_dev=66309, st_nlink=1, st_uid=0, st_gid=0, st_size=1053, st_atime=1775119205, st_mtime=1772540118, st_ctime=1775119204)
IE_TRACE:                             12:35:32.432247 line      1205 SOURCE IS UNAVAILABLE
IE_TRACE:                             12:35:32.432271 return    1205 SOURCE IS UNAVAILABLE
IE_TRACE:                             Return value:.. {'mtime': 1772540118.0, 'size': 1053}
IE_TRACE:                         New var:....... st = {'mtime': 1772540118.0, 'size': 1053}
IE_TRACE:                         12:35:32.432298 line      1085 SOURCE IS UNAVAILABLE
IE_TRACE:                         Modified var:.. source_mtime = 1772540118
IE_TRACE:                         12:35:32.432330 line      1086 SOURCE IS UNAVAILABLE
IE_TRACE:                         12:35:32.432362 line      1087 SOURCE IS UNAVAILABLE
IE_TRACE:                             Starting var:.. self = <_frozen_importlib_external.SourceFileLoader object at 0x76f56d1e8380>
IE_TRACE:                             Starting var:.. path = '/usr/lib/python3.12/encodings/__pycache__/iso2022_jp.cpython-312.pyc'
IE_TRACE:                             12:35:32.432391 call      1183 SOURCE IS UNAVAILABLE
IE_TRACE:                             12:35:32.432416 line      1185 SOURCE IS UNAVAILABLE
IE_TRACE:                             12:35:32.432434 line      1186 SOURCE IS UNAVAILABLE
IE_TRACE:                             New var:....... file = <_io.BufferedReader name='/usr/lib/python3.12/encodings/__pycache__/iso2022_jp.cpython-312.pyc'>
IE_TRACE:                             12:35:32.432463 line      1187 SOURCE IS UNAVAILABLE
IE_TRACE:                             12:35:32.432583 line      1186 SOURCE IS UNAVAILABLE
IE_TRACE:                             12:35:32.432608 return    1186 SOURCE IS UNAVAILABLE
IE_TRACE:                             Return value:.. bytes(len=2007)
IE_TRACE:                         New var:....... data = bytes(len=2007)
IE_TRACE:                         12:35:32.432636 line      1092 SOURCE IS UNAVAILABLE
IE_TRACE:                         12:35:32.432671 line      1093 SOURCE IS UNAVAILABLE
IE_TRACE:                         12:35:32.432700 line      1091 SOURCE IS UNAVAILABLE
IE_TRACE:                         New var:....... exc_details = {'name': 'encodings.iso2022_jp', 'path': '/usr/lib/python3.12/encodings/__pycache__/iso2022_jp.cpython-312.pyc'}
IE_TRACE:                         12:35:32.432729 line      1095 SOURCE IS UNAVAILABLE
IE_TRACE:                         12:35:32.432762 line      1096 SOURCE IS UNAVAILABLE
IE_TRACE:                             Starting var:.. data = bytes(len=2007)
IE_TRACE:                             Starting var:.. name = 'encodings.iso2022_jp'
IE_TRACE:                             Starting var:.. exc_details = {'name': 'encodings.iso2022_jp', 'path': '/usr/lib/python3.12/encodings/__pycache__/iso2022_jp.cpython-312.pyc'}
IE_TRACE:                             12:35:32.432793 call       666 SOURCE IS UNAVAILABLE
IE_TRACE:                             12:35:32.432824 line       682 SOURCE IS UNAVAILABLE
IE_TRACE:                             New var:....... magic = b'\xcb\r\r\n'
IE_TRACE:                             12:35:32.432844 line       683 SOURCE IS UNAVAILABLE
IE_TRACE:                             12:35:32.432868 line       687 SOURCE IS UNAVAILABLE
IE_TRACE:                             12:35:32.432889 line       691 SOURCE IS UNAVAILABLE
IE_TRACE:                                 Starting var:.. data = b'\x00\x00\x00\x00'
IE_TRACE:                                 12:35:32.432910 call        84 SOURCE IS UNAVAILABLE
IE_TRACE:                                 12:35:32.432930 line        86 SOURCE IS UNAVAILABLE
IE_TRACE:                                 12:35:32.432947 line        87 SOURCE IS UNAVAILABLE
IE_TRACE:                                 12:35:32.432963 return      87 SOURCE IS UNAVAILABLE
IE_TRACE:                                 Return value:.. 0
IE_TRACE:                             New var:....... flags = 0
IE_TRACE:                             12:35:32.432985 line       693 SOURCE IS UNAVAILABLE
IE_TRACE:                             12:35:32.433010 line       696 SOURCE IS UNAVAILABLE
IE_TRACE:                             12:35:32.433032 return     696 SOURCE IS UNAVAILABLE
IE_TRACE:                             Return value:.. 0
IE_TRACE:                         New var:....... flags = 0
IE_TRACE:                         12:35:32.433058 line      1097 SOURCE IS UNAVAILABLE
IE_TRACE:                         New var:....... bytes_data = <memory at 0x76f56d338940>
IE_TRACE:                         12:35:32.433094 line      1098 SOURCE IS UNAVAILABLE
IE_TRACE:                         12:35:32.433130 line      1099 SOURCE IS UNAVAILABLE
IE_TRACE:                         12:35:32.433162 line      1112 SOURCE IS UNAVAILABLE
IE_TRACE:                         12:35:32.433196 line      1113 SOURCE IS UNAVAILABLE
IE_TRACE:                         12:35:32.433228 line      1114 SOURCE IS UNAVAILABLE
IE_TRACE:                         12:35:32.433259 line      1115 SOURCE IS UNAVAILABLE
IE_TRACE:                         12:35:32.433291 line      1116 SOURCE IS UNAVAILABLE
IE_TRACE:                         12:35:32.433322 line      1117 SOURCE IS UNAVAILABLE
IE_TRACE:                         12:35:32.433353 line      1112 SOURCE IS UNAVAILABLE
IE_TRACE:                             Starting var:.. data = bytes(len=2007)
IE_TRACE:                             Starting var:.. source_mtime = 1772540118
IE_TRACE:                             Starting var:.. source_size = 1053
IE_TRACE:                             Starting var:.. name = 'encodings.iso2022_jp'
IE_TRACE:                             Starting var:.. exc_details = {'name': 'encodings.iso2022_jp', 'path': '/usr/lib/python3.12/encodings/__pycache__/iso2022_jp.cpython-312.pyc'}
IE_TRACE:                             12:35:32.433386 call       699 SOURCE IS UNAVAILABLE
IE_TRACE:                             12:35:32.433423 line       718 SOURCE IS UNAVAILABLE
IE_TRACE:                                 Starting var:.. data = b'\xd6\xd0\xa6i'
IE_TRACE:                                 12:35:32.433445 call        84 SOURCE IS UNAVAILABLE
IE_TRACE:                                 12:35:32.433465 line        86 SOURCE IS UNAVAILABLE
IE_TRACE:                                 12:35:32.433481 line        87 SOURCE IS UNAVAILABLE
IE_TRACE:                                 12:35:32.433497 return      87 SOURCE IS UNAVAILABLE
IE_TRACE:                                 Return value:.. 1772540118
IE_TRACE:                             12:35:32.433518 line       722 SOURCE IS UNAVAILABLE
IE_TRACE:                             12:35:32.433540 line       723 SOURCE IS UNAVAILABLE
IE_TRACE:                                 Starting var:.. data = b'\x1d\x04\x00\x00'
IE_TRACE:                                 12:35:32.433561 call        84 SOURCE IS UNAVAILABLE
IE_TRACE:                                 12:35:32.433581 line        86 SOURCE IS UNAVAILABLE
IE_TRACE:                                 12:35:32.433596 line        87 SOURCE IS UNAVAILABLE
IE_TRACE:                                 12:35:32.433612 return      87 SOURCE IS UNAVAILABLE
IE_TRACE:                                 Return value:.. 1053
IE_TRACE:                             12:35:32.433633 return     723 SOURCE IS UNAVAILABLE
IE_TRACE:                             Return value:.. None
IE_TRACE:                         12:35:32.433659 line      1122 SOURCE IS UNAVAILABLE
IE_TRACE:                         12:35:32.433692 line      1123 SOURCE IS UNAVAILABLE
IE_TRACE:                         12:35:32.433723 line      1122 SOURCE IS UNAVAILABLE
IE_TRACE:                             Source path:... <frozen importlib._bootstrap>
IE_TRACE:                             Starting var:.. message = '{} matches {}'
IE_TRACE:                             Starting var:.. verbosity = 1
IE_TRACE:                             Starting var:.. args = ('/usr/lib/python3.12/encodings/__pycache__/iso2022_jp.cpython-312.pyc', '/usr/lib/python3.12/encodings/iso2022_jp.py')
IE_TRACE:                             12:35:32.433755 call       491 SOURCE IS UNAVAILABLE
IE_TRACE:                             12:35:32.433789 line       493 SOURCE IS UNAVAILABLE
IE_TRACE:                             12:35:32.433807 return     493 SOURCE IS UNAVAILABLE
IE_TRACE:                             Return value:.. None
IE_TRACE:                         Source path:... <frozen importlib._bootstrap_external>
IE_TRACE:                         12:35:32.433831 line      1124 SOURCE IS UNAVAILABLE
IE_TRACE:                         12:35:32.433866 line      1125 SOURCE IS UNAVAILABLE
IE_TRACE:                         12:35:32.433897 line      1126 SOURCE IS UNAVAILABLE
IE_TRACE:                         12:35:32.433928 line      1124 SOURCE IS UNAVAILABLE
IE_TRACE:                             Starting var:.. data = <memory at 0x76f56d338940>
IE_TRACE:                             Starting var:.. name = 'encodings.iso2022_jp'
IE_TRACE:                             Starting var:.. bytecode_path = '/usr/lib/python3.12/encodings/__pycache__/iso2022_jp.cpython-312.pyc'
IE_TRACE:                             Starting var:.. source_path = '/usr/lib/python3.12/encodings/iso2022_jp.py'
IE_TRACE:                             12:35:32.433960 call       751 SOURCE IS UNAVAILABLE
IE_TRACE:                             12:35:32.433993 line       753 SOURCE IS UNAVAILABLE
IE_TRACE:                             New var:....... code = <code object <module> at 0xa5b5280, file "/usr/lib/python3.12/encodings/iso2022_jp.py", line 1>
IE_TRACE:                             12:35:32.434026 line       754 SOURCE IS UNAVAILABLE
IE_TRACE:                             12:35:32.434052 line       755 SOURCE IS UNAVAILABLE
IE_TRACE:                                 Source path:... <frozen importlib._bootstrap>
IE_TRACE:                                 Starting var:.. message = 'code object from {!r}'
IE_TRACE:                                 Starting var:.. verbosity = 1
IE_TRACE:                                 Starting var:.. args = ('/usr/lib/python3.12/encodings/__pycache__/iso2022_jp.cpython-312.pyc',)
IE_TRACE:                                 12:35:32.434074 call       491 SOURCE IS UNAVAILABLE
IE_TRACE:                                 12:35:32.434107 line       493 SOURCE IS UNAVAILABLE
IE_TRACE:                                 12:35:32.434126 return     493 SOURCE IS UNAVAILABLE
IE_TRACE:                                 Return value:.. None
IE_TRACE:                             Source path:... <frozen importlib._bootstrap_external>
IE_TRACE:                             12:35:32.434149 line       756 SOURCE IS UNAVAILABLE
IE_TRACE:                             12:35:32.434174 line       757 SOURCE IS UNAVAILABLE
IE_TRACE:                             12:35:32.434197 line       758 SOURCE IS UNAVAILABLE
IE_TRACE:                             12:35:32.434217 return     758 SOURCE IS UNAVAILABLE
IE_TRACE:                             Return value:.. <code object <module> at 0xa5b5280, file "/usr/lib/python3.12/encodings/iso2022_jp.py", line 1>
IE_TRACE:                         12:35:32.434242 return    1124 SOURCE IS UNAVAILABLE
IE_TRACE:                         Return value:.. <code object <module> at 0xa5b5280, file "/usr/lib/python3.12/encodings/iso2022_jp.py", line 1>
IE_TRACE:                     New var:....... code = <code object <module> at 0xa5b5280, file "/usr/lib/python3.12/encodings/iso2022_jp.py", line 1>
IE_TRACE:                     12:35:32.434281 line       992 SOURCE IS UNAVAILABLE
IE_TRACE:                     12:35:32.434304 line       995 SOURCE IS UNAVAILABLE
IE_TRACE:                         Source path:... <frozen importlib._bootstrap>
IE_TRACE:                         Starting var:.. f = <built-in function exec>
IE_TRACE:                         Starting var:.. args = (<code object <module> at 0xa5b5280, file "/usr/lib/python3.12/encodings/iso2022_jp.py", line 1>, {'__name__': 'encodings.iso2022_jp', '__doc__': None, '__package__': 'encodings', '__loader__': <_frozen_importlib_external.SourceFileLoader object at...rnal.SourceFileLoader object at 0x76f56d1e8380>, origin='/usr/lib/python3.12/encodings/iso2022_jp.py'), '__file__': '/usr/lib/python3.12/encodings/iso2022_jp.py', '__cached__': '/usr/lib/python3.12/encodings/__pycache__/iso2022_jp.cpython-312.pyc'})
IE_TRACE:                         Starting var:.. kwds = {}
IE_TRACE:                         12:35:32.434323 call       480 SOURCE IS UNAVAILABLE
IE_TRACE:                         12:35:32.434363 line       488 SOURCE IS UNAVAILABLE
IE_TRACE:                             Source path:... /usr/lib/python3.12/encodings/iso2022_jp.py
IE_TRACE:                             Starting var:.. __name__ = 'encodings.iso2022_jp'
IE_TRACE:                             Starting var:.. __doc__ = None
IE_TRACE:                             Starting var:.. __package__ = 'encodings'
IE_TRACE:                             Starting var:.. __loader__ = <_frozen_importlib_external.SourceFileLoader object at 0x76f56d1e8380>
IE_TRACE:                             Starting var:.. __spec__ = ModuleSpec(name='encodings.iso2022_jp', loader=<_frozen_importlib_external.SourceFileLoader object at 0x76f56d1e8380>, origin='/usr/lib/python3.12/encodings/iso2022_jp.py')
IE_TRACE:                             Starting var:.. __file__ = '/usr/lib/python3.12/encodings/iso2022_jp.py'
IE_TRACE:                             Starting var:.. __cached__ = '/usr/lib/python3.12/encodings/__pycache__/iso2022_jp.cpython-312.pyc'
IE_TRACE:                             Starting var:.. __builtins__ = dict(len=157)
IE_TRACE:                             12:35:32.434391 call         0     )
IE_TRACE:                             12:35:32.434571 line         7 import _codecs_iso2022, codecs
IE_TRACE:                                 Source path:... <frozen importlib._bootstrap>
IE_TRACE:                                 Starting var:.. name = '_codecs_iso2022'
IE_TRACE:                                 Starting var:.. import_ = <built-in function __import__>
IE_TRACE:                                 12:35:32.434600 call      1349 SOURCE IS UNAVAILABLE
IE_TRACE:                                 12:35:32.434630 line      1354 SOURCE IS UNAVAILABLE
IE_TRACE:                                 New var:....... module = <object object at 0x76f5704c0060>
IE_TRACE:                                 12:35:32.434649 line      1355 SOURCE IS UNAVAILABLE
IE_TRACE:                                 12:35:32.434672 line      1357 SOURCE IS UNAVAILABLE
IE_TRACE:                                     Starting var:.. self = <_frozen_importlib._ModuleLockManager object at 0x76f56d3cbdd0>
IE_TRACE:                                     Starting var:.. name = '_codecs_iso2022'
IE_TRACE:                                     12:35:32.434691 call       412 SOURCE IS UNAVAILABLE
IE_TRACE:                                     12:35:32.434716 line       413 SOURCE IS UNAVAILABLE
IE_TRACE:                                     12:35:32.434734 line       414 SOURCE IS UNAVAILABLE
IE_TRACE:                                     12:35:32.434751 return     414 SOURCE IS UNAVAILABLE
IE_TRACE:                                     Return value:.. None
IE_TRACE:                                     Starting var:.. self = <_frozen_importlib._ModuleLockManager object at 0x76f56d3cbdd0>
IE_TRACE:                                     12:35:32.434774 call       416 SOURCE IS UNAVAILABLE
IE_TRACE:                                     12:35:32.434794 line       417 SOURCE IS UNAVAILABLE
IE_TRACE:                                     12:35:32.434829 line       418 SOURCE IS UNAVAILABLE
IE_TRACE:                                     12:35:32.434903 return     418 SOURCE IS UNAVAILABLE
IE_TRACE:                                     Return value:.. None
IE_TRACE:                                 12:35:32.434926 line      1358 SOURCE IS UNAVAILABLE
IE_TRACE:                                 12:35:32.434945 line      1359 SOURCE IS UNAVAILABLE
IE_TRACE:                                 12:35:32.434963 line      1360 SOURCE IS UNAVAILABLE
IE_TRACE:                                     Starting var:.. name = '_codecs_iso2022'
IE_TRACE:                                     Starting var:.. import_ = <built-in function __import__>
IE_TRACE:                                     12:35:32.434983 call      1304 SOURCE IS UNAVAILABLE
IE_TRACE:                                     12:35:32.435009 line      1305 SOURCE IS UNAVAILABLE
IE_TRACE:                                     New var:....... path = None
IE_TRACE:                                     12:35:32.435029 line      1306 SOURCE IS UNAVAILABLE
IE_TRACE:                                     New var:....... parent = ''
IE_TRACE:                                     12:35:32.435053 line      1307 SOURCE IS UNAVAILABLE
IE_TRACE:                                     New var:....... parent_spec = None
IE_TRACE:                                     12:35:32.435077 line      1308 SOURCE IS UNAVAILABLE
IE_TRACE:                                     12:35:32.435103 line      1322 SOURCE IS UNAVAILABLE
IE_TRACE:                                     New var:....... spec = ModuleSpec(name='_codecs_iso2022', loader=<_frozen_importlib_external.ExtensionFileLoader object at 0x76f56d210500>, origin='/usr/lib/python3.12/lib-dynload/_codecs_iso2022.cpython-312-x86_64-linux-gnu.so')
IE_TRACE:                                     12:35:32.435673 line      1323 SOURCE IS UNAVAILABLE
IE_TRACE:                                     12:35:32.435705 line      1326 SOURCE IS UNAVAILABLE
IE_TRACE:                                     12:35:32.435731 line      1330 SOURCE IS UNAVAILABLE
IE_TRACE:                                     12:35:32.435755 line      1331 SOURCE IS UNAVAILABLE
IE_TRACE:                                     New var:....... module = <module '_codecs_iso2022' from '/usr/lib/python3.12/lib-dynload/_codecs_iso2022.cpython-312-x86_64-linux-gnu.so'>
IE_TRACE:                                     12:35:32.436114 line      1333 SOURCE IS UNAVAILABLE
IE_TRACE:                                     12:35:32.436158 line      1335 SOURCE IS UNAVAILABLE
IE_TRACE:                                     12:35:32.436187 line      1343 SOURCE IS UNAVAILABLE
IE_TRACE:                                     12:35:32.436219 return    1343 SOURCE IS UNAVAILABLE
IE_TRACE:                                     Return value:.. <module '_codecs_iso2022' from '/usr/lib/python3.12/lib-dynload/_codecs_iso2022.cpython-312-x86_64-linux-gnu.so'>
IE_TRACE:                                 12:35:32.436253 line      1357 SOURCE IS UNAVAILABLE
IE_TRACE:                                     Starting var:.. self = <_frozen_importlib._ModuleLockManager object at 0x76f56d3cbdd0>
IE_TRACE:                                     Starting var:.. args = (None, None, None)
IE_TRACE:                                     Starting var:.. kwargs = {}
IE_TRACE:                                     12:35:32.436273 call       420 SOURCE IS UNAVAILABLE
IE_TRACE:                                     12:35:32.436305 line       421 SOURCE IS UNAVAILABLE
IE_TRACE:                                     12:35:32.436335 return     421 SOURCE IS UNAVAILABLE
IE_TRACE:                                     Return value:.. None
IE_TRACE:                                     Starting var:.. ref = <weakref at 0x76f56d1fe430; dead>
IE_TRACE:                                     Starting var:.. name = '_codecs_iso2022'
IE_TRACE:                                     12:35:32.436361 call       445 SOURCE IS UNAVAILABLE
IE_TRACE:                                     12:35:32.436388 line       446 SOURCE IS UNAVAILABLE
IE_TRACE:                                     12:35:32.436407 line       447 SOURCE IS UNAVAILABLE
IE_TRACE:                                     12:35:32.436425 line       451 SOURCE IS UNAVAILABLE
IE_TRACE:                                     12:35:32.436442 line       452 SOURCE IS UNAVAILABLE
IE_TRACE:                                     12:35:32.436459 line       454 SOURCE IS UNAVAILABLE
IE_TRACE:                                     12:35:32.436476 return     454 SOURCE IS UNAVAILABLE
IE_TRACE:                                     Return value:.. None
IE_TRACE:                                 12:35:32.436500 return    1357 SOURCE IS UNAVAILABLE
IE_TRACE:                                 Return value:.. <module '_codecs_iso2022' from '/usr/lib/python3.12/lib-dynload/_codecs_iso2022.cpython-312-x86_64-linux-gnu.so'>
IE_TRACE:                             Source path:... /usr/lib/python3.12/encodings/iso2022_jp.py
IE_TRACE:                             New var:....... _codecs_iso2022 = <module '_codecs_iso2022' from '/usr/lib/python3.12/lib-dynload/_codecs_iso2022.cpython-312-x86_64-linux-gnu.so'>
IE_TRACE:                             New var:....... codecs = <module 'codecs' (frozen)>
IE_TRACE:                             12:35:32.436528 line         8 import _multibytecodec as mbc
IE_TRACE:                             New var:....... mbc = <module '_multibytecodec' from '/usr/lib/python3.12/lib-dynload/_multibytecodec.cpython-312-x86_64-linux-gnu.so'>
IE_TRACE:                             12:35:32.436573 line        10 codec = _codecs_iso2022.getcodec('iso2022_jp')
IE_TRACE:                                 Source path:... <frozen importlib._bootstrap>
IE_TRACE:                                 Starting var:.. name = '_codecs_jp'
IE_TRACE:                                 Starting var:.. import_ = <built-in function __import__>
IE_TRACE:                                 12:35:32.436614 call      1349 SOURCE IS UNAVAILABLE
IE_TRACE:                                 12:35:32.436644 line      1354 SOURCE IS UNAVAILABLE
IE_TRACE:                                 New var:....... module = <object object at 0x76f5704c0060>
IE_TRACE:                                 12:35:32.436662 line      1355 SOURCE IS UNAVAILABLE
IE_TRACE:                                 12:35:32.436684 line      1357 SOURCE IS UNAVAILABLE
IE_TRACE:                                     Starting var:.. self = <_frozen_importlib._ModuleLockManager object at 0x76f56d210590>
IE_TRACE:                                     Starting var:.. name = '_codecs_jp'
IE_TRACE:                                     12:35:32.436704 call       412 SOURCE IS UNAVAILABLE
IE_TRACE:                                     12:35:32.436728 line       413 SOURCE IS UNAVAILABLE
IE_TRACE:                                     12:35:32.436746 line       414 SOURCE IS UNAVAILABLE
IE_TRACE:                                     12:35:32.436763 return     414 SOURCE IS UNAVAILABLE
IE_TRACE:                                     Return value:.. None
IE_TRACE:                                     Starting var:.. self = <_frozen_importlib._ModuleLockManager object at 0x76f56d210590>
IE_TRACE:                                     12:35:32.436786 call       416 SOURCE IS UNAVAILABLE
IE_TRACE:                                     12:35:32.436806 line       417 SOURCE IS UNAVAILABLE
IE_TRACE:                                     12:35:32.436840 line       418 SOURCE IS UNAVAILABLE
IE_TRACE:                                     12:35:32.436912 return     418 SOURCE IS UNAVAILABLE
IE_TRACE:                                     Return value:.. None
IE_TRACE:                                 12:35:32.436935 line      1358 SOURCE IS UNAVAILABLE
IE_TRACE:                                 12:35:32.436954 line      1359 SOURCE IS UNAVAILABLE
IE_TRACE:                                 12:35:32.436973 line      1360 SOURCE IS UNAVAILABLE
IE_TRACE:                                     Starting var:.. name = '_codecs_jp'
IE_TRACE:                                     Starting var:.. import_ = <built-in function __import__>
IE_TRACE:                                     12:35:32.436992 call      1304 SOURCE IS UNAVAILABLE
IE_TRACE:                                     12:35:32.437019 line      1305 SOURCE IS UNAVAILABLE
IE_TRACE:                                     New var:....... path = None
IE_TRACE:                                     12:35:32.437039 line      1306 SOURCE IS UNAVAILABLE
IE_TRACE:                                     New var:....... parent = ''
IE_TRACE:                                     12:35:32.437064 line      1307 SOURCE IS UNAVAILABLE
IE_TRACE:                                     New var:....... parent_spec = None
IE_TRACE:                                     12:35:32.437089 line      1308 SOURCE IS UNAVAILABLE
IE_TRACE:                                     12:35:32.437115 line      1322 SOURCE IS UNAVAILABLE
IE_TRACE:                                     New var:....... spec = ModuleSpec(name='_codecs_jp', loader=<_frozen_importlib_external.ExtensionFileLoader object at 0x76f56d210680>, origin='/usr/lib/python3.12/lib-dynload/_codecs_jp.cpython-312-x86_64-linux-gnu.so')
IE_TRACE:                                     12:35:32.437689 line      1323 SOURCE IS UNAVAILABLE
IE_TRACE:                                     12:35:32.437723 line      1326 SOURCE IS UNAVAILABLE
IE_TRACE:                                     12:35:32.437749 line      1330 SOURCE IS UNAVAILABLE
IE_TRACE:                                     12:35:32.437773 line      1331 SOURCE IS UNAVAILABLE
IE_TRACE:                                     New var:....... module = <module '_codecs_jp' from '/usr/lib/python3.12/lib-dynload/_codecs_jp.cpython-312-x86_64-linux-gnu.so'>
IE_TRACE:                                     12:35:32.438587 line      1333 SOURCE IS UNAVAILABLE
IE_TRACE:                                     12:35:32.438630 line      1335 SOURCE IS UNAVAILABLE
IE_TRACE:                                     12:35:32.438660 line      1343 SOURCE IS UNAVAILABLE
IE_TRACE:                                     12:35:32.438686 return    1343 SOURCE IS UNAVAILABLE
IE_TRACE:                                     Return value:.. <module '_codecs_jp' from '/usr/lib/python3.12/lib-dynload/_codecs_jp.cpython-312-x86_64-linux-gnu.so'>
IE_TRACE:                                 12:35:32.438720 line      1357 SOURCE IS UNAVAILABLE
IE_TRACE:                                     Starting var:.. self = <_frozen_importlib._ModuleLockManager object at 0x76f56d210590>
IE_TRACE:                                     Starting var:.. args = (None, None, None)
IE_TRACE:                                     Starting var:.. kwargs = {}
IE_TRACE:                                     12:35:32.438741 call       420 SOURCE IS UNAVAILABLE
IE_TRACE:                                     12:35:32.438773 line       421 SOURCE IS UNAVAILABLE
IE_TRACE:                                     12:35:32.438802 return     421 SOURCE IS UNAVAILABLE
IE_TRACE:                                     Return value:.. None
IE_TRACE:                                     Starting var:.. ref = <weakref at 0x76f56d1fe660; dead>
IE_TRACE:                                     Starting var:.. name = '_codecs_jp'
IE_TRACE:                                     12:35:32.438828 call       445 SOURCE IS UNAVAILABLE
IE_TRACE:                                     12:35:32.438854 line       446 SOURCE IS UNAVAILABLE
IE_TRACE:                                     12:35:32.438873 line       447 SOURCE IS UNAVAILABLE
IE_TRACE:                                     12:35:32.438890 line       451 SOURCE IS UNAVAILABLE
IE_TRACE:                                     12:35:32.438907 line       452 SOURCE IS UNAVAILABLE
IE_TRACE:                                     12:35:32.438925 line       454 SOURCE IS UNAVAILABLE
IE_TRACE:                                     12:35:32.438942 return     454 SOURCE IS UNAVAILABLE
IE_TRACE:                                     Return value:.. None
IE_TRACE:                                 12:35:32.438965 return    1357 SOURCE IS UNAVAILABLE
IE_TRACE:                                 Return value:.. <module '_codecs_jp' from '/usr/lib/python3.12/lib-dynload/_codecs_jp.cpython-312-x86_64-linux-gnu.so'>
IE_TRACE:                             Source path:... /usr/lib/python3.12/encodings/iso2022_jp.py
IE_TRACE:                             New var:....... codec = <_multibytecodec.MultibyteCodec object at 0x76f56d2108e0>
IE_TRACE:                             12:35:32.438995 line        12 class Codec(codecs.Codec):
IE_TRACE:                                 12:35:32.439043 call        12 class Codec(codecs.Codec):
IE_TRACE:                                 12:35:32.439060 line        12 class Codec(codecs.Codec):
IE_TRACE:                                 New var:....... __module__ = 'encodings.iso2022_jp'
IE_TRACE:                                 New var:....... __qualname__ = 'Codec'
IE_TRACE:                                 12:35:32.439074 line        13     encode = codec.encode
IE_TRACE:                                 New var:....... encode = <built-in method encode of _multibytecodec.MultibyteCodec object at 0x76f56d2108e0>
IE_TRACE:                                 12:35:32.439099 line        14     decode = codec.decode
IE_TRACE:                                 New var:....... decode = <built-in method decode of _multibytecodec.MultibyteCodec object at 0x76f56d2108e0>
IE_TRACE:                                 12:35:32.439122 return      14     decode = codec.decode
IE_TRACE:                                 Return value:.. None
IE_TRACE:                             New var:....... Codec = <class 'encodings.iso2022_jp.Codec'>
IE_TRACE:                             12:35:32.439165 line        16 class IncrementalEncoder(mbc.MultibyteIncrementalEncoder,
IE_TRACE:                             12:35:32.439210 line        17                          codecs.IncrementalEncoder):
IE_TRACE:                             12:35:32.439245 line        16 class IncrementalEncoder(mbc.MultibyteIncrementalEncoder,
IE_TRACE:                                 12:35:32.439281 call        16 class IncrementalEncoder(mbc.MultibyteIncrementalEncoder,
IE_TRACE:                                 12:35:32.439297 line        16 class IncrementalEncoder(mbc.MultibyteIncrementalEncoder,
IE_TRACE:                                 New var:....... __module__ = 'encodings.iso2022_jp'
IE_TRACE:                                 New var:....... __qualname__ = 'IncrementalEncoder'
IE_TRACE:                                 12:35:32.439311 line        18     codec = codec
IE_TRACE:                                 New var:....... codec = <_multibytecodec.MultibyteCodec object at 0x76f56d2108e0>
IE_TRACE:                                 12:35:32.439335 return      18     codec = codec
IE_TRACE:                                 Return value:.. None
IE_TRACE:                             New var:....... IncrementalEncoder = <class 'encodings.iso2022_jp.IncrementalEncoder'>
IE_TRACE:                             12:35:32.439376 line        20 class IncrementalDecoder(mbc.MultibyteIncrementalDecoder,
IE_TRACE:                             12:35:32.439416 line        21                          codecs.IncrementalDecoder):
IE_TRACE:                             12:35:32.439451 line        20 class IncrementalDecoder(mbc.MultibyteIncrementalDecoder,
IE_TRACE:                                 12:35:32.439486 call        20 class IncrementalDecoder(mbc.MultibyteIncrementalDecoder,
IE_TRACE:                                 12:35:32.439501 line        20 class IncrementalDecoder(mbc.MultibyteIncrementalDecoder,
IE_TRACE:                                 New var:....... __module__ = 'encodings.iso2022_jp'
IE_TRACE:                                 New var:....... __qualname__ = 'IncrementalDecoder'
IE_TRACE:                                 12:35:32.439515 line        22     codec = codec
IE_TRACE:                                 New var:....... codec = <_multibytecodec.MultibyteCodec object at 0x76f56d2108e0>
IE_TRACE:                                 12:35:32.439539 return      22     codec = codec
IE_TRACE:                                 Return value:.. None
IE_TRACE:                             New var:....... IncrementalDecoder = <class 'encodings.iso2022_jp.IncrementalDecoder'>
IE_TRACE:                             12:35:32.439574 line        24 class StreamReader(Codec, mbc.MultibyteStreamReader, codecs.StreamReader):
IE_TRACE:                                 12:35:32.439615 call        24 class StreamReader(Codec, mbc.MultibyteStreamReader, codecs.StreamReader):
IE_TRACE:                                 12:35:32.439630 line        24 class StreamReader(Codec, mbc.MultibyteStreamReader, codecs.StreamReader):
IE_TRACE:                                 New var:....... __module__ = 'encodings.iso2022_jp'
IE_TRACE:                                 New var:....... __qualname__ = 'StreamReader'
IE_TRACE:                                 12:35:32.439644 line        25     codec = codec
IE_TRACE:                                 New var:....... codec = <_multibytecodec.MultibyteCodec object at 0x76f56d2108e0>
IE_TRACE:                                 12:35:32.439668 return      25     codec = codec
IE_TRACE:                                 Return value:.. None
IE_TRACE:                             New var:....... StreamReader = <class 'encodings.iso2022_jp.StreamReader'>
IE_TRACE:                             12:35:32.439710 line        27 class StreamWriter(Codec, mbc.MultibyteStreamWriter, codecs.StreamWriter):
IE_TRACE:                                 12:35:32.439753 call        27 class StreamWriter(Codec, mbc.MultibyteStreamWriter, codecs.StreamWriter):
IE_TRACE:                                 12:35:32.439768 line        27 class StreamWriter(Codec, mbc.MultibyteStreamWriter, codecs.StreamWriter):
IE_TRACE:                                 New var:....... __module__ = 'encodings.iso2022_jp'
IE_TRACE:                                 New var:....... __qualname__ = 'StreamWriter'
IE_TRACE:                                 12:35:32.439782 line        28     codec = codec
IE_TRACE:                                 New var:....... codec = <_multibytecodec.MultibyteCodec object at 0x76f56d2108e0>
IE_TRACE:                                 12:35:32.439805 return      28     codec = codec
IE_TRACE:                                 Return value:.. None
IE_TRACE:                             New var:....... StreamWriter = <class 'encodings.iso2022_jp.StreamWriter'>
IE_TRACE:                             12:35:32.439843 line        30 def getregentry():
IE_TRACE:                             New var:....... getregentry = <function getregentry at 0x76f56d3d9440>
IE_TRACE:                             12:35:32.439885 return      30 def getregentry():
IE_TRACE:                             Return value:.. None
IE_TRACE:                         Source path:... <frozen importlib._bootstrap>
IE_TRACE:                         Modified var:.. args = (<code object <module> at 0xa5b5280, file "/usr/lib/python3.12/encodings/iso2022_jp.py", line 1>, {'__name__': 'encodings.iso2022_jp', '__doc__': None, '__package__': 'encodings', '__loader__': <_frozen_importlib_external.SourceFileLoader object at...crementalDecoder': <class 'encodings.iso2022_jp.IncrementalDecoder'>, 'StreamReader': <class 'encodings.iso2022_jp.StreamReader'>, 'StreamWriter': <class 'encodings.iso2022_jp.StreamWriter'>, 'getregentry': <function getregentry at 0x76f56d3d9440>})
IE_TRACE:                         12:35:32.439933 return     488 SOURCE IS UNAVAILABLE
IE_TRACE:                         Return value:.. None
IE_TRACE:                     Source path:... <frozen importlib._bootstrap_external>
IE_TRACE:                     12:35:32.440028 return     995 SOURCE IS UNAVAILABLE
IE_TRACE:                     Return value:.. None
IE_TRACE:                 Source path:... <frozen importlib._bootstrap>
IE_TRACE:                 12:35:32.440059 line       946 SOURCE IS UNAVAILABLE
IE_TRACE:                 12:35:32.440082 line       947 SOURCE IS UNAVAILABLE
IE_TRACE:                 12:35:32.440101 line       948 SOURCE IS UNAVAILABLE
IE_TRACE:                     Starting var:.. message = 'import {!r} # {!r}'
IE_TRACE:                     Starting var:.. verbosity = 1
IE_TRACE:                     Starting var:.. args = ('encodings.iso2022_jp', <_frozen_importlib_external.SourceFileLoader object at 0x76f56d1e8380>)
IE_TRACE:                     12:35:32.440119 call       491 SOURCE IS UNAVAILABLE
IE_TRACE:                     12:35:32.440149 line       493 SOURCE IS UNAVAILABLE
IE_TRACE:                     12:35:32.440167 return     493 SOURCE IS UNAVAILABLE
IE_TRACE:                     Return value:.. None
IE_TRACE:                 12:35:32.440189 line       950 SOURCE IS UNAVAILABLE
IE_TRACE:                 12:35:32.440210 line       952 SOURCE IS UNAVAILABLE
IE_TRACE:                 12:35:32.440227 return     952 SOURCE IS UNAVAILABLE
IE_TRACE:                 Return value:.. <module 'encodings.iso2022_jp' from '/usr/lib/python3.12/encodings/iso2022_jp.py'>
IE_TRACE:             New var:....... module = <module 'encodings.iso2022_jp' from '/usr/lib/python3.12/encodings/iso2022_jp.py'>
IE_TRACE:             12:35:32.440250 line      1333 SOURCE IS UNAVAILABLE
IE_TRACE:             12:35:32.440285 line      1334 SOURCE IS UNAVAILABLE
IE_TRACE:             12:35:32.440313 line      1335 SOURCE IS UNAVAILABLE
IE_TRACE:             12:35:32.440340 line      1337 SOURCE IS UNAVAILABLE
IE_TRACE:             12:35:32.440366 line      1338 SOURCE IS UNAVAILABLE
IE_TRACE:             12:35:32.440391 line      1339 SOURCE IS UNAVAILABLE
IE_TRACE:             12:35:32.440417 line      1343 SOURCE IS UNAVAILABLE
IE_TRACE:             12:35:32.440443 return    1343 SOURCE IS UNAVAILABLE
IE_TRACE:             Return value:.. <module 'encodings.iso2022_jp' from '/usr/lib/python3.12/encodings/iso2022_jp.py'>
IE_TRACE:         12:35:32.440475 line      1357 SOURCE IS UNAVAILABLE
IE_TRACE:             Starting var:.. self = <_frozen_importlib._ModuleLockManager object at 0x76f56d1ebe60>
IE_TRACE:             Starting var:.. args = (None, None, None)
IE_TRACE:             Starting var:.. kwargs = {}
IE_TRACE:             12:35:32.440492 call       420 SOURCE IS UNAVAILABLE
IE_TRACE:             12:35:32.440518 line       421 SOURCE IS UNAVAILABLE
IE_TRACE:                 Starting var:.. self = _ModuleLock('encodings.iso2022_jp') at 130796471762336
IE_TRACE:                 12:35:32.440535 call       372 SOURCE IS UNAVAILABLE
IE_TRACE:                 12:35:32.440553 line       373 SOURCE IS UNAVAILABLE
IE_TRACE:                 New var:....... tid = 130796523647104
IE_TRACE:                 12:35:32.440567 line       374 SOURCE IS UNAVAILABLE
IE_TRACE:                 12:35:32.440585 line       375 SOURCE IS UNAVAILABLE
IE_TRACE:                 12:35:32.440599 line       377 SOURCE IS UNAVAILABLE
IE_TRACE:                 12:35:32.440613 line       378 SOURCE IS UNAVAILABLE
IE_TRACE:                 12:35:32.440627 line       379 SOURCE IS UNAVAILABLE
IE_TRACE:                 12:35:32.440641 line       380 SOURCE IS UNAVAILABLE
IE_TRACE:                 12:35:32.440655 line       381 SOURCE IS UNAVAILABLE
IE_TRACE:                 12:35:32.440668 line       374 SOURCE IS UNAVAILABLE
IE_TRACE:                 12:35:32.440682 return     374 SOURCE IS UNAVAILABLE
IE_TRACE:                 Return value:.. None
IE_TRACE:             12:35:32.440701 return     421 SOURCE IS UNAVAILABLE
IE_TRACE:             Return value:.. None
IE_TRACE:             Starting var:.. ref = <weakref at 0x76f56d1fcae0; dead>
IE_TRACE:             Starting var:.. name = 'encodings.iso2022_jp'
IE_TRACE:             12:35:32.440722 call       445 SOURCE IS UNAVAILABLE
IE_TRACE:             12:35:32.440745 line       446 SOURCE IS UNAVAILABLE
IE_TRACE:             12:35:32.440759 line       447 SOURCE IS UNAVAILABLE
IE_TRACE:             12:35:32.440773 line       451 SOURCE IS UNAVAILABLE
IE_TRACE:             12:35:32.440787 line       452 SOURCE IS UNAVAILABLE
IE_TRACE:             12:35:32.440800 line       454 SOURCE IS UNAVAILABLE
IE_TRACE:             12:35:32.440813 return     454 SOURCE IS UNAVAILABLE
IE_TRACE:             Return value:.. None
IE_TRACE:         12:35:32.440832 return    1357 SOURCE IS UNAVAILABLE
IE_TRACE:         Return value:.. <module 'encodings.iso2022_jp' from '/usr/lib/python3.12/encodings/iso2022_jp.py'>
IE_TRACE:     Source path:... /usr/lib/python3.12/encodings/__init__.py
IE_TRACE:     New var:....... mod = <module 'encodings.iso2022_jp' from '/usr/lib/python3.12/encodings/iso2022_jp.py'>
IE_TRACE:     12:35:32.440855 line       106             break
IE_TRACE:     12:35:32.440886 line       110     try:
IE_TRACE:     12:35:32.440907 line       111         getregentry = mod.getregentry
IE_TRACE:     New var:....... getregentry = <function getregentry at 0x76f56d3d9440>
IE_TRACE:     12:35:32.440928 line       116     if mod is None:
IE_TRACE:     12:35:32.440953 line       122     entry = getregentry()
IE_TRACE:         Source path:... /usr/lib/python3.12/encodings/iso2022_jp.py
IE_TRACE:         12:35:32.440976 call        30 def getregentry():
IE_TRACE:         12:35:32.440992 line        31     return codecs.CodecInfo(
IE_TRACE:         12:35:32.441003 line        32         name='iso2022_jp',
IE_TRACE:         12:35:32.441013 line        33         encode=Codec().encode,
IE_TRACE:         12:35:32.441024 line        34         decode=Codec().decode,
IE_TRACE:         12:35:32.441035 line        35         incrementalencoder=IncrementalEncoder,
IE_TRACE:         12:35:32.441044 line        36         incrementaldecoder=IncrementalDecoder,
IE_TRACE:         12:35:32.441054 line        37         streamreader=StreamReader,
IE_TRACE:         12:35:32.441064 line        38         streamwriter=StreamWriter,
IE_TRACE:         12:35:32.441074 line        31     return codecs.CodecInfo(
IE_TRACE:             Source path:... <frozen codecs>
IE_TRACE:             Starting var:.. cls = <class 'codecs.CodecInfo'>
IE_TRACE:             Starting var:.. encode = <built-in method encode of _multibytecodec.MultibyteCodec object at 0x76f56d2108e0>
IE_TRACE:             Starting var:.. decode = <built-in method decode of _multibytecodec.MultibyteCodec object at 0x76f56d2108e0>
IE_TRACE:             Starting var:.. streamreader = <class 'encodings.iso2022_jp.StreamReader'>
IE_TRACE:             Starting var:.. streamwriter = <class 'encodings.iso2022_jp.StreamWriter'>
IE_TRACE:             Starting var:.. incrementalencoder = <class 'encodings.iso2022_jp.IncrementalEncoder'>
IE_TRACE:             Starting var:.. incrementaldecoder = <class 'encodings.iso2022_jp.IncrementalDecoder'>
IE_TRACE:             Starting var:.. name = 'iso2022_jp'
IE_TRACE:             Starting var:.. _is_text_encoding = None
IE_TRACE:             12:35:32.441086 call        94 SOURCE IS UNAVAILABLE
IE_TRACE:             12:35:32.441146 line        97 SOURCE IS UNAVAILABLE
IE_TRACE:             New var:....... self = REPR FAILED
IE_TRACE:             12:35:32.441172 line        98 SOURCE IS UNAVAILABLE
IE_TRACE:             Modified var:.. self = <codecs.CodecInfo object for encoding iso2022_jp at 0x76f56d216690>
IE_TRACE:             12:35:32.441207 line        99 SOURCE IS UNAVAILABLE
IE_TRACE:             12:35:32.441237 line       100 SOURCE IS UNAVAILABLE
IE_TRACE:             12:35:32.441262 line       101 SOURCE IS UNAVAILABLE
IE_TRACE:             12:35:32.441285 line       102 SOURCE IS UNAVAILABLE
IE_TRACE:             12:35:32.441308 line       103 SOURCE IS UNAVAILABLE
IE_TRACE:             12:35:32.441332 line       104 SOURCE IS UNAVAILABLE
IE_TRACE:             12:35:32.441355 line       105 SOURCE IS UNAVAILABLE
IE_TRACE:             12:35:32.441377 line       107 SOURCE IS UNAVAILABLE
IE_TRACE:             12:35:32.441400 return     107 SOURCE IS UNAVAILABLE
IE_TRACE:             Return value:.. <codecs.CodecInfo object for encoding iso2022_jp at 0x76f56d216690>
IE_TRACE:         Source path:... /usr/lib/python3.12/encodings/iso2022_jp.py
IE_TRACE:         12:35:32.441430 return      31     return codecs.CodecInfo(
IE_TRACE:         Return value:.. <codecs.CodecInfo object for encoding iso2022_jp at 0x76f56d216690>
IE_TRACE:     Source path:... /usr/lib/python3.12/encodings/__init__.py
IE_TRACE:     Modified var:.. entry = <codecs.CodecInfo object for encoding iso2022_jp at 0x76f56d216690>
IE_TRACE:     12:35:32.441451 line       123     if not isinstance(entry, codecs.CodecInfo):
IE_TRACE:     12:35:32.441482 line       139     _cache[encoding] = entry
IE_TRACE:     12:35:32.441505 line       143     try:
IE_TRACE:     12:35:32.441527 line       144         codecaliases = mod.getaliases()
IE_TRACE:     12:35:32.441550 exception  144         codecaliases = mod.getaliases()
IE_TRACE:     Exception:..... AttributeError: module 'encodings.iso2022_jp' has no attribute 'getaliases'
IE_TRACE:     12:35:32.441809 line       145     except AttributeError:
IE_TRACE:     12:35:32.441836 line       146         pass
IE_TRACE:     12:35:32.441860 line       153     return entry
IE_TRACE:     12:35:32.441882 return     153     return entry
IE_TRACE:     Return value:.. <codecs.CodecInfo object for encoding iso2022_jp at 0x76f56d216690>
IE_TRACE: Source path:... /path/to/BugsInPy/workspace/scrapy/tests/test_responsetypes.py
IE_TRACE: 12:35:32.441915 line        26         mappings = [
IE_TRACE: New var:....... mappings = [(b'attachment; filename="data.xml"', <class 'scrapy.http.response.xml.XmlResponse'>), (b'attachment; filename=data.xml', <class 'scrapy.http.response.xml.XmlResponse'>), (b'attachment;filename=data\xc2\xa3.tar.gz', <class 'scrapy.http.response.Res...ass 'scrapy.http.response.Response'>), (b'attachment;filename=\xa7\xed\xa9\xecdata.html', <class 'scrapy.http.response.html.HtmlResponse'>), (b'attachment;filename=\x1b$BF|K\\8lHG\x1b(BWikipedia.xml', <class 'scrapy.http.response.xml.XmlResponse'>)]
IE_TRACE: 12:35:32.441934 line        36         for source, cls in mappings:
IE_TRACE: New var:....... source = bytes(len=31)
IE_TRACE: New var:....... cls = <class 'scrapy.http.response.xml.XmlResponse'>
IE_TRACE: 12:35:32.441964 line        37             retcls = responsetypes.from_content_disposition(source)
IE_TRACE:     Source path:... /path/to/BugsInPy/workspace/scrapy/scrapy/responsetypes.py
IE_TRACE:     Starting var:.. self = <scrapy.responsetypes.ResponseTypes object at 0x76f56f89cad0>
IE_TRACE:     Starting var:.. content_disposition = bytes(len=31)
IE_TRACE:     12:35:32.441998 call        60     def from_content_disposition(self, content_disposition):
IE_TRACE:     12:35:32.442070 line        61         try:
IE_TRACE:     12:35:32.442084 line        62             filename = to_native_str(content_disposition).split(';')[1].split('=')[1]
IE_TRACE:         Source path:... /path/to/BugsInPy/workspace/scrapy/scrapy/utils/python.py
IE_TRACE:         Starting var:.. text = bytes(len=31)
IE_TRACE:         Starting var:.. encoding = None
IE_TRACE:         Starting var:.. errors = 'strict'
IE_TRACE:         12:35:32.442101 call       125 def to_native_str(text, encoding=None, errors='strict'):
IE_TRACE:         12:35:32.442168 line       128     if six.PY2:
IE_TRACE:         12:35:32.442184 line       131         return to_unicode(text, encoding, errors)
IE_TRACE:             Starting var:.. text = bytes(len=31)
IE_TRACE:             Starting var:.. encoding = None
IE_TRACE:             Starting var:.. errors = 'strict'
IE_TRACE:             12:35:32.442205 call        99 def to_unicode(text, encoding=None, errors='strict'):
IE_TRACE:             12:35:32.442229 line       102     if isinstance(text, six.text_type):
IE_TRACE:             12:35:32.442242 line       104     if not isinstance(text, (bytes, six.text_type)):
IE_TRACE:             12:35:32.442256 line       107     if encoding is None:
IE_TRACE:             12:35:32.442269 line       108         encoding = 'utf-8'
IE_TRACE:             Modified var:.. encoding = 'utf-8'
IE_TRACE:             12:35:32.442281 line       109     return text.decode(encoding, errors)
IE_TRACE:             12:35:32.442299 return     109     return text.decode(encoding, errors)
IE_TRACE:             Return value:.. 'attachment; filename="data.xml"'
IE_TRACE:         12:35:32.442318 return     131         return to_unicode(text, encoding, errors)
IE_TRACE:         Return value:.. 'attachment; filename="data.xml"'
IE_TRACE:     Source path:... /path/to/BugsInPy/workspace/scrapy/scrapy/responsetypes.py
IE_TRACE:     New var:....... filename = '"data.xml"'
IE_TRACE:     12:35:32.442338 line        63             filename = filename.strip('"\'')
IE_TRACE:     Modified var:.. filename = 'data.xml'
IE_TRACE:     12:35:32.442360 line        64             return self.from_filename(filename)
IE_TRACE:         Starting var:.. self = <scrapy.responsetypes.ResponseTypes object at 0x76f56f89cad0>
IE_TRACE:         Starting var:.. filename = 'data.xml'
IE_TRACE:         12:35:32.442379 call        81     def from_filename(self, filename):
IE_TRACE:         12:35:32.442399 line        83         mimetype, encoding = self.mimetypes.guess_type(filename)
IE_TRACE:             Source path:... /usr/lib/python3.12/mimetypes.py
IE_TRACE:             Starting var:.. self = <mimetypes.MimeTypes object at 0x76f56ee12c30>
IE_TRACE:             Starting var:.. url = 'data.xml'
IE_TRACE:             Starting var:.. strict = True
IE_TRACE:             12:35:32.442424 call       103     def guess_type(self, url, strict=True):
IE_TRACE:             12:35:32.442633 line       122         url = os.fspath(url)
IE_TRACE:             12:35:32.442652 line       123         p = urllib.parse.urlparse(url)
IE_TRACE:                 Source path:... /usr/lib/python3.12/urllib/parse.py
IE_TRACE:                 Starting var:.. url = 'data.xml'
IE_TRACE:                 Starting var:.. scheme = ''
IE_TRACE:                 Starting var:.. allow_fragments = True
IE_TRACE:                 12:35:32.442676 call       374 def urlparse(url, scheme='', allow_fragments=True):
IE_TRACE:                 12:35:32.442860 line       394     url, scheme, _coerce_result = _coerce_args(url, scheme)
IE_TRACE:                     Starting var:.. args = ('data.xml', '')
IE_TRACE:                     12:35:32.442883 call       119 def _coerce_args(*args):
IE_TRACE:                     12:35:32.442902 line       125     str_input = isinstance(args[0], str)
IE_TRACE:                     New var:....... str_input = True
IE_TRACE:                     12:35:32.442916 line       126     for arg in args[1:]:
IE_TRACE:                     New var:....... arg = ''
IE_TRACE:                     12:35:32.442935 line       129         if arg and isinstance(arg, str) != str_input:
IE_TRACE:                     12:35:32.442954 line       126     for arg in args[1:]:
IE_TRACE:                     12:35:32.442969 line       131     if str_input:
IE_TRACE:                     12:35:32.442984 line       132         return args + (_noop,)
IE_TRACE:                     12:35:32.442999 return     132         return args + (_noop,)
IE_TRACE:                     Return value:.. ('data.xml', '', <function _noop at 0x76f56fa0a700>)
IE_TRACE:                 New var:....... _coerce_result = <function _noop at 0x76f56fa0a700>
IE_TRACE:                 12:35:32.443021 line       395     splitresult = urlsplit(url, scheme, allow_fragments)
IE_TRACE:                     Starting var:.. url = 'data.xml'
IE_TRACE:                     Starting var:.. scheme = ''
IE_TRACE:                     Starting var:.. allow_fragments = True
IE_TRACE:                     12:35:32.443057 call       470 def urlsplit(url, scheme='', allow_fragments=True):
IE_TRACE:                     12:35:32.443090 line       491     url, scheme, _coerce_result = _coerce_args(url, scheme)
IE_TRACE:                         Starting var:.. args = ('data.xml', '')
IE_TRACE:                         12:35:32.443108 call       119 def _coerce_args(*args):
IE_TRACE:                         12:35:32.443126 line       125     str_input = isinstance(args[0], str)
IE_TRACE:                         New var:....... str_input = True
IE_TRACE:                         12:35:32.443141 line       126     for arg in args[1:]:
IE_TRACE:                         New var:....... arg = ''
IE_TRACE:                         12:35:32.443161 line       129         if arg and isinstance(arg, str) != str_input:
IE_TRACE:                         12:35:32.443180 line       126     for arg in args[1:]:
IE_TRACE:                         12:35:32.443226 line       131     if str_input:
IE_TRACE:                         12:35:32.443242 line       132         return args + (_noop,)
IE_TRACE:                         12:35:32.443258 return     132         return args + (_noop,)
IE_TRACE:                         Return value:.. ('data.xml', '', <function _noop at 0x76f56fa0a700>)
IE_TRACE:                     New var:....... _coerce_result = <function _noop at 0x76f56fa0a700>
IE_TRACE:                     12:35:32.443279 line       494     url = url.lstrip(_WHATWG_C0_CONTROL_OR_SPACE)
IE_TRACE:                     12:35:32.443302 line       495     scheme = scheme.strip(_WHATWG_C0_CONTROL_OR_SPACE)
IE_TRACE:                     12:35:32.443321 line       497     for b in _UNSAFE_URL_BYTES_TO_REMOVE:
IE_TRACE:                     New var:....... b = '\t'
IE_TRACE:                     12:35:32.443338 line       498         url = url.replace(b, "")
IE_TRACE:                     12:35:32.443361 line       499         scheme = scheme.replace(b, "")
IE_TRACE:                     12:35:32.443381 line       497     for b in _UNSAFE_URL_BYTES_TO_REMOVE:
IE_TRACE:                     Modified var:.. b = '\r'
IE_TRACE:                     12:35:32.443399 line       498         url = url.replace(b, "")
IE_TRACE:                     12:35:32.443422 line       499         scheme = scheme.replace(b, "")
IE_TRACE:                     12:35:32.443440 line       497     for b in _UNSAFE_URL_BYTES_TO_REMOVE:
IE_TRACE:                     Modified var:.. b = '\n'
IE_TRACE:                     12:35:32.443458 line       498         url = url.replace(b, "")
IE_TRACE:                     12:35:32.443480 line       499         scheme = scheme.replace(b, "")
IE_TRACE:                     12:35:32.443498 line       497     for b in _UNSAFE_URL_BYTES_TO_REMOVE:
IE_TRACE:                     12:35:32.443516 line       501     allow_fragments = bool(allow_fragments)
IE_TRACE:                     12:35:32.443534 line       502     netloc = query = fragment = ''
IE_TRACE:                     New var:....... netloc = ''
IE_TRACE:                     New var:....... query = ''
IE_TRACE:                     New var:....... fragment = ''
IE_TRACE:                     12:35:32.443552 line       503     i = url.find(':')
IE_TRACE:                     New var:....... i = -1
IE_TRACE:                     12:35:32.443586 line       504     if i > 0 and url[0].isascii() and url[0].isalpha():
IE_TRACE:                     12:35:32.443613 line       510     if url[:2] == '//':
IE_TRACE:                     12:35:32.443636 line       517     if allow_fragments and '#' in url:
IE_TRACE:                     12:35:32.443659 line       519     if '?' in url:
IE_TRACE:                     12:35:32.443680 line       521     _checknetloc(netloc)
IE_TRACE:                         Starting var:.. netloc = ''
IE_TRACE:                         12:35:32.443708 call       421 def _checknetloc(netloc):
IE_TRACE:                         12:35:32.443728 line       422     if not netloc or netloc.isascii():
IE_TRACE:                         12:35:32.443742 line       423         return
IE_TRACE:                         12:35:32.443756 return     423         return
IE_TRACE:                         Return value:.. None
IE_TRACE:                     12:35:32.443776 line       522     v = SplitResult(scheme, netloc, url, query, fragment)
IE_TRACE:                         Source path:... <string>
IE_TRACE:                         Starting var:.. _cls = <class 'urllib.parse.SplitResult'>
IE_TRACE:                         Starting var:.. scheme = ''
IE_TRACE:                         Starting var:.. netloc = ''
IE_TRACE:                         Starting var:.. path = 'data.xml'
IE_TRACE:                         Starting var:.. query = ''
IE_TRACE:                         Starting var:.. fragment = ''
IE_TRACE:                         12:35:32.443802 call         1 SOURCE IS UNAVAILABLE
IE_TRACE:                         12:35:32.443863 line         1 SOURCE IS UNAVAILABLE
IE_TRACE:                         12:35:32.443885 return       1 SOURCE IS UNAVAILABLE
IE_TRACE:                         Return value:.. SplitResult(scheme='', netloc='', path='data.xml', query='', fragment='')
IE_TRACE:                     Source path:... /usr/lib/python3.12/urllib/parse.py
IE_TRACE:                     New var:....... v = SplitResult(scheme='', netloc='', path='data.xml', query='', fragment='')
IE_TRACE:                     12:35:32.443915 line       523     return _coerce_result(v)
IE_TRACE:                         Starting var:.. obj = SplitResult(scheme='', netloc='', path='data.xml', query='', fragment='')
IE_TRACE:                         12:35:32.443949 call       108 def _noop(obj):
IE_TRACE:                         12:35:32.443969 line       109     return obj
IE_TRACE:                         12:35:32.443983 return     109     return obj
IE_TRACE:                         Return value:.. SplitResult(scheme='', netloc='', path='data.xml', query='', fragment='')
IE_TRACE:                     12:35:32.444003 return     523     return _coerce_result(v)
IE_TRACE:                     Return value:.. SplitResult(scheme='', netloc='', path='data.xml', query='', fragment='')
IE_TRACE:                 New var:....... splitresult = SplitResult(scheme='', netloc='', path='data.xml', query='', fragment='')
IE_TRACE:                 12:35:32.444034 line       396     scheme, netloc, url, query, fragment = splitresult
IE_TRACE:                 New var:....... netloc = ''
IE_TRACE:                 New var:....... query = ''
IE_TRACE:                 New var:....... fragment = ''
IE_TRACE:                 12:35:32.444058 line       397     if scheme in uses_params and ';' in url:
IE_TRACE:                 12:35:32.444091 line       400         params = ''
IE_TRACE:                 New var:....... params = ''
IE_TRACE:                 12:35:32.444112 line       401     result = ParseResult(scheme, netloc, url, params, query, fragment)
IE_TRACE:                     Source path:... <string>
IE_TRACE:                     Starting var:.. _cls = <class 'urllib.parse.ParseResult'>
IE_TRACE:                     Starting var:.. scheme = ''
IE_TRACE:                     Starting var:.. netloc = ''
IE_TRACE:                     Starting var:.. path = 'data.xml'
IE_TRACE:                     Starting var:.. params = ''
IE_TRACE:                     Starting var:.. query = ''
IE_TRACE:                     Starting var:.. fragment = ''
IE_TRACE:                     12:35:32.444139 call         1 SOURCE IS UNAVAILABLE
IE_TRACE:                     12:35:32.444197 line         1 SOURCE IS UNAVAILABLE
IE_TRACE:                     12:35:32.444217 return       1 SOURCE IS UNAVAILABLE
IE_TRACE:                     Return value:.. ParseResult(scheme='', netloc='', path='data.xml', params='', query='', fragment='')
IE_TRACE:                 Source path:... /usr/lib/python3.12/urllib/parse.py
IE_TRACE:                 New var:....... result = ParseResult(scheme='', netloc='', path='data.xml', params='', query='', fragment='')
IE_TRACE:                 12:35:32.444397 line       402     return _coerce_result(result)
IE_TRACE:                     Starting var:.. obj = ParseResult(scheme='', netloc='', path='data.xml', params='', query='', fragment='')
IE_TRACE:                     12:35:32.444434 call       108 def _noop(obj):
IE_TRACE:                     12:35:32.444452 line       109     return obj
IE_TRACE:                     12:35:32.444465 return     109     return obj
IE_TRACE:                     Return value:.. ParseResult(scheme='', netloc='', path='data.xml', params='', query='', fragment='')
IE_TRACE:                 12:35:32.444483 return     402     return _coerce_result(result)
IE_TRACE:                 Return value:.. ParseResult(scheme='', netloc='', path='data.xml', params='', query='', fragment='')
IE_TRACE:             Source path:... /usr/lib/python3.12/mimetypes.py
IE_TRACE:             New var:....... p = ParseResult(scheme='', netloc='', path='data.xml', params='', query='', fragment='')
IE_TRACE:             12:35:32.444513 line       124         if p.scheme and len(p.scheme) > 1:
IE_TRACE:             12:35:32.444542 line       128             scheme = None
IE_TRACE:             New var:....... scheme = None
IE_TRACE:             12:35:32.444561 line       129             url = os.path.splitdrive(url)[1]
IE_TRACE:                 Source path:... <frozen posixpath>
IE_TRACE:                 Starting var:.. p = 'data.xml'
IE_TRACE:                 12:35:32.444588 call       131 SOURCE IS UNAVAILABLE
IE_TRACE:                 12:35:32.444620 line       134 SOURCE IS UNAVAILABLE
IE_TRACE:                 12:35:32.444633 line       135 SOURCE IS UNAVAILABLE
IE_TRACE:                 12:35:32.444645 return     135 SOURCE IS UNAVAILABLE
IE_TRACE:                 Return value:.. ('', 'data.xml')
IE_TRACE:             Source path:... /usr/lib/python3.12/mimetypes.py
IE_TRACE:             12:35:32.444663 line       130         if scheme == 'data':
IE_TRACE:             12:35:32.444687 line       149         base, ext = posixpath.splitext(url)
IE_TRACE:                 Source path:... <frozen posixpath>
IE_TRACE:                 Starting var:.. p = 'data.xml'
IE_TRACE:                 12:35:32.444708 call       117 SOURCE IS UNAVAILABLE
IE_TRACE:                 12:35:32.444729 line       118 SOURCE IS UNAVAILABLE
IE_TRACE:                 12:35:32.444742 line       119 SOURCE IS UNAVAILABLE
IE_TRACE:                 12:35:32.444754 line       123 SOURCE IS UNAVAILABLE
IE_TRACE:                 New var:....... sep = '/'
IE_TRACE:                 12:35:32.444766 line       124 SOURCE IS UNAVAILABLE
IE_TRACE:                 New var:....... extsep = '.'
IE_TRACE:                 12:35:32.444783 line       125 SOURCE IS UNAVAILABLE
IE_TRACE:                     Source path:... <frozen genericpath>
IE_TRACE:                     Starting var:.. p = 'data.xml'
IE_TRACE:                     Starting var:.. sep = '/'
IE_TRACE:                     Starting var:.. altsep = None
IE_TRACE:                     Starting var:.. extsep = '.'
IE_TRACE:                     12:35:32.444807 call       133 SOURCE IS UNAVAILABLE
IE_TRACE:                     12:35:32.444856 line       140 SOURCE IS UNAVAILABLE
IE_TRACE:                     New var:....... sepIndex = -1
IE_TRACE:                     12:35:32.444873 line       141 SOURCE IS UNAVAILABLE
IE_TRACE:                     12:35:32.444894 line       145 SOURCE IS UNAVAILABLE
IE_TRACE:                     New var:....... dotIndex = 4
IE_TRACE:                     12:35:32.444911 line       146 SOURCE IS UNAVAILABLE
IE_TRACE:                     12:35:32.444933 line       148 SOURCE IS UNAVAILABLE
IE_TRACE:                     New var:....... filenameIndex = 0
IE_TRACE:                     12:35:32.444951 line       149 SOURCE IS UNAVAILABLE
IE_TRACE:                     12:35:32.444973 line       150 SOURCE IS UNAVAILABLE
IE_TRACE:                     12:35:32.444992 line       151 SOURCE IS UNAVAILABLE
IE_TRACE:                     12:35:32.445011 return     151 SOURCE IS UNAVAILABLE
IE_TRACE:                     Return value:.. ('data', '.xml')
IE_TRACE:                 Source path:... <frozen posixpath>
IE_TRACE:                 12:35:32.445035 return     125 SOURCE IS UNAVAILABLE
IE_TRACE:                 Return value:.. ('data', '.xml')
IE_TRACE:             Source path:... /usr/lib/python3.12/mimetypes.py
IE_TRACE:             New var:....... base = 'data'
IE_TRACE:             New var:....... ext = '.xml'
IE_TRACE:             12:35:32.445058 line       150         while (ext_lower := ext.lower()) in self.suffix_map:
IE_TRACE:             New var:....... ext_lower = '.xml'
IE_TRACE:             12:35:32.445093 line       153         if ext in self.encodings_map:
IE_TRACE:             12:35:32.445119 line       157             encoding = None
IE_TRACE:             New var:....... encoding = None
IE_TRACE:             12:35:32.445140 line       158         ext = ext.lower()
IE_TRACE:             12:35:32.445166 line       159         types_map = self.types_map[True]
IE_TRACE:             New var:....... types_map = dict(len=512)
IE_TRACE:             12:35:32.445188 line       160         if ext in types_map:
IE_TRACE:             12:35:32.445218 line       161             return types_map[ext], encoding
IE_TRACE:             12:35:32.445241 return     161             return types_map[ext], encoding
IE_TRACE:             Return value:.. ('application/xml', None)
IE_TRACE:         Source path:... /path/to/BugsInPy/workspace/scrapy/scrapy/responsetypes.py
IE_TRACE:         New var:....... mimetype = 'application/xml'
IE_TRACE:         New var:....... encoding = None
IE_TRACE:         12:35:32.445271 line        84         if mimetype and not encoding:
IE_TRACE:         12:35:32.445297 line        85             return self.from_mimetype(mimetype)
IE_TRACE:             Starting var:.. self = <scrapy.responsetypes.ResponseTypes object at 0x76f56f89cad0>
IE_TRACE:             Starting var:.. mimetype = 'application/xml'
IE_TRACE:             12:35:32.445314 call        42     def from_mimetype(self, mimetype):
IE_TRACE:             12:35:32.445336 line        44         if mimetype is None:
IE_TRACE:             12:35:32.445349 line        46         elif mimetype in self.classes:
IE_TRACE:             12:35:32.445361 line        47             return self.classes[mimetype]
IE_TRACE:             12:35:32.445373 return      47             return self.classes[mimetype]
IE_TRACE:             Return value:.. <class 'scrapy.http.response.xml.XmlResponse'>
IE_TRACE:         12:35:32.445390 return      85             return self.from_mimetype(mimetype)
IE_TRACE:         Return value:.. <class 'scrapy.http.response.xml.XmlResponse'>
IE_TRACE:     12:35:32.445409 return      64             return self.from_filename(filename)
IE_TRACE:     Return value:.. <class 'scrapy.http.response.xml.XmlResponse'>
IE_TRACE: Source path:... /path/to/BugsInPy/workspace/scrapy/tests/test_responsetypes.py
IE_TRACE: New var:....... retcls = <class 'scrapy.http.response.xml.XmlResponse'>
IE_TRACE: 12:35:32.445427 line        38             assert retcls is cls, "%s ==> %s != %s" % (source, retcls, cls)
IE_TRACE: 12:35:32.445464 line        36         for source, cls in mappings:
IE_TRACE: Modified var:.. source = bytes(len=29)
IE_TRACE: 12:35:32.445485 line        37             retcls = responsetypes.from_content_disposition(source)
IE_TRACE:     Source path:... /path/to/BugsInPy/workspace/scrapy/scrapy/responsetypes.py
IE_TRACE:     Starting var:.. self = <scrapy.responsetypes.ResponseTypes object at 0x76f56f89cad0>
IE_TRACE:     Starting var:.. content_disposition = bytes(len=29)
IE_TRACE:     12:35:32.445510 call        60     def from_content_disposition(self, content_disposition):
IE_TRACE:     12:35:32.445534 line        61         try:
IE_TRACE:     12:35:32.445546 line        62             filename = to_native_str(content_disposition).split(';')[1].split('=')[1]
IE_TRACE:         Source path:... /path/to/BugsInPy/workspace/scrapy/scrapy/utils/python.py
IE_TRACE:         Starting var:.. text = bytes(len=29)
IE_TRACE:         Starting var:.. encoding = None
IE_TRACE:         Starting var:.. errors = 'strict'
IE_TRACE:         12:35:32.445559 call       125 def to_native_str(text, encoding=None, errors='strict'):
IE_TRACE:         12:35:32.445586 line       128     if six.PY2:
IE_TRACE:         12:35:32.445600 line       131         return to_unicode(text, encoding, errors)
IE_TRACE:             Starting var:.. text = bytes(len=29)
IE_TRACE:             Starting var:.. encoding = None
IE_TRACE:             Starting var:.. errors = 'strict'
IE_TRACE:             12:35:32.445613 call        99 def to_unicode(text, encoding=None, errors='strict'):
IE_TRACE:             12:35:32.445636 line       102     if isinstance(text, six.text_type):
IE_TRACE:             12:35:32.445649 line       104     if not isinstance(text, (bytes, six.text_type)):
IE_TRACE:             12:35:32.445662 line       107     if encoding is None:
IE_TRACE:             12:35:32.445675 line       108         encoding = 'utf-8'
IE_TRACE:             Modified var:.. encoding = 'utf-8'
IE_TRACE:             12:35:32.445687 line       109     return text.decode(encoding, errors)
IE_TRACE:             12:35:32.445704 return     109     return text.decode(encoding, errors)
IE_TRACE:             Return value:.. 'attachment; filename=data.xml'
IE_TRACE:         12:35:32.445722 return     131         return to_unicode(text, encoding, errors)
IE_TRACE:         Return value:.. 'attachment; filename=data.xml'
IE_TRACE:     Source path:... /path/to/BugsInPy/workspace/scrapy/scrapy/responsetypes.py
IE_TRACE:     New var:....... filename = 'data.xml'
IE_TRACE:     12:35:32.445740 line        63             filename = filename.strip('"\'')
IE_TRACE:     12:35:32.445761 line        64             return self.from_filename(filename)
IE_TRACE:         Starting var:.. self = <scrapy.responsetypes.ResponseTypes object at 0x76f56f89cad0>
IE_TRACE:         Starting var:.. filename = 'data.xml'
IE_TRACE:         12:35:32.445774 call        81     def from_filename(self, filename):
IE_TRACE:         12:35:32.445793 line        83         mimetype, encoding = self.mimetypes.guess_type(filename)
IE_TRACE:             Source path:... /usr/lib/python3.12/mimetypes.py
IE_TRACE:             Starting var:.. self = <mimetypes.MimeTypes object at 0x76f56ee12c30>
IE_TRACE:             Starting var:.. url = 'data.xml'
IE_TRACE:             Starting var:.. strict = True
IE_TRACE:             12:35:32.445807 call       103     def guess_type(self, url, strict=True):
IE_TRACE:             12:35:32.445839 line       122         url = os.fspath(url)
IE_TRACE:             12:35:32.445856 line       123         p = urllib.parse.urlparse(url)
IE_TRACE:                 Source path:... /usr/lib/python3.12/urllib/parse.py
IE_TRACE:                 Starting var:.. url = 'data.xml'
IE_TRACE:                 Starting var:.. scheme = ''
IE_TRACE:                 Starting var:.. allow_fragments = True
IE_TRACE:                 12:35:32.445873 call       374 def urlparse(url, scheme='', allow_fragments=True):
IE_TRACE:                 12:35:32.445905 line       394     url, scheme, _coerce_result = _coerce_args(url, scheme)
IE_TRACE:                     Starting var:.. args = ('data.xml', '')
IE_TRACE:                     12:35:32.445921 call       119 def _coerce_args(*args):
IE_TRACE:                     12:35:32.445938 line       125     str_input = isinstance(args[0], str)
IE_TRACE:                     New var:....... str_input = True
IE_TRACE:                     12:35:32.445951 line       126     for arg in args[1:]:
IE_TRACE:                     New var:....... arg = ''
IE_TRACE:                     12:35:32.445969 line       129         if arg and isinstance(arg, str) != str_input:
IE_TRACE:                     12:35:32.445987 line       126     for arg in args[1:]:
IE_TRACE:                     12:35:32.446002 line       131     if str_input:
IE_TRACE:                     12:35:32.446017 line       132         return args + (_noop,)
IE_TRACE:                     12:35:32.446032 return     132         return args + (_noop,)
IE_TRACE:                     Return value:.. ('data.xml', '', <function _noop at 0x76f56fa0a700>)
IE_TRACE:                 New var:....... _coerce_result = <function _noop at 0x76f56fa0a700>
IE_TRACE:                 12:35:32.446052 line       395     splitresult = urlsplit(url, scheme, allow_fragments)
IE_TRACE:                 New var:....... splitresult = SplitResult(scheme='', netloc='', path='data.xml', query='', fragment='')
IE_TRACE:                 12:35:32.446074 line       396     scheme, netloc, url, query, fragment = splitresult
IE_TRACE:                 New var:....... netloc = ''
IE_TRACE:                 New var:....... query = ''
IE_TRACE:                 New var:....... fragment = ''
IE_TRACE:                 12:35:32.446097 line       397     if scheme in uses_params and ';' in url:
IE_TRACE:                 12:35:32.446129 line       400         params = ''
IE_TRACE:                 New var:....... params = ''
IE_TRACE:                 12:35:32.446150 line       401     result = ParseResult(scheme, netloc, url, params, query, fragment)
IE_TRACE:                     Source path:... <string>
IE_TRACE:                     Starting var:.. _cls = <class 'urllib.parse.ParseResult'>
IE_TRACE:                     Starting var:.. scheme = ''
IE_TRACE:                     Starting var:.. netloc = ''
IE_TRACE:                     Starting var:.. path = 'data.xml'
IE_TRACE:                     Starting var:.. params = ''
IE_TRACE:                     Starting var:.. query = ''
IE_TRACE:                     Starting var:.. fragment = ''
IE_TRACE:                     12:35:32.446176 call         1 SOURCE IS UNAVAILABLE
IE_TRACE:                     12:35:32.446226 line         1 SOURCE IS UNAVAILABLE
IE_TRACE:                     12:35:32.446246 return       1 SOURCE IS UNAVAILABLE
IE_TRACE:                     Return value:.. ParseResult(scheme='', netloc='', path='data.xml', params='', query='', fragment='')
IE_TRACE:                 Source path:... /usr/lib/python3.12/urllib/parse.py
IE_TRACE:                 New var:....... result = ParseResult(scheme='', netloc='', path='data.xml', params='', query='', fragment='')
IE_TRACE:                 12:35:32.446270 line       402     return _coerce_result(result)
IE_TRACE:                     Starting var:.. obj = ParseResult(scheme='', netloc='', path='data.xml', params='', query='', fragment='')
IE_TRACE:                     12:35:32.446302 call       108 def _noop(obj):
IE_TRACE:                     12:35:32.446319 line       109     return obj
IE_TRACE:                     12:35:32.446331 return     109     return obj
IE_TRACE:                     Return value:.. ParseResult(scheme='', netloc='', path='data.xml', params='', query='', fragment='')
IE_TRACE:                 12:35:32.446349 return     402     return _coerce_result(result)
IE_TRACE:                 Return value:.. ParseResult(scheme='', netloc='', path='data.xml', params='', query='', fragment='')
IE_TRACE:             Source path:... /usr/lib/python3.12/mimetypes.py
IE_TRACE:             New var:....... p = ParseResult(scheme='', netloc='', path='data.xml', params='', query='', fragment='')
IE_TRACE:             12:35:32.446378 line       124         if p.scheme and len(p.scheme) > 1:
IE_TRACE:             12:35:32.446403 line       128             scheme = None
IE_TRACE:             New var:....... scheme = None
IE_TRACE:             12:35:32.446421 line       129             url = os.path.splitdrive(url)[1]
IE_TRACE:                 Source path:... <frozen posixpath>
IE_TRACE:                 Starting var:.. p = 'data.xml'
IE_TRACE:                 12:35:32.446444 call       131 SOURCE IS UNAVAILABLE
IE_TRACE:                 12:35:32.446465 line       134 SOURCE IS UNAVAILABLE
IE_TRACE:                 12:35:32.446477 line       135 SOURCE IS UNAVAILABLE
IE_TRACE:                 12:35:32.446489 return     135 SOURCE IS UNAVAILABLE
IE_TRACE:                 Return value:.. ('', 'data.xml')
IE_TRACE:             Source path:... /usr/lib/python3.12/mimetypes.py
IE_TRACE:             12:35:32.446505 line       130         if scheme == 'data':
IE_TRACE:             12:35:32.446528 line       149         base, ext = posixpath.splitext(url)
IE_TRACE:                 Source path:... <frozen posixpath>
IE_TRACE:                 Starting var:.. p = 'data.xml'
IE_TRACE:                 12:35:32.446547 call       117 SOURCE IS UNAVAILABLE
IE_TRACE:                 12:35:32.446566 line       118 SOURCE IS UNAVAILABLE
IE_TRACE:                 12:35:32.446578 line       119 SOURCE IS UNAVAILABLE
IE_TRACE:                 12:35:32.446590 line       123 SOURCE IS UNAVAILABLE
IE_TRACE:                 New var:....... sep = '/'
IE_TRACE:                 12:35:32.446602 line       124 SOURCE IS UNAVAILABLE
IE_TRACE:                 New var:....... extsep = '.'
IE_TRACE:                 12:35:32.446619 line       125 SOURCE IS UNAVAILABLE
IE_TRACE:                     Source path:... <frozen genericpath>
IE_TRACE:                     Starting var:.. p = 'data.xml'
IE_TRACE:                     Starting var:.. sep = '/'
IE_TRACE:                     Starting var:.. altsep = None
IE_TRACE:                     Starting var:.. extsep = '.'
IE_TRACE:                     12:35:32.446637 call       133 SOURCE IS UNAVAILABLE
IE_TRACE:                     12:35:32.446671 line       140 SOURCE IS UNAVAILABLE
IE_TRACE:                     New var:....... sepIndex = -1
IE_TRACE:                     12:35:32.446687 line       141 SOURCE IS UNAVAILABLE
IE_TRACE:                     12:35:32.446708 line       145 SOURCE IS UNAVAILABLE
IE_TRACE:                     New var:....... dotIndex = 4
IE_TRACE:                     12:35:32.446725 line       146 SOURCE IS UNAVAILABLE
IE_TRACE:                     12:35:32.446747 line       148 SOURCE IS UNAVAILABLE
IE_TRACE:                     New var:....... filenameIndex = 0
IE_TRACE:                     12:35:32.446765 line       149 SOURCE IS UNAVAILABLE
IE_TRACE:                     12:35:32.446788 line       150 SOURCE IS UNAVAILABLE
IE_TRACE:                     12:35:32.446808 line       151 SOURCE IS UNAVAILABLE
IE_TRACE:                     12:35:32.446826 return     151 SOURCE IS UNAVAILABLE
IE_TRACE:                     Return value:.. ('data', '.xml')
IE_TRACE:                 Source path:... <frozen posixpath>
IE_TRACE:                 12:35:32.446850 return     125 SOURCE IS UNAVAILABLE
IE_TRACE:                 Return value:.. ('data', '.xml')
IE_TRACE:             Source path:... /usr/lib/python3.12/mimetypes.py
IE_TRACE:             New var:....... base = 'data'
IE_TRACE:             New var:....... ext = '.xml'
IE_TRACE:             12:35:32.446874 line       150         while (ext_lower := ext.lower()) in self.suffix_map:
IE_TRACE:             New var:....... ext_lower = '.xml'
IE_TRACE:             12:35:32.446907 line       153         if ext in self.encodings_map:
IE_TRACE:             12:35:32.446932 line       157             encoding = None
IE_TRACE:             New var:....... encoding = None
IE_TRACE:             12:35:32.446953 line       158         ext = ext.lower()
IE_TRACE:             12:35:32.446979 line       159         types_map = self.types_map[True]
IE_TRACE:             New var:....... types_map = dict(len=512)
IE_TRACE:             12:35:32.447001 line       160         if ext in types_map:
IE_TRACE:             12:35:32.447028 line       161             return types_map[ext], encoding
IE_TRACE:             12:35:32.447051 return     161             return types_map[ext], encoding
IE_TRACE:             Return value:.. ('application/xml', None)
IE_TRACE:         Source path:... /path/to/BugsInPy/workspace/scrapy/scrapy/responsetypes.py
IE_TRACE:         New var:....... mimetype = 'application/xml'
IE_TRACE:         New var:....... encoding = None
IE_TRACE:         12:35:32.447080 line        84         if mimetype and not encoding:
IE_TRACE:         12:35:32.447105 line        85             return self.from_mimetype(mimetype)
IE_TRACE:             Starting var:.. self = <scrapy.responsetypes.ResponseTypes object at 0x76f56f89cad0>
IE_TRACE:             Starting var:.. mimetype = 'application/xml'
IE_TRACE:             12:35:32.447120 call        42     def from_mimetype(self, mimetype):
IE_TRACE:             12:35:32.447140 line        44         if mimetype is None:
IE_TRACE:             12:35:32.447153 line        46         elif mimetype in self.classes:
IE_TRACE:             12:35:32.447165 line        47             return self.classes[mimetype]
IE_TRACE:             12:35:32.447177 return      47             return self.classes[mimetype]
IE_TRACE:             Return value:.. <class 'scrapy.http.response.xml.XmlResponse'>
IE_TRACE:         12:35:32.447197 return      85             return self.from_mimetype(mimetype)
IE_TRACE:         Return value:.. <class 'scrapy.http.response.xml.XmlResponse'>
IE_TRACE:     12:35:32.447215 return      64             return self.from_filename(filename)
IE_TRACE:     Return value:.. <class 'scrapy.http.response.xml.XmlResponse'>
IE_TRACE: Source path:... /path/to/BugsInPy/workspace/scrapy/tests/test_responsetypes.py
IE_TRACE: 12:35:32.447232 line        38             assert retcls is cls, "%s ==> %s != %s" % (source, retcls, cls)
IE_TRACE: 12:35:32.447260 line        36         for source, cls in mappings:
IE_TRACE: Modified var:.. source = bytes(len=33)
IE_TRACE: Modified var:.. cls = <class 'scrapy.http.response.Response'>
IE_TRACE: 12:35:32.447279 line        37             retcls = responsetypes.from_content_disposition(source)
IE_TRACE:     Source path:... /path/to/BugsInPy/workspace/scrapy/scrapy/responsetypes.py
IE_TRACE:     Starting var:.. self = <scrapy.responsetypes.ResponseTypes object at 0x76f56f89cad0>
IE_TRACE:     Starting var:.. content_disposition = bytes(len=33)
IE_TRACE:     12:35:32.447308 call        60     def from_content_disposition(self, content_disposition):
IE_TRACE:     12:35:32.447331 line        61         try:
IE_TRACE:     12:35:32.447343 line        62             filename = to_native_str(content_disposition).split(';')[1].split('=')[1]
IE_TRACE:         Source path:... /path/to/BugsInPy/workspace/scrapy/scrapy/utils/python.py
IE_TRACE:         Starting var:.. text = bytes(len=33)
IE_TRACE:         Starting var:.. encoding = None
IE_TRACE:         Starting var:.. errors = 'strict'
IE_TRACE:         12:35:32.447355 call       125 def to_native_str(text, encoding=None, errors='strict'):
IE_TRACE:         12:35:32.447382 line       128     if six.PY2:
IE_TRACE:         12:35:32.447394 line       131         return to_unicode(text, encoding, errors)
IE_TRACE:             Starting var:.. text = bytes(len=33)
IE_TRACE:             Starting var:.. encoding = None
IE_TRACE:             Starting var:.. errors = 'strict'
IE_TRACE:             12:35:32.447408 call        99 def to_unicode(text, encoding=None, errors='strict'):
IE_TRACE:             12:35:32.447430 line       102     if isinstance(text, six.text_type):
IE_TRACE:             12:35:32.447443 line       104     if not isinstance(text, (bytes, six.text_type)):
IE_TRACE:             12:35:32.447456 line       107     if encoding is None:
IE_TRACE:             12:35:32.447468 line       108         encoding = 'utf-8'
IE_TRACE:             Modified var:.. encoding = 'utf-8'
IE_TRACE:             12:35:32.447481 line       109     return text.decode(encoding, errors)
IE_TRACE:             12:35:32.447497 return     109     return text.decode(encoding, errors)
IE_TRACE:             Return value:.. 'attachment;filename=data£.tar.gz'
IE_TRACE:         12:35:32.447516 return     131         return to_unicode(text, encoding, errors)
IE_TRACE:         Return value:.. 'attachment;filename=data£.tar.gz'
IE_TRACE:     Source path:... /path/to/BugsInPy/workspace/scrapy/scrapy/responsetypes.py
IE_TRACE:     New var:....... filename = 'data£.tar.gz'
IE_TRACE:     12:35:32.447535 line        63             filename = filename.strip('"\'')
IE_TRACE:     12:35:32.447555 line        64             return self.from_filename(filename)
IE_TRACE:         Starting var:.. self = <scrapy.responsetypes.ResponseTypes object at 0x76f56f89cad0>
IE_TRACE:         Starting var:.. filename = 'data£.tar.gz'
IE_TRACE:         12:35:32.447568 call        81     def from_filename(self, filename):
IE_TRACE:         12:35:32.447588 line        83         mimetype, encoding = self.mimetypes.guess_type(filename)
IE_TRACE:             Source path:... /usr/lib/python3.12/mimetypes.py
IE_TRACE:             Starting var:.. self = <mimetypes.MimeTypes object at 0x76f56ee12c30>
IE_TRACE:             Starting var:.. url = 'data£.tar.gz'
IE_TRACE:             Starting var:.. strict = True
IE_TRACE:             12:35:32.447601 call       103     def guess_type(self, url, strict=True):
IE_TRACE:             12:35:32.447632 line       122         url = os.fspath(url)
IE_TRACE:             12:35:32.447648 line       123         p = urllib.parse.urlparse(url)
IE_TRACE:                 Source path:... /usr/lib/python3.12/urllib/parse.py
IE_TRACE:                 Starting var:.. url = 'data£.tar.gz'
IE_TRACE:                 Starting var:.. scheme = ''
IE_TRACE:                 Starting var:.. allow_fragments = True
IE_TRACE:                 12:35:32.447664 call       374 def urlparse(url, scheme='', allow_fragments=True):
IE_TRACE:                 12:35:32.447696 line       394     url, scheme, _coerce_result = _coerce_args(url, scheme)
IE_TRACE:                     Starting var:.. args = ('data£.tar.gz', '')
IE_TRACE:                     12:35:32.447712 call       119 def _coerce_args(*args):
IE_TRACE:                     12:35:32.447730 line       125     str_input = isinstance(args[0], str)
IE_TRACE:                     New var:....... str_input = True
IE_TRACE:                     12:35:32.447744 line       126     for arg in args[1:]:
IE_TRACE:                     New var:....... arg = ''
IE_TRACE:                     12:35:32.447761 line       129         if arg and isinstance(arg, str) != str_input:
IE_TRACE:                     12:35:32.447780 line       126     for arg in args[1:]:
IE_TRACE:                     12:35:32.447794 line       131     if str_input:
IE_TRACE:                     12:35:32.447809 line       132         return args + (_noop,)
IE_TRACE:                     12:35:32.447823 return     132         return args + (_noop,)
IE_TRACE:                     Return value:.. ('data£.tar.gz', '', <function _noop at 0x76f56fa0a700>)
IE_TRACE:                 New var:....... _coerce_result = <function _noop at 0x76f56fa0a700>
IE_TRACE:                 12:35:32.447844 line       395     splitresult = urlsplit(url, scheme, allow_fragments)
IE_TRACE:                     Starting var:.. url = 'data£.tar.gz'
IE_TRACE:                     Starting var:.. scheme = ''
IE_TRACE:                     Starting var:.. allow_fragments = True
IE_TRACE:                     12:35:32.447868 call       470 def urlsplit(url, scheme='', allow_fragments=True):
IE_TRACE:                     12:35:32.447898 line       491     url, scheme, _coerce_result = _coerce_args(url, scheme)
IE_TRACE:                         Starting var:.. args = ('data£.tar.gz', '')
IE_TRACE:                         12:35:32.447916 call       119 def _coerce_args(*args):
IE_TRACE:                         12:35:32.447934 line       125     str_input = isinstance(args[0], str)
IE_TRACE:                         New var:....... str_input = True
IE_TRACE:                         12:35:32.447948 line       126     for arg in args[1:]:
IE_TRACE:                         New var:....... arg = ''
IE_TRACE:                         12:35:32.447967 line       129         if arg and isinstance(arg, str) != str_input:
IE_TRACE:                         12:35:32.447985 line       126     for arg in args[1:]:
IE_TRACE:                         12:35:32.448000 line       131     if str_input:
IE_TRACE:                         12:35:32.448016 line       132         return args + (_noop,)
IE_TRACE:                         12:35:32.448031 return     132         return args + (_noop,)
IE_TRACE:                         Return value:.. ('data£.tar.gz', '', <function _noop at 0x76f56fa0a700>)
IE_TRACE:                     New var:....... _coerce_result = <function _noop at 0x76f56fa0a700>
IE_TRACE:                     12:35:32.448051 line       494     url = url.lstrip(_WHATWG_C0_CONTROL_OR_SPACE)
IE_TRACE:                     12:35:32.448073 line       495     scheme = scheme.strip(_WHATWG_C0_CONTROL_OR_SPACE)
IE_TRACE:                     12:35:32.448091 line       497     for b in _UNSAFE_URL_BYTES_TO_REMOVE:
IE_TRACE:                     New var:....... b = '\t'
IE_TRACE:                     12:35:32.448109 line       498         url = url.replace(b, "")
IE_TRACE:                     12:35:32.448132 line       499         scheme = scheme.replace(b, "")
IE_TRACE:                     12:35:32.448150 line       497     for b in _UNSAFE_URL_BYTES_TO_REMOVE:
IE_TRACE:                     Modified var:.. b = '\r'
IE_TRACE:                     12:35:32.448168 line       498         url = url.replace(b, "")
IE_TRACE:                     12:35:32.448190 line       499         scheme = scheme.replace(b, "")
IE_TRACE:                     12:35:32.448210 line       497     for b in _UNSAFE_URL_BYTES_TO_REMOVE:
IE_TRACE:                     Modified var:.. b = '\n'
IE_TRACE:                     12:35:32.448228 line       498         url = url.replace(b, "")
IE_TRACE:                     12:35:32.448249 line       499         scheme = scheme.replace(b, "")
IE_TRACE:                     12:35:32.448267 line       497     for b in _UNSAFE_URL_BYTES_TO_REMOVE:
IE_TRACE:                     12:35:32.448285 line       501     allow_fragments = bool(allow_fragments)
IE_TRACE:                     12:35:32.448303 line       502     netloc = query = fragment = ''
IE_TRACE:                     New var:....... netloc = ''
IE_TRACE:                     New var:....... query = ''
IE_TRACE:                     New var:....... fragment = ''
IE_TRACE:                     12:35:32.448322 line       503     i = url.find(':')
IE_TRACE:                     New var:....... i = -1
IE_TRACE:                     12:35:32.448354 line       504     if i > 0 and url[0].isascii() and url[0].isalpha():
IE_TRACE:                     12:35:32.448379 line       510     if url[:2] == '//':
IE_TRACE:                     12:35:32.448402 line       517     if allow_fragments and '#' in url:
IE_TRACE:                     12:35:32.448424 line       519     if '?' in url:
IE_TRACE:                     12:35:32.448445 line       521     _checknetloc(netloc)
IE_TRACE:                         Starting var:.. netloc = ''
IE_TRACE:                         12:35:32.448468 call       421 def _checknetloc(netloc):
IE_TRACE:                         12:35:32.448486 line       422     if not netloc or netloc.isascii():
IE_TRACE:                         12:35:32.448500 line       423         return
IE_TRACE:                         12:35:32.448514 return     423         return
IE_TRACE:                         Return value:.. None
IE_TRACE:                     12:35:32.448533 line       522     v = SplitResult(scheme, netloc, url, query, fragment)
IE_TRACE:                         Source path:... <string>
IE_TRACE:                         Starting var:.. _cls = <class 'urllib.parse.SplitResult'>
IE_TRACE:                         Starting var:.. scheme = ''
IE_TRACE:                         Starting var:.. netloc = ''
IE_TRACE:                         Starting var:.. path = 'data£.tar.gz'
IE_TRACE:                         Starting var:.. query = ''
IE_TRACE:                         Starting var:.. fragment = ''
IE_TRACE:                         12:35:32.448556 call         1 SOURCE IS UNAVAILABLE
IE_TRACE:                         12:35:32.448601 line         1 SOURCE IS UNAVAILABLE
IE_TRACE:                         12:35:32.448621 return       1 SOURCE IS UNAVAILABLE
IE_TRACE:                         Return value:.. SplitResult(scheme='', netloc='', path='data£.tar.gz', query='', fragment='')
IE_TRACE:                     Source path:... /usr/lib/python3.12/urllib/parse.py
IE_TRACE:                     New var:....... v = SplitResult(scheme='', netloc='', path='data£.tar.gz', query='', fragment='')
IE_TRACE:                     12:35:32.448647 line       523     return _coerce_result(v)
IE_TRACE:                         Starting var:.. obj = SplitResult(scheme='', netloc='', path='data£.tar.gz', query='', fragment='')
IE_TRACE:                         12:35:32.448679 call       108 def _noop(obj):
IE_TRACE:                         12:35:32.448697 line       109     return obj
IE_TRACE:                         12:35:32.448710 return     109     return obj
IE_TRACE:                         Return value:.. SplitResult(scheme='', netloc='', path='data£.tar.gz', query='', fragment='')
IE_TRACE:                     12:35:32.448729 return     523     return _coerce_result(v)
IE_TRACE:                     Return value:.. SplitResult(scheme='', netloc='', path='data£.tar.gz', query='', fragment='')
IE_TRACE:                 New var:....... splitresult = SplitResult(scheme='', netloc='', path='data£.tar.gz', query='', fragment='')
IE_TRACE:                 12:35:32.448759 line       396     scheme, netloc, url, query, fragment = splitresult
IE_TRACE:                 New var:....... netloc = ''
IE_TRACE:                 New var:....... query = ''
IE_TRACE:                 New var:....... fragment = ''
IE_TRACE:                 12:35:32.448782 line       397     if scheme in uses_params and ';' in url:
IE_TRACE:                 12:35:32.448814 line       400         params = ''
IE_TRACE:                 New var:....... params = ''
IE_TRACE:                 12:35:32.448835 line       401     result = ParseResult(scheme, netloc, url, params, query, fragment)
IE_TRACE:                     Source path:... <string>
IE_TRACE:                     Starting var:.. _cls = <class 'urllib.parse.ParseResult'>
IE_TRACE:                     Starting var:.. scheme = ''
IE_TRACE:                     Starting var:.. netloc = ''
IE_TRACE:                     Starting var:.. path = 'data£.tar.gz'
IE_TRACE:                     Starting var:.. params = ''
IE_TRACE:                     Starting var:.. query = ''
IE_TRACE:                     Starting var:.. fragment = ''
IE_TRACE:                     12:35:32.448860 call         1 SOURCE IS UNAVAILABLE
IE_TRACE:                     12:35:32.448906 line         1 SOURCE IS UNAVAILABLE
IE_TRACE:                     12:35:32.448925 return       1 SOURCE IS UNAVAILABLE
IE_TRACE:                     Return value:.. ParseResult(scheme='', netloc='', path='data£.tar.gz', params='', query='', fragment='')
IE_TRACE:                 Source path:... /usr/lib/python3.12/urllib/parse.py
IE_TRACE:                 New var:....... result = ParseResult(scheme='', netloc='', path='data£.tar.gz', params='', query='', fragment='')
IE_TRACE:                 12:35:32.448950 line       402     return _coerce_result(result)
IE_TRACE:                     Starting var:.. obj = ParseResult(scheme='', netloc='', path='data£.tar.gz', params='', query='', fragment='')
IE_TRACE:                     12:35:32.448981 call       108 def _noop(obj):
IE_TRACE:                     12:35:32.448997 line       109     return obj
IE_TRACE:                     12:35:32.449010 return     109     return obj
IE_TRACE:                     Return value:.. ParseResult(scheme='', netloc='', path='data£.tar.gz', params='', query='', fragment='')
IE_TRACE:                 12:35:32.449028 return     402     return _coerce_result(result)
IE_TRACE:                 Return value:.. ParseResult(scheme='', netloc='', path='data£.tar.gz', params='', query='', fragment='')
IE_TRACE:             Source path:... /usr/lib/python3.12/mimetypes.py
IE_TRACE:             New var:....... p = ParseResult(scheme='', netloc='', path='data£.tar.gz', params='', query='', fragment='')
IE_TRACE:             12:35:32.449056 line       124         if p.scheme and len(p.scheme) > 1:
IE_TRACE:             12:35:32.449082 line       128             scheme = None
IE_TRACE:             New var:....... scheme = None
IE_TRACE:             12:35:32.449100 line       129             url = os.path.splitdrive(url)[1]
IE_TRACE:                 Source path:... <frozen posixpath>
IE_TRACE:                 Starting var:.. p = 'data£.tar.gz'
IE_TRACE:                 12:35:32.449123 call       131 SOURCE IS UNAVAILABLE
IE_TRACE:                 12:35:32.449143 line       134 SOURCE IS UNAVAILABLE
IE_TRACE:                 12:35:32.449155 line       135 SOURCE IS UNAVAILABLE
IE_TRACE:                 12:35:32.449166 return     135 SOURCE IS UNAVAILABLE
IE_TRACE:                 Return value:.. ('', 'data£.tar.gz')
IE_TRACE:             Source path:... /usr/lib/python3.12/mimetypes.py
IE_TRACE:             12:35:32.449183 line       130         if scheme == 'data':
IE_TRACE:             12:35:32.449208 line       149         base, ext = posixpath.splitext(url)
IE_TRACE:                 Source path:... <frozen posixpath>
IE_TRACE:                 Starting var:.. p = 'data£.tar.gz'
IE_TRACE:                 12:35:32.449227 call       117 SOURCE IS UNAVAILABLE
IE_TRACE:                 12:35:32.449247 line       118 SOURCE IS UNAVAILABLE
IE_TRACE:                 12:35:32.449259 line       119 SOURCE IS UNAVAILABLE
IE_TRACE:                 12:35:32.449271 line       123 SOURCE IS UNAVAILABLE
IE_TRACE:                 New var:....... sep = '/'
IE_TRACE:                 12:35:32.449283 line       124 SOURCE IS UNAVAILABLE
IE_TRACE:                 New var:....... extsep = '.'
IE_TRACE:                 12:35:32.449299 line       125 SOURCE IS UNAVAILABLE
IE_TRACE:                     Source path:... <frozen genericpath>
IE_TRACE:                     Starting var:.. p = 'data£.tar.gz'
IE_TRACE:                     Starting var:.. sep = '/'
IE_TRACE:                     Starting var:.. altsep = None
IE_TRACE:                     Starting var:.. extsep = '.'
IE_TRACE:                     12:35:32.449317 call       133 SOURCE IS UNAVAILABLE
IE_TRACE:                     12:35:32.449351 line       140 SOURCE IS UNAVAILABLE
IE_TRACE:                     New var:....... sepIndex = -1
IE_TRACE:                     12:35:32.449368 line       141 SOURCE IS UNAVAILABLE
IE_TRACE:                     12:35:32.449388 line       145 SOURCE IS UNAVAILABLE
IE_TRACE:                     New var:....... dotIndex = 9
IE_TRACE:                     12:35:32.449405 line       146 SOURCE IS UNAVAILABLE
IE_TRACE:                     12:35:32.449427 line       148 SOURCE IS UNAVAILABLE
IE_TRACE:                     New var:....... filenameIndex = 0
IE_TRACE:                     12:35:32.449445 line       149 SOURCE IS UNAVAILABLE
IE_TRACE:                     12:35:32.449467 line       150 SOURCE IS UNAVAILABLE
IE_TRACE:                     12:35:32.449486 line       151 SOURCE IS UNAVAILABLE
IE_TRACE:                     12:35:32.449505 return     151 SOURCE IS UNAVAILABLE
IE_TRACE:                     Return value:.. ('data£.tar', '.gz')
IE_TRACE:                 Source path:... <frozen posixpath>
IE_TRACE:                 12:35:32.449529 return     125 SOURCE IS UNAVAILABLE
IE_TRACE:                 Return value:.. ('data£.tar', '.gz')
IE_TRACE:             Source path:... /usr/lib/python3.12/mimetypes.py
IE_TRACE:             New var:....... base = 'data£.tar'
IE_TRACE:             New var:....... ext = '.gz'
IE_TRACE:             12:35:32.449552 line       150         while (ext_lower := ext.lower()) in self.suffix_map:
IE_TRACE:             New var:....... ext_lower = '.gz'
IE_TRACE:             12:35:32.449585 line       153         if ext in self.encodings_map:
IE_TRACE:             12:35:32.449610 line       154             encoding = self.encodings_map[ext]
IE_TRACE:             New var:....... encoding = 'gzip'
IE_TRACE:             12:35:32.449631 line       155             base, ext = posixpath.splitext(base)
IE_TRACE:                 Source path:... <frozen posixpath>
IE_TRACE:                 Starting var:.. p = 'data£.tar'
IE_TRACE:                 12:35:32.449657 call       117 SOURCE IS UNAVAILABLE
IE_TRACE:                 12:35:32.449677 line       118 SOURCE IS UNAVAILABLE
IE_TRACE:                 12:35:32.449689 line       119 SOURCE IS UNAVAILABLE
IE_TRACE:                 12:35:32.449701 line       123 SOURCE IS UNAVAILABLE
IE_TRACE:                 New var:....... sep = '/'
IE_TRACE:                 12:35:32.449712 line       124 SOURCE IS UNAVAILABLE
IE_TRACE:                 New var:....... extsep = '.'
IE_TRACE:                 12:35:32.449729 line       125 SOURCE IS UNAVAILABLE
IE_TRACE:                     Source path:... <frozen genericpath>
IE_TRACE:                     Starting var:.. p = 'data£.tar'
IE_TRACE:                     Starting var:.. sep = '/'
IE_TRACE:                     Starting var:.. altsep = None
IE_TRACE:                     Starting var:.. extsep = '.'
IE_TRACE:                     12:35:32.449746 call       133 SOURCE IS UNAVAILABLE
IE_TRACE:                     12:35:32.449779 line       140 SOURCE IS UNAVAILABLE
IE_TRACE:                     New var:....... sepIndex = -1
IE_TRACE:                     12:35:32.449795 line       141 SOURCE IS UNAVAILABLE
IE_TRACE:                     12:35:32.449815 line       145 SOURCE IS UNAVAILABLE
IE_TRACE:                     New var:....... dotIndex = 5
IE_TRACE:                     12:35:32.449832 line       146 SOURCE IS UNAVAILABLE
IE_TRACE:                     12:35:32.449854 line       148 SOURCE IS UNAVAILABLE
IE_TRACE:                     New var:....... filenameIndex = 0
IE_TRACE:                     12:35:32.449872 line       149 SOURCE IS UNAVAILABLE
IE_TRACE:                     12:35:32.449894 line       150 SOURCE IS UNAVAILABLE
IE_TRACE:                     12:35:32.449913 line       151 SOURCE IS UNAVAILABLE
IE_TRACE:                     12:35:32.449931 return     151 SOURCE IS UNAVAILABLE
IE_TRACE:                     Return value:.. ('data£', '.tar')
IE_TRACE:                 Source path:... <frozen posixpath>
IE_TRACE:                 12:35:32.449955 return     125 SOURCE IS UNAVAILABLE
IE_TRACE:                 Return value:.. ('data£', '.tar')
IE_TRACE:             Source path:... /usr/lib/python3.12/mimetypes.py
IE_TRACE:             Modified var:.. base = 'data£'
IE_TRACE:             Modified var:.. ext = '.tar'
IE_TRACE:             12:35:32.449978 line       158         ext = ext.lower()
IE_TRACE:             12:35:32.450012 line       159         types_map = self.types_map[True]
IE_TRACE:             New var:....... types_map = dict(len=512)
IE_TRACE:             12:35:32.450034 line       160         if ext in types_map:
IE_TRACE:             12:35:32.450061 line       161             return types_map[ext], encoding
IE_TRACE:             12:35:32.450084 return     161             return types_map[ext], encoding
IE_TRACE:             Return value:.. ('application/x-tar', 'gzip')
IE_TRACE:         Source path:... /path/to/BugsInPy/workspace/scrapy/scrapy/responsetypes.py
IE_TRACE:         New var:....... mimetype = 'application/x-tar'
IE_TRACE:         New var:....... encoding = 'gzip'
IE_TRACE:         12:35:32.450113 line        84         if mimetype and not encoding:
IE_TRACE:         12:35:32.450138 line        87             return Response
IE_TRACE:         12:35:32.450152 return      87             return Response
IE_TRACE:         Return value:.. <class 'scrapy.http.response.Response'>
IE_TRACE:     12:35:32.450171 return      64             return self.from_filename(filename)
IE_TRACE:     Return value:.. <class 'scrapy.http.response.Response'>
IE_TRACE: Source path:... /path/to/BugsInPy/workspace/scrapy/tests/test_responsetypes.py
IE_TRACE: Modified var:.. retcls = <class 'scrapy.http.response.Response'>
IE_TRACE: 12:35:32.450189 line        38             assert retcls is cls, "%s ==> %s != %s" % (source, retcls, cls)
IE_TRACE: 12:35:32.450222 line        36         for source, cls in mappings:
IE_TRACE: Modified var:.. source = bytes(len=32)
IE_TRACE: 12:35:32.450242 line        37             retcls = responsetypes.from_content_disposition(source)
IE_TRACE:     Source path:... /path/to/BugsInPy/workspace/scrapy/scrapy/responsetypes.py
IE_TRACE:     Starting var:.. self = <scrapy.responsetypes.ResponseTypes object at 0x76f56f89cad0>
IE_TRACE:     Starting var:.. content_disposition = bytes(len=32)
IE_TRACE:     12:35:32.450266 call        60     def from_content_disposition(self, content_disposition):
IE_TRACE:     12:35:32.450290 line        61         try:
IE_TRACE:     12:35:32.450302 line        62             filename = to_native_str(content_disposition).split(';')[1].split('=')[1]
IE_TRACE:         Source path:... /path/to/BugsInPy/workspace/scrapy/scrapy/utils/python.py
IE_TRACE:         Starting var:.. text = bytes(len=32)
IE_TRACE:         Starting var:.. encoding = None
IE_TRACE:         Starting var:.. errors = 'strict'
IE_TRACE:         12:35:32.450314 call       125 def to_native_str(text, encoding=None, errors='strict'):
IE_TRACE:         12:35:32.450340 line       128     if six.PY2:
IE_TRACE:         12:35:32.450353 line       131         return to_unicode(text, encoding, errors)
IE_TRACE:             Starting var:.. text = bytes(len=32)
IE_TRACE:             Starting var:.. encoding = None
IE_TRACE:             Starting var:.. errors = 'strict'
IE_TRACE:             12:35:32.450366 call        99 def to_unicode(text, encoding=None, errors='strict'):
IE_TRACE:             12:35:32.450389 line       102     if isinstance(text, six.text_type):
IE_TRACE:             12:35:32.450402 line       104     if not isinstance(text, (bytes, six.text_type)):
IE_TRACE:             12:35:32.450414 line       107     if encoding is None:
IE_TRACE:             12:35:32.450427 line       108         encoding = 'utf-8'
IE_TRACE:             Modified var:.. encoding = 'utf-8'
IE_TRACE:             12:35:32.450439 line       109     return text.decode(encoding, errors)
IE_TRACE:             12:35:32.450459 exception  109     return text.decode(encoding, errors)
IE_TRACE:             Exception:..... UnicodeDecodeError: 'utf-8' codec can't decode byte 0xb5 in position 24: invalid start byte
IE_TRACE:             Call ended by exception
IE_TRACE:         12:35:32.450514 exception  131         return to_unicode(text, encoding, errors)
IE_TRACE:         Exception:..... UnicodeDecodeError: 'utf-8' codec can't decode byte 0xb5 in position 24: invalid start byte
IE_TRACE:         Call ended by exception
IE_TRACE:     Source path:... /path/to/BugsInPy/workspace/scrapy/scrapy/responsetypes.py
IE_TRACE:     12:35:32.450554 exception   62             filename = to_native_str(content_disposition).split(';')[1].split('=')[1]
IE_TRACE:     Exception:..... UnicodeDecodeError: 'utf-8' codec can't decode byte 0xb5 in position 24: invalid start byte
IE_TRACE:     12:35:32.450581 line        65         except IndexError:
IE_TRACE:     Call ended by exception
IE_TRACE: Source path:... /path/to/BugsInPy/workspace/scrapy/tests/test_responsetypes.py
IE_TRACE: 12:35:32.450608 exception   37             retcls = responsetypes.from_content_disposition(source)
IE_TRACE: Exception:..... UnicodeDecodeError: 'utf-8' codec can't decode byte 0xb5 in position 24: invalid start byte
IE_TRACE: Call ended by exception
IE_TRACE: Elapsed time: 00:00:00.071497
======================================================================
ERROR: test_from_content_disposition (tests.test_responsetypes.ResponseTypesTest.test_from_content_disposition)
----------------------------------------------------------------------
Traceback (most recent call last):
  File "/path/to/.venv/lib/python3.12/site-packages/pysnooper/tracer.py", line 320, in simple_wrapper
    return function(*args, **kwargs)
           ^^^^^^^^^^^^^^^^^^^^^^^^^
  File "/path/to/BugsInPy/workspace/scrapy/tests/test_responsetypes.py", line 37, in test_from_content_disposition
    retcls = responsetypes.from_content_disposition(source)
             ^^^^^^^^^^^^^^^^^^^^^^^^^^^^^^^^^^^^^^^^^^^^^^
  File "/path/to/BugsInPy/workspace/scrapy/scrapy/responsetypes.py", line 62, in from_content_disposition
    filename = to_native_str(content_disposition).split(';')[1].split('=')[1]
               ^^^^^^^^^^^^^^^^^^^^^^^^^^^^^^^^^^
  File "/path/to/BugsInPy/workspace/scrapy/scrapy/utils/python.py", line 131, in to_native_str
    return to_unicode(text, encoding, errors)
           ^^^^^^^^^^^^^^^^^^^^^^^^^^^^^^^^^^
  File "/path/to/BugsInPy/workspace/scrapy/scrapy/utils/python.py", line 109, in to_unicode
    return text.decode(encoding, errors)
           ^^^^^^^^^^^^^^^^^^^^^^^^^^^^^
UnicodeDecodeError: 'utf-8' codec can't decode byte 0xb5 in position 24: invalid start byte

----------------------------------------------------------------------
Ran 1 test in 0.072s

FAILED (errors=1)


Exit code: 1
