Cleared: /path/to/results/youtube-dl/bug1
Running: python -m unittest -q test.test_utils.TestUtil.test_match_str
Workdir: /path/to/BugsInPy/workspace/youtube-dl
PYTHONPATH: /path/to/BugsInPy/workspace/youtube-dl
IE_TRACE: Source path:... /path/to/BugsInPy/workspace/youtube-dl/test/test_utils.py
IE_TRACE: Starting var:.. self = <test.test_utils.TestUtil testMethod=test_match_str>
IE_TRACE: 14:50:14.073318 call      1048     def test_match_str(self):
IE_TRACE: 14:50:14.073786 line      1049         self.assertRaises(ValueError, match_str, 'xy>foobar', {})
IE_TRACE:             Source path:... /path/to/BugsInPy/workspace/youtube-dl/youtube_dl/utils.py
IE_TRACE:             Starting var:.. filter_str = 'xy>foobar'
IE_TRACE:             Starting var:.. dct = {}
IE_TRACE:             14:50:14.074927 call      2593 def match_str(filter_str, dct):
IE_TRACE:             14:50:14.075385 line      2596     return all(
IE_TRACE:             14:50:14.075407 line      2597         _match_one(filter_part, dct) for filter_part in filter_str.split('&'))
IE_TRACE:             14:50:14.075427 line      2596     return all(
IE_TRACE:                 Starting var:.. .0 = <list_iterator object at 0x7f7f358f5f60>
IE_TRACE:                 Starting var:.. dct = {}
IE_TRACE:                 14:50:14.075447 call      2596     return all(
IE_TRACE:                 14:50:14.075486 line      2596     return all(
IE_TRACE:                 14:50:14.075508 line      2597         _match_one(filter_part, dct) for filter_part in filter_str.split('&'))
IE_TRACE:                     Starting var:.. filter_part = 'xy>foobar'
IE_TRACE:                     Starting var:.. dct = {}
IE_TRACE:                     14:50:14.075548 call      2523 def _match_one(filter_part, dct):
IE_TRACE:                     14:50:14.075746 line      2525         '<': operator.lt,
IE_TRACE:                     14:50:14.075773 line      2526         '<=': operator.le,
IE_TRACE:                     14:50:14.075796 line      2527         '>': operator.gt,
IE_TRACE:                     14:50:14.075817 line      2528         '>=': operator.ge,
IE_TRACE:                     14:50:14.075839 line      2529         '=': operator.eq,
IE_TRACE:                     14:50:14.075860 line      2530         '!=': operator.ne,
IE_TRACE:                     14:50:14.075881 line      2524     COMPARISON_OPERATORS = {
IE_TRACE:                     New var:....... COMPARISON_OPERATORS = {'<': <built-in function lt>, '<=': <built-in function le>, '>': <built-in function gt>, '>=': <built-in function ge>, '=': <built-in function eq>, '!=': <built-in function ne>}
IE_TRACE:                     14:50:14.075901 line      2532     operator_rex = re.compile(r'''(?x)\s*
IE_TRACE:                     14:50:14.075935 line      2541         ''' % '|'.join(map(re.escape, COMPARISON_OPERATORS.keys())))
IE_TRACE:                     Source path:... /path/to/BugsInPy/workspace/youtube-dl/youtube_dl/utils.py
IE_TRACE:                     14:50:14.076563 line      2532     operator_rex = re.compile(r'''(?x)\s*
IE_TRACE:                     Source path:... /path/to/BugsInPy/workspace/youtube-dl/youtube_dl/utils.py
IE_TRACE:                     New var:....... operator_rex = re.compile('(?x)\\s*\n        (?P<key>[a-z_]+)\n        \\s*(?P<op><|<=|>|>=|=|!=)(?P<none_inclusive>\\s*\\?)?\\s*\n        (?:\n            (?P<intval>[0-9.]+(?:[kKmMgGtTpPeEzZyY]i?[Bb]?)?)|\n            (?P<qu, re.VERBOSE)
IE_TRACE:                     14:50:14.126033 line      2542     m = operator_rex.search(filter_part)
IE_TRACE:                     New var:....... m = <re.Match object; span=(0, 9), match='xy>foobar'>
IE_TRACE:                     14:50:14.126082 line      2543     if m:
IE_TRACE:                     14:50:14.126118 line      2544         op = COMPARISON_OPERATORS[m.group('op')]
IE_TRACE:                     New var:....... op = <built-in function gt>
IE_TRACE:                     14:50:14.126148 line      2545         actual_value = dct.get(m.group('key'))
IE_TRACE:                     New var:....... actual_value = None
IE_TRACE:                     14:50:14.126184 line      2546         if (m.group('quotedstrval') is not None or
IE_TRACE:                     14:50:14.126219 line      2547             m.group('strval') is not None or
IE_TRACE:                     14:50:14.126250 line      2554             if m.group('op') not in ('=', '!='):
IE_TRACE:                     14:50:14.126279 line      2555                 raise ValueError(
IE_TRACE:                     14:50:14.126309 line      2556                     'Operator %s does not support string values!' % m.group('op'))
IE_TRACE:                     14:50:14.126339 line      2555                 raise ValueError(
IE_TRACE:                     14:50:14.126369 exception 2555                 raise ValueError(
IE_TRACE:                     Exception:..... ValueError: Operator > does not support string values!
IE_TRACE:                     Call ended by exception
IE_TRACE:                 New var:....... filter_part = 'xy>foobar'
IE_TRACE:                 14:50:14.126475 exception 2597         _match_one(filter_part, dct) for filter_part in filter_str.split('&'))
IE_TRACE:                 Exception:..... ValueError: Operator > does not support string values!
IE_TRACE:                 Call ended by exception
IE_TRACE:             14:50:14.126550 exception 2596     return all(
IE_TRACE:             Exception:..... ValueError: Operator > does not support string values!
IE_TRACE:             Call ended by exception
IE_TRACE: Source path:... /path/to/BugsInPy/workspace/youtube-dl/test/test_utils.py
IE_TRACE: 14:50:14.128627 line      1050         self.assertFalse(match_str('xy', {'x': 1200}))
IE_TRACE:     Source path:... /path/to/BugsInPy/workspace/youtube-dl/youtube_dl/utils.py
IE_TRACE:     Starting var:.. filter_str = 'xy'
IE_TRACE:     Starting var:.. dct = {'x': 1200}
IE_TRACE:     14:50:14.128655 call      2593 def match_str(filter_str, dct):
IE_TRACE:     14:50:14.128690 line      2596     return all(
IE_TRACE:     14:50:14.128709 line      2597         _match_one(filter_part, dct) for filter_part in filter_str.split('&'))
IE_TRACE:     14:50:14.128726 line      2596     return all(
IE_TRACE:         Starting var:.. .0 = <list_iterator object at 0x7f7f358f4fd0>
IE_TRACE:         Starting var:.. dct = {'x': 1200}
IE_TRACE:         14:50:14.128743 call      2596     return all(
IE_TRACE:         14:50:14.128772 line      2596     return all(
IE_TRACE:         14:50:14.128790 line      2597         _match_one(filter_part, dct) for filter_part in filter_str.split('&'))
IE_TRACE:             Starting var:.. filter_part = 'xy'
IE_TRACE:             Starting var:.. dct = {'x': 1200}
IE_TRACE:             14:50:14.128811 call      2523 def _match_one(filter_part, dct):
IE_TRACE:             14:50:14.128842 line      2525         '<': operator.lt,
IE_TRACE:             14:50:14.128864 line      2526         '<=': operator.le,
IE_TRACE:             14:50:14.128883 line      2527         '>': operator.gt,
IE_TRACE:             14:50:14.128902 line      2528         '>=': operator.ge,
IE_TRACE:             14:50:14.128921 line      2529         '=': operator.eq,
IE_TRACE:             14:50:14.128940 line      2530         '!=': operator.ne,
IE_TRACE:             14:50:14.128960 line      2524     COMPARISON_OPERATORS = {
IE_TRACE:             New var:....... COMPARISON_OPERATORS = {'<': <built-in function lt>, '<=': <built-in function le>, '>': <built-in function gt>, '>=': <built-in function ge>, '=': <built-in function eq>, '!=': <built-in function ne>}
IE_TRACE:             14:50:14.128979 line      2532     operator_rex = re.compile(r'''(?x)\s*
IE_TRACE:             14:50:14.129008 line      2541         ''' % '|'.join(map(re.escape, COMPARISON_OPERATORS.keys())))
IE_TRACE:             Source path:... /path/to/BugsInPy/workspace/youtube-dl/youtube_dl/utils.py
IE_TRACE:             14:50:14.129508 line      2532     operator_rex = re.compile(r'''(?x)\s*
IE_TRACE:             Source path:... /path/to/BugsInPy/workspace/youtube-dl/youtube_dl/utils.py
IE_TRACE:             New var:....... operator_rex = re.compile('(?x)\\s*\n        (?P<key>[a-z_]+)\n        \\s*(?P<op><|<=|>|>=|=|!=)(?P<none_inclusive>\\s*\\?)?\\s*\n        (?:\n            (?P<intval>[0-9.]+(?:[kKmMgGtTpPeEzZyY]i?[Bb]?)?)|\n            (?P<qu, re.VERBOSE)
IE_TRACE:             14:50:14.129762 line      2542     m = operator_rex.search(filter_part)
IE_TRACE:             New var:....... m = None
IE_TRACE:             14:50:14.129804 line      2543     if m:
IE_TRACE:             14:50:14.129836 line      2577         '': lambda v: v is not None,
IE_TRACE:             14:50:14.129863 line      2578         '!': lambda v: v is None,
IE_TRACE:             14:50:14.129889 line      2576     UNARY_OPERATORS = {
IE_TRACE:             New var:....... UNARY_OPERATORS = {'': <function _match_one.<locals>.<lambda> at 0x7f7f35929e40>, '!': <function _match_one.<locals>.<lambda> at 0x7f7f35929ee0>}
IE_TRACE:             14:50:14.129914 line      2580     operator_rex = re.compile(r'''(?x)\s*
IE_TRACE:             14:50:14.129948 line      2583         ''' % '|'.join(map(re.escape, UNARY_OPERATORS.keys())))
IE_TRACE:             Source path:... /path/to/BugsInPy/workspace/youtube-dl/youtube_dl/utils.py
IE_TRACE:             14:50:14.130141 line      2580     operator_rex = re.compile(r'''(?x)\s*
IE_TRACE:             Source path:... /path/to/BugsInPy/workspace/youtube-dl/youtube_dl/utils.py
IE_TRACE:             Modified var:.. operator_rex = re.compile('(?x)\\s*\n        (?P<op>|!)\\s*(?P<key>[a-z_]+)\n        \\s*$\n        ', re.VERBOSE)
IE_TRACE:             14:50:14.206063 line      2584     m = operator_rex.search(filter_part)
IE_TRACE:             Modified var:.. m = <re.Match object; span=(0, 2), match='xy'>
IE_TRACE:             14:50:14.206107 line      2585     if m:
IE_TRACE:             14:50:14.206143 line      2586         op = UNARY_OPERATORS[m.group('op')]
IE_TRACE:             New var:....... op = <function _match_one.<locals>.<lambda> at 0x7f7f35929e40>
IE_TRACE:             14:50:14.206173 line      2587         actual_value = dct.get(m.group('key'))
IE_TRACE:             New var:....... actual_value = None
IE_TRACE:             14:50:14.206209 line      2588         return op(actual_value)
IE_TRACE:                 Starting var:.. v = None
IE_TRACE:                 14:50:14.206247 call      2577         '': lambda v: v is not None,
IE_TRACE:                 14:50:14.206270 line      2577         '': lambda v: v is not None,
IE_TRACE:                 14:50:14.206287 return    2577         '': lambda v: v is not None,
IE_TRACE:                 Return value:.. False
IE_TRACE:             14:50:14.206310 return    2588         return op(actual_value)
IE_TRACE:             Return value:.. False
IE_TRACE:         New var:....... filter_part = 'xy'
IE_TRACE:         14:50:14.206350 return    2597         _match_one(filter_part, dct) for filter_part in filter_str.split('&'))
IE_TRACE:         Return value:.. False
IE_TRACE:     14:50:14.206385 return    2596     return all(
IE_TRACE:     Return value:.. False
IE_TRACE: Source path:... /path/to/BugsInPy/workspace/youtube-dl/test/test_utils.py
IE_TRACE: 14:50:14.206500 line      1051         self.assertTrue(match_str('!xy', {'x': 1200}))
IE_TRACE:     Source path:... /path/to/BugsInPy/workspace/youtube-dl/youtube_dl/utils.py
IE_TRACE:     Starting var:.. filter_str = '!xy'
IE_TRACE:     Starting var:.. dct = {'x': 1200}
IE_TRACE:     14:50:14.206525 call      2593 def match_str(filter_str, dct):
IE_TRACE:     14:50:14.206557 line      2596     return all(
IE_TRACE:     14:50:14.206577 line      2597         _match_one(filter_part, dct) for filter_part in filter_str.split('&'))
IE_TRACE:     14:50:14.206595 line      2596     return all(
IE_TRACE:         Starting var:.. .0 = <list_iterator object at 0x7f7f358f5030>
IE_TRACE:         Starting var:.. dct = {'x': 1200}
IE_TRACE:         14:50:14.206612 call      2596     return all(
IE_TRACE:         14:50:14.206639 line      2596     return all(
IE_TRACE:         14:50:14.206656 line      2597         _match_one(filter_part, dct) for filter_part in filter_str.split('&'))
IE_TRACE:             Starting var:.. filter_part = '!xy'
IE_TRACE:             Starting var:.. dct = {'x': 1200}
IE_TRACE:             14:50:14.206675 call      2523 def _match_one(filter_part, dct):
IE_TRACE:             14:50:14.206704 line      2525         '<': operator.lt,
IE_TRACE:             14:50:14.206724 line      2526         '<=': operator.le,
IE_TRACE:             14:50:14.206744 line      2527         '>': operator.gt,
IE_TRACE:             14:50:14.206763 line      2528         '>=': operator.ge,
IE_TRACE:             14:50:14.206783 line      2529         '=': operator.eq,
IE_TRACE:             14:50:14.206801 line      2530         '!=': operator.ne,
IE_TRACE:             14:50:14.206820 line      2524     COMPARISON_OPERATORS = {
IE_TRACE:             New var:....... COMPARISON_OPERATORS = {'<': <built-in function lt>, '<=': <built-in function le>, '>': <built-in function gt>, '>=': <built-in function ge>, '=': <built-in function eq>, '!=': <built-in function ne>}
IE_TRACE:             14:50:14.206840 line      2532     operator_rex = re.compile(r'''(?x)\s*
IE_TRACE:             14:50:14.206867 line      2541         ''' % '|'.join(map(re.escape, COMPARISON_OPERATORS.keys())))
IE_TRACE:             Source path:... /path/to/BugsInPy/workspace/youtube-dl/youtube_dl/utils.py
IE_TRACE:             14:50:14.207359 line      2532     operator_rex = re.compile(r'''(?x)\s*
IE_TRACE:             Source path:... /path/to/BugsInPy/workspace/youtube-dl/youtube_dl/utils.py
IE_TRACE:             New var:....... operator_rex = re.compile('(?x)\\s*\n        (?P<key>[a-z_]+)\n        \\s*(?P<op><|<=|>|>=|=|!=)(?P<none_inclusive>\\s*\\?)?\\s*\n        (?:\n            (?P<intval>[0-9.]+(?:[kKmMgGtTpPeEzZyY]i?[Bb]?)?)|\n            (?P<qu, re.VERBOSE)
IE_TRACE:             14:50:14.207604 line      2542     m = operator_rex.search(filter_part)
IE_TRACE:             New var:....... m = None
IE_TRACE:             14:50:14.207643 line      2543     if m:
IE_TRACE:             14:50:14.207674 line      2577         '': lambda v: v is not None,
IE_TRACE:             14:50:14.207701 line      2578         '!': lambda v: v is None,
IE_TRACE:             14:50:14.207726 line      2576     UNARY_OPERATORS = {
IE_TRACE:             New var:....... UNARY_OPERATORS = {'': <function _match_one.<locals>.<lambda> at 0x7f7f35929e40>, '!': <function _match_one.<locals>.<lambda> at 0x7f7f35929ee0>}
IE_TRACE:             14:50:14.207752 line      2580     operator_rex = re.compile(r'''(?x)\s*
IE_TRACE:             14:50:14.207785 line      2583         ''' % '|'.join(map(re.escape, UNARY_OPERATORS.keys())))
IE_TRACE:             Source path:... /path/to/BugsInPy/workspace/youtube-dl/youtube_dl/utils.py
IE_TRACE:             14:50:14.207973 line      2580     operator_rex = re.compile(r'''(?x)\s*
IE_TRACE:             Source path:... /path/to/BugsInPy/workspace/youtube-dl/youtube_dl/utils.py
IE_TRACE:             Modified var:.. operator_rex = re.compile('(?x)\\s*\n        (?P<op>|!)\\s*(?P<key>[a-z_]+)\n        \\s*$\n        ', re.VERBOSE)
IE_TRACE:             14:50:14.208200 line      2584     m = operator_rex.search(filter_part)
IE_TRACE:             Modified var:.. m = <re.Match object; span=(0, 3), match='!xy'>
IE_TRACE:             14:50:14.208238 line      2585     if m:
IE_TRACE:             14:50:14.208272 line      2586         op = UNARY_OPERATORS[m.group('op')]
IE_TRACE:             New var:....... op = <function _match_one.<locals>.<lambda> at 0x7f7f35929ee0>
IE_TRACE:             14:50:14.208300 line      2587         actual_value = dct.get(m.group('key'))
IE_TRACE:             New var:....... actual_value = None
IE_TRACE:             14:50:14.208336 line      2588         return op(actual_value)
IE_TRACE:                 Starting var:.. v = None
IE_TRACE:                 14:50:14.208372 call      2578         '!': lambda v: v is None,
IE_TRACE:                 14:50:14.208393 line      2578         '!': lambda v: v is None,
IE_TRACE:                 14:50:14.208410 return    2578         '!': lambda v: v is None,
IE_TRACE:                 Return value:.. True
IE_TRACE:             14:50:14.208433 return    2588         return op(actual_value)
IE_TRACE:             Return value:.. True
IE_TRACE:         New var:....... filter_part = '!xy'
IE_TRACE:         14:50:14.208470 return    2597         _match_one(filter_part, dct) for filter_part in filter_str.split('&'))
IE_TRACE:         Return value:.. True
IE_TRACE:         Starting var:.. .0 = <list_iterator object at 0x7f7f358f5030>
IE_TRACE:         Starting var:.. filter_part = '!xy'
IE_TRACE:         Starting var:.. dct = {'x': 1200}
IE_TRACE:         14:50:14.208500 call      2597         _match_one(filter_part, dct) for filter_part in filter_str.split('&'))
IE_TRACE:         14:50:14.208532 line      2596     return all(
IE_TRACE:         14:50:14.208551 return    2596     return all(
IE_TRACE:         Return value:.. None
IE_TRACE:     14:50:14.208598 return    2596     return all(
IE_TRACE:     Return value:.. True
IE_TRACE: Source path:... /path/to/BugsInPy/workspace/youtube-dl/test/test_utils.py
IE_TRACE: 14:50:14.208705 line      1052         self.assertTrue(match_str('x', {'x': 1200}))
IE_TRACE:     Source path:... /path/to/BugsInPy/workspace/youtube-dl/youtube_dl/utils.py
IE_TRACE:     Starting var:.. filter_str = 'x'
IE_TRACE:     Starting var:.. dct = {'x': 1200}
IE_TRACE:     14:50:14.208728 call      2593 def match_str(filter_str, dct):
IE_TRACE:     14:50:14.208758 line      2596     return all(
IE_TRACE:     14:50:14.208775 line      2597         _match_one(filter_part, dct) for filter_part in filter_str.split('&'))
IE_TRACE:     14:50:14.208791 line      2596     return all(
IE_TRACE:         Starting var:.. .0 = <list_iterator object at 0x7f7f358f5390>
IE_TRACE:         Starting var:.. dct = {'x': 1200}
IE_TRACE:         14:50:14.208807 call      2596     return all(
IE_TRACE:         14:50:14.208833 line      2596     return all(
IE_TRACE:         14:50:14.208851 line      2597         _match_one(filter_part, dct) for filter_part in filter_str.split('&'))
IE_TRACE:             Starting var:.. filter_part = 'x'
IE_TRACE:             Starting var:.. dct = {'x': 1200}
IE_TRACE:             14:50:14.208870 call      2523 def _match_one(filter_part, dct):
IE_TRACE:             14:50:14.208899 line      2525         '<': operator.lt,
IE_TRACE:             14:50:14.208919 line      2526         '<=': operator.le,
IE_TRACE:             14:50:14.208938 line      2527         '>': operator.gt,
IE_TRACE:             14:50:14.208958 line      2528         '>=': operator.ge,
IE_TRACE:             14:50:14.208977 line      2529         '=': operator.eq,
IE_TRACE:             14:50:14.208996 line      2530         '!=': operator.ne,
IE_TRACE:             14:50:14.209015 line      2524     COMPARISON_OPERATORS = {
IE_TRACE:             New var:....... COMPARISON_OPERATORS = {'<': <built-in function lt>, '<=': <built-in function le>, '>': <built-in function gt>, '>=': <built-in function ge>, '=': <built-in function eq>, '!=': <built-in function ne>}
IE_TRACE:             14:50:14.209034 line      2532     operator_rex = re.compile(r'''(?x)\s*
IE_TRACE:             14:50:14.209060 line      2541         ''' % '|'.join(map(re.escape, COMPARISON_OPERATORS.keys())))
IE_TRACE:             Source path:... /path/to/BugsInPy/workspace/youtube-dl/youtube_dl/utils.py
IE_TRACE:             14:50:14.209552 line      2532     operator_rex = re.compile(r'''(?x)\s*
IE_TRACE:             Source path:... /path/to/BugsInPy/workspace/youtube-dl/youtube_dl/utils.py
IE_TRACE:             New var:....... operator_rex = re.compile('(?x)\\s*\n        (?P<key>[a-z_]+)\n        \\s*(?P<op><|<=|>|>=|=|!=)(?P<none_inclusive>\\s*\\?)?\\s*\n        (?:\n            (?P<intval>[0-9.]+(?:[kKmMgGtTpPeEzZyY]i?[Bb]?)?)|\n            (?P<qu, re.VERBOSE)
IE_TRACE:             14:50:14.209786 line      2542     m = operator_rex.search(filter_part)
IE_TRACE:             New var:....... m = None
IE_TRACE:             14:50:14.209822 line      2543     if m:
IE_TRACE:             14:50:14.209853 line      2577         '': lambda v: v is not None,
IE_TRACE:             14:50:14.209879 line      2578         '!': lambda v: v is None,
IE_TRACE:             14:50:14.209904 line      2576     UNARY_OPERATORS = {
IE_TRACE:             New var:....... UNARY_OPERATORS = {'': <function _match_one.<locals>.<lambda> at 0x7f7f35929ee0>, '!': <function _match_one.<locals>.<lambda> at 0x7f7f35929e40>}
IE_TRACE:             14:50:14.209930 line      2580     operator_rex = re.compile(r'''(?x)\s*
IE_TRACE:             14:50:14.209962 line      2583         ''' % '|'.join(map(re.escape, UNARY_OPERATORS.keys())))
IE_TRACE:             Source path:... /path/to/BugsInPy/workspace/youtube-dl/youtube_dl/utils.py
IE_TRACE:             14:50:14.210149 line      2580     operator_rex = re.compile(r'''(?x)\s*
IE_TRACE:             Source path:... /path/to/BugsInPy/workspace/youtube-dl/youtube_dl/utils.py
IE_TRACE:             Modified var:.. operator_rex = re.compile('(?x)\\s*\n        (?P<op>|!)\\s*(?P<key>[a-z_]+)\n        \\s*$\n        ', re.VERBOSE)
IE_TRACE:             14:50:14.210372 line      2584     m = operator_rex.search(filter_part)
IE_TRACE:             Modified var:.. m = <re.Match object; span=(0, 1), match='x'>
IE_TRACE:             14:50:14.210410 line      2585     if m:
IE_TRACE:             14:50:14.210443 line      2586         op = UNARY_OPERATORS[m.group('op')]
IE_TRACE:             New var:....... op = <function _match_one.<locals>.<lambda> at 0x7f7f35929ee0>
IE_TRACE:             14:50:14.210470 line      2587         actual_value = dct.get(m.group('key'))
IE_TRACE:             New var:....... actual_value = 1200
IE_TRACE:             14:50:14.210503 line      2588         return op(actual_value)
IE_TRACE:                 Starting var:.. v = 1200
IE_TRACE:                 14:50:14.210539 call      2577         '': lambda v: v is not None,
IE_TRACE:                 14:50:14.210560 line      2577         '': lambda v: v is not None,
IE_TRACE:                 14:50:14.210578 return    2577         '': lambda v: v is not None,
IE_TRACE:                 Return value:.. True
IE_TRACE:             14:50:14.210601 return    2588         return op(actual_value)
IE_TRACE:             Return value:.. True
IE_TRACE:         New var:....... filter_part = 'x'
IE_TRACE:         14:50:14.210637 return    2597         _match_one(filter_part, dct) for filter_part in filter_str.split('&'))
IE_TRACE:         Return value:.. True
IE_TRACE:         Starting var:.. .0 = <list_iterator object at 0x7f7f358f5390>
IE_TRACE:         Starting var:.. filter_part = 'x'
IE_TRACE:         Starting var:.. dct = {'x': 1200}
IE_TRACE:         14:50:14.210666 call      2597         _match_one(filter_part, dct) for filter_part in filter_str.split('&'))
IE_TRACE:         14:50:14.210697 line      2596     return all(
IE_TRACE:         14:50:14.210715 return    2596     return all(
IE_TRACE:         Return value:.. None
IE_TRACE:     14:50:14.210739 return    2596     return all(
IE_TRACE:     Return value:.. True
IE_TRACE: Source path:... /path/to/BugsInPy/workspace/youtube-dl/test/test_utils.py
IE_TRACE: 14:50:14.210839 line      1053         self.assertFalse(match_str('!x', {'x': 1200}))
IE_TRACE:     Source path:... /path/to/BugsInPy/workspace/youtube-dl/youtube_dl/utils.py
IE_TRACE:     Starting var:.. filter_str = '!x'
IE_TRACE:     Starting var:.. dct = {'x': 1200}
IE_TRACE:     14:50:14.210860 call      2593 def match_str(filter_str, dct):
IE_TRACE:     14:50:14.210890 line      2596     return all(
IE_TRACE:     14:50:14.210906 line      2597         _match_one(filter_part, dct) for filter_part in filter_str.split('&'))
IE_TRACE:     14:50:14.210922 line      2596     return all(
IE_TRACE:         Starting var:.. .0 = <list_iterator object at 0x7f7f35a64fd0>
IE_TRACE:         Starting var:.. dct = {'x': 1200}
IE_TRACE:         14:50:14.210938 call      2596     return all(
IE_TRACE:         14:50:14.210964 line      2596     return all(
IE_TRACE:         14:50:14.210981 line      2597         _match_one(filter_part, dct) for filter_part in filter_str.split('&'))
IE_TRACE:             Starting var:.. filter_part = '!x'
IE_TRACE:             Starting var:.. dct = {'x': 1200}
IE_TRACE:             14:50:14.211000 call      2523 def _match_one(filter_part, dct):
IE_TRACE:             14:50:14.211028 line      2525         '<': operator.lt,
IE_TRACE:             14:50:14.211048 line      2526         '<=': operator.le,
IE_TRACE:             14:50:14.211067 line      2527         '>': operator.gt,
IE_TRACE:             14:50:14.211086 line      2528         '>=': operator.ge,
IE_TRACE:             14:50:14.211105 line      2529         '=': operator.eq,
IE_TRACE:             14:50:14.211124 line      2530         '!=': operator.ne,
IE_TRACE:             14:50:14.211143 line      2524     COMPARISON_OPERATORS = {
IE_TRACE:             New var:....... COMPARISON_OPERATORS = {'<': <built-in function lt>, '<=': <built-in function le>, '>': <built-in function gt>, '>=': <built-in function ge>, '=': <built-in function eq>, '!=': <built-in function ne>}
IE_TRACE:             14:50:14.211162 line      2532     operator_rex = re.compile(r'''(?x)\s*
IE_TRACE:             14:50:14.211189 line      2541         ''' % '|'.join(map(re.escape, COMPARISON_OPERATORS.keys())))
IE_TRACE:             Source path:... /path/to/BugsInPy/workspace/youtube-dl/youtube_dl/utils.py
IE_TRACE:             14:50:14.211670 line      2532     operator_rex = re.compile(r'''(?x)\s*
IE_TRACE:             Source path:... /path/to/BugsInPy/workspace/youtube-dl/youtube_dl/utils.py
IE_TRACE:             New var:....... operator_rex = re.compile('(?x)\\s*\n        (?P<key>[a-z_]+)\n        \\s*(?P<op><|<=|>|>=|=|!=)(?P<none_inclusive>\\s*\\?)?\\s*\n        (?:\n            (?P<intval>[0-9.]+(?:[kKmMgGtTpPeEzZyY]i?[Bb]?)?)|\n            (?P<qu, re.VERBOSE)
IE_TRACE:             14:50:14.211899 line      2542     m = operator_rex.search(filter_part)
IE_TRACE:             New var:....... m = None
IE_TRACE:             14:50:14.211935 line      2543     if m:
IE_TRACE:             14:50:14.211966 line      2577         '': lambda v: v is not None,
IE_TRACE:             14:50:14.211992 line      2578         '!': lambda v: v is None,
IE_TRACE:             14:50:14.212018 line      2576     UNARY_OPERATORS = {
IE_TRACE:             New var:....... UNARY_OPERATORS = {'': <function _match_one.<locals>.<lambda> at 0x7f7f35929ee0>, '!': <function _match_one.<locals>.<lambda> at 0x7f7f35929e40>}
IE_TRACE:             14:50:14.212043 line      2580     operator_rex = re.compile(r'''(?x)\s*
IE_TRACE:             14:50:14.212076 line      2583         ''' % '|'.join(map(re.escape, UNARY_OPERATORS.keys())))
IE_TRACE:             Source path:... /path/to/BugsInPy/workspace/youtube-dl/youtube_dl/utils.py
IE_TRACE:             14:50:14.212259 line      2580     operator_rex = re.compile(r'''(?x)\s*
IE_TRACE:             Source path:... /path/to/BugsInPy/workspace/youtube-dl/youtube_dl/utils.py
IE_TRACE:             Modified var:.. operator_rex = re.compile('(?x)\\s*\n        (?P<op>|!)\\s*(?P<key>[a-z_]+)\n        \\s*$\n        ', re.VERBOSE)
IE_TRACE:             14:50:14.212482 line      2584     m = operator_rex.search(filter_part)
IE_TRACE:             Modified var:.. m = <re.Match object; span=(0, 2), match='!x'>
IE_TRACE:             14:50:14.212519 line      2585     if m:
IE_TRACE:             14:50:14.212551 line      2586         op = UNARY_OPERATORS[m.group('op')]
IE_TRACE:             New var:....... op = <function _match_one.<locals>.<lambda> at 0x7f7f35929e40>
IE_TRACE:             14:50:14.212581 line      2587         actual_value = dct.get(m.group('key'))
IE_TRACE:             New var:....... actual_value = 1200
IE_TRACE:             14:50:14.212614 line      2588         return op(actual_value)
IE_TRACE:                 Starting var:.. v = 1200
IE_TRACE:                 14:50:14.212648 call      2578         '!': lambda v: v is None,
IE_TRACE:                 14:50:14.212669 line      2578         '!': lambda v: v is None,
IE_TRACE:                 14:50:14.212686 return    2578         '!': lambda v: v is None,
IE_TRACE:                 Return value:.. False
IE_TRACE:             14:50:14.212708 return    2588         return op(actual_value)
IE_TRACE:             Return value:.. False
IE_TRACE:         New var:....... filter_part = '!x'
IE_TRACE:         14:50:14.212744 return    2597         _match_one(filter_part, dct) for filter_part in filter_str.split('&'))
IE_TRACE:         Return value:.. False
IE_TRACE:     14:50:14.212773 return    2596     return all(
IE_TRACE:     Return value:.. False
IE_TRACE: Source path:... /path/to/BugsInPy/workspace/youtube-dl/test/test_utils.py
IE_TRACE: 14:50:14.212873 line      1054         self.assertTrue(match_str('x', {'x': 0}))
IE_TRACE:     Source path:... /path/to/BugsInPy/workspace/youtube-dl/youtube_dl/utils.py
IE_TRACE:     Starting var:.. filter_str = 'x'
IE_TRACE:     Starting var:.. dct = {'x': 0}
IE_TRACE:     14:50:14.212894 call      2593 def match_str(filter_str, dct):
IE_TRACE:     14:50:14.212924 line      2596     return all(
IE_TRACE:     14:50:14.212940 line      2597         _match_one(filter_part, dct) for filter_part in filter_str.split('&'))
IE_TRACE:     14:50:14.212956 line      2596     return all(
IE_TRACE:         Starting var:.. .0 = <list_iterator object at 0x7f7f358f4fd0>
IE_TRACE:         Starting var:.. dct = {'x': 0}
IE_TRACE:         14:50:14.212972 call      2596     return all(
IE_TRACE:         14:50:14.212998 line      2596     return all(
IE_TRACE:         14:50:14.213015 line      2597         _match_one(filter_part, dct) for filter_part in filter_str.split('&'))
IE_TRACE:             Starting var:.. filter_part = 'x'
IE_TRACE:             Starting var:.. dct = {'x': 0}
IE_TRACE:             14:50:14.213033 call      2523 def _match_one(filter_part, dct):
IE_TRACE:             14:50:14.213062 line      2525         '<': operator.lt,
IE_TRACE:             14:50:14.213081 line      2526         '<=': operator.le,
IE_TRACE:             14:50:14.213100 line      2527         '>': operator.gt,
IE_TRACE:             14:50:14.213119 line      2528         '>=': operator.ge,
IE_TRACE:             14:50:14.213138 line      2529         '=': operator.eq,
IE_TRACE:             14:50:14.213156 line      2530         '!=': operator.ne,
IE_TRACE:             14:50:14.213175 line      2524     COMPARISON_OPERATORS = {
IE_TRACE:             New var:....... COMPARISON_OPERATORS = {'<': <built-in function lt>, '<=': <built-in function le>, '>': <built-in function gt>, '>=': <built-in function ge>, '=': <built-in function eq>, '!=': <built-in function ne>}
IE_TRACE:             14:50:14.213194 line      2532     operator_rex = re.compile(r'''(?x)\s*
IE_TRACE:             14:50:14.213220 line      2541         ''' % '|'.join(map(re.escape, COMPARISON_OPERATORS.keys())))
IE_TRACE:             Source path:... /path/to/BugsInPy/workspace/youtube-dl/youtube_dl/utils.py
IE_TRACE:             14:50:14.213700 line      2532     operator_rex = re.compile(r'''(?x)\s*
IE_TRACE:             Source path:... /path/to/BugsInPy/workspace/youtube-dl/youtube_dl/utils.py
IE_TRACE:             New var:....... operator_rex = re.compile('(?x)\\s*\n        (?P<key>[a-z_]+)\n        \\s*(?P<op><|<=|>|>=|=|!=)(?P<none_inclusive>\\s*\\?)?\\s*\n        (?:\n            (?P<intval>[0-9.]+(?:[kKmMgGtTpPeEzZyY]i?[Bb]?)?)|\n            (?P<qu, re.VERBOSE)
IE_TRACE:             14:50:14.213927 line      2542     m = operator_rex.search(filter_part)
IE_TRACE:             New var:....... m = None
IE_TRACE:             14:50:14.213962 line      2543     if m:
IE_TRACE:             14:50:14.213992 line      2577         '': lambda v: v is not None,
IE_TRACE:             14:50:14.214018 line      2578         '!': lambda v: v is None,
IE_TRACE:             14:50:14.214043 line      2576     UNARY_OPERATORS = {
IE_TRACE:             New var:....... UNARY_OPERATORS = {'': <function _match_one.<locals>.<lambda> at 0x7f7f35929e40>, '!': <function _match_one.<locals>.<lambda> at 0x7f7f35929ee0>}
IE_TRACE:             14:50:14.214068 line      2580     operator_rex = re.compile(r'''(?x)\s*
IE_TRACE:             14:50:14.214100 line      2583         ''' % '|'.join(map(re.escape, UNARY_OPERATORS.keys())))
IE_TRACE:             Source path:... /path/to/BugsInPy/workspace/youtube-dl/youtube_dl/utils.py
IE_TRACE:             14:50:14.214282 line      2580     operator_rex = re.compile(r'''(?x)\s*
IE_TRACE:             Source path:... /path/to/BugsInPy/workspace/youtube-dl/youtube_dl/utils.py
IE_TRACE:             Modified var:.. operator_rex = re.compile('(?x)\\s*\n        (?P<op>|!)\\s*(?P<key>[a-z_]+)\n        \\s*$\n        ', re.VERBOSE)
IE_TRACE:             14:50:14.214502 line      2584     m = operator_rex.search(filter_part)
IE_TRACE:             Modified var:.. m = <re.Match object; span=(0, 1), match='x'>
IE_TRACE:             14:50:14.214539 line      2585     if m:
IE_TRACE:             14:50:14.214574 line      2586         op = UNARY_OPERATORS[m.group('op')]
IE_TRACE:             New var:....... op = <function _match_one.<locals>.<lambda> at 0x7f7f35929e40>
IE_TRACE:             14:50:14.214602 line      2587         actual_value = dct.get(m.group('key'))
IE_TRACE:             New var:....... actual_value = 0
IE_TRACE:             14:50:14.214635 line      2588         return op(actual_value)
IE_TRACE:                 Starting var:.. v = 0
IE_TRACE:                 14:50:14.214670 call      2577         '': lambda v: v is not None,
IE_TRACE:                 14:50:14.214690 line      2577         '': lambda v: v is not None,
IE_TRACE:                 14:50:14.214706 return    2577         '': lambda v: v is not None,
IE_TRACE:                 Return value:.. True
IE_TRACE:             14:50:14.214728 return    2588         return op(actual_value)
IE_TRACE:             Return value:.. True
IE_TRACE:         New var:....... filter_part = 'x'
IE_TRACE:         14:50:14.214763 return    2597         _match_one(filter_part, dct) for filter_part in filter_str.split('&'))
IE_TRACE:         Return value:.. True
IE_TRACE:         Starting var:.. .0 = <list_iterator object at 0x7f7f358f4fd0>
IE_TRACE:         Starting var:.. filter_part = 'x'
IE_TRACE:         Starting var:.. dct = {'x': 0}
IE_TRACE:         14:50:14.214791 call      2597         _match_one(filter_part, dct) for filter_part in filter_str.split('&'))
IE_TRACE:         14:50:14.214822 line      2596     return all(
IE_TRACE:         14:50:14.214840 return    2596     return all(
IE_TRACE:         Return value:.. None
IE_TRACE:     14:50:14.214864 return    2596     return all(
IE_TRACE:     Return value:.. True
IE_TRACE: Source path:... /path/to/BugsInPy/workspace/youtube-dl/test/test_utils.py
IE_TRACE: 14:50:14.214965 line      1055         self.assertFalse(match_str('x>0', {'x': 0}))
IE_TRACE:     Source path:... /path/to/BugsInPy/workspace/youtube-dl/youtube_dl/utils.py
IE_TRACE:     Starting var:.. filter_str = 'x>0'
IE_TRACE:     Starting var:.. dct = {'x': 0}
IE_TRACE:     14:50:14.214986 call      2593 def match_str(filter_str, dct):
IE_TRACE:     14:50:14.215015 line      2596     return all(
IE_TRACE:     14:50:14.215031 line      2597         _match_one(filter_part, dct) for filter_part in filter_str.split('&'))
IE_TRACE:     14:50:14.215047 line      2596     return all(
IE_TRACE:         Starting var:.. .0 = <list_iterator object at 0x7f7f358f4e20>
IE_TRACE:         Starting var:.. dct = {'x': 0}
IE_TRACE:         14:50:14.215063 call      2596     return all(
IE_TRACE:         14:50:14.215089 line      2596     return all(
IE_TRACE:         14:50:14.215106 line      2597         _match_one(filter_part, dct) for filter_part in filter_str.split('&'))
IE_TRACE:             Starting var:.. filter_part = 'x>0'
IE_TRACE:             Starting var:.. dct = {'x': 0}
IE_TRACE:             14:50:14.215125 call      2523 def _match_one(filter_part, dct):
IE_TRACE:             14:50:14.215153 line      2525         '<': operator.lt,
IE_TRACE:             14:50:14.215172 line      2526         '<=': operator.le,
IE_TRACE:             14:50:14.215192 line      2527         '>': operator.gt,
IE_TRACE:             14:50:14.215211 line      2528         '>=': operator.ge,
IE_TRACE:             14:50:14.215230 line      2529         '=': operator.eq,
IE_TRACE:             14:50:14.215249 line      2530         '!=': operator.ne,
IE_TRACE:             14:50:14.215268 line      2524     COMPARISON_OPERATORS = {
IE_TRACE:             New var:....... COMPARISON_OPERATORS = {'<': <built-in function lt>, '<=': <built-in function le>, '>': <built-in function gt>, '>=': <built-in function ge>, '=': <built-in function eq>, '!=': <built-in function ne>}
IE_TRACE:             14:50:14.215287 line      2532     operator_rex = re.compile(r'''(?x)\s*
IE_TRACE:             14:50:14.215313 line      2541         ''' % '|'.join(map(re.escape, COMPARISON_OPERATORS.keys())))
IE_TRACE:             Source path:... /path/to/BugsInPy/workspace/youtube-dl/youtube_dl/utils.py
IE_TRACE:             14:50:14.215793 line      2532     operator_rex = re.compile(r'''(?x)\s*
IE_TRACE:             Source path:... /path/to/BugsInPy/workspace/youtube-dl/youtube_dl/utils.py
IE_TRACE:             New var:....... operator_rex = re.compile('(?x)\\s*\n        (?P<key>[a-z_]+)\n        \\s*(?P<op><|<=|>|>=|=|!=)(?P<none_inclusive>\\s*\\?)?\\s*\n        (?:\n            (?P<intval>[0-9.]+(?:[kKmMgGtTpPeEzZyY]i?[Bb]?)?)|\n            (?P<qu, re.VERBOSE)
IE_TRACE:             14:50:14.216018 line      2542     m = operator_rex.search(filter_part)
IE_TRACE:             New var:....... m = <re.Match object; span=(0, 3), match='x>0'>
IE_TRACE:             14:50:14.216054 line      2543     if m:
IE_TRACE:             14:50:14.216085 line      2544         op = COMPARISON_OPERATORS[m.group('op')]
IE_TRACE:             New var:....... op = <built-in function gt>
IE_TRACE:             14:50:14.216112 line      2545         actual_value = dct.get(m.group('key'))
IE_TRACE:             New var:....... actual_value = 0
IE_TRACE:             14:50:14.216144 line      2546         if (m.group('quotedstrval') is not None or
IE_TRACE:             14:50:14.216178 line      2547             m.group('strval') is not None or
IE_TRACE:             14:50:14.216206 line      2552             actual_value is not None and m.group('intval') is not None and
IE_TRACE:             14:50:14.216235 line      2553                 isinstance(actual_value, compat_str)):
IE_TRACE:             14:50:14.216264 line      2562             try:
IE_TRACE:             14:50:14.216292 line      2563                 comparison_value = int(m.group('intval'))
IE_TRACE:             New var:....... comparison_value = 0
IE_TRACE:             14:50:14.216322 line      2572         if actual_value is None:
IE_TRACE:             14:50:14.216356 line      2574         return op(actual_value, comparison_value)
IE_TRACE:             14:50:14.216387 return    2574         return op(actual_value, comparison_value)
IE_TRACE:             Return value:.. False
IE_TRACE:         New var:....... filter_part = 'x>0'
IE_TRACE:         14:50:14.216421 return    2597         _match_one(filter_part, dct) for filter_part in filter_str.split('&'))
IE_TRACE:         Return value:.. False
IE_TRACE:     14:50:14.216450 return    2596     return all(
IE_TRACE:     Return value:.. False
IE_TRACE: Source path:... /path/to/BugsInPy/workspace/youtube-dl/test/test_utils.py
IE_TRACE: 14:50:14.216549 line      1056         self.assertFalse(match_str('x>0', {}))
IE_TRACE:     Source path:... /path/to/BugsInPy/workspace/youtube-dl/youtube_dl/utils.py
IE_TRACE:     Starting var:.. filter_str = 'x>0'
IE_TRACE:     Starting var:.. dct = {}
IE_TRACE:     14:50:14.216573 call      2593 def match_str(filter_str, dct):
IE_TRACE:     14:50:14.216602 line      2596     return all(
IE_TRACE:     14:50:14.216618 line      2597         _match_one(filter_part, dct) for filter_part in filter_str.split('&'))
IE_TRACE:     14:50:14.216634 line      2596     return all(
IE_TRACE:         Starting var:.. .0 = <list_iterator object at 0x7f7f358f51e0>
IE_TRACE:         Starting var:.. dct = {}
IE_TRACE:         14:50:14.216650 call      2596     return all(
IE_TRACE:         14:50:14.216676 line      2596     return all(
IE_TRACE:         14:50:14.216693 line      2597         _match_one(filter_part, dct) for filter_part in filter_str.split('&'))
IE_TRACE:             Starting var:.. filter_part = 'x>0'
IE_TRACE:             Starting var:.. dct = {}
IE_TRACE:             14:50:14.216711 call      2523 def _match_one(filter_part, dct):
IE_TRACE:             14:50:14.216739 line      2525         '<': operator.lt,
IE_TRACE:             14:50:14.216758 line      2526         '<=': operator.le,
IE_TRACE:             14:50:14.216777 line      2527         '>': operator.gt,
IE_TRACE:             14:50:14.216795 line      2528         '>=': operator.ge,
IE_TRACE:             14:50:14.216814 line      2529         '=': operator.eq,
IE_TRACE:             14:50:14.216833 line      2530         '!=': operator.ne,
IE_TRACE:             14:50:14.216851 line      2524     COMPARISON_OPERATORS = {
IE_TRACE:             New var:....... COMPARISON_OPERATORS = {'<': <built-in function lt>, '<=': <built-in function le>, '>': <built-in function gt>, '>=': <built-in function ge>, '=': <built-in function eq>, '!=': <built-in function ne>}
IE_TRACE:             14:50:14.216870 line      2532     operator_rex = re.compile(r'''(?x)\s*
IE_TRACE:             14:50:14.216895 line      2541         ''' % '|'.join(map(re.escape, COMPARISON_OPERATORS.keys())))
IE_TRACE:             Source path:... /path/to/BugsInPy/workspace/youtube-dl/youtube_dl/utils.py
IE_TRACE:             14:50:14.217371 line      2532     operator_rex = re.compile(r'''(?x)\s*
IE_TRACE:             Source path:... /path/to/BugsInPy/workspace/youtube-dl/youtube_dl/utils.py
IE_TRACE:             New var:....... operator_rex = re.compile('(?x)\\s*\n        (?P<key>[a-z_]+)\n        \\s*(?P<op><|<=|>|>=|=|!=)(?P<none_inclusive>\\s*\\?)?\\s*\n        (?:\n            (?P<intval>[0-9.]+(?:[kKmMgGtTpPeEzZyY]i?[Bb]?)?)|\n            (?P<qu, re.VERBOSE)
IE_TRACE:             14:50:14.217602 line      2542     m = operator_rex.search(filter_part)
IE_TRACE:             New var:....... m = <re.Match object; span=(0, 3), match='x>0'>
IE_TRACE:             14:50:14.217637 line      2543     if m:
IE_TRACE:             14:50:14.217669 line      2544         op = COMPARISON_OPERATORS[m.group('op')]
IE_TRACE:             New var:....... op = <built-in function gt>
IE_TRACE:             14:50:14.217695 line      2545         actual_value = dct.get(m.group('key'))
IE_TRACE:             New var:....... actual_value = None
IE_TRACE:             14:50:14.217727 line      2546         if (m.group('quotedstrval') is not None or
IE_TRACE:             14:50:14.217760 line      2547             m.group('strval') is not None or
IE_TRACE:             14:50:14.217789 line      2552             actual_value is not None and m.group('intval') is not None and
IE_TRACE:             14:50:14.217817 line      2562             try:
IE_TRACE:             14:50:14.217845 line      2563                 comparison_value = int(m.group('intval'))
IE_TRACE:             New var:....... comparison_value = 0
IE_TRACE:             14:50:14.217874 line      2572         if actual_value is None:
IE_TRACE:             14:50:14.217908 line      2573             return m.group('none_inclusive')
IE_TRACE:             14:50:14.217938 return    2573             return m.group('none_inclusive')
IE_TRACE:             Return value:.. None
IE_TRACE:         New var:....... filter_part = 'x>0'
IE_TRACE:         14:50:14.217972 return    2597         _match_one(filter_part, dct) for filter_part in filter_str.split('&'))
IE_TRACE:         Return value:.. None
IE_TRACE:     14:50:14.218001 return    2596     return all(
IE_TRACE:     Return value:.. False
IE_TRACE: Source path:... /path/to/BugsInPy/workspace/youtube-dl/test/test_utils.py
IE_TRACE: 14:50:14.218100 line      1057         self.assertTrue(match_str('x>?0', {}))
IE_TRACE:     Source path:... /path/to/BugsInPy/workspace/youtube-dl/youtube_dl/utils.py
IE_TRACE:     Starting var:.. filter_str = 'x>?0'
IE_TRACE:     Starting var:.. dct = {}
IE_TRACE:     14:50:14.218121 call      2593 def match_str(filter_str, dct):
IE_TRACE:     14:50:14.218150 line      2596     return all(
IE_TRACE:     14:50:14.218166 line      2597         _match_one(filter_part, dct) for filter_part in filter_str.split('&'))
IE_TRACE:     14:50:14.218182 line      2596     return all(
IE_TRACE:         Starting var:.. .0 = <list_iterator object at 0x7f7f357f51e0>
IE_TRACE:         Starting var:.. dct = {}
IE_TRACE:         14:50:14.218198 call      2596     return all(
IE_TRACE:         14:50:14.218224 line      2596     return all(
IE_TRACE:         14:50:14.218240 line      2597         _match_one(filter_part, dct) for filter_part in filter_str.split('&'))
IE_TRACE:             Starting var:.. filter_part = 'x>?0'
IE_TRACE:             Starting var:.. dct = {}
IE_TRACE:             14:50:14.218258 call      2523 def _match_one(filter_part, dct):
IE_TRACE:             14:50:14.218285 line      2525         '<': operator.lt,
IE_TRACE:             14:50:14.218304 line      2526         '<=': operator.le,
IE_TRACE:             14:50:14.218323 line      2527         '>': operator.gt,
IE_TRACE:             14:50:14.218342 line      2528         '>=': operator.ge,
IE_TRACE:             14:50:14.218360 line      2529         '=': operator.eq,
IE_TRACE:             14:50:14.218379 line      2530         '!=': operator.ne,
IE_TRACE:             14:50:14.218397 line      2524     COMPARISON_OPERATORS = {
IE_TRACE:             New var:....... COMPARISON_OPERATORS = {'<': <built-in function lt>, '<=': <built-in function le>, '>': <built-in function gt>, '>=': <built-in function ge>, '=': <built-in function eq>, '!=': <built-in function ne>}
IE_TRACE:             14:50:14.218416 line      2532     operator_rex = re.compile(r'''(?x)\s*
IE_TRACE:             14:50:14.218442 line      2541         ''' % '|'.join(map(re.escape, COMPARISON_OPERATORS.keys())))
IE_TRACE:             Source path:... /path/to/BugsInPy/workspace/youtube-dl/youtube_dl/utils.py
IE_TRACE:             14:50:14.218920 line      2532     operator_rex = re.compile(r'''(?x)\s*
IE_TRACE:             Source path:... /path/to/BugsInPy/workspace/youtube-dl/youtube_dl/utils.py
IE_TRACE:             New var:....... operator_rex = re.compile('(?x)\\s*\n        (?P<key>[a-z_]+)\n        \\s*(?P<op><|<=|>|>=|=|!=)(?P<none_inclusive>\\s*\\?)?\\s*\n        (?:\n            (?P<intval>[0-9.]+(?:[kKmMgGtTpPeEzZyY]i?[Bb]?)?)|\n            (?P<qu, re.VERBOSE)
IE_TRACE:             14:50:14.219147 line      2542     m = operator_rex.search(filter_part)
IE_TRACE:             New var:....... m = <re.Match object; span=(0, 4), match='x>?0'>
IE_TRACE:             14:50:14.219182 line      2543     if m:
IE_TRACE:             14:50:14.219213 line      2544         op = COMPARISON_OPERATORS[m.group('op')]
IE_TRACE:             New var:....... op = <built-in function gt>
IE_TRACE:             14:50:14.219240 line      2545         actual_value = dct.get(m.group('key'))
IE_TRACE:             New var:....... actual_value = None
IE_TRACE:             14:50:14.219272 line      2546         if (m.group('quotedstrval') is not None or
IE_TRACE:             14:50:14.219305 line      2547             m.group('strval') is not None or
IE_TRACE:             14:50:14.219333 line      2552             actual_value is not None and m.group('intval') is not None and
IE_TRACE:             14:50:14.219361 line      2562             try:
IE_TRACE:             14:50:14.219388 line      2563                 comparison_value = int(m.group('intval'))
IE_TRACE:             New var:....... comparison_value = 0
IE_TRACE:             14:50:14.219416 line      2572         if actual_value is None:
IE_TRACE:             14:50:14.219450 line      2573             return m.group('none_inclusive')
IE_TRACE:             14:50:14.219479 return    2573             return m.group('none_inclusive')
IE_TRACE:             Return value:.. '?'
IE_TRACE:         New var:....... filter_part = 'x>?0'
IE_TRACE:         14:50:14.219513 return    2597         _match_one(filter_part, dct) for filter_part in filter_str.split('&'))
IE_TRACE:         Return value:.. '?'
IE_TRACE:         Starting var:.. .0 = <list_iterator object at 0x7f7f357f51e0>
IE_TRACE:         Starting var:.. filter_part = 'x>?0'
IE_TRACE:         Starting var:.. dct = {}
IE_TRACE:         14:50:14.219541 call      2597         _match_one(filter_part, dct) for filter_part in filter_str.split('&'))
IE_TRACE:         14:50:14.219574 line      2596     return all(
IE_TRACE:         14:50:14.219592 return    2596     return all(
IE_TRACE:         Return value:.. None
IE_TRACE:     14:50:14.219615 return    2596     return all(
IE_TRACE:     Return value:.. True
IE_TRACE: Source path:... /path/to/BugsInPy/workspace/youtube-dl/test/test_utils.py
IE_TRACE: 14:50:14.219713 line      1058         self.assertTrue(match_str('x>1K', {'x': 1200}))
IE_TRACE:     Source path:... /path/to/BugsInPy/workspace/youtube-dl/youtube_dl/utils.py
IE_TRACE:     Starting var:.. filter_str = 'x>1K'
IE_TRACE:     Starting var:.. dct = {'x': 1200}
IE_TRACE:     14:50:14.219733 call      2593 def match_str(filter_str, dct):
IE_TRACE:     14:50:14.219762 line      2596     return all(
IE_TRACE:     14:50:14.219778 line      2597         _match_one(filter_part, dct) for filter_part in filter_str.split('&'))
IE_TRACE:     14:50:14.219793 line      2596     return all(
IE_TRACE:         Starting var:.. .0 = <list_iterator object at 0x7f7f358f5180>
IE_TRACE:         Starting var:.. dct = {'x': 1200}
IE_TRACE:         14:50:14.219809 call      2596     return all(
IE_TRACE:         14:50:14.219834 line      2596     return all(
IE_TRACE:         14:50:14.219851 line      2597         _match_one(filter_part, dct) for filter_part in filter_str.split('&'))
IE_TRACE:             Starting var:.. filter_part = 'x>1K'
IE_TRACE:             Starting var:.. dct = {'x': 1200}
IE_TRACE:             14:50:14.219870 call      2523 def _match_one(filter_part, dct):
IE_TRACE:             14:50:14.219898 line      2525         '<': operator.lt,
IE_TRACE:             14:50:14.219918 line      2526         '<=': operator.le,
IE_TRACE:             14:50:14.219937 line      2527         '>': operator.gt,
IE_TRACE:             14:50:14.219956 line      2528         '>=': operator.ge,
IE_TRACE:             14:50:14.219975 line      2529         '=': operator.eq,
IE_TRACE:             14:50:14.219994 line      2530         '!=': operator.ne,
IE_TRACE:             14:50:14.220013 line      2524     COMPARISON_OPERATORS = {
IE_TRACE:             New var:....... COMPARISON_OPERATORS = {'<': <built-in function lt>, '<=': <built-in function le>, '>': <built-in function gt>, '>=': <built-in function ge>, '=': <built-in function eq>, '!=': <built-in function ne>}
IE_TRACE:             14:50:14.220032 line      2532     operator_rex = re.compile(r'''(?x)\s*
IE_TRACE:             14:50:14.220058 line      2541         ''' % '|'.join(map(re.escape, COMPARISON_OPERATORS.keys())))
IE_TRACE:             Source path:... /path/to/BugsInPy/workspace/youtube-dl/youtube_dl/utils.py
IE_TRACE:             14:50:14.220532 line      2532     operator_rex = re.compile(r'''(?x)\s*
IE_TRACE:             Source path:... /path/to/BugsInPy/workspace/youtube-dl/youtube_dl/utils.py
IE_TRACE:             New var:....... operator_rex = re.compile('(?x)\\s*\n        (?P<key>[a-z_]+)\n        \\s*(?P<op><|<=|>|>=|=|!=)(?P<none_inclusive>\\s*\\?)?\\s*\n        (?:\n            (?P<intval>[0-9.]+(?:[kKmMgGtTpPeEzZyY]i?[Bb]?)?)|\n            (?P<qu, re.VERBOSE)
IE_TRACE:             14:50:14.220764 line      2542     m = operator_rex.search(filter_part)
IE_TRACE:             New var:....... m = <re.Match object; span=(0, 4), match='x>1K'>
IE_TRACE:             14:50:14.220801 line      2543     if m:
IE_TRACE:             14:50:14.220834 line      2544         op = COMPARISON_OPERATORS[m.group('op')]
IE_TRACE:             New var:....... op = <built-in function gt>
IE_TRACE:             14:50:14.220861 line      2545         actual_value = dct.get(m.group('key'))
IE_TRACE:             New var:....... actual_value = 1200
IE_TRACE:             14:50:14.220893 line      2546         if (m.group('quotedstrval') is not None or
IE_TRACE:             14:50:14.220926 line      2547             m.group('strval') is not None or
IE_TRACE:             14:50:14.220955 line      2552             actual_value is not None and m.group('intval') is not None and
IE_TRACE:             14:50:14.220984 line      2553                 isinstance(actual_value, compat_str)):
IE_TRACE:             14:50:14.221012 line      2562             try:
IE_TRACE:             14:50:14.221040 line      2563                 comparison_value = int(m.group('intval'))
IE_TRACE:             14:50:14.221072 exception 2563                 comparison_value = int(m.group('intval'))
IE_TRACE:             Exception:..... ValueError: invalid literal for int() with base 10: '1K'
IE_TRACE:             14:50:14.221129 line      2564             except ValueError:
IE_TRACE:             14:50:14.221163 line      2565                 comparison_value = parse_filesize(m.group('intval'))
IE_TRACE:                 Starting var:.. s = '1K'
IE_TRACE:                 14:50:14.221207 call      1605 def parse_filesize(s):
IE_TRACE:                 14:50:14.221234 line      1606     if s is None:
IE_TRACE:                 14:50:14.221253 line      1611     _UNIT_TABLE = {
IE_TRACE:                 14:50:14.221272 line      1612         'B': 1,
IE_TRACE:                 14:50:14.221291 line      1611     _UNIT_TABLE = {
IE_TRACE:                 14:50:14.221309 line      1613         'b': 1,
IE_TRACE:                 14:50:14.221327 line      1611     _UNIT_TABLE = {
IE_TRACE:                 14:50:14.221345 line      1614         'bytes': 1,
IE_TRACE:                 14:50:14.221363 line      1611     _UNIT_TABLE = {
IE_TRACE:                 14:50:14.221381 line      1615         'KiB': 1024,
IE_TRACE:                 14:50:14.221399 line      1611     _UNIT_TABLE = {
IE_TRACE:                 14:50:14.221417 line      1616         'KB': 1000,
IE_TRACE:                 14:50:14.221434 line      1611     _UNIT_TABLE = {
IE_TRACE:                 14:50:14.221452 line      1617         'kB': 1024,
IE_TRACE:                 14:50:14.221470 line      1611     _UNIT_TABLE = {
IE_TRACE:                 14:50:14.221487 line      1618         'Kb': 1000,
IE_TRACE:                 14:50:14.221505 line      1611     _UNIT_TABLE = {
IE_TRACE:                 14:50:14.221523 line      1619         'kb': 1000,
IE_TRACE:                 14:50:14.221540 line      1611     _UNIT_TABLE = {
IE_TRACE:                 14:50:14.221558 line      1620         'kilobytes': 1000,
IE_TRACE:                 14:50:14.221578 line      1611     _UNIT_TABLE = {
IE_TRACE:                 14:50:14.221595 line      1621         'kibibytes': 1024,
IE_TRACE:                 14:50:14.221613 line      1611     _UNIT_TABLE = {
IE_TRACE:                 14:50:14.221630 line      1622         'MiB': 1024 ** 2,
IE_TRACE:                 14:50:14.221648 line      1611     _UNIT_TABLE = {
IE_TRACE:                 14:50:14.221665 line      1623         'MB': 1000 ** 2,
IE_TRACE:                 14:50:14.221683 line      1611     _UNIT_TABLE = {
IE_TRACE:                 14:50:14.221701 line      1624         'mB': 1024 ** 2,
IE_TRACE:                 14:50:14.221718 line      1611     _UNIT_TABLE = {
IE_TRACE:                 14:50:14.221736 line      1625         'Mb': 1000 ** 2,
IE_TRACE:                 14:50:14.221753 line      1611     _UNIT_TABLE = {
IE_TRACE:                 14:50:14.221771 line      1626         'mb': 1000 ** 2,
IE_TRACE:                 14:50:14.221788 line      1611     _UNIT_TABLE = {
IE_TRACE:                 14:50:14.221806 line      1627         'megabytes': 1000 ** 2,
IE_TRACE:                 14:50:14.221823 line      1611     _UNIT_TABLE = {
IE_TRACE:                 14:50:14.221841 line      1628         'mebibytes': 1024 ** 2,
IE_TRACE:                 14:50:14.221858 line      1611     _UNIT_TABLE = {
IE_TRACE:                 14:50:14.221876 line      1629         'GiB': 1024 ** 3,
IE_TRACE:                 14:50:14.221893 line      1611     _UNIT_TABLE = {
IE_TRACE:                 14:50:14.221911 line      1630         'GB': 1000 ** 3,
IE_TRACE:                 14:50:14.221928 line      1611     _UNIT_TABLE = {
IE_TRACE:                 14:50:14.221946 line      1631         'gB': 1024 ** 3,
IE_TRACE:                 14:50:14.221963 line      1611     _UNIT_TABLE = {
IE_TRACE:                 14:50:14.221981 line      1632         'Gb': 1000 ** 3,
IE_TRACE:                 14:50:14.221998 line      1611     _UNIT_TABLE = {
IE_TRACE:                 14:50:14.222016 line      1633         'gb': 1000 ** 3,
IE_TRACE:                 14:50:14.222033 line      1611     _UNIT_TABLE = {
IE_TRACE:                 14:50:14.222051 line      1634         'gigabytes': 1000 ** 3,
IE_TRACE:                 14:50:14.222068 line      1611     _UNIT_TABLE = {
IE_TRACE:                 14:50:14.222086 line      1635         'gibibytes': 1024 ** 3,
IE_TRACE:                 14:50:14.222104 line      1611     _UNIT_TABLE = {
IE_TRACE:                 14:50:14.222121 line      1636         'TiB': 1024 ** 4,
IE_TRACE:                 14:50:14.222138 line      1611     _UNIT_TABLE = {
IE_TRACE:                 14:50:14.222156 line      1637         'TB': 1000 ** 4,
IE_TRACE:                 14:50:14.222174 line      1611     _UNIT_TABLE = {
IE_TRACE:                 14:50:14.222191 line      1638         'tB': 1024 ** 4,
IE_TRACE:                 14:50:14.222209 line      1611     _UNIT_TABLE = {
IE_TRACE:                 14:50:14.222226 line      1639         'Tb': 1000 ** 4,
IE_TRACE:                 14:50:14.222244 line      1611     _UNIT_TABLE = {
IE_TRACE:                 14:50:14.222261 line      1640         'tb': 1000 ** 4,
IE_TRACE:                 14:50:14.222279 line      1611     _UNIT_TABLE = {
IE_TRACE:                 14:50:14.222296 line      1641         'terabytes': 1000 ** 4,
IE_TRACE:                 14:50:14.222314 line      1611     _UNIT_TABLE = {
IE_TRACE:                 14:50:14.222331 line      1642         'tebibytes': 1024 ** 4,
IE_TRACE:                 14:50:14.222349 line      1611     _UNIT_TABLE = {
IE_TRACE:                 14:50:14.222366 line      1643         'PiB': 1024 ** 5,
IE_TRACE:                 14:50:14.222384 line      1611     _UNIT_TABLE = {
IE_TRACE:                 14:50:14.222401 line      1644         'PB': 1000 ** 5,
IE_TRACE:                 14:50:14.222419 line      1611     _UNIT_TABLE = {
IE_TRACE:                 14:50:14.222436 line      1645         'pB': 1024 ** 5,
IE_TRACE:                 14:50:14.222454 line      1611     _UNIT_TABLE = {
IE_TRACE:                 14:50:14.222473 line      1646         'Pb': 1000 ** 5,
IE_TRACE:                 14:50:14.222490 line      1611     _UNIT_TABLE = {
IE_TRACE:                 14:50:14.222508 line      1647         'pb': 1000 ** 5,
IE_TRACE:                 14:50:14.222525 line      1611     _UNIT_TABLE = {
IE_TRACE:                 14:50:14.222543 line      1648         'petabytes': 1000 ** 5,
IE_TRACE:                 14:50:14.222560 line      1611     _UNIT_TABLE = {
IE_TRACE:                 14:50:14.222580 line      1649         'pebibytes': 1024 ** 5,
IE_TRACE:                 14:50:14.222598 line      1611     _UNIT_TABLE = {
IE_TRACE:                 14:50:14.222615 line      1650         'EiB': 1024 ** 6,
IE_TRACE:                 14:50:14.222633 line      1611     _UNIT_TABLE = {
IE_TRACE:                 14:50:14.222651 line      1651         'EB': 1000 ** 6,
IE_TRACE:                 14:50:14.222668 line      1611     _UNIT_TABLE = {
IE_TRACE:                 14:50:14.222686 line      1652         'eB': 1024 ** 6,
IE_TRACE:                 14:50:14.222703 line      1611     _UNIT_TABLE = {
IE_TRACE:                 14:50:14.222721 line      1653         'Eb': 1000 ** 6,
IE_TRACE:                 14:50:14.222738 line      1611     _UNIT_TABLE = {
IE_TRACE:                 14:50:14.222756 line      1654         'eb': 1000 ** 6,
IE_TRACE:                 14:50:14.222773 line      1611     _UNIT_TABLE = {
IE_TRACE:                 14:50:14.222791 line      1655         'exabytes': 1000 ** 6,
IE_TRACE:                 14:50:14.222809 line      1611     _UNIT_TABLE = {
IE_TRACE:                 14:50:14.222826 line      1656         'exbibytes': 1024 ** 6,
IE_TRACE:                 14:50:14.222844 line      1611     _UNIT_TABLE = {
IE_TRACE:                 14:50:14.222861 line      1657         'ZiB': 1024 ** 7,
IE_TRACE:                 14:50:14.222879 line      1611     _UNIT_TABLE = {
IE_TRACE:                 14:50:14.222896 line      1658         'ZB': 1000 ** 7,
IE_TRACE:                 14:50:14.222914 line      1611     _UNIT_TABLE = {
IE_TRACE:                 14:50:14.222931 line      1659         'zB': 1024 ** 7,
IE_TRACE:                 14:50:14.222949 line      1611     _UNIT_TABLE = {
IE_TRACE:                 14:50:14.222967 line      1660         'Zb': 1000 ** 7,
IE_TRACE:                 14:50:14.222984 line      1611     _UNIT_TABLE = {
IE_TRACE:                 14:50:14.223002 line      1661         'zb': 1000 ** 7,
IE_TRACE:                 14:50:14.223019 line      1611     _UNIT_TABLE = {
IE_TRACE:                 14:50:14.223037 line      1662         'zettabytes': 1000 ** 7,
IE_TRACE:                 14:50:14.223054 line      1611     _UNIT_TABLE = {
IE_TRACE:                 14:50:14.223073 line      1663         'zebibytes': 1024 ** 7,
IE_TRACE:                 14:50:14.223091 line      1664         'YiB': 1024 ** 8,
IE_TRACE:                 14:50:14.223109 line      1665         'YB': 1000 ** 8,
IE_TRACE:                 14:50:14.223126 line      1666         'yB': 1024 ** 8,
IE_TRACE:                 14:50:14.223144 line      1667         'Yb': 1000 ** 8,
IE_TRACE:                 14:50:14.223169 line      1668         'yb': 1000 ** 8,
IE_TRACE:                 14:50:14.223246 line      1669         'yottabytes': 1000 ** 8,
IE_TRACE:                 14:50:14.223278 line      1670         'yobibytes': 1024 ** 8,
IE_TRACE:                 14:50:14.223301 line      1611     _UNIT_TABLE = {
IE_TRACE:                 New var:....... _UNIT_TABLE = dict(len=59)
IE_TRACE:                 14:50:14.223324 line      1673     return lookup_unit_table(_UNIT_TABLE, s)
IE_TRACE:                     Starting var:.. unit_table = dict(len=59)
IE_TRACE:                     Starting var:.. s = '1K'
IE_TRACE:                     14:50:14.223364 call      1594 def lookup_unit_table(unit_table, s):
IE_TRACE:                     14:50:14.223403 line      1595     units_re = '|'.join(re.escape(u) for u in unit_table)
IE_TRACE:                         Starting var:.. .0 = <dict_keyiterator object at 0x7f7f35808d60>
IE_TRACE:                         14:50:14.223432 call      1595     units_re = '|'.join(re.escape(u) for u in unit_table)
IE_TRACE:                         14:50:14.223463 line      1595     units_re = '|'.join(re.escape(u) for u in unit_table)
IE_TRACE:                         Source path:... /path/to/BugsInPy/workspace/youtube-dl/youtube_dl/utils.py
IE_TRACE:                         New var:....... u = 'B'
IE_TRACE:                         14:50:14.223602 return    1595     units_re = '|'.join(re.escape(u) for u in unit_table)
IE_TRACE:                         Return value:.. 'B'
IE_TRACE:                         Starting var:.. .0 = <dict_keyiterator object at 0x7f7f35808d60>
IE_TRACE:                         Starting var:.. u = 'B'
IE_TRACE:                         14:50:14.223643 call      1595     units_re = '|'.join(re.escape(u) for u in unit_table)
IE_TRACE:     [CONDENSED] 28 identical loop iterations skipped (30 total iterations, showing first and last)
IE_TRACE:                         14:50:14.233276 line      1595     units_re = '|'.join(re.escape(u) for u in unit_table)
IE_TRACE:                         Source path:... /path/to/BugsInPy/workspace/youtube-dl/youtube_dl/utils.py
IE_TRACE:                         Modified var:.. u = 'yottabytes'
IE_TRACE:                         14:50:14.233384 return    1595     units_re = '|'.join(re.escape(u) for u in unit_table)
IE_TRACE:                         Return value:.. 'yottabytes'
IE_TRACE:                         Starting var:.. .0 = <dict_keyiterator object at 0x7f7f35808d60>
IE_TRACE:                         Starting var:.. u = 'yottabytes'
IE_TRACE:                         14:50:14.233417 call      1595     units_re = '|'.join(re.escape(u) for u in unit_table)
IE_TRACE:                         14:50:14.233445 line      1595     units_re = '|'.join(re.escape(u) for u in unit_table)
IE_TRACE:                         Source path:... /path/to/BugsInPy/workspace/youtube-dl/youtube_dl/utils.py
IE_TRACE:                         Modified var:.. u = 'yobibytes'
IE_TRACE:                         14:50:14.233552 return    1595     units_re = '|'.join(re.escape(u) for u in unit_table)
IE_TRACE:                         Return value:.. 'yobibytes'
IE_TRACE:                         Starting var:.. .0 = <dict_keyiterator object at 0x7f7f35808d60>
IE_TRACE:                         Starting var:.. u = 'yobibytes'
IE_TRACE:                         14:50:14.233589 call      1595     units_re = '|'.join(re.escape(u) for u in unit_table)
IE_TRACE:                         14:50:14.233617 line      1595     units_re = '|'.join(re.escape(u) for u in unit_table)
IE_TRACE:                         14:50:14.233637 return    1595     units_re = '|'.join(re.escape(u) for u in unit_table)
IE_TRACE:                         Return value:.. None
IE_TRACE:                     New var:....... units_re = 'B|b|bytes|KiB|KB|kB|Kb|kb|kilobytes|kibibytes|MiB|MB|mB|Mb|mb|megabytes|mebibytes|GiB|GB|gB|Gb|gb|gigabytes|gibibytes|TiB|TB|tB|Tb|tb|terabytes|tebibytes|PiB|PB|pB|Pb|pb|petabytes|pebibytes|EiB|EB|eB|Eb|eb|exabytes|exbibytes|ZiB|ZB|zB|Zb|zb|zettabytes|zebibytes|YiB|YB|yB|Yb|yb|yottabytes|yobibytes'
IE_TRACE:                     14:50:14.233665 line      1596     m = re.match(
IE_TRACE:                     14:50:14.233700 line      1597         r'(?P<num>[0-9]+(?:[,.][0-9]*)?)\s*(?P<unit>%s)\b' % units_re, s)
IE_TRACE:                     14:50:14.233727 line      1596     m = re.match(
IE_TRACE:                     Source path:... /path/to/BugsInPy/workspace/youtube-dl/youtube_dl/utils.py
IE_TRACE:                     New var:....... m = None
IE_TRACE:                     14:50:14.297773 line      1598     if not m:
IE_TRACE:                     14:50:14.297811 line      1599         return None
IE_TRACE:                     14:50:14.297836 return    1599         return None
IE_TRACE:                     Return value:.. None
IE_TRACE:                 14:50:14.297867 return    1673     return lookup_unit_table(_UNIT_TABLE, s)
IE_TRACE:                 Return value:.. None
IE_TRACE:             New var:....... comparison_value = None
IE_TRACE:             14:50:14.297893 line      2566                 if comparison_value is None:
IE_TRACE:             14:50:14.297936 line      2567                     comparison_value = parse_filesize(m.group('intval') + 'B')
IE_TRACE:                 Starting var:.. s = '1KB'
IE_TRACE:                 14:50:14.297974 call      1605 def parse_filesize(s):
IE_TRACE:                 14:50:14.297998 line      1606     if s is None:
IE_TRACE:                 14:50:14.298017 line      1611     _UNIT_TABLE = {
IE_TRACE:                 14:50:14.298035 line      1612         'B': 1,
IE_TRACE:                 14:50:14.298053 line      1611     _UNIT_TABLE = {
IE_TRACE:                 14:50:14.298071 line      1613         'b': 1,
IE_TRACE:                 14:50:14.298088 line      1611     _UNIT_TABLE = {
IE_TRACE:                 14:50:14.298106 line      1614         'bytes': 1,
IE_TRACE:                 14:50:14.298124 line      1611     _UNIT_TABLE = {
IE_TRACE:                 14:50:14.298141 line      1615         'KiB': 1024,
IE_TRACE:                 14:50:14.298159 line      1611     _UNIT_TABLE = {
IE_TRACE:                 14:50:14.298176 line      1616         'KB': 1000,
IE_TRACE:                 14:50:14.298194 line      1611     _UNIT_TABLE = {
IE_TRACE:                 14:50:14.298211 line      1617         'kB': 1024,
IE_TRACE:                 14:50:14.298229 line      1611     _UNIT_TABLE = {
IE_TRACE:                 14:50:14.298246 line      1618         'Kb': 1000,
IE_TRACE:                 14:50:14.298263 line      1611     _UNIT_TABLE = {
IE_TRACE:                 14:50:14.298281 line      1619         'kb': 1000,
IE_TRACE:                 14:50:14.298298 line      1611     _UNIT_TABLE = {
IE_TRACE:                 14:50:14.298316 line      1620         'kilobytes': 1000,
IE_TRACE:                 14:50:14.298333 line      1611     _UNIT_TABLE = {
IE_TRACE:                 14:50:14.298350 line      1621         'kibibytes': 1024,
IE_TRACE:                 14:50:14.298368 line      1611     _UNIT_TABLE = {
IE_TRACE:                 14:50:14.298385 line      1622         'MiB': 1024 ** 2,
IE_TRACE:                 14:50:14.298402 line      1611     _UNIT_TABLE = {
IE_TRACE:                 14:50:14.298420 line      1623         'MB': 1000 ** 2,
IE_TRACE:                 14:50:14.298437 line      1611     _UNIT_TABLE = {
IE_TRACE:                 14:50:14.298455 line      1624         'mB': 1024 ** 2,
IE_TRACE:                 14:50:14.298472 line      1611     _UNIT_TABLE = {
IE_TRACE:                 14:50:14.298489 line      1625         'Mb': 1000 ** 2,
IE_TRACE:                 14:50:14.298507 line      1611     _UNIT_TABLE = {
IE_TRACE:                 14:50:14.298524 line      1626         'mb': 1000 ** 2,
IE_TRACE:                 14:50:14.298541 line      1611     _UNIT_TABLE = {
IE_TRACE:                 14:50:14.298559 line      1627         'megabytes': 1000 ** 2,
IE_TRACE:                 14:50:14.298579 line      1611     _UNIT_TABLE = {
IE_TRACE:                 14:50:14.298596 line      1628         'mebibytes': 1024 ** 2,
IE_TRACE:                 14:50:14.298614 line      1611     _UNIT_TABLE = {
IE_TRACE:                 14:50:14.298631 line      1629         'GiB': 1024 ** 3,
IE_TRACE:                 14:50:14.298648 line      1611     _UNIT_TABLE = {
IE_TRACE:                 14:50:14.298665 line      1630         'GB': 1000 ** 3,
IE_TRACE:                 14:50:14.298683 line      1611     _UNIT_TABLE = {
IE_TRACE:                 14:50:14.298700 line      1631         'gB': 1024 ** 3,
IE_TRACE:                 14:50:14.298717 line      1611     _UNIT_TABLE = {
IE_TRACE:                 14:50:14.298735 line      1632         'Gb': 1000 ** 3,
IE_TRACE:                 14:50:14.298752 line      1611     _UNIT_TABLE = {
IE_TRACE:                 14:50:14.298769 line      1633         'gb': 1000 ** 3,
IE_TRACE:                 14:50:14.298786 line      1611     _UNIT_TABLE = {
IE_TRACE:                 14:50:14.298803 line      1634         'gigabytes': 1000 ** 3,
IE_TRACE:                 14:50:14.298821 line      1611     _UNIT_TABLE = {
IE_TRACE:                 14:50:14.298838 line      1635         'gibibytes': 1024 ** 3,
IE_TRACE:                 14:50:14.298855 line      1611     _UNIT_TABLE = {
IE_TRACE:                 14:50:14.298873 line      1636         'TiB': 1024 ** 4,
IE_TRACE:                 14:50:14.298890 line      1611     _UNIT_TABLE = {
IE_TRACE:                 14:50:14.298907 line      1637         'TB': 1000 ** 4,
IE_TRACE:                 14:50:14.298924 line      1611     _UNIT_TABLE = {
IE_TRACE:                 14:50:14.298941 line      1638         'tB': 1024 ** 4,
IE_TRACE:                 14:50:14.298959 line      1611     _UNIT_TABLE = {
IE_TRACE:                 14:50:14.298976 line      1639         'Tb': 1000 ** 4,
IE_TRACE:                 14:50:14.298993 line      1611     _UNIT_TABLE = {
IE_TRACE:                 14:50:14.299011 line      1640         'tb': 1000 ** 4,
IE_TRACE:                 14:50:14.299028 line      1611     _UNIT_TABLE = {
IE_TRACE:                 14:50:14.299045 line      1641         'terabytes': 1000 ** 4,
IE_TRACE:                 14:50:14.299063 line      1611     _UNIT_TABLE = {
IE_TRACE:                 14:50:14.299080 line      1642         'tebibytes': 1024 ** 4,
IE_TRACE:                 14:50:14.299097 line      1611     _UNIT_TABLE = {
IE_TRACE:                 14:50:14.299114 line      1643         'PiB': 1024 ** 5,
IE_TRACE:                 14:50:14.299132 line      1611     _UNIT_TABLE = {
IE_TRACE:                 14:50:14.299149 line      1644         'PB': 1000 ** 5,
IE_TRACE:                 14:50:14.299166 line      1611     _UNIT_TABLE = {
IE_TRACE:                 14:50:14.299183 line      1645         'pB': 1024 ** 5,
IE_TRACE:                 14:50:14.299200 line      1611     _UNIT_TABLE = {
IE_TRACE:                 14:50:14.299219 line      1646         'Pb': 1000 ** 5,
IE_TRACE:                 14:50:14.299236 line      1611     _UNIT_TABLE = {
IE_TRACE:                 14:50:14.299253 line      1647         'pb': 1000 ** 5,
IE_TRACE:                 14:50:14.299271 line      1611     _UNIT_TABLE = {
IE_TRACE:                 14:50:14.299288 line      1648         'petabytes': 1000 ** 5,
IE_TRACE:                 14:50:14.299305 line      1611     _UNIT_TABLE = {
IE_TRACE:                 14:50:14.299323 line      1649         'pebibytes': 1024 ** 5,
IE_TRACE:                 14:50:14.299340 line      1611     _UNIT_TABLE = {
IE_TRACE:                 14:50:14.299357 line      1650         'EiB': 1024 ** 6,
IE_TRACE:                 14:50:14.299374 line      1611     _UNIT_TABLE = {
IE_TRACE:                 14:50:14.299392 line      1651         'EB': 1000 ** 6,
IE_TRACE:                 14:50:14.299409 line      1611     _UNIT_TABLE = {
IE_TRACE:                 14:50:14.299426 line      1652         'eB': 1024 ** 6,
IE_TRACE:                 14:50:14.299443 line      1611     _UNIT_TABLE = {
IE_TRACE:                 14:50:14.299461 line      1653         'Eb': 1000 ** 6,
IE_TRACE:                 14:50:14.299478 line      1611     _UNIT_TABLE = {
IE_TRACE:                 14:50:14.299495 line      1654         'eb': 1000 ** 6,
IE_TRACE:                 14:50:14.299512 line      1611     _UNIT_TABLE = {
IE_TRACE:                 14:50:14.299530 line      1655         'exabytes': 1000 ** 6,
IE_TRACE:                 14:50:14.299547 line      1611     _UNIT_TABLE = {
IE_TRACE:                 14:50:14.299564 line      1656         'exbibytes': 1024 ** 6,
IE_TRACE:                 14:50:14.299584 line      1611     _UNIT_TABLE = {
IE_TRACE:                 14:50:14.299602 line      1657         'ZiB': 1024 ** 7,
IE_TRACE:                 14:50:14.299619 line      1611     _UNIT_TABLE = {
IE_TRACE:                 14:50:14.299636 line      1658         'ZB': 1000 ** 7,
IE_TRACE:                 14:50:14.299653 line      1611     _UNIT_TABLE = {
IE_TRACE:                 14:50:14.299671 line      1659         'zB': 1024 ** 7,
IE_TRACE:                 14:50:14.299688 line      1611     _UNIT_TABLE = {
IE_TRACE:                 14:50:14.299705 line      1660         'Zb': 1000 ** 7,
IE_TRACE:                 14:50:14.299722 line      1611     _UNIT_TABLE = {
IE_TRACE:                 14:50:14.299740 line      1661         'zb': 1000 ** 7,
IE_TRACE:                 14:50:14.299757 line      1611     _UNIT_TABLE = {
IE_TRACE:                 14:50:14.299774 line      1662         'zettabytes': 1000 ** 7,
IE_TRACE:                 14:50:14.299792 line      1611     _UNIT_TABLE = {
IE_TRACE:                 14:50:14.299810 line      1663         'zebibytes': 1024 ** 7,
IE_TRACE:                 14:50:14.299827 line      1664         'YiB': 1024 ** 8,
IE_TRACE:                 14:50:14.299845 line      1665         'YB': 1000 ** 8,
IE_TRACE:                 14:50:14.299862 line      1666         'yB': 1024 ** 8,
IE_TRACE:                 14:50:14.299879 line      1667         'Yb': 1000 ** 8,
IE_TRACE:                 14:50:14.299897 line      1668         'yb': 1000 ** 8,
IE_TRACE:                 14:50:14.299914 line      1669         'yottabytes': 1000 ** 8,
IE_TRACE:                 14:50:14.299931 line      1670         'yobibytes': 1024 ** 8,
IE_TRACE:                 14:50:14.299948 line      1611     _UNIT_TABLE = {
IE_TRACE:                 New var:....... _UNIT_TABLE = dict(len=59)
IE_TRACE:                 14:50:14.299966 line      1673     return lookup_unit_table(_UNIT_TABLE, s)
IE_TRACE:                     Starting var:.. unit_table = dict(len=59)
IE_TRACE:                     Starting var:.. s = '1KB'
IE_TRACE:                     14:50:14.299992 call      1594 def lookup_unit_table(unit_table, s):
IE_TRACE:                     14:50:14.300022 line      1595     units_re = '|'.join(re.escape(u) for u in unit_table)
IE_TRACE:                         Starting var:.. .0 = <dict_keyiterator object at 0x7f7f3586b7e0>
IE_TRACE:                         14:50:14.300045 call      1595     units_re = '|'.join(re.escape(u) for u in unit_table)
IE_TRACE:                         14:50:14.300072 line      1595     units_re = '|'.join(re.escape(u) for u in unit_table)
IE_TRACE:                         Source path:... /path/to/BugsInPy/workspace/youtube-dl/youtube_dl/utils.py
IE_TRACE:                         New var:....... u = 'B'
IE_TRACE:                         14:50:14.300192 return    1595     units_re = '|'.join(re.escape(u) for u in unit_table)
IE_TRACE:                         Return value:.. 'B'
IE_TRACE:                         Starting var:.. .0 = <dict_keyiterator object at 0x7f7f3586b7e0>
IE_TRACE:                         Starting var:.. u = 'B'
IE_TRACE:                         14:50:14.300229 call      1595     units_re = '|'.join(re.escape(u) for u in unit_table)
IE_TRACE:     [CONDENSED] 28 identical loop iterations skipped (30 total iterations, showing first and last)
IE_TRACE:                         14:50:14.309883 line      1595     units_re = '|'.join(re.escape(u) for u in unit_table)
IE_TRACE:                         Source path:... /path/to/BugsInPy/workspace/youtube-dl/youtube_dl/utils.py
IE_TRACE:                         Modified var:.. u = 'yottabytes'
IE_TRACE:                         14:50:14.309990 return    1595     units_re = '|'.join(re.escape(u) for u in unit_table)
IE_TRACE:                         Return value:.. 'yottabytes'
IE_TRACE:                         Starting var:.. .0 = <dict_keyiterator object at 0x7f7f3586b7e0>
IE_TRACE:                         Starting var:.. u = 'yottabytes'
IE_TRACE:                         14:50:14.310024 call      1595     units_re = '|'.join(re.escape(u) for u in unit_table)
IE_TRACE:                         14:50:14.310051 line      1595     units_re = '|'.join(re.escape(u) for u in unit_table)
IE_TRACE:                         Source path:... /path/to/BugsInPy/workspace/youtube-dl/youtube_dl/utils.py
IE_TRACE:                         Modified var:.. u = 'yobibytes'
IE_TRACE:                         14:50:14.310159 return    1595     units_re = '|'.join(re.escape(u) for u in unit_table)
IE_TRACE:                         Return value:.. 'yobibytes'
IE_TRACE:                         Starting var:.. .0 = <dict_keyiterator object at 0x7f7f3586b7e0>
IE_TRACE:                         Starting var:.. u = 'yobibytes'
IE_TRACE:                         14:50:14.310193 call      1595     units_re = '|'.join(re.escape(u) for u in unit_table)
IE_TRACE:                         14:50:14.310221 line      1595     units_re = '|'.join(re.escape(u) for u in unit_table)
IE_TRACE:                         14:50:14.310241 return    1595     units_re = '|'.join(re.escape(u) for u in unit_table)
IE_TRACE:                         Return value:.. None
IE_TRACE:                     New var:....... units_re = 'B|b|bytes|KiB|KB|kB|Kb|kb|kilobytes|kibibytes|MiB|MB|mB|Mb|mb|megabytes|mebibytes|GiB|GB|gB|Gb|gb|gigabytes|gibibytes|TiB|TB|tB|Tb|tb|terabytes|tebibytes|PiB|PB|pB|Pb|pb|petabytes|pebibytes|EiB|EB|eB|Eb|eb|exabytes|exbibytes|ZiB|ZB|zB|Zb|zb|zettabytes|zebibytes|YiB|YB|yB|Yb|yb|yottabytes|yobibytes'
IE_TRACE:                     14:50:14.310269 line      1596     m = re.match(
IE_TRACE:                     14:50:14.310300 line      1597         r'(?P<num>[0-9]+(?:[,.][0-9]*)?)\s*(?P<unit>%s)\b' % units_re, s)
IE_TRACE:                     14:50:14.310325 line      1596     m = re.match(
IE_TRACE:                     Source path:... /path/to/BugsInPy/workspace/youtube-dl/youtube_dl/utils.py
IE_TRACE:                     New var:....... m = <re.Match object; span=(0, 3), match='1KB'>
IE_TRACE:                     14:50:14.310584 line      1598     if not m:
IE_TRACE:                     14:50:14.310619 line      1600     num_str = m.group('num').replace(',', '.')
IE_TRACE:                     New var:....... num_str = '1'
IE_TRACE:                     14:50:14.310644 line      1601     mult = unit_table[m.group('unit')]
IE_TRACE:                     New var:....... mult = 1000
IE_TRACE:                     14:50:14.310675 line      1602     return int(float(num_str) * mult)
IE_TRACE:                     14:50:14.310713 return    1602     return int(float(num_str) * mult)
IE_TRACE:                     Return value:.. 1000
IE_TRACE:                 14:50:14.310747 return    1673     return lookup_unit_table(_UNIT_TABLE, s)
IE_TRACE:                 Return value:.. 1000
IE_TRACE:             Modified var:.. comparison_value = 1000
IE_TRACE:             14:50:14.310772 line      2568                 if comparison_value is None:
IE_TRACE:             14:50:14.310811 line      2572         if actual_value is None:
IE_TRACE:             14:50:14.310843 line      2574         return op(actual_value, comparison_value)
IE_TRACE:             14:50:14.310873 return    2574         return op(actual_value, comparison_value)
IE_TRACE:             Return value:.. True
IE_TRACE:         New var:....... filter_part = 'x>1K'
IE_TRACE:         14:50:14.310911 return    2597         _match_one(filter_part, dct) for filter_part in filter_str.split('&'))
IE_TRACE:         Return value:.. True
IE_TRACE:         Starting var:.. .0 = <list_iterator object at 0x7f7f358f5180>
IE_TRACE:         Starting var:.. filter_part = 'x>1K'
IE_TRACE:         Starting var:.. dct = {'x': 1200}
IE_TRACE:         14:50:14.310944 call      2597         _match_one(filter_part, dct) for filter_part in filter_str.split('&'))
IE_TRACE:         14:50:14.310976 line      2596     return all(
IE_TRACE:         14:50:14.310994 return    2596     return all(
IE_TRACE:         Return value:.. None
IE_TRACE:     14:50:14.311020 return    2596     return all(
IE_TRACE:     Return value:.. True
IE_TRACE: Source path:... /path/to/BugsInPy/workspace/youtube-dl/test/test_utils.py
IE_TRACE: 14:50:14.311130 line      1059         self.assertFalse(match_str('x>2K', {'x': 1200}))
IE_TRACE:     Source path:... /path/to/BugsInPy/workspace/youtube-dl/youtube_dl/utils.py
IE_TRACE:     Starting var:.. filter_str = 'x>2K'
IE_TRACE:     Starting var:.. dct = {'x': 1200}
IE_TRACE:     14:50:14.311154 call      2593 def match_str(filter_str, dct):
IE_TRACE:     14:50:14.311185 line      2596     return all(
IE_TRACE:     14:50:14.311201 line      2597         _match_one(filter_part, dct) for filter_part in filter_str.split('&'))
IE_TRACE:     14:50:14.311217 line      2596     return all(
IE_TRACE:         Starting var:.. .0 = <list_iterator object at 0x7f7f358f5180>
IE_TRACE:         Starting var:.. dct = {'x': 1200}
IE_TRACE:         14:50:14.311234 call      2596     return all(
IE_TRACE:         14:50:14.311260 line      2596     return all(
IE_TRACE:         14:50:14.311278 line      2597         _match_one(filter_part, dct) for filter_part in filter_str.split('&'))
IE_TRACE:             Starting var:.. filter_part = 'x>2K'
IE_TRACE:             Starting var:.. dct = {'x': 1200}
IE_TRACE:             14:50:14.311297 call      2523 def _match_one(filter_part, dct):
IE_TRACE:             14:50:14.311325 line      2525         '<': operator.lt,
IE_TRACE:             14:50:14.311344 line      2526         '<=': operator.le,
IE_TRACE:             14:50:14.311364 line      2527         '>': operator.gt,
IE_TRACE:             14:50:14.311382 line      2528         '>=': operator.ge,
IE_TRACE:             14:50:14.311401 line      2529         '=': operator.eq,
IE_TRACE:             14:50:14.311420 line      2530         '!=': operator.ne,
IE_TRACE:             14:50:14.311438 line      2524     COMPARISON_OPERATORS = {
IE_TRACE:             New var:....... COMPARISON_OPERATORS = {'<': <built-in function lt>, '<=': <built-in function le>, '>': <built-in function gt>, '>=': <built-in function ge>, '=': <built-in function eq>, '!=': <built-in function ne>}
IE_TRACE:             14:50:14.311457 line      2532     operator_rex = re.compile(r'''(?x)\s*
IE_TRACE:             14:50:14.311484 line      2541         ''' % '|'.join(map(re.escape, COMPARISON_OPERATORS.keys())))
IE_TRACE:             Source path:... /path/to/BugsInPy/workspace/youtube-dl/youtube_dl/utils.py
IE_TRACE:             14:50:14.311970 line      2532     operator_rex = re.compile(r'''(?x)\s*
IE_TRACE:             Source path:... /path/to/BugsInPy/workspace/youtube-dl/youtube_dl/utils.py
IE_TRACE:             New var:....... operator_rex = re.compile('(?x)\\s*\n        (?P<key>[a-z_]+)\n        \\s*(?P<op><|<=|>|>=|=|!=)(?P<none_inclusive>\\s*\\?)?\\s*\n        (?:\n            (?P<intval>[0-9.]+(?:[kKmMgGtTpPeEzZyY]i?[Bb]?)?)|\n            (?P<qu, re.VERBOSE)
IE_TRACE:             14:50:14.312201 line      2542     m = operator_rex.search(filter_part)
IE_TRACE:             New var:....... m = <re.Match object; span=(0, 4), match='x>2K'>
IE_TRACE:             14:50:14.312239 line      2543     if m:
IE_TRACE:             14:50:14.312271 line      2544         op = COMPARISON_OPERATORS[m.group('op')]
IE_TRACE:             New var:....... op = <built-in function gt>
IE_TRACE:             14:50:14.312298 line      2545         actual_value = dct.get(m.group('key'))
IE_TRACE:             New var:....... actual_value = 1200
IE_TRACE:             14:50:14.312330 line      2546         if (m.group('quotedstrval') is not None or
IE_TRACE:             14:50:14.312363 line      2547             m.group('strval') is not None or
IE_TRACE:             14:50:14.312392 line      2552             actual_value is not None and m.group('intval') is not None and
IE_TRACE:             14:50:14.312421 line      2553                 isinstance(actual_value, compat_str)):
IE_TRACE:             14:50:14.312449 line      2562             try:
IE_TRACE:             14:50:14.312477 line      2563                 comparison_value = int(m.group('intval'))
IE_TRACE:             14:50:14.312508 exception 2563                 comparison_value = int(m.group('intval'))
IE_TRACE:             Exception:..... ValueError: invalid literal for int() with base 10: '2K'
IE_TRACE:             14:50:14.312569 line      2564             except ValueError:
IE_TRACE:             14:50:14.312602 line      2565                 comparison_value = parse_filesize(m.group('intval'))
IE_TRACE:                 Starting var:.. s = '2K'
IE_TRACE:                 14:50:14.312635 call      1605 def parse_filesize(s):
IE_TRACE:                 14:50:14.312660 line      1606     if s is None:
IE_TRACE:                 14:50:14.312679 line      1611     _UNIT_TABLE = {
IE_TRACE:                 14:50:14.312697 line      1612         'B': 1,
IE_TRACE:                 14:50:14.312715 line      1611     _UNIT_TABLE = {
IE_TRACE:                 14:50:14.312732 line      1613         'b': 1,
IE_TRACE:                 14:50:14.312750 line      1611     _UNIT_TABLE = {
IE_TRACE:                 14:50:14.312767 line      1614         'bytes': 1,
IE_TRACE:                 14:50:14.312785 line      1611     _UNIT_TABLE = {
IE_TRACE:                 14:50:14.312802 line      1615         'KiB': 1024,
IE_TRACE:                 14:50:14.312819 line      1611     _UNIT_TABLE = {
IE_TRACE:                 14:50:14.312836 line      1616         'KB': 1000,
IE_TRACE:                 14:50:14.312853 line      1611     _UNIT_TABLE = {
IE_TRACE:                 14:50:14.312870 line      1617         'kB': 1024,
IE_TRACE:                 14:50:14.312887 line      1611     _UNIT_TABLE = {
IE_TRACE:                 14:50:14.312904 line      1618         'Kb': 1000,
IE_TRACE:                 14:50:14.312921 line      1611     _UNIT_TABLE = {
IE_TRACE:                 14:50:14.312938 line      1619         'kb': 1000,
IE_TRACE:                 14:50:14.312956 line      1611     _UNIT_TABLE = {
IE_TRACE:                 14:50:14.312973 line      1620         'kilobytes': 1000,
IE_TRACE:                 14:50:14.312990 line      1611     _UNIT_TABLE = {
IE_TRACE:                 14:50:14.313007 line      1621         'kibibytes': 1024,
IE_TRACE:                 14:50:14.313024 line      1611     _UNIT_TABLE = {
IE_TRACE:                 14:50:14.313041 line      1622         'MiB': 1024 ** 2,
IE_TRACE:                 14:50:14.313058 line      1611     _UNIT_TABLE = {
IE_TRACE:                 14:50:14.313075 line      1623         'MB': 1000 ** 2,
IE_TRACE:                 14:50:14.313092 line      1611     _UNIT_TABLE = {
IE_TRACE:                 14:50:14.313109 line      1624         'mB': 1024 ** 2,
IE_TRACE:                 14:50:14.313126 line      1611     _UNIT_TABLE = {
IE_TRACE:                 14:50:14.313143 line      1625         'Mb': 1000 ** 2,
IE_TRACE:                 14:50:14.313161 line      1611     _UNIT_TABLE = {
IE_TRACE:                 14:50:14.313178 line      1626         'mb': 1000 ** 2,
IE_TRACE:                 14:50:14.313195 line      1611     _UNIT_TABLE = {
IE_TRACE:                 14:50:14.313212 line      1627         'megabytes': 1000 ** 2,
IE_TRACE:                 14:50:14.313229 line      1611     _UNIT_TABLE = {
IE_TRACE:                 14:50:14.313246 line      1628         'mebibytes': 1024 ** 2,
IE_TRACE:                 14:50:14.313262 line      1611     _UNIT_TABLE = {
IE_TRACE:                 14:50:14.313279 line      1629         'GiB': 1024 ** 3,
IE_TRACE:                 14:50:14.313296 line      1611     _UNIT_TABLE = {
IE_TRACE:                 14:50:14.313313 line      1630         'GB': 1000 ** 3,
IE_TRACE:                 14:50:14.313330 line      1611     _UNIT_TABLE = {
IE_TRACE:                 14:50:14.313347 line      1631         'gB': 1024 ** 3,
IE_TRACE:                 14:50:14.313364 line      1611     _UNIT_TABLE = {
IE_TRACE:                 14:50:14.313381 line      1632         'Gb': 1000 ** 3,
IE_TRACE:                 14:50:14.313398 line      1611     _UNIT_TABLE = {
IE_TRACE:                 14:50:14.313415 line      1633         'gb': 1000 ** 3,
IE_TRACE:                 14:50:14.313432 line      1611     _UNIT_TABLE = {
IE_TRACE:                 14:50:14.313449 line      1634         'gigabytes': 1000 ** 3,
IE_TRACE:                 14:50:14.313466 line      1611     _UNIT_TABLE = {
IE_TRACE:                 14:50:14.313483 line      1635         'gibibytes': 1024 ** 3,
IE_TRACE:                 14:50:14.313500 line      1611     _UNIT_TABLE = {
IE_TRACE:                 14:50:14.313517 line      1636         'TiB': 1024 ** 4,
IE_TRACE:                 14:50:14.313534 line      1611     _UNIT_TABLE = {
IE_TRACE:                 14:50:14.313551 line      1637         'TB': 1000 ** 4,
IE_TRACE:                 14:50:14.313570 line      1611     _UNIT_TABLE = {
IE_TRACE:                 14:50:14.313587 line      1638         'tB': 1024 ** 4,
IE_TRACE:                 14:50:14.313604 line      1611     _UNIT_TABLE = {
IE_TRACE:                 14:50:14.313621 line      1639         'Tb': 1000 ** 4,
IE_TRACE:                 14:50:14.313638 line      1611     _UNIT_TABLE = {
IE_TRACE:                 14:50:14.313655 line      1640         'tb': 1000 ** 4,
IE_TRACE:                 14:50:14.313672 line      1611     _UNIT_TABLE = {
IE_TRACE:                 14:50:14.313689 line      1641         'terabytes': 1000 ** 4,
IE_TRACE:                 14:50:14.313706 line      1611     _UNIT_TABLE = {
IE_TRACE:                 14:50:14.313722 line      1642         'tebibytes': 1024 ** 4,
IE_TRACE:                 14:50:14.313739 line      1611     _UNIT_TABLE = {
IE_TRACE:                 14:50:14.313756 line      1643         'PiB': 1024 ** 5,
IE_TRACE:                 14:50:14.313773 line      1611     _UNIT_TABLE = {
IE_TRACE:                 14:50:14.313790 line      1644         'PB': 1000 ** 5,
IE_TRACE:                 14:50:14.313807 line      1611     _UNIT_TABLE = {
IE_TRACE:                 14:50:14.313824 line      1645         'pB': 1024 ** 5,
IE_TRACE:                 14:50:14.313840 line      1611     _UNIT_TABLE = {
IE_TRACE:                 14:50:14.313858 line      1646         'Pb': 1000 ** 5,
IE_TRACE:                 14:50:14.313875 line      1611     _UNIT_TABLE = {
IE_TRACE:                 14:50:14.313893 line      1647         'pb': 1000 ** 5,
IE_TRACE:                 14:50:14.313909 line      1611     _UNIT_TABLE = {
IE_TRACE:                 14:50:14.313926 line      1648         'petabytes': 1000 ** 5,
IE_TRACE:                 14:50:14.313944 line      1611     _UNIT_TABLE = {
IE_TRACE:                 14:50:14.313961 line      1649         'pebibytes': 1024 ** 5,
IE_TRACE:                 14:50:14.313978 line      1611     _UNIT_TABLE = {
IE_TRACE:                 14:50:14.313994 line      1650         'EiB': 1024 ** 6,
IE_TRACE:                 14:50:14.314011 line      1611     _UNIT_TABLE = {
IE_TRACE:                 14:50:14.314028 line      1651         'EB': 1000 ** 6,
IE_TRACE:                 14:50:14.314045 line      1611     _UNIT_TABLE = {
IE_TRACE:                 14:50:14.314062 line      1652         'eB': 1024 ** 6,
IE_TRACE:                 14:50:14.314079 line      1611     _UNIT_TABLE = {
IE_TRACE:                 14:50:14.314096 line      1653         'Eb': 1000 ** 6,
IE_TRACE:                 14:50:14.314113 line      1611     _UNIT_TABLE = {
IE_TRACE:                 14:50:14.314130 line      1654         'eb': 1000 ** 6,
IE_TRACE:                 14:50:14.314147 line      1611     _UNIT_TABLE = {
IE_TRACE:                 14:50:14.314164 line      1655         'exabytes': 1000 ** 6,
IE_TRACE:                 14:50:14.314181 line      1611     _UNIT_TABLE = {
IE_TRACE:                 14:50:14.314198 line      1656         'exbibytes': 1024 ** 6,
IE_TRACE:                 14:50:14.314215 line      1611     _UNIT_TABLE = {
IE_TRACE:                 14:50:14.314233 line      1657         'ZiB': 1024 ** 7,
IE_TRACE:                 14:50:14.314250 line      1611     _UNIT_TABLE = {
IE_TRACE:                 14:50:14.314266 line      1658         'ZB': 1000 ** 7,
IE_TRACE:                 14:50:14.314283 line      1611     _UNIT_TABLE = {
IE_TRACE:                 14:50:14.314300 line      1659         'zB': 1024 ** 7,
IE_TRACE:                 14:50:14.314317 line      1611     _UNIT_TABLE = {
IE_TRACE:                 14:50:14.314334 line      1660         'Zb': 1000 ** 7,
IE_TRACE:                 14:50:14.314351 line      1611     _UNIT_TABLE = {
IE_TRACE:                 14:50:14.314368 line      1661         'zb': 1000 ** 7,
IE_TRACE:                 14:50:14.314385 line      1611     _UNIT_TABLE = {
IE_TRACE:                 14:50:14.314402 line      1662         'zettabytes': 1000 ** 7,
IE_TRACE:                 14:50:14.314418 line      1611     _UNIT_TABLE = {
IE_TRACE:                 14:50:14.314437 line      1663         'zebibytes': 1024 ** 7,
IE_TRACE:                 14:50:14.314453 line      1664         'YiB': 1024 ** 8,
IE_TRACE:                 14:50:14.314470 line      1665         'YB': 1000 ** 8,
IE_TRACE:                 14:50:14.314487 line      1666         'yB': 1024 ** 8,
IE_TRACE:                 14:50:14.314504 line      1667         'Yb': 1000 ** 8,
IE_TRACE:                 14:50:14.314521 line      1668         'yb': 1000 ** 8,
IE_TRACE:                 14:50:14.314538 line      1669         'yottabytes': 1000 ** 8,
IE_TRACE:                 14:50:14.314555 line      1670         'yobibytes': 1024 ** 8,
IE_TRACE:                 14:50:14.314574 line      1611     _UNIT_TABLE = {
IE_TRACE:                 New var:....... _UNIT_TABLE = dict(len=59)
IE_TRACE:                 14:50:14.314591 line      1673     return lookup_unit_table(_UNIT_TABLE, s)
IE_TRACE:                     Starting var:.. unit_table = dict(len=59)
IE_TRACE:                     Starting var:.. s = '2K'
IE_TRACE:                     14:50:14.314616 call      1594 def lookup_unit_table(unit_table, s):
IE_TRACE:                     14:50:14.314646 line      1595     units_re = '|'.join(re.escape(u) for u in unit_table)
IE_TRACE:                         Starting var:.. .0 = <dict_keyiterator object at 0x7f7f3586b740>
IE_TRACE:                         14:50:14.314668 call      1595     units_re = '|'.join(re.escape(u) for u in unit_table)
IE_TRACE:                         14:50:14.314693 line      1595     units_re = '|'.join(re.escape(u) for u in unit_table)
IE_TRACE:                         Source path:... /path/to/BugsInPy/workspace/youtube-dl/youtube_dl/utils.py
IE_TRACE:                         New var:....... u = 'B'
IE_TRACE:                         14:50:14.314805 return    1595     units_re = '|'.join(re.escape(u) for u in unit_table)
IE_TRACE:                         Return value:.. 'B'
IE_TRACE:                         Starting var:.. .0 = <dict_keyiterator object at 0x7f7f3586b740>
IE_TRACE:                         Starting var:.. u = 'B'
IE_TRACE:                         14:50:14.314840 call      1595     units_re = '|'.join(re.escape(u) for u in unit_table)
IE_TRACE:     [CONDENSED] 28 identical loop iterations skipped (30 total iterations, showing first and last)
IE_TRACE:                         14:50:14.323964 line      1595     units_re = '|'.join(re.escape(u) for u in unit_table)
IE_TRACE:                         Source path:... /path/to/BugsInPy/workspace/youtube-dl/youtube_dl/utils.py
IE_TRACE:                         Modified var:.. u = 'yottabytes'
IE_TRACE:                         14:50:14.324086 return    1595     units_re = '|'.join(re.escape(u) for u in unit_table)
IE_TRACE:                         Return value:.. 'yottabytes'
IE_TRACE:                         Starting var:.. .0 = <dict_keyiterator object at 0x7f7f3586b740>
IE_TRACE:                         Starting var:.. u = 'yottabytes'
IE_TRACE:                         14:50:14.324117 call      1595     units_re = '|'.join(re.escape(u) for u in unit_table)
IE_TRACE:                         14:50:14.324143 line      1595     units_re = '|'.join(re.escape(u) for u in unit_table)
IE_TRACE:                         Source path:... /path/to/BugsInPy/workspace/youtube-dl/youtube_dl/utils.py
IE_TRACE:                         Modified var:.. u = 'yobibytes'
IE_TRACE:                         14:50:14.324243 return    1595     units_re = '|'.join(re.escape(u) for u in unit_table)
IE_TRACE:                         Return value:.. 'yobibytes'
IE_TRACE:                         Starting var:.. .0 = <dict_keyiterator object at 0x7f7f3586b740>
IE_TRACE:                         Starting var:.. u = 'yobibytes'
IE_TRACE:                         14:50:14.324275 call      1595     units_re = '|'.join(re.escape(u) for u in unit_table)
IE_TRACE:                         14:50:14.324300 line      1595     units_re = '|'.join(re.escape(u) for u in unit_table)
IE_TRACE:                         14:50:14.324318 return    1595     units_re = '|'.join(re.escape(u) for u in unit_table)
IE_TRACE:                         Return value:.. None
IE_TRACE:                     New var:....... units_re = 'B|b|bytes|KiB|KB|kB|Kb|kb|kilobytes|kibibytes|MiB|MB|mB|Mb|mb|megabytes|mebibytes|GiB|GB|gB|Gb|gb|gigabytes|gibibytes|TiB|TB|tB|Tb|tb|terabytes|tebibytes|PiB|PB|pB|Pb|pb|petabytes|pebibytes|EiB|EB|eB|Eb|eb|exabytes|exbibytes|ZiB|ZB|zB|Zb|zb|zettabytes|zebibytes|YiB|YB|yB|Yb|yb|yottabytes|yobibytes'
IE_TRACE:                     14:50:14.324344 line      1596     m = re.match(
IE_TRACE:                     14:50:14.324372 line      1597         r'(?P<num>[0-9]+(?:[,.][0-9]*)?)\s*(?P<unit>%s)\b' % units_re, s)
IE_TRACE:                     14:50:14.324395 line      1596     m = re.match(
IE_TRACE:                     Source path:... /path/to/BugsInPy/workspace/youtube-dl/youtube_dl/utils.py
IE_TRACE:                     New var:....... m = None
IE_TRACE:                     14:50:14.324632 line      1598     if not m:
IE_TRACE:                     14:50:14.324663 line      1599         return None
IE_TRACE:                     14:50:14.324684 return    1599         return None
IE_TRACE:                     Return value:.. None
IE_TRACE:                 14:50:14.324711 return    1673     return lookup_unit_table(_UNIT_TABLE, s)
IE_TRACE:                 Return value:.. None
IE_TRACE:             New var:....... comparison_value = None
IE_TRACE:             14:50:14.324734 line      2566                 if comparison_value is None:
IE_TRACE:             14:50:14.324768 line      2567                     comparison_value = parse_filesize(m.group('intval') + 'B')
IE_TRACE:                 Starting var:.. s = '2KB'
IE_TRACE:                 14:50:14.324799 call      1605 def parse_filesize(s):
IE_TRACE:                 14:50:14.324820 line      1606     if s is None:
IE_TRACE:                 14:50:14.324837 line      1611     _UNIT_TABLE = {
IE_TRACE:                 14:50:14.324853 line      1612         'B': 1,
IE_TRACE:                 14:50:14.324870 line      1611     _UNIT_TABLE = {
IE_TRACE:                 14:50:14.324886 line      1613         'b': 1,
IE_TRACE:                 14:50:14.324903 line      1611     _UNIT_TABLE = {
IE_TRACE:                 14:50:14.324919 line      1614         'bytes': 1,
IE_TRACE:                 14:50:14.324935 line      1611     _UNIT_TABLE = {
IE_TRACE:                 14:50:14.324951 line      1615         'KiB': 1024,
IE_TRACE:                 14:50:14.324967 line      1611     _UNIT_TABLE = {
IE_TRACE:                 14:50:14.324983 line      1616         'KB': 1000,
IE_TRACE:                 14:50:14.324999 line      1611     _UNIT_TABLE = {
IE_TRACE:                 14:50:14.325014 line      1617         'kB': 1024,
IE_TRACE:                 14:50:14.325030 line      1611     _UNIT_TABLE = {
IE_TRACE:                 14:50:14.325046 line      1618         'Kb': 1000,
IE_TRACE:                 14:50:14.325062 line      1611     _UNIT_TABLE = {
IE_TRACE:                 14:50:14.325078 line      1619         'kb': 1000,
IE_TRACE:                 14:50:14.325094 line      1611     _UNIT_TABLE = {
IE_TRACE:                 14:50:14.325109 line      1620         'kilobytes': 1000,
IE_TRACE:                 14:50:14.325125 line      1611     _UNIT_TABLE = {
IE_TRACE:                 14:50:14.325141 line      1621         'kibibytes': 1024,
IE_TRACE:                 14:50:14.325157 line      1611     _UNIT_TABLE = {
IE_TRACE:                 14:50:14.325173 line      1622         'MiB': 1024 ** 2,
IE_TRACE:                 14:50:14.325189 line      1611     _UNIT_TABLE = {
IE_TRACE:                 14:50:14.325204 line      1623         'MB': 1000 ** 2,
IE_TRACE:                 14:50:14.325220 line      1611     _UNIT_TABLE = {
IE_TRACE:                 14:50:14.325236 line      1624         'mB': 1024 ** 2,
IE_TRACE:                 14:50:14.325252 line      1611     _UNIT_TABLE = {
IE_TRACE:                 14:50:14.325268 line      1625         'Mb': 1000 ** 2,
IE_TRACE:                 14:50:14.325283 line      1611     _UNIT_TABLE = {
IE_TRACE:                 14:50:14.325299 line      1626         'mb': 1000 ** 2,
IE_TRACE:                 14:50:14.325315 line      1611     _UNIT_TABLE = {
IE_TRACE:                 14:50:14.325331 line      1627         'megabytes': 1000 ** 2,
IE_TRACE:                 14:50:14.325346 line      1611     _UNIT_TABLE = {
IE_TRACE:                 14:50:14.325362 line      1628         'mebibytes': 1024 ** 2,
IE_TRACE:                 14:50:14.325378 line      1611     _UNIT_TABLE = {
IE_TRACE:                 14:50:14.325394 line      1629         'GiB': 1024 ** 3,
IE_TRACE:                 14:50:14.325409 line      1611     _UNIT_TABLE = {
IE_TRACE:                 14:50:14.325425 line      1630         'GB': 1000 ** 3,
IE_TRACE:                 14:50:14.325441 line      1611     _UNIT_TABLE = {
IE_TRACE:                 14:50:14.325457 line      1631         'gB': 1024 ** 3,
IE_TRACE:                 14:50:14.325472 line      1611     _UNIT_TABLE = {
IE_TRACE:                 14:50:14.325488 line      1632         'Gb': 1000 ** 3,
IE_TRACE:                 14:50:14.325504 line      1611     _UNIT_TABLE = {
IE_TRACE:                 14:50:14.325519 line      1633         'gb': 1000 ** 3,
IE_TRACE:                 14:50:14.325535 line      1611     _UNIT_TABLE = {
IE_TRACE:                 14:50:14.325551 line      1634         'gigabytes': 1000 ** 3,
IE_TRACE:                 14:50:14.325568 line      1611     _UNIT_TABLE = {
IE_TRACE:                 14:50:14.325584 line      1635         'gibibytes': 1024 ** 3,
IE_TRACE:                 14:50:14.325599 line      1611     _UNIT_TABLE = {
IE_TRACE:                 14:50:14.325615 line      1636         'TiB': 1024 ** 4,
IE_TRACE:                 14:50:14.325631 line      1611     _UNIT_TABLE = {
IE_TRACE:                 14:50:14.325647 line      1637         'TB': 1000 ** 4,
IE_TRACE:                 14:50:14.325662 line      1611     _UNIT_TABLE = {
IE_TRACE:                 14:50:14.325678 line      1638         'tB': 1024 ** 4,
IE_TRACE:                 14:50:14.325694 line      1611     _UNIT_TABLE = {
IE_TRACE:                 14:50:14.325710 line      1639         'Tb': 1000 ** 4,
IE_TRACE:                 14:50:14.325725 line      1611     _UNIT_TABLE = {
IE_TRACE:                 14:50:14.325741 line      1640         'tb': 1000 ** 4,
IE_TRACE:                 14:50:14.325757 line      1611     _UNIT_TABLE = {
IE_TRACE:                 14:50:14.325772 line      1641         'terabytes': 1000 ** 4,
IE_TRACE:                 14:50:14.325788 line      1611     _UNIT_TABLE = {
IE_TRACE:                 14:50:14.325804 line      1642         'tebibytes': 1024 ** 4,
IE_TRACE:                 14:50:14.325819 line      1611     _UNIT_TABLE = {
IE_TRACE:                 14:50:14.325835 line      1643         'PiB': 1024 ** 5,
IE_TRACE:                 14:50:14.325851 line      1611     _UNIT_TABLE = {
IE_TRACE:                 14:50:14.325875 line      1644         'PB': 1000 ** 5,
IE_TRACE:                 14:50:14.325890 line      1611     _UNIT_TABLE = {
IE_TRACE:                 14:50:14.325906 line      1645         'pB': 1024 ** 5,
IE_TRACE:                 14:50:14.325922 line      1611     _UNIT_TABLE = {
IE_TRACE:                 14:50:14.325938 line      1646         'Pb': 1000 ** 5,
IE_TRACE:                 14:50:14.325954 line      1611     _UNIT_TABLE = {
IE_TRACE:                 14:50:14.325970 line      1647         'pb': 1000 ** 5,
IE_TRACE:                 14:50:14.325985 line      1611     _UNIT_TABLE = {
IE_TRACE:                 14:50:14.326001 line      1648         'petabytes': 1000 ** 5,
IE_TRACE:                 14:50:14.326017 line      1611     _UNIT_TABLE = {
IE_TRACE:                 14:50:14.326033 line      1649         'pebibytes': 1024 ** 5,
IE_TRACE:                 14:50:14.326049 line      1611     _UNIT_TABLE = {
IE_TRACE:                 14:50:14.326064 line      1650         'EiB': 1024 ** 6,
IE_TRACE:                 14:50:14.326080 line      1611     _UNIT_TABLE = {
IE_TRACE:                 14:50:14.326095 line      1651         'EB': 1000 ** 6,
IE_TRACE:                 14:50:14.326111 line      1611     _UNIT_TABLE = {
IE_TRACE:                 14:50:14.326127 line      1652         'eB': 1024 ** 6,
IE_TRACE:                 14:50:14.326143 line      1611     _UNIT_TABLE = {
IE_TRACE:                 14:50:14.326158 line      1653         'Eb': 1000 ** 6,
IE_TRACE:                 14:50:14.326174 line      1611     _UNIT_TABLE = {
IE_TRACE:                 14:50:14.326190 line      1654         'eb': 1000 ** 6,
IE_TRACE:                 14:50:14.326205 line      1611     _UNIT_TABLE = {
IE_TRACE:                 14:50:14.326221 line      1655         'exabytes': 1000 ** 6,
IE_TRACE:                 14:50:14.326237 line      1611     _UNIT_TABLE = {
IE_TRACE:                 14:50:14.326252 line      1656         'exbibytes': 1024 ** 6,
IE_TRACE:                 14:50:14.326268 line      1611     _UNIT_TABLE = {
IE_TRACE:                 14:50:14.326284 line      1657         'ZiB': 1024 ** 7,
IE_TRACE:                 14:50:14.326299 line      1611     _UNIT_TABLE = {
IE_TRACE:                 14:50:14.326315 line      1658         'ZB': 1000 ** 7,
IE_TRACE:                 14:50:14.326331 line      1611     _UNIT_TABLE = {
IE_TRACE:                 14:50:14.326347 line      1659         'zB': 1024 ** 7,
IE_TRACE:                 14:50:14.326362 line      1611     _UNIT_TABLE = {
IE_TRACE:                 14:50:14.326378 line      1660         'Zb': 1000 ** 7,
IE_TRACE:                 14:50:14.326393 line      1611     _UNIT_TABLE = {
IE_TRACE:                 14:50:14.326409 line      1661         'zb': 1000 ** 7,
IE_TRACE:                 14:50:14.326424 line      1611     _UNIT_TABLE = {
IE_TRACE:                 14:50:14.326440 line      1662         'zettabytes': 1000 ** 7,
IE_TRACE:                 14:50:14.326456 line      1611     _UNIT_TABLE = {
IE_TRACE:                 14:50:14.326472 line      1663         'zebibytes': 1024 ** 7,
IE_TRACE:                 14:50:14.326488 line      1664         'YiB': 1024 ** 8,
IE_TRACE:                 14:50:14.326503 line      1665         'YB': 1000 ** 8,
IE_TRACE:                 14:50:14.326519 line      1666         'yB': 1024 ** 8,
IE_TRACE:                 14:50:14.326535 line      1667         'Yb': 1000 ** 8,
IE_TRACE:                 14:50:14.326550 line      1668         'yb': 1000 ** 8,
IE_TRACE:                 14:50:14.326568 line      1669         'yottabytes': 1000 ** 8,
IE_TRACE:                 14:50:14.326583 line      1670         'yobibytes': 1024 ** 8,
IE_TRACE:                 14:50:14.326599 line      1611     _UNIT_TABLE = {
IE_TRACE:                 New var:....... _UNIT_TABLE = dict(len=59)
IE_TRACE:                 14:50:14.326615 line      1673     return lookup_unit_table(_UNIT_TABLE, s)
IE_TRACE:                     Starting var:.. unit_table = dict(len=59)
IE_TRACE:                     Starting var:.. s = '2KB'
IE_TRACE:                     14:50:14.326637 call      1594 def lookup_unit_table(unit_table, s):
IE_TRACE:                     14:50:14.326664 line      1595     units_re = '|'.join(re.escape(u) for u in unit_table)
IE_TRACE:                         Starting var:.. .0 = <dict_keyiterator object at 0x7f7f3586b8d0>
IE_TRACE:                         14:50:14.326683 call      1595     units_re = '|'.join(re.escape(u) for u in unit_table)
IE_TRACE:                         14:50:14.326705 line      1595     units_re = '|'.join(re.escape(u) for u in unit_table)
IE_TRACE:                         Source path:... /path/to/BugsInPy/workspace/youtube-dl/youtube_dl/utils.py
IE_TRACE:                         New var:....... u = 'B'
IE_TRACE:                         14:50:14.326807 return    1595     units_re = '|'.join(re.escape(u) for u in unit_table)
IE_TRACE:                         Return value:.. 'B'
IE_TRACE:                         Starting var:.. .0 = <dict_keyiterator object at 0x7f7f3586b8d0>
IE_TRACE:                         Starting var:.. u = 'B'
IE_TRACE:                         14:50:14.326839 call      1595     units_re = '|'.join(re.escape(u) for u in unit_table)
IE_TRACE:     [CONDENSED] 28 identical loop iterations skipped (30 total iterations, showing first and last)
IE_TRACE:                         14:50:14.335313 line      1595     units_re = '|'.join(re.escape(u) for u in unit_table)
IE_TRACE:                         Source path:... /path/to/BugsInPy/workspace/youtube-dl/youtube_dl/utils.py
IE_TRACE:                         Modified var:.. u = 'yottabytes'
IE_TRACE:                         14:50:14.335406 return    1595     units_re = '|'.join(re.escape(u) for u in unit_table)
IE_TRACE:                         Return value:.. 'yottabytes'
IE_TRACE:                         Starting var:.. .0 = <dict_keyiterator object at 0x7f7f3586b8d0>
IE_TRACE:                         Starting var:.. u = 'yottabytes'
IE_TRACE:                         14:50:14.335435 call      1595     units_re = '|'.join(re.escape(u) for u in unit_table)
IE_TRACE:                         14:50:14.335458 line      1595     units_re = '|'.join(re.escape(u) for u in unit_table)
IE_TRACE:                         Source path:... /path/to/BugsInPy/workspace/youtube-dl/youtube_dl/utils.py
IE_TRACE:                         Modified var:.. u = 'yobibytes'
IE_TRACE:                         14:50:14.335550 return    1595     units_re = '|'.join(re.escape(u) for u in unit_table)
IE_TRACE:                         Return value:.. 'yobibytes'
IE_TRACE:                         Starting var:.. .0 = <dict_keyiterator object at 0x7f7f3586b8d0>
IE_TRACE:                         Starting var:.. u = 'yobibytes'
IE_TRACE:                         14:50:14.335584 call      1595     units_re = '|'.join(re.escape(u) for u in unit_table)
IE_TRACE:                         14:50:14.335607 line      1595     units_re = '|'.join(re.escape(u) for u in unit_table)
IE_TRACE:                         14:50:14.335624 return    1595     units_re = '|'.join(re.escape(u) for u in unit_table)
IE_TRACE:                         Return value:.. None
IE_TRACE:                     New var:....... units_re = 'B|b|bytes|KiB|KB|kB|Kb|kb|kilobytes|kibibytes|MiB|MB|mB|Mb|mb|megabytes|mebibytes|GiB|GB|gB|Gb|gb|gigabytes|gibibytes|TiB|TB|tB|Tb|tb|terabytes|tebibytes|PiB|PB|pB|Pb|pb|petabytes|pebibytes|EiB|EB|eB|Eb|eb|exabytes|exbibytes|ZiB|ZB|zB|Zb|zb|zettabytes|zebibytes|YiB|YB|yB|Yb|yb|yottabytes|yobibytes'
IE_TRACE:                     14:50:14.335648 line      1596     m = re.match(
IE_TRACE:                     14:50:14.335673 line      1597         r'(?P<num>[0-9]+(?:[,.][0-9]*)?)\s*(?P<unit>%s)\b' % units_re, s)
IE_TRACE:                     14:50:14.335693 line      1596     m = re.match(
IE_TRACE:                     Source path:... /path/to/BugsInPy/workspace/youtube-dl/youtube_dl/utils.py
IE_TRACE:                     New var:....... m = <re.Match object; span=(0, 3), match='2KB'>
IE_TRACE:                     14:50:14.335907 line      1598     if not m:
IE_TRACE:                     14:50:14.335936 line      1600     num_str = m.group('num').replace(',', '.')
IE_TRACE:                     New var:....... num_str = '2'
IE_TRACE:                     14:50:14.335957 line      1601     mult = unit_table[m.group('unit')]
IE_TRACE:                     New var:....... mult = 1000
IE_TRACE:                     14:50:14.335984 line      1602     return int(float(num_str) * mult)
IE_TRACE:                     14:50:14.336012 return    1602     return int(float(num_str) * mult)
IE_TRACE:                     Return value:.. 2000
IE_TRACE:                 14:50:14.336039 return    1673     return lookup_unit_table(_UNIT_TABLE, s)
IE_TRACE:                 Return value:.. 2000
IE_TRACE:             Modified var:.. comparison_value = 2000
IE_TRACE:             14:50:14.336060 line      2568                 if comparison_value is None:
IE_TRACE:             14:50:14.336092 line      2572         if actual_value is None:
IE_TRACE:             14:50:14.336118 line      2574         return op(actual_value, comparison_value)
IE_TRACE:             14:50:14.336143 return    2574         return op(actual_value, comparison_value)
IE_TRACE:             Return value:.. False
IE_TRACE:         New var:....... filter_part = 'x>2K'
IE_TRACE:         14:50:14.336175 return    2597         _match_one(filter_part, dct) for filter_part in filter_str.split('&'))
IE_TRACE:         Return value:.. False
IE_TRACE:     14:50:14.336201 return    2596     return all(
IE_TRACE:     Return value:.. False
IE_TRACE: Source path:... /path/to/BugsInPy/workspace/youtube-dl/test/test_utils.py
IE_TRACE: 14:50:14.336291 line      1060         self.assertTrue(match_str('x>=1200 & x < 1300', {'x': 1200}))
IE_TRACE:     Source path:... /path/to/BugsInPy/workspace/youtube-dl/youtube_dl/utils.py
IE_TRACE:     Starting var:.. filter_str = 'x>=1200 & x < 1300'
IE_TRACE:     Starting var:.. dct = {'x': 1200}
IE_TRACE:     14:50:14.336310 call      2593 def match_str(filter_str, dct):
IE_TRACE:     14:50:14.336336 line      2596     return all(
IE_TRACE:     14:50:14.336351 line      2597         _match_one(filter_part, dct) for filter_part in filter_str.split('&'))
IE_TRACE:     14:50:14.336365 line      2596     return all(
IE_TRACE:         Starting var:.. .0 = <list_iterator object at 0x7f7f358f5390>
IE_TRACE:         Starting var:.. dct = {'x': 1200}
IE_TRACE:         14:50:14.336379 call      2596     return all(
IE_TRACE:         14:50:14.336402 line      2596     return all(
IE_TRACE:         14:50:14.336416 line      2597         _match_one(filter_part, dct) for filter_part in filter_str.split('&'))
IE_TRACE:             Starting var:.. filter_part = 'x>=1200 '
IE_TRACE:             Starting var:.. dct = {'x': 1200}
IE_TRACE:             14:50:14.336432 call      2523 def _match_one(filter_part, dct):
IE_TRACE:             14:50:14.336457 line      2525         '<': operator.lt,
IE_TRACE:             14:50:14.336474 line      2526         '<=': operator.le,
IE_TRACE:             14:50:14.336490 line      2527         '>': operator.gt,
IE_TRACE:             14:50:14.336506 line      2528         '>=': operator.ge,
IE_TRACE:             14:50:14.336522 line      2529         '=': operator.eq,
IE_TRACE:             14:50:14.336538 line      2530         '!=': operator.ne,
IE_TRACE:             14:50:14.336554 line      2524     COMPARISON_OPERATORS = {
IE_TRACE:             New var:....... COMPARISON_OPERATORS = {'<': <built-in function lt>, '<=': <built-in function le>, '>': <built-in function gt>, '>=': <built-in function ge>, '=': <built-in function eq>, '!=': <built-in function ne>}
IE_TRACE:             14:50:14.336602 line      2532     operator_rex = re.compile(r'''(?x)\s*
IE_TRACE:             14:50:14.336625 line      2541         ''' % '|'.join(map(re.escape, COMPARISON_OPERATORS.keys())))
IE_TRACE:             Source path:... /path/to/BugsInPy/workspace/youtube-dl/youtube_dl/utils.py
IE_TRACE:             14:50:14.337034 line      2532     operator_rex = re.compile(r'''(?x)\s*
IE_TRACE:             Source path:... /path/to/BugsInPy/workspace/youtube-dl/youtube_dl/utils.py
IE_TRACE:             New var:....... operator_rex = re.compile('(?x)\\s*\n        (?P<key>[a-z_]+)\n        \\s*(?P<op><|<=|>|>=|=|!=)(?P<none_inclusive>\\s*\\?)?\\s*\n        (?:\n            (?P<intval>[0-9.]+(?:[kKmMgGtTpPeEzZyY]i?[Bb]?)?)|\n            (?P<qu, re.VERBOSE)
IE_TRACE:             14:50:14.337232 line      2542     m = operator_rex.search(filter_part)
IE_TRACE:             New var:....... m = <re.Match object; span=(0, 8), match='x>=1200 '>
IE_TRACE:             14:50:14.337264 line      2543     if m:
IE_TRACE:             14:50:14.337292 line      2544         op = COMPARISON_OPERATORS[m.group('op')]
IE_TRACE:             New var:....... op = <built-in function ge>
IE_TRACE:             14:50:14.337314 line      2545         actual_value = dct.get(m.group('key'))
IE_TRACE:             New var:....... actual_value = 1200
IE_TRACE:             14:50:14.337342 line      2546         if (m.group('quotedstrval') is not None or
IE_TRACE:             14:50:14.337370 line      2547             m.group('strval') is not None or
IE_TRACE:             14:50:14.337394 line      2552             actual_value is not None and m.group('intval') is not None and
IE_TRACE:             14:50:14.337418 line      2553                 isinstance(actual_value, compat_str)):
IE_TRACE:             14:50:14.337442 line      2562             try:
IE_TRACE:             14:50:14.337465 line      2563                 comparison_value = int(m.group('intval'))
IE_TRACE:             New var:....... comparison_value = 1200
IE_TRACE:             14:50:14.337490 line      2572         if actual_value is None:
IE_TRACE:             14:50:14.337519 line      2574         return op(actual_value, comparison_value)
IE_TRACE:             14:50:14.337544 return    2574         return op(actual_value, comparison_value)
IE_TRACE:             Return value:.. True
IE_TRACE:         New var:....... filter_part = 'x>=1200 '
IE_TRACE:         14:50:14.337576 return    2597         _match_one(filter_part, dct) for filter_part in filter_str.split('&'))
IE_TRACE:         Return value:.. True
IE_TRACE:         Starting var:.. .0 = <list_iterator object at 0x7f7f358f5390>
IE_TRACE:         Starting var:.. filter_part = 'x>=1200 '
IE_TRACE:         Starting var:.. dct = {'x': 1200}
IE_TRACE:         14:50:14.337601 call      2597         _match_one(filter_part, dct) for filter_part in filter_str.split('&'))
IE_TRACE:         14:50:14.337627 line      2596     return all(
IE_TRACE:         14:50:14.337642 line      2597         _match_one(filter_part, dct) for filter_part in filter_str.split('&'))
IE_TRACE:             Starting var:.. filter_part = ' x < 1300'
IE_TRACE:             Starting var:.. dct = {'x': 1200}
IE_TRACE:             14:50:14.337659 call      2523 def _match_one(filter_part, dct):
IE_TRACE:             14:50:14.337684 line      2525         '<': operator.lt,
IE_TRACE:             14:50:14.337701 line      2526         '<=': operator.le,
IE_TRACE:             14:50:14.337717 line      2527         '>': operator.gt,
IE_TRACE:             14:50:14.337733 line      2528         '>=': operator.ge,
IE_TRACE:             14:50:14.337748 line      2529         '=': operator.eq,
IE_TRACE:             14:50:14.337764 line      2530         '!=': operator.ne,
IE_TRACE:             14:50:14.337780 line      2524     COMPARISON_OPERATORS = {
IE_TRACE:             New var:....... COMPARISON_OPERATORS = {'<': <built-in function lt>, '<=': <built-in function le>, '>': <built-in function gt>, '>=': <built-in function ge>, '=': <built-in function eq>, '!=': <built-in function ne>}
IE_TRACE:             14:50:14.337796 line      2532     operator_rex = re.compile(r'''(?x)\s*
IE_TRACE:             14:50:14.337818 line      2541         ''' % '|'.join(map(re.escape, COMPARISON_OPERATORS.keys())))
IE_TRACE:             Source path:... /path/to/BugsInPy/workspace/youtube-dl/youtube_dl/utils.py
IE_TRACE:             14:50:14.338284 line      2532     operator_rex = re.compile(r'''(?x)\s*
IE_TRACE:             Source path:... /path/to/BugsInPy/workspace/youtube-dl/youtube_dl/utils.py
IE_TRACE:             New var:....... operator_rex = re.compile('(?x)\\s*\n        (?P<key>[a-z_]+)\n        \\s*(?P<op><|<=|>|>=|=|!=)(?P<none_inclusive>\\s*\\?)?\\s*\n        (?:\n            (?P<intval>[0-9.]+(?:[kKmMgGtTpPeEzZyY]i?[Bb]?)?)|\n            (?P<qu, re.VERBOSE)
IE_TRACE:             14:50:14.338561 line      2542     m = operator_rex.search(filter_part)
IE_TRACE:             New var:....... m = <re.Match object; span=(0, 9), match=' x < 1300'>
IE_TRACE:             14:50:14.338624 line      2543     if m:
IE_TRACE:             14:50:14.338652 line      2544         op = COMPARISON_OPERATORS[m.group('op')]
IE_TRACE:             New var:....... op = <built-in function lt>
IE_TRACE:             14:50:14.338676 line      2545         actual_value = dct.get(m.group('key'))
IE_TRACE:             New var:....... actual_value = 1200
IE_TRACE:             14:50:14.338703 line      2546         if (m.group('quotedstrval') is not None or
IE_TRACE:             14:50:14.338731 line      2547             m.group('strval') is not None or
IE_TRACE:             14:50:14.338755 line      2552             actual_value is not None and m.group('intval') is not None and
IE_TRACE:             14:50:14.338779 line      2553                 isinstance(actual_value, compat_str)):
IE_TRACE:             14:50:14.338803 line      2562             try:
IE_TRACE:             14:50:14.338826 line      2563                 comparison_value = int(m.group('intval'))
IE_TRACE:             New var:....... comparison_value = 1300
IE_TRACE:             14:50:14.338850 line      2572         if actual_value is None:
IE_TRACE:             14:50:14.338878 line      2574         return op(actual_value, comparison_value)
IE_TRACE:             14:50:14.338903 return    2574         return op(actual_value, comparison_value)
IE_TRACE:             Return value:.. True
IE_TRACE:         Modified var:.. filter_part = ' x < 1300'
IE_TRACE:         14:50:14.338933 return    2597         _match_one(filter_part, dct) for filter_part in filter_str.split('&'))
IE_TRACE:         Return value:.. True
IE_TRACE:         Starting var:.. .0 = <list_iterator object at 0x7f7f358f5390>
IE_TRACE:         Starting var:.. filter_part = ' x < 1300'
IE_TRACE:         Starting var:.. dct = {'x': 1200}
IE_TRACE:         14:50:14.338958 call      2597         _match_one(filter_part, dct) for filter_part in filter_str.split('&'))
IE_TRACE:         14:50:14.338985 line      2596     return all(
IE_TRACE:         14:50:14.339000 return    2596     return all(
IE_TRACE:         Return value:.. None
IE_TRACE:     14:50:14.339022 return    2596     return all(
IE_TRACE:     Return value:.. True
IE_TRACE: Source path:... /path/to/BugsInPy/workspace/youtube-dl/test/test_utils.py
IE_TRACE: 14:50:14.339112 line      1061         self.assertFalse(match_str('x>=1100 & x < 1200', {'x': 1200}))
IE_TRACE:     Source path:... /path/to/BugsInPy/workspace/youtube-dl/youtube_dl/utils.py
IE_TRACE:     Starting var:.. filter_str = 'x>=1100 & x < 1200'
IE_TRACE:     Starting var:.. dct = {'x': 1200}
IE_TRACE:     14:50:14.339131 call      2593 def match_str(filter_str, dct):
IE_TRACE:     14:50:14.339157 line      2596     return all(
IE_TRACE:     14:50:14.339171 line      2597         _match_one(filter_part, dct) for filter_part in filter_str.split('&'))
IE_TRACE:     14:50:14.339186 line      2596     return all(
IE_TRACE:         Starting var:.. .0 = <list_iterator object at 0x7f7f36b65390>
IE_TRACE:         Starting var:.. dct = {'x': 1200}
IE_TRACE:         14:50:14.339199 call      2596     return all(
IE_TRACE:         14:50:14.339221 line      2596     return all(
IE_TRACE:         14:50:14.339235 line      2597         _match_one(filter_part, dct) for filter_part in filter_str.split('&'))
IE_TRACE:             Starting var:.. filter_part = 'x>=1100 '
IE_TRACE:             Starting var:.. dct = {'x': 1200}
IE_TRACE:             14:50:14.339251 call      2523 def _match_one(filter_part, dct):
IE_TRACE:             14:50:14.339274 line      2525         '<': operator.lt,
IE_TRACE:             14:50:14.339291 line      2526         '<=': operator.le,
IE_TRACE:             14:50:14.339307 line      2527         '>': operator.gt,
IE_TRACE:             14:50:14.339324 line      2528         '>=': operator.ge,
IE_TRACE:             14:50:14.339340 line      2529         '=': operator.eq,
IE_TRACE:             14:50:14.339356 line      2530         '!=': operator.ne,
IE_TRACE:             14:50:14.339372 line      2524     COMPARISON_OPERATORS = {
IE_TRACE:             New var:....... COMPARISON_OPERATORS = {'<': <built-in function lt>, '<=': <built-in function le>, '>': <built-in function gt>, '>=': <built-in function ge>, '=': <built-in function eq>, '!=': <built-in function ne>}
IE_TRACE:             14:50:14.339388 line      2532     operator_rex = re.compile(r'''(?x)\s*
IE_TRACE:             14:50:14.339410 line      2541         ''' % '|'.join(map(re.escape, COMPARISON_OPERATORS.keys())))
IE_TRACE:             Source path:... /path/to/BugsInPy/workspace/youtube-dl/youtube_dl/utils.py
IE_TRACE:             14:50:14.339823 line      2532     operator_rex = re.compile(r'''(?x)\s*
IE_TRACE:             Source path:... /path/to/BugsInPy/workspace/youtube-dl/youtube_dl/utils.py
IE_TRACE:             New var:....... operator_rex = re.compile('(?x)\\s*\n        (?P<key>[a-z_]+)\n        \\s*(?P<op><|<=|>|>=|=|!=)(?P<none_inclusive>\\s*\\?)?\\s*\n        (?:\n            (?P<intval>[0-9.]+(?:[kKmMgGtTpPeEzZyY]i?[Bb]?)?)|\n            (?P<qu, re.VERBOSE)
IE_TRACE:             14:50:14.340016 line      2542     m = operator_rex.search(filter_part)
IE_TRACE:             New var:....... m = <re.Match object; span=(0, 8), match='x>=1100 '>
IE_TRACE:             14:50:14.340047 line      2543     if m:
IE_TRACE:             14:50:14.340074 line      2544         op = COMPARISON_OPERATORS[m.group('op')]
IE_TRACE:             New var:....... op = <built-in function ge>
IE_TRACE:             14:50:14.340097 line      2545         actual_value = dct.get(m.group('key'))
IE_TRACE:             New var:....... actual_value = 1200
IE_TRACE:             14:50:14.340123 line      2546         if (m.group('quotedstrval') is not None or
IE_TRACE:             14:50:14.340151 line      2547             m.group('strval') is not None or
IE_TRACE:             14:50:14.340174 line      2552             actual_value is not None and m.group('intval') is not None and
IE_TRACE:             14:50:14.340198 line      2553                 isinstance(actual_value, compat_str)):
IE_TRACE:             14:50:14.340222 line      2562             try:
IE_TRACE:             14:50:14.340246 line      2563                 comparison_value = int(m.group('intval'))
IE_TRACE:             New var:....... comparison_value = 1100
IE_TRACE:             14:50:14.340269 line      2572         if actual_value is None:
IE_TRACE:             14:50:14.340298 line      2574         return op(actual_value, comparison_value)
IE_TRACE:             14:50:14.340322 return    2574         return op(actual_value, comparison_value)
IE_TRACE:             Return value:.. True
IE_TRACE:         New var:....... filter_part = 'x>=1100 '
IE_TRACE:         14:50:14.340352 return    2597         _match_one(filter_part, dct) for filter_part in filter_str.split('&'))
IE_TRACE:         Return value:.. True
IE_TRACE:         Starting var:.. .0 = <list_iterator object at 0x7f7f36b65390>
IE_TRACE:         Starting var:.. filter_part = 'x>=1100 '
IE_TRACE:         Starting var:.. dct = {'x': 1200}
IE_TRACE:         14:50:14.340377 call      2597         _match_one(filter_part, dct) for filter_part in filter_str.split('&'))
IE_TRACE:         14:50:14.340403 line      2596     return all(
IE_TRACE:         14:50:14.340417 line      2597         _match_one(filter_part, dct) for filter_part in filter_str.split('&'))
IE_TRACE:             Starting var:.. filter_part = ' x < 1200'
IE_TRACE:             Starting var:.. dct = {'x': 1200}
IE_TRACE:             14:50:14.340433 call      2523 def _match_one(filter_part, dct):
IE_TRACE:             14:50:14.340457 line      2525         '<': operator.lt,
IE_TRACE:             14:50:14.340473 line      2526         '<=': operator.le,
IE_TRACE:             14:50:14.340489 line      2527         '>': operator.gt,
IE_TRACE:             14:50:14.340505 line      2528         '>=': operator.ge,
IE_TRACE:             14:50:14.340521 line      2529         '=': operator.eq,
IE_TRACE:             14:50:14.340537 line      2530         '!=': operator.ne,
IE_TRACE:             14:50:14.340552 line      2524     COMPARISON_OPERATORS = {
IE_TRACE:             New var:....... COMPARISON_OPERATORS = {'<': <built-in function lt>, '<=': <built-in function le>, '>': <built-in function gt>, '>=': <built-in function ge>, '=': <built-in function eq>, '!=': <built-in function ne>}
IE_TRACE:             14:50:14.340571 line      2532     operator_rex = re.compile(r'''(?x)\s*
IE_TRACE:             14:50:14.340593 line      2541         ''' % '|'.join(map(re.escape, COMPARISON_OPERATORS.keys())))
IE_TRACE:             Source path:... /path/to/BugsInPy/workspace/youtube-dl/youtube_dl/utils.py
IE_TRACE:             14:50:14.340993 line      2532     operator_rex = re.compile(r'''(?x)\s*
IE_TRACE:             Source path:... /path/to/BugsInPy/workspace/youtube-dl/youtube_dl/utils.py
IE_TRACE:             New var:....... operator_rex = re.compile('(?x)\\s*\n        (?P<key>[a-z_]+)\n        \\s*(?P<op><|<=|>|>=|=|!=)(?P<none_inclusive>\\s*\\?)?\\s*\n        (?:\n            (?P<intval>[0-9.]+(?:[kKmMgGtTpPeEzZyY]i?[Bb]?)?)|\n            (?P<qu, re.VERBOSE)
IE_TRACE:             14:50:14.341185 line      2542     m = operator_rex.search(filter_part)
IE_TRACE:             New var:....... m = <re.Match object; span=(0, 9), match=' x < 1200'>
IE_TRACE:             14:50:14.341215 line      2543     if m:
IE_TRACE:             14:50:14.341241 line      2544         op = COMPARISON_OPERATORS[m.group('op')]
IE_TRACE:             New var:....... op = <built-in function lt>
IE_TRACE:             14:50:14.341263 line      2545         actual_value = dct.get(m.group('key'))
IE_TRACE:             New var:....... actual_value = 1200
IE_TRACE:             14:50:14.341290 line      2546         if (m.group('quotedstrval') is not None or
IE_TRACE:             14:50:14.341317 line      2547             m.group('strval') is not None or
IE_TRACE:             14:50:14.341340 line      2552             actual_value is not None and m.group('intval') is not None and
IE_TRACE:             14:50:14.341364 line      2553                 isinstance(actual_value, compat_str)):
IE_TRACE:             14:50:14.341387 line      2562             try:
IE_TRACE:             14:50:14.341410 line      2563                 comparison_value = int(m.group('intval'))
IE_TRACE:             New var:....... comparison_value = 1200
IE_TRACE:             14:50:14.341433 line      2572         if actual_value is None:
IE_TRACE:             14:50:14.341461 line      2574         return op(actual_value, comparison_value)
IE_TRACE:             14:50:14.341485 return    2574         return op(actual_value, comparison_value)
IE_TRACE:             Return value:.. False
IE_TRACE:         Modified var:.. filter_part = ' x < 1200'
IE_TRACE:         14:50:14.341514 return    2597         _match_one(filter_part, dct) for filter_part in filter_str.split('&'))
IE_TRACE:         Return value:.. False
IE_TRACE:     14:50:14.341537 return    2596     return all(
IE_TRACE:     Return value:.. False
IE_TRACE: Source path:... /path/to/BugsInPy/workspace/youtube-dl/test/test_utils.py
IE_TRACE: 14:50:14.341624 line      1062         self.assertFalse(match_str('y=a212', {'y': 'foobar42'}))
IE_TRACE:     Source path:... /path/to/BugsInPy/workspace/youtube-dl/youtube_dl/utils.py
IE_TRACE:     Starting var:.. filter_str = 'y=a212'
IE_TRACE:     Starting var:.. dct = {'y': 'foobar42'}
IE_TRACE:     14:50:14.341642 call      2593 def match_str(filter_str, dct):
IE_TRACE:     14:50:14.341668 line      2596     return all(
IE_TRACE:     14:50:14.341682 line      2597         _match_one(filter_part, dct) for filter_part in filter_str.split('&'))
IE_TRACE:     14:50:14.341696 line      2596     return all(
IE_TRACE:         Starting var:.. .0 = <list_iterator object at 0x7f7f358f4fd0>
IE_TRACE:         Starting var:.. dct = {'y': 'foobar42'}
IE_TRACE:         14:50:14.341709 call      2596     return all(
IE_TRACE:         14:50:14.341731 line      2596     return all(
IE_TRACE:         14:50:14.341745 line      2597         _match_one(filter_part, dct) for filter_part in filter_str.split('&'))
IE_TRACE:             Starting var:.. filter_part = 'y=a212'
IE_TRACE:             Starting var:.. dct = {'y': 'foobar42'}
IE_TRACE:             14:50:14.341761 call      2523 def _match_one(filter_part, dct):
IE_TRACE:             14:50:14.341785 line      2525         '<': operator.lt,
IE_TRACE:             14:50:14.341801 line      2526         '<=': operator.le,
IE_TRACE:             14:50:14.341816 line      2527         '>': operator.gt,
IE_TRACE:             14:50:14.341832 line      2528         '>=': operator.ge,
IE_TRACE:             14:50:14.341848 line      2529         '=': operator.eq,
IE_TRACE:             14:50:14.341863 line      2530         '!=': operator.ne,
IE_TRACE:             14:50:14.341879 line      2524     COMPARISON_OPERATORS = {
IE_TRACE:             New var:....... COMPARISON_OPERATORS = {'<': <built-in function lt>, '<=': <built-in function le>, '>': <built-in function gt>, '>=': <built-in function ge>, '=': <built-in function eq>, '!=': <built-in function ne>}
IE_TRACE:             14:50:14.341894 line      2532     operator_rex = re.compile(r'''(?x)\s*
IE_TRACE:             14:50:14.341916 line      2541         ''' % '|'.join(map(re.escape, COMPARISON_OPERATORS.keys())))
IE_TRACE:             Source path:... /path/to/BugsInPy/workspace/youtube-dl/youtube_dl/utils.py
IE_TRACE:             14:50:14.342309 line      2532     operator_rex = re.compile(r'''(?x)\s*
IE_TRACE:             Source path:... /path/to/BugsInPy/workspace/youtube-dl/youtube_dl/utils.py
IE_TRACE:             New var:....... operator_rex = re.compile('(?x)\\s*\n        (?P<key>[a-z_]+)\n        \\s*(?P<op><|<=|>|>=|=|!=)(?P<none_inclusive>\\s*\\?)?\\s*\n        (?:\n            (?P<intval>[0-9.]+(?:[kKmMgGtTpPeEzZyY]i?[Bb]?)?)|\n            (?P<qu, re.VERBOSE)
IE_TRACE:             14:50:14.342498 line      2542     m = operator_rex.search(filter_part)
IE_TRACE:             New var:....... m = <re.Match object; span=(0, 6), match='y=a212'>
IE_TRACE:             14:50:14.342528 line      2543     if m:
IE_TRACE:             14:50:14.342554 line      2544         op = COMPARISON_OPERATORS[m.group('op')]
IE_TRACE:             New var:....... op = <built-in function eq>
IE_TRACE:             14:50:14.342579 line      2545         actual_value = dct.get(m.group('key'))
IE_TRACE:             New var:....... actual_value = 'foobar42'
IE_TRACE:             14:50:14.342606 line      2546         if (m.group('quotedstrval') is not None or
IE_TRACE:             14:50:14.342633 line      2547             m.group('strval') is not None or
IE_TRACE:             14:50:14.342657 line      2554             if m.group('op') not in ('=', '!='):
IE_TRACE:             14:50:14.342681 line      2557             comparison_value = m.group('quotedstrval') or m.group('strval') or m.group('intval')
IE_TRACE:             New var:....... comparison_value = 'a212'
IE_TRACE:             14:50:14.342705 line      2558             quote = m.group('quote')
IE_TRACE:             New var:....... quote = None
IE_TRACE:             14:50:14.342733 line      2559             if quote is not None:
IE_TRACE:             14:50:14.342763 line      2572         if actual_value is None:
IE_TRACE:             14:50:14.342788 line      2574         return op(actual_value, comparison_value)
IE_TRACE:             14:50:14.342813 return    2574         return op(actual_value, comparison_value)
IE_TRACE:             Return value:.. False
IE_TRACE:         New var:....... filter_part = 'y=a212'
IE_TRACE:         14:50:14.342843 return    2597         _match_one(filter_part, dct) for filter_part in filter_str.split('&'))
IE_TRACE:         Return value:.. False
IE_TRACE:     14:50:14.342866 return    2596     return all(
IE_TRACE:     Return value:.. False
IE_TRACE: Source path:... /path/to/BugsInPy/workspace/youtube-dl/test/test_utils.py
IE_TRACE: 14:50:14.342949 line      1063         self.assertTrue(match_str('y=foobar42', {'y': 'foobar42'}))
IE_TRACE:     Source path:... /path/to/BugsInPy/workspace/youtube-dl/youtube_dl/utils.py
IE_TRACE:     Starting var:.. filter_str = 'y=foobar42'
IE_TRACE:     Starting var:.. dct = {'y': 'foobar42'}
IE_TRACE:     14:50:14.342966 call      2593 def match_str(filter_str, dct):
IE_TRACE:     14:50:14.342992 line      2596     return all(
IE_TRACE:     14:50:14.343005 line      2597         _match_one(filter_part, dct) for filter_part in filter_str.split('&'))
IE_TRACE:     14:50:14.343017 line      2596     return all(
IE_TRACE:         Starting var:.. .0 = <list_iterator object at 0x7f7f358f4fd0>
IE_TRACE:         Starting var:.. dct = {'y': 'foobar42'}
IE_TRACE:         14:50:14.343030 call      2596     return all(
IE_TRACE:         14:50:14.343054 line      2596     return all(
IE_TRACE:         14:50:14.343067 line      2597         _match_one(filter_part, dct) for filter_part in filter_str.split('&'))
IE_TRACE:             Starting var:.. filter_part = 'y=foobar42'
IE_TRACE:             Starting var:.. dct = {'y': 'foobar42'}
IE_TRACE:             14:50:14.343083 call      2523 def _match_one(filter_part, dct):
IE_TRACE:             14:50:14.343106 line      2525         '<': operator.lt,
IE_TRACE:             14:50:14.343122 line      2526         '<=': operator.le,
IE_TRACE:             14:50:14.343137 line      2527         '>': operator.gt,
IE_TRACE:             14:50:14.343153 line      2528         '>=': operator.ge,
IE_TRACE:             14:50:14.343169 line      2529         '=': operator.eq,
IE_TRACE:             14:50:14.343184 line      2530         '!=': operator.ne,
IE_TRACE:             14:50:14.343199 line      2524     COMPARISON_OPERATORS = {
IE_TRACE:             New var:....... COMPARISON_OPERATORS = {'<': <built-in function lt>, '<=': <built-in function le>, '>': <built-in function gt>, '>=': <built-in function ge>, '=': <built-in function eq>, '!=': <built-in function ne>}
IE_TRACE:             14:50:14.343215 line      2532     operator_rex = re.compile(r'''(?x)\s*
IE_TRACE:             14:50:14.343236 line      2541         ''' % '|'.join(map(re.escape, COMPARISON_OPERATORS.keys())))
IE_TRACE:             Source path:... /path/to/BugsInPy/workspace/youtube-dl/youtube_dl/utils.py
IE_TRACE:             14:50:14.343631 line      2532     operator_rex = re.compile(r'''(?x)\s*
IE_TRACE:             Source path:... /path/to/BugsInPy/workspace/youtube-dl/youtube_dl/utils.py
IE_TRACE:             New var:....... operator_rex = re.compile('(?x)\\s*\n        (?P<key>[a-z_]+)\n        \\s*(?P<op><|<=|>|>=|=|!=)(?P<none_inclusive>\\s*\\?)?\\s*\n        (?:\n            (?P<intval>[0-9.]+(?:[kKmMgGtTpPeEzZyY]i?[Bb]?)?)|\n            (?P<qu, re.VERBOSE)
IE_TRACE:             14:50:14.343817 line      2542     m = operator_rex.search(filter_part)
IE_TRACE:             New var:....... m = <re.Match object; span=(0, 10), match='y=foobar42'>
IE_TRACE:             14:50:14.343846 line      2543     if m:
IE_TRACE:             14:50:14.343872 line      2544         op = COMPARISON_OPERATORS[m.group('op')]
IE_TRACE:             New var:....... op = <built-in function eq>
IE_TRACE:             14:50:14.343893 line      2545         actual_value = dct.get(m.group('key'))
IE_TRACE:             New var:....... actual_value = 'foobar42'
IE_TRACE:             14:50:14.343919 line      2546         if (m.group('quotedstrval') is not None or
IE_TRACE:             14:50:14.343946 line      2547             m.group('strval') is not None or
IE_TRACE:             14:50:14.343969 line      2554             if m.group('op') not in ('=', '!='):
IE_TRACE:             14:50:14.343992 line      2557             comparison_value = m.group('quotedstrval') or m.group('strval') or m.group('intval')
IE_TRACE:             New var:....... comparison_value = 'foobar42'
IE_TRACE:             14:50:14.344015 line      2558             quote = m.group('quote')
IE_TRACE:             New var:....... quote = None
IE_TRACE:             14:50:14.344043 line      2559             if quote is not None:
IE_TRACE:             14:50:14.344072 line      2572         if actual_value is None:
IE_TRACE:             14:50:14.344097 line      2574         return op(actual_value, comparison_value)
IE_TRACE:             14:50:14.344122 return    2574         return op(actual_value, comparison_value)
IE_TRACE:             Return value:.. True
IE_TRACE:         New var:....... filter_part = 'y=foobar42'
IE_TRACE:         14:50:14.344151 return    2597         _match_one(filter_part, dct) for filter_part in filter_str.split('&'))
IE_TRACE:         Return value:.. True
IE_TRACE:         Starting var:.. .0 = <list_iterator object at 0x7f7f358f4fd0>
IE_TRACE:         Starting var:.. filter_part = 'y=foobar42'
IE_TRACE:         Starting var:.. dct = {'y': 'foobar42'}
IE_TRACE:         14:50:14.344174 call      2597         _match_one(filter_part, dct) for filter_part in filter_str.split('&'))
IE_TRACE:         14:50:14.344199 line      2596     return all(
IE_TRACE:         14:50:14.344214 return    2596     return all(
IE_TRACE:         Return value:.. None
IE_TRACE:     14:50:14.344233 return    2596     return all(
IE_TRACE:     Return value:.. True
IE_TRACE: Source path:... /path/to/BugsInPy/workspace/youtube-dl/test/test_utils.py
IE_TRACE: 14:50:14.344377 line      1064         self.assertFalse(match_str('y!=foobar42', {'y': 'foobar42'}))
IE_TRACE:     Source path:... /path/to/BugsInPy/workspace/youtube-dl/youtube_dl/utils.py
IE_TRACE:     Starting var:.. filter_str = 'y!=foobar42'
IE_TRACE:     Starting var:.. dct = {'y': 'foobar42'}
IE_TRACE:     14:50:14.344405 call      2593 def match_str(filter_str, dct):
IE_TRACE:     14:50:14.344445 line      2596     return all(
IE_TRACE:     14:50:14.344463 line      2597         _match_one(filter_part, dct) for filter_part in filter_str.split('&'))
IE_TRACE:     14:50:14.344478 line      2596     return all(
IE_TRACE:         Starting var:.. .0 = <list_iterator object at 0x7f7f358f5390>
IE_TRACE:         Starting var:.. dct = {'y': 'foobar42'}
IE_TRACE:         14:50:14.344493 call      2596     return all(
IE_TRACE:         14:50:14.344518 line      2596     return all(
IE_TRACE:         14:50:14.344533 line      2597         _match_one(filter_part, dct) for filter_part in filter_str.split('&'))
IE_TRACE:             Starting var:.. filter_part = 'y!=foobar42'
IE_TRACE:             Starting var:.. dct = {'y': 'foobar42'}
IE_TRACE:             14:50:14.344550 call      2523 def _match_one(filter_part, dct):
IE_TRACE:             14:50:14.344580 line      2525         '<': operator.lt,
IE_TRACE:             14:50:14.344596 line      2526         '<=': operator.le,
IE_TRACE:             14:50:14.344611 line      2527         '>': operator.gt,
IE_TRACE:             14:50:14.344626 line      2528         '>=': operator.ge,
IE_TRACE:             14:50:14.344642 line      2529         '=': operator.eq,
IE_TRACE:             14:50:14.344657 line      2530         '!=': operator.ne,
IE_TRACE:             14:50:14.344672 line      2524     COMPARISON_OPERATORS = {
IE_TRACE:             New var:....... COMPARISON_OPERATORS = {'<': <built-in function lt>, '<=': <built-in function le>, '>': <built-in function gt>, '>=': <built-in function ge>, '=': <built-in function eq>, '!=': <built-in function ne>}
IE_TRACE:             14:50:14.344688 line      2532     operator_rex = re.compile(r'''(?x)\s*
IE_TRACE:             14:50:14.344711 line      2541         ''' % '|'.join(map(re.escape, COMPARISON_OPERATORS.keys())))
IE_TRACE:             Source path:... /path/to/BugsInPy/workspace/youtube-dl/youtube_dl/utils.py
IE_TRACE:             14:50:14.345124 line      2532     operator_rex = re.compile(r'''(?x)\s*
IE_TRACE:             Source path:... /path/to/BugsInPy/workspace/youtube-dl/youtube_dl/utils.py
IE_TRACE:             New var:....... operator_rex = re.compile('(?x)\\s*\n        (?P<key>[a-z_]+)\n        \\s*(?P<op><|<=|>|>=|=|!=)(?P<none_inclusive>\\s*\\?)?\\s*\n        (?:\n            (?P<intval>[0-9.]+(?:[kKmMgGtTpPeEzZyY]i?[Bb]?)?)|\n            (?P<qu, re.VERBOSE)
IE_TRACE:             14:50:14.345324 line      2542     m = operator_rex.search(filter_part)
IE_TRACE:             New var:....... m = <re.Match object; span=(0, 11), match='y!=foobar42'>
IE_TRACE:             14:50:14.345357 line      2543     if m:
IE_TRACE:             14:50:14.345384 line      2544         op = COMPARISON_OPERATORS[m.group('op')]
IE_TRACE:             New var:....... op = <built-in function ne>
IE_TRACE:             14:50:14.345406 line      2545         actual_value = dct.get(m.group('key'))
IE_TRACE:             New var:....... actual_value = 'foobar42'
IE_TRACE:             14:50:14.345434 line      2546         if (m.group('quotedstrval') is not None or
IE_TRACE:             14:50:14.345462 line      2547             m.group('strval') is not None or
IE_TRACE:             14:50:14.345485 line      2554             if m.group('op') not in ('=', '!='):
IE_TRACE:             14:50:14.345509 line      2557             comparison_value = m.group('quotedstrval') or m.group('strval') or m.group('intval')
IE_TRACE:             New var:....... comparison_value = 'foobar42'
IE_TRACE:             14:50:14.345532 line      2558             quote = m.group('quote')
IE_TRACE:             New var:....... quote = None
IE_TRACE:             14:50:14.345560 line      2559             if quote is not None:
IE_TRACE:             14:50:14.345593 line      2572         if actual_value is None:
IE_TRACE:             14:50:14.345618 line      2574         return op(actual_value, comparison_value)
IE_TRACE:             14:50:14.345643 return    2574         return op(actual_value, comparison_value)
IE_TRACE:             Return value:.. False
IE_TRACE:         New var:....... filter_part = 'y!=foobar42'
IE_TRACE:         14:50:14.345674 return    2597         _match_one(filter_part, dct) for filter_part in filter_str.split('&'))
IE_TRACE:         Return value:.. False
IE_TRACE:     14:50:14.345701 return    2596     return all(
IE_TRACE:     Return value:.. False
IE_TRACE: Source path:... /path/to/BugsInPy/workspace/youtube-dl/test/test_utils.py
IE_TRACE: 14:50:14.345794 line      1065         self.assertTrue(match_str('y!=foobar2', {'y': 'foobar42'}))
IE_TRACE:     Source path:... /path/to/BugsInPy/workspace/youtube-dl/youtube_dl/utils.py
IE_TRACE:     Starting var:.. filter_str = 'y!=foobar2'
IE_TRACE:     Starting var:.. dct = {'y': 'foobar42'}
IE_TRACE:     14:50:14.345814 call      2593 def match_str(filter_str, dct):
IE_TRACE:     14:50:14.345847 line      2596     return all(
IE_TRACE:     14:50:14.345861 line      2597         _match_one(filter_part, dct) for filter_part in filter_str.split('&'))
IE_TRACE:     14:50:14.345873 line      2596     return all(
IE_TRACE:         Starting var:.. .0 = <list_iterator object at 0x7f7f358f4fd0>
IE_TRACE:         Starting var:.. dct = {'y': 'foobar42'}
IE_TRACE:         14:50:14.345886 call      2596     return all(
IE_TRACE:         14:50:14.345908 line      2596     return all(
IE_TRACE:         14:50:14.345925 line      2597         _match_one(filter_part, dct) for filter_part in filter_str.split('&'))
IE_TRACE:             Starting var:.. filter_part = 'y!=foobar2'
IE_TRACE:             Starting var:.. dct = {'y': 'foobar42'}
IE_TRACE:             14:50:14.345942 call      2523 def _match_one(filter_part, dct):
IE_TRACE:             14:50:14.345966 line      2525         '<': operator.lt,
IE_TRACE:             14:50:14.345981 line      2526         '<=': operator.le,
IE_TRACE:             14:50:14.345997 line      2527         '>': operator.gt,
IE_TRACE:             14:50:14.346012 line      2528         '>=': operator.ge,
IE_TRACE:             14:50:14.346027 line      2529         '=': operator.eq,
IE_TRACE:             14:50:14.346042 line      2530         '!=': operator.ne,
IE_TRACE:             14:50:14.346057 line      2524     COMPARISON_OPERATORS = {
IE_TRACE:             New var:....... COMPARISON_OPERATORS = {'<': <built-in function lt>, '<=': <built-in function le>, '>': <built-in function gt>, '>=': <built-in function ge>, '=': <built-in function eq>, '!=': <built-in function ne>}
IE_TRACE:             14:50:14.346072 line      2532     operator_rex = re.compile(r'''(?x)\s*
IE_TRACE:             14:50:14.346094 line      2541         ''' % '|'.join(map(re.escape, COMPARISON_OPERATORS.keys())))
IE_TRACE:             Source path:... /path/to/BugsInPy/workspace/youtube-dl/youtube_dl/utils.py
IE_TRACE:             14:50:14.346492 line      2532     operator_rex = re.compile(r'''(?x)\s*
IE_TRACE:             Source path:... /path/to/BugsInPy/workspace/youtube-dl/youtube_dl/utils.py
IE_TRACE:             New var:....... operator_rex = re.compile('(?x)\\s*\n        (?P<key>[a-z_]+)\n        \\s*(?P<op><|<=|>|>=|=|!=)(?P<none_inclusive>\\s*\\?)?\\s*\n        (?:\n            (?P<intval>[0-9.]+(?:[kKmMgGtTpPeEzZyY]i?[Bb]?)?)|\n            (?P<qu, re.VERBOSE)
IE_TRACE:             14:50:14.346686 line      2542     m = operator_rex.search(filter_part)
IE_TRACE:             New var:....... m = <re.Match object; span=(0, 10), match='y!=foobar2'>
IE_TRACE:             14:50:14.346719 line      2543     if m:
IE_TRACE:             14:50:14.346744 line      2544         op = COMPARISON_OPERATORS[m.group('op')]
IE_TRACE:             New var:....... op = <built-in function ne>
IE_TRACE:             14:50:14.346768 line      2545         actual_value = dct.get(m.group('key'))
IE_TRACE:             New var:....... actual_value = 'foobar42'
IE_TRACE:             14:50:14.346797 line      2546         if (m.group('quotedstrval') is not None or
IE_TRACE:             14:50:14.346823 line      2547             m.group('strval') is not None or
IE_TRACE:             14:50:14.346847 line      2554             if m.group('op') not in ('=', '!='):
IE_TRACE:             14:50:14.346870 line      2557             comparison_value = m.group('quotedstrval') or m.group('strval') or m.group('intval')
IE_TRACE:             New var:....... comparison_value = 'foobar2'
IE_TRACE:             14:50:14.346894 line      2558             quote = m.group('quote')
IE_TRACE:             New var:....... quote = None
IE_TRACE:             14:50:14.346922 line      2559             if quote is not None:
IE_TRACE:             14:50:14.346950 line      2572         if actual_value is None:
IE_TRACE:             14:50:14.346974 line      2574         return op(actual_value, comparison_value)
IE_TRACE:             14:50:14.346999 return    2574         return op(actual_value, comparison_value)
IE_TRACE:             Return value:.. True
IE_TRACE:         New var:....... filter_part = 'y!=foobar2'
IE_TRACE:         14:50:14.347029 return    2597         _match_one(filter_part, dct) for filter_part in filter_str.split('&'))
IE_TRACE:         Return value:.. True
IE_TRACE:         Starting var:.. .0 = <list_iterator object at 0x7f7f358f4fd0>
IE_TRACE:         Starting var:.. filter_part = 'y!=foobar2'
IE_TRACE:         Starting var:.. dct = {'y': 'foobar42'}
IE_TRACE:         14:50:14.347053 call      2597         _match_one(filter_part, dct) for filter_part in filter_str.split('&'))
IE_TRACE:         14:50:14.347078 line      2596     return all(
IE_TRACE:         14:50:14.347092 return    2596     return all(
IE_TRACE:         Return value:.. None
IE_TRACE:     14:50:14.347118 return    2596     return all(
IE_TRACE:     Return value:.. True
IE_TRACE: Source path:... /path/to/BugsInPy/workspace/youtube-dl/test/test_utils.py
IE_TRACE: 14:50:14.347205 line      1066         self.assertFalse(match_str(
IE_TRACE: 14:50:14.347221 line      1067             'like_count > 100 & dislike_count <? 50 & description',
IE_TRACE: 14:50:14.347233 line      1068             {'like_count': 90, 'description': 'foo'}))
IE_TRACE: 14:50:14.347244 line      1066         self.assertFalse(match_str(
IE_TRACE:     Source path:... /path/to/BugsInPy/workspace/youtube-dl/youtube_dl/utils.py
IE_TRACE:     Starting var:.. filter_str = 'like_count > 100 & dislike_count <? 50 & description'
IE_TRACE:     Starting var:.. dct = {'like_count': 90, 'description': 'foo'}
IE_TRACE:     14:50:14.347256 call      2593 def match_str(filter_str, dct):
IE_TRACE:     14:50:14.347281 line      2596     return all(
IE_TRACE:     14:50:14.347294 line      2597         _match_one(filter_part, dct) for filter_part in filter_str.split('&'))
IE_TRACE:     14:50:14.347307 line      2596     return all(
IE_TRACE:         Starting var:.. .0 = <list_iterator object at 0x7f7f358f4fd0>
IE_TRACE:         Starting var:.. dct = {'like_count': 90, 'description': 'foo'}
IE_TRACE:         14:50:14.347322 call      2596     return all(
IE_TRACE:         14:50:14.347350 line      2596     return all(
IE_TRACE:         14:50:14.347371 line      2597         _match_one(filter_part, dct) for filter_part in filter_str.split('&'))
IE_TRACE:             Starting var:.. filter_part = 'like_count > 100 '
IE_TRACE:             Starting var:.. dct = {'like_count': 90, 'description': 'foo'}
IE_TRACE:             14:50:14.347390 call      2523 def _match_one(filter_part, dct):
IE_TRACE:             14:50:14.347414 line      2525         '<': operator.lt,
IE_TRACE:             14:50:14.347432 line      2526         '<=': operator.le,
IE_TRACE:             14:50:14.347447 line      2527         '>': operator.gt,
IE_TRACE:             14:50:14.347462 line      2528         '>=': operator.ge,
IE_TRACE:             14:50:14.347477 line      2529         '=': operator.eq,
IE_TRACE:             14:50:14.347495 line      2530         '!=': operator.ne,
IE_TRACE:             14:50:14.347510 line      2524     COMPARISON_OPERATORS = {
IE_TRACE:             New var:....... COMPARISON_OPERATORS = {'<': <built-in function lt>, '<=': <built-in function le>, '>': <built-in function gt>, '>=': <built-in function ge>, '=': <built-in function eq>, '!=': <built-in function ne>}
IE_TRACE:             14:50:14.347528 line      2532     operator_rex = re.compile(r'''(?x)\s*
IE_TRACE:             14:50:14.347550 line      2541         ''' % '|'.join(map(re.escape, COMPARISON_OPERATORS.keys())))
IE_TRACE:             Source path:... /path/to/BugsInPy/workspace/youtube-dl/youtube_dl/utils.py
IE_TRACE:             14:50:14.347940 line      2532     operator_rex = re.compile(r'''(?x)\s*
IE_TRACE:             Source path:... /path/to/BugsInPy/workspace/youtube-dl/youtube_dl/utils.py
IE_TRACE:             New var:....... operator_rex = re.compile('(?x)\\s*\n        (?P<key>[a-z_]+)\n        \\s*(?P<op><|<=|>|>=|=|!=)(?P<none_inclusive>\\s*\\?)?\\s*\n        (?:\n            (?P<intval>[0-9.]+(?:[kKmMgGtTpPeEzZyY]i?[Bb]?)?)|\n            (?P<qu, re.VERBOSE)
IE_TRACE:             14:50:14.348125 line      2542     m = operator_rex.search(filter_part)
IE_TRACE:             New var:....... m = <re.Match object; span=(0, 17), match='like_count > 100 '>
IE_TRACE:             14:50:14.348154 line      2543     if m:
IE_TRACE:             14:50:14.348180 line      2544         op = COMPARISON_OPERATORS[m.group('op')]
IE_TRACE:             New var:....... op = <built-in function gt>
IE_TRACE:             14:50:14.348201 line      2545         actual_value = dct.get(m.group('key'))
IE_TRACE:             New var:....... actual_value = 90
IE_TRACE:             14:50:14.348227 line      2546         if (m.group('quotedstrval') is not None or
IE_TRACE:             14:50:14.348253 line      2547             m.group('strval') is not None or
IE_TRACE:             14:50:14.348276 line      2552             actual_value is not None and m.group('intval') is not None and
IE_TRACE:             14:50:14.348299 line      2553                 isinstance(actual_value, compat_str)):
IE_TRACE:             14:50:14.348321 line      2562             try:
IE_TRACE:             14:50:14.348343 line      2563                 comparison_value = int(m.group('intval'))
IE_TRACE:             New var:....... comparison_value = 100
IE_TRACE:             14:50:14.348367 line      2572         if actual_value is None:
IE_TRACE:             14:50:14.348395 line      2574         return op(actual_value, comparison_value)
IE_TRACE:             14:50:14.348419 return    2574         return op(actual_value, comparison_value)
IE_TRACE:             Return value:.. False
IE_TRACE:         New var:....... filter_part = 'like_count > 100 '
IE_TRACE:         14:50:14.348447 return    2597         _match_one(filter_part, dct) for filter_part in filter_str.split('&'))
IE_TRACE:         Return value:.. False
IE_TRACE:     14:50:14.348470 return    2596     return all(
IE_TRACE:     Return value:.. False
IE_TRACE: Source path:... /path/to/BugsInPy/workspace/youtube-dl/test/test_utils.py
IE_TRACE: 14:50:14.348550 line      1069         self.assertTrue(match_str(
IE_TRACE: 14:50:14.348568 line      1070             'like_count > 100 & dislike_count <? 50 & description',
IE_TRACE: 14:50:14.348580 line      1071             {'like_count': 190, 'description': 'foo'}))
IE_TRACE: 14:50:14.348591 line      1069         self.assertTrue(match_str(
IE_TRACE:     Source path:... /path/to/BugsInPy/workspace/youtube-dl/youtube_dl/utils.py
IE_TRACE:     Starting var:.. filter_str = 'like_count > 100 & dislike_count <? 50 & description'
IE_TRACE:     Starting var:.. dct = {'like_count': 190, 'description': 'foo'}
IE_TRACE:     14:50:14.348602 call      2593 def match_str(filter_str, dct):
IE_TRACE:     14:50:14.348627 line      2596     return all(
IE_TRACE:     14:50:14.348640 line      2597         _match_one(filter_part, dct) for filter_part in filter_str.split('&'))
IE_TRACE:     14:50:14.348652 line      2596     return all(
IE_TRACE:         Starting var:.. .0 = <list_iterator object at 0x7f7f358f5390>
IE_TRACE:         Starting var:.. dct = {'like_count': 190, 'description': 'foo'}
IE_TRACE:         14:50:14.348665 call      2596     return all(
IE_TRACE:         14:50:14.348686 line      2596     return all(
IE_TRACE:         14:50:14.348700 line      2597         _match_one(filter_part, dct) for filter_part in filter_str.split('&'))
IE_TRACE:             Starting var:.. filter_part = 'like_count > 100 '
IE_TRACE:             Starting var:.. dct = {'like_count': 190, 'description': 'foo'}
IE_TRACE:             14:50:14.348715 call      2523 def _match_one(filter_part, dct):
IE_TRACE:             14:50:14.348738 line      2525         '<': operator.lt,
IE_TRACE:             14:50:14.348753 line      2526         '<=': operator.le,
IE_TRACE:             14:50:14.348768 line      2527         '>': operator.gt,
IE_TRACE:             14:50:14.348783 line      2528         '>=': operator.ge,
IE_TRACE:             14:50:14.348798 line      2529         '=': operator.eq,
IE_TRACE:             14:50:14.348813 line      2530         '!=': operator.ne,
IE_TRACE:             14:50:14.348827 line      2524     COMPARISON_OPERATORS = {
IE_TRACE:             New var:....... COMPARISON_OPERATORS = {'<': <built-in function lt>, '<=': <built-in function le>, '>': <built-in function gt>, '>=': <built-in function ge>, '=': <built-in function eq>, '!=': <built-in function ne>}
IE_TRACE:             14:50:14.348842 line      2532     operator_rex = re.compile(r'''(?x)\s*
IE_TRACE:             14:50:14.348863 line      2541         ''' % '|'.join(map(re.escape, COMPARISON_OPERATORS.keys())))
IE_TRACE:             Source path:... /path/to/BugsInPy/workspace/youtube-dl/youtube_dl/utils.py
IE_TRACE:             14:50:14.349248 line      2532     operator_rex = re.compile(r'''(?x)\s*
IE_TRACE:             Source path:... /path/to/BugsInPy/workspace/youtube-dl/youtube_dl/utils.py
IE_TRACE:             New var:....... operator_rex = re.compile('(?x)\\s*\n        (?P<key>[a-z_]+)\n        \\s*(?P<op><|<=|>|>=|=|!=)(?P<none_inclusive>\\s*\\?)?\\s*\n        (?:\n            (?P<intval>[0-9.]+(?:[kKmMgGtTpPeEzZyY]i?[Bb]?)?)|\n            (?P<qu, re.VERBOSE)
IE_TRACE:             14:50:14.349428 line      2542     m = operator_rex.search(filter_part)
IE_TRACE:             New var:....... m = <re.Match object; span=(0, 17), match='like_count > 100 '>
IE_TRACE:             14:50:14.349456 line      2543     if m:
IE_TRACE:             14:50:14.349480 line      2544         op = COMPARISON_OPERATORS[m.group('op')]
IE_TRACE:             New var:....... op = <built-in function gt>
IE_TRACE:             14:50:14.349501 line      2545         actual_value = dct.get(m.group('key'))
IE_TRACE:             New var:....... actual_value = 190
IE_TRACE:             14:50:14.349526 line      2546         if (m.group('quotedstrval') is not None or
IE_TRACE:             14:50:14.349552 line      2547             m.group('strval') is not None or
IE_TRACE:             14:50:14.349581 line      2552             actual_value is not None and m.group('intval') is not None and
IE_TRACE:             14:50:14.349606 line      2553                 isinstance(actual_value, compat_str)):
IE_TRACE:             14:50:14.349628 line      2562             try:
IE_TRACE:             14:50:14.349650 line      2563                 comparison_value = int(m.group('intval'))
IE_TRACE:             New var:....... comparison_value = 100
IE_TRACE:             14:50:14.349672 line      2572         if actual_value is None:
IE_TRACE:             14:50:14.349698 line      2574         return op(actual_value, comparison_value)
IE_TRACE:             14:50:14.349721 return    2574         return op(actual_value, comparison_value)
IE_TRACE:             Return value:.. True
IE_TRACE:         New var:....... filter_part = 'like_count > 100 '
IE_TRACE:         14:50:14.349749 return    2597         _match_one(filter_part, dct) for filter_part in filter_str.split('&'))
IE_TRACE:         Return value:.. True
IE_TRACE:         Starting var:.. .0 = <list_iterator object at 0x7f7f358f5390>
IE_TRACE:         Starting var:.. filter_part = 'like_count > 100 '
IE_TRACE:         Starting var:.. dct = {'like_count': 190, 'description': 'foo'}
IE_TRACE:         14:50:14.349772 call      2597         _match_one(filter_part, dct) for filter_part in filter_str.split('&'))
IE_TRACE:         14:50:14.349797 line      2596     return all(
IE_TRACE:         14:50:14.349811 line      2597         _match_one(filter_part, dct) for filter_part in filter_str.split('&'))
IE_TRACE:             Starting var:.. filter_part = ' dislike_count <? 50 '
IE_TRACE:             Starting var:.. dct = {'like_count': 190, 'description': 'foo'}
IE_TRACE:             14:50:14.349827 call      2523 def _match_one(filter_part, dct):
IE_TRACE:             14:50:14.349849 line      2525         '<': operator.lt,
IE_TRACE:             14:50:14.349865 line      2526         '<=': operator.le,
IE_TRACE:             14:50:14.349880 line      2527         '>': operator.gt,
IE_TRACE:             14:50:14.349894 line      2528         '>=': operator.ge,
IE_TRACE:             14:50:14.349909 line      2529         '=': operator.eq,
IE_TRACE:             14:50:14.349924 line      2530         '!=': operator.ne,
IE_TRACE:             14:50:14.349938 line      2524     COMPARISON_OPERATORS = {
IE_TRACE:             New var:....... COMPARISON_OPERATORS = {'<': <built-in function lt>, '<=': <built-in function le>, '>': <built-in function gt>, '>=': <built-in function ge>, '=': <built-in function eq>, '!=': <built-in function ne>}
IE_TRACE:             14:50:14.349953 line      2532     operator_rex = re.compile(r'''(?x)\s*
IE_TRACE:             14:50:14.349974 line      2541         ''' % '|'.join(map(re.escape, COMPARISON_OPERATORS.keys())))
IE_TRACE:             Source path:... /path/to/BugsInPy/workspace/youtube-dl/youtube_dl/utils.py
IE_TRACE:             14:50:14.350348 line      2532     operator_rex = re.compile(r'''(?x)\s*
IE_TRACE:             Source path:... /path/to/BugsInPy/workspace/youtube-dl/youtube_dl/utils.py
IE_TRACE:             New var:....... operator_rex = re.compile('(?x)\\s*\n        (?P<key>[a-z_]+)\n        \\s*(?P<op><|<=|>|>=|=|!=)(?P<none_inclusive>\\s*\\?)?\\s*\n        (?:\n            (?P<intval>[0-9.]+(?:[kKmMgGtTpPeEzZyY]i?[Bb]?)?)|\n            (?P<qu, re.VERBOSE)
IE_TRACE:             14:50:14.350526 line      2542     m = operator_rex.search(filter_part)
IE_TRACE:             New var:....... m = <re.Match object; span=(0, 21), match=' dislike_count <? 50 '>
IE_TRACE:             14:50:14.350553 line      2543     if m:
IE_TRACE:             14:50:14.350581 line      2544         op = COMPARISON_OPERATORS[m.group('op')]
IE_TRACE:             New var:....... op = <built-in function lt>
IE_TRACE:             14:50:14.350602 line      2545         actual_value = dct.get(m.group('key'))
IE_TRACE:             New var:....... actual_value = None
IE_TRACE:             14:50:14.350627 line      2546         if (m.group('quotedstrval') is not None or
IE_TRACE:             14:50:14.350653 line      2547             m.group('strval') is not None or
IE_TRACE:             14:50:14.350675 line      2552             actual_value is not None and m.group('intval') is not None and
IE_TRACE:             14:50:14.350697 line      2562             try:
IE_TRACE:             14:50:14.350719 line      2563                 comparison_value = int(m.group('intval'))
IE_TRACE:             New var:....... comparison_value = 50
IE_TRACE:             14:50:14.350741 line      2572         if actual_value is None:
IE_TRACE:             14:50:14.350768 line      2573             return m.group('none_inclusive')
IE_TRACE:             14:50:14.350791 return    2573             return m.group('none_inclusive')
IE_TRACE:             Return value:.. '?'
IE_TRACE:         Modified var:.. filter_part = ' dislike_count <? 50 '
IE_TRACE:         14:50:14.350818 return    2597         _match_one(filter_part, dct) for filter_part in filter_str.split('&'))
IE_TRACE:         Return value:.. '?'
IE_TRACE:         Starting var:.. .0 = <list_iterator object at 0x7f7f358f5390>
IE_TRACE:         Starting var:.. filter_part = ' dislike_count <? 50 '
IE_TRACE:         Starting var:.. dct = {'like_count': 190, 'description': 'foo'}
IE_TRACE:         14:50:14.350840 call      2597         _match_one(filter_part, dct) for filter_part in filter_str.split('&'))
IE_TRACE:         14:50:14.350864 line      2596     return all(
IE_TRACE:         14:50:14.350878 line      2597         _match_one(filter_part, dct) for filter_part in filter_str.split('&'))
IE_TRACE:             Starting var:.. filter_part = ' description'
IE_TRACE:             Starting var:.. dct = {'like_count': 190, 'description': 'foo'}
IE_TRACE:             14:50:14.350893 call      2523 def _match_one(filter_part, dct):
IE_TRACE:             14:50:14.350915 line      2525         '<': operator.lt,
IE_TRACE:             14:50:14.350931 line      2526         '<=': operator.le,
IE_TRACE:             14:50:14.350945 line      2527         '>': operator.gt,
IE_TRACE:             14:50:14.350960 line      2528         '>=': operator.ge,
IE_TRACE:             14:50:14.350975 line      2529         '=': operator.eq,
IE_TRACE:             14:50:14.350990 line      2530         '!=': operator.ne,
IE_TRACE:             14:50:14.351004 line      2524     COMPARISON_OPERATORS = {
IE_TRACE:             New var:....... COMPARISON_OPERATORS = {'<': <built-in function lt>, '<=': <built-in function le>, '>': <built-in function gt>, '>=': <built-in function ge>, '=': <built-in function eq>, '!=': <built-in function ne>}
IE_TRACE:             14:50:14.351019 line      2532     operator_rex = re.compile(r'''(?x)\s*
IE_TRACE:             14:50:14.351039 line      2541         ''' % '|'.join(map(re.escape, COMPARISON_OPERATORS.keys())))
IE_TRACE:             Source path:... /path/to/BugsInPy/workspace/youtube-dl/youtube_dl/utils.py
IE_TRACE:             14:50:14.351410 line      2532     operator_rex = re.compile(r'''(?x)\s*
IE_TRACE:             Source path:... /path/to/BugsInPy/workspace/youtube-dl/youtube_dl/utils.py
IE_TRACE:             New var:....... operator_rex = re.compile('(?x)\\s*\n        (?P<key>[a-z_]+)\n        \\s*(?P<op><|<=|>|>=|=|!=)(?P<none_inclusive>\\s*\\?)?\\s*\n        (?:\n            (?P<intval>[0-9.]+(?:[kKmMgGtTpPeEzZyY]i?[Bb]?)?)|\n            (?P<qu, re.VERBOSE)
IE_TRACE:             14:50:14.351589 line      2542     m = operator_rex.search(filter_part)
IE_TRACE:             New var:....... m = None
IE_TRACE:             14:50:14.351619 line      2543     if m:
IE_TRACE:             14:50:14.351642 line      2577         '': lambda v: v is not None,
IE_TRACE:             14:50:14.351663 line      2578         '!': lambda v: v is None,
IE_TRACE:             14:50:14.351683 line      2576     UNARY_OPERATORS = {
IE_TRACE:             New var:....... UNARY_OPERATORS = {'': <function _match_one.<locals>.<lambda> at 0x7f7f35929e40>, '!': <function _match_one.<locals>.<lambda> at 0x7f7f35929ee0>}
IE_TRACE:             14:50:14.351702 line      2580     operator_rex = re.compile(r'''(?x)\s*
IE_TRACE:             14:50:14.351728 line      2583         ''' % '|'.join(map(re.escape, UNARY_OPERATORS.keys())))
IE_TRACE:             Source path:... /path/to/BugsInPy/workspace/youtube-dl/youtube_dl/utils.py
IE_TRACE:             14:50:14.351872 line      2580     operator_rex = re.compile(r'''(?x)\s*
IE_TRACE:             Source path:... /path/to/BugsInPy/workspace/youtube-dl/youtube_dl/utils.py
IE_TRACE:             Modified var:.. operator_rex = re.compile('(?x)\\s*\n        (?P<op>|!)\\s*(?P<key>[a-z_]+)\n        \\s*$\n        ', re.VERBOSE)
IE_TRACE:             14:50:14.352048 line      2584     m = operator_rex.search(filter_part)
IE_TRACE:             Modified var:.. m = <re.Match object; span=(0, 12), match=' description'>
IE_TRACE:             14:50:14.352078 line      2585     if m:
IE_TRACE:             14:50:14.352103 line      2586         op = UNARY_OPERATORS[m.group('op')]
IE_TRACE:             New var:....... op = <function _match_one.<locals>.<lambda> at 0x7f7f35929e40>
IE_TRACE:             14:50:14.352125 line      2587         actual_value = dct.get(m.group('key'))
IE_TRACE:             New var:....... actual_value = 'foo'
IE_TRACE:             14:50:14.352152 line      2588         return op(actual_value)
IE_TRACE:                 Starting var:.. v = 'foo'
IE_TRACE:                 14:50:14.352179 call      2577         '': lambda v: v is not None,
IE_TRACE:                 14:50:14.352195 line      2577         '': lambda v: v is not None,
IE_TRACE:                 14:50:14.352208 return    2577         '': lambda v: v is not None,
IE_TRACE:                 Return value:.. True
IE_TRACE:             14:50:14.352225 return    2588         return op(actual_value)
IE_TRACE:             Return value:.. True
IE_TRACE:         Modified var:.. filter_part = ' description'
IE_TRACE:         14:50:14.352254 return    2597         _match_one(filter_part, dct) for filter_part in filter_str.split('&'))
IE_TRACE:         Return value:.. True
IE_TRACE:         Starting var:.. .0 = <list_iterator object at 0x7f7f358f5390>
IE_TRACE:         Starting var:.. filter_part = ' description'
IE_TRACE:         Starting var:.. dct = {'like_count': 190, 'description': 'foo'}
IE_TRACE:         14:50:14.352276 call      2597         _match_one(filter_part, dct) for filter_part in filter_str.split('&'))
IE_TRACE:         14:50:14.352301 line      2596     return all(
IE_TRACE:         14:50:14.352315 return    2596     return all(
IE_TRACE:         Return value:.. None
IE_TRACE:     14:50:14.352333 return    2596     return all(
IE_TRACE:     Return value:.. True
IE_TRACE: Source path:... /path/to/BugsInPy/workspace/youtube-dl/test/test_utils.py
IE_TRACE: 14:50:14.352413 line      1072         self.assertFalse(match_str(
IE_TRACE: 14:50:14.352428 line      1073             'like_count > 100 & dislike_count <? 50 & description',
IE_TRACE: 14:50:14.352439 line      1074             {'like_count': 190, 'dislike_count': 60, 'description': 'foo'}))
IE_TRACE: 14:50:14.352451 line      1072         self.assertFalse(match_str(
IE_TRACE:     Source path:... /path/to/BugsInPy/workspace/youtube-dl/youtube_dl/utils.py
IE_TRACE:     Starting var:.. filter_str = 'like_count > 100 & dislike_count <? 50 & description'
IE_TRACE:     Starting var:.. dct = {'like_count': 190, 'dislike_count': 60, 'description': 'foo'}
IE_TRACE:     14:50:14.352462 call      2593 def match_str(filter_str, dct):
IE_TRACE:     14:50:14.352486 line      2596     return all(
IE_TRACE:     14:50:14.352499 line      2597         _match_one(filter_part, dct) for filter_part in filter_str.split('&'))
IE_TRACE:     14:50:14.352512 line      2596     return all(
IE_TRACE:         Starting var:.. .0 = <list_iterator object at 0x7f7f358f4fd0>
IE_TRACE:         Starting var:.. dct = {'like_count': 190, 'dislike_count': 60, 'description': 'foo'}
IE_TRACE:         14:50:14.352525 call      2596     return all(
IE_TRACE:         14:50:14.352545 line      2596     return all(
IE_TRACE:         14:50:14.352558 line      2597         _match_one(filter_part, dct) for filter_part in filter_str.split('&'))
IE_TRACE:             Starting var:.. filter_part = 'like_count > 100 '
IE_TRACE:             Starting var:.. dct = {'like_count': 190, 'dislike_count': 60, 'description': 'foo'}
IE_TRACE:             14:50:14.352575 call      2523 def _match_one(filter_part, dct):
IE_TRACE:             14:50:14.352598 line      2525         '<': operator.lt,
IE_TRACE:             14:50:14.352613 line      2526         '<=': operator.le,
IE_TRACE:             14:50:14.352629 line      2527         '>': operator.gt,
IE_TRACE:             14:50:14.352643 line      2528         '>=': operator.ge,
IE_TRACE:             14:50:14.352658 line      2529         '=': operator.eq,
IE_TRACE:             14:50:14.352672 line      2530         '!=': operator.ne,
IE_TRACE:             14:50:14.352687 line      2524     COMPARISON_OPERATORS = {
IE_TRACE:             New var:....... COMPARISON_OPERATORS = {'<': <built-in function lt>, '<=': <built-in function le>, '>': <built-in function gt>, '>=': <built-in function ge>, '=': <built-in function eq>, '!=': <built-in function ne>}
IE_TRACE:             14:50:14.352702 line      2532     operator_rex = re.compile(r'''(?x)\s*
IE_TRACE:             14:50:14.352722 line      2541         ''' % '|'.join(map(re.escape, COMPARISON_OPERATORS.keys())))
IE_TRACE:             Source path:... /path/to/BugsInPy/workspace/youtube-dl/youtube_dl/utils.py
IE_TRACE:             14:50:14.353090 line      2532     operator_rex = re.compile(r'''(?x)\s*
IE_TRACE:             Source path:... /path/to/BugsInPy/workspace/youtube-dl/youtube_dl/utils.py
IE_TRACE:             New var:....... operator_rex = re.compile('(?x)\\s*\n        (?P<key>[a-z_]+)\n        \\s*(?P<op><|<=|>|>=|=|!=)(?P<none_inclusive>\\s*\\?)?\\s*\n        (?:\n            (?P<intval>[0-9.]+(?:[kKmMgGtTpPeEzZyY]i?[Bb]?)?)|\n            (?P<qu, re.VERBOSE)
IE_TRACE:             14:50:14.353266 line      2542     m = operator_rex.search(filter_part)
IE_TRACE:             New var:....... m = <re.Match object; span=(0, 17), match='like_count > 100 '>
IE_TRACE:             14:50:14.353294 line      2543     if m:
IE_TRACE:             14:50:14.353319 line      2544         op = COMPARISON_OPERATORS[m.group('op')]
IE_TRACE:             New var:....... op = <built-in function gt>
IE_TRACE:             14:50:14.353340 line      2545         actual_value = dct.get(m.group('key'))
IE_TRACE:             New var:....... actual_value = 190
IE_TRACE:             14:50:14.353365 line      2546         if (m.group('quotedstrval') is not None or
IE_TRACE:             14:50:14.353390 line      2547             m.group('strval') is not None or
IE_TRACE:             14:50:14.353412 line      2552             actual_value is not None and m.group('intval') is not None and
IE_TRACE:             14:50:14.353434 line      2553                 isinstance(actual_value, compat_str)):
IE_TRACE:             14:50:14.353455 line      2562             try:
IE_TRACE:             14:50:14.353477 line      2563                 comparison_value = int(m.group('intval'))
IE_TRACE:             New var:....... comparison_value = 100
IE_TRACE:             14:50:14.353498 line      2572         if actual_value is None:
IE_TRACE:             14:50:14.353525 line      2574         return op(actual_value, comparison_value)
IE_TRACE:             14:50:14.353549 return    2574         return op(actual_value, comparison_value)
IE_TRACE:             Return value:.. True
IE_TRACE:         New var:....... filter_part = 'like_count > 100 '
IE_TRACE:         14:50:14.353578 return    2597         _match_one(filter_part, dct) for filter_part in filter_str.split('&'))
IE_TRACE:         Return value:.. True
IE_TRACE:         Starting var:.. .0 = <list_iterator object at 0x7f7f358f4fd0>
IE_TRACE:         Starting var:.. filter_part = 'like_count > 100 '
IE_TRACE:         Starting var:.. dct = {'like_count': 190, 'dislike_count': 60, 'description': 'foo'}
IE_TRACE:         14:50:14.353600 call      2597         _match_one(filter_part, dct) for filter_part in filter_str.split('&'))
IE_TRACE:         14:50:14.353625 line      2596     return all(
IE_TRACE:         14:50:14.353639 line      2597         _match_one(filter_part, dct) for filter_part in filter_str.split('&'))
IE_TRACE:             Starting var:.. filter_part = ' dislike_count <? 50 '
IE_TRACE:             Starting var:.. dct = {'like_count': 190, 'dislike_count': 60, 'description': 'foo'}
IE_TRACE:             14:50:14.353655 call      2523 def _match_one(filter_part, dct):
IE_TRACE:             14:50:14.353676 line      2525         '<': operator.lt,
IE_TRACE:             14:50:14.353691 line      2526         '<=': operator.le,
IE_TRACE:             14:50:14.353706 line      2527         '>': operator.gt,
IE_TRACE:             14:50:14.353721 line      2528         '>=': operator.ge,
IE_TRACE:             14:50:14.353735 line      2529         '=': operator.eq,
IE_TRACE:             14:50:14.353750 line      2530         '!=': operator.ne,
IE_TRACE:             14:50:14.353764 line      2524     COMPARISON_OPERATORS = {
IE_TRACE:             New var:....... COMPARISON_OPERATORS = {'<': <built-in function lt>, '<=': <built-in function le>, '>': <built-in function gt>, '>=': <built-in function ge>, '=': <built-in function eq>, '!=': <built-in function ne>}
IE_TRACE:             14:50:14.353779 line      2532     operator_rex = re.compile(r'''(?x)\s*
IE_TRACE:             14:50:14.353799 line      2541         ''' % '|'.join(map(re.escape, COMPARISON_OPERATORS.keys())))
IE_TRACE:             Source path:... /path/to/BugsInPy/workspace/youtube-dl/youtube_dl/utils.py
IE_TRACE:             14:50:14.354162 line      2532     operator_rex = re.compile(r'''(?x)\s*
IE_TRACE:             Source path:... /path/to/BugsInPy/workspace/youtube-dl/youtube_dl/utils.py
IE_TRACE:             New var:....... operator_rex = re.compile('(?x)\\s*\n        (?P<key>[a-z_]+)\n        \\s*(?P<op><|<=|>|>=|=|!=)(?P<none_inclusive>\\s*\\?)?\\s*\n        (?:\n            (?P<intval>[0-9.]+(?:[kKmMgGtTpPeEzZyY]i?[Bb]?)?)|\n            (?P<qu, re.VERBOSE)
IE_TRACE:             14:50:14.354336 line      2542     m = operator_rex.search(filter_part)
IE_TRACE:             New var:....... m = <re.Match object; span=(0, 21), match=' dislike_count <? 50 '>
IE_TRACE:             14:50:14.354364 line      2543     if m:
IE_TRACE:             14:50:14.354388 line      2544         op = COMPARISON_OPERATORS[m.group('op')]
IE_TRACE:             New var:....... op = <built-in function lt>
IE_TRACE:             14:50:14.354407 line      2545         actual_value = dct.get(m.group('key'))
IE_TRACE:             New var:....... actual_value = 60
IE_TRACE:             14:50:14.354433 line      2546         if (m.group('quotedstrval') is not None or
IE_TRACE:             14:50:14.354458 line      2547             m.group('strval') is not None or
IE_TRACE:             14:50:14.354480 line      2552             actual_value is not None and m.group('intval') is not None and
IE_TRACE:             14:50:14.354502 line      2553                 isinstance(actual_value, compat_str)):
IE_TRACE:             14:50:14.354523 line      2562             try:
IE_TRACE:             14:50:14.354545 line      2563                 comparison_value = int(m.group('intval'))
IE_TRACE:             New var:....... comparison_value = 50
IE_TRACE:             14:50:14.354569 line      2572         if actual_value is None:
IE_TRACE:             14:50:14.354594 line      2574         return op(actual_value, comparison_value)
IE_TRACE:             14:50:14.354617 return    2574         return op(actual_value, comparison_value)
IE_TRACE:             Return value:.. False
IE_TRACE:         Modified var:.. filter_part = ' dislike_count <? 50 '
IE_TRACE:         14:50:14.354643 return    2597         _match_one(filter_part, dct) for filter_part in filter_str.split('&'))
IE_TRACE:         Return value:.. False
IE_TRACE:     14:50:14.354666 return    2596     return all(
IE_TRACE:     Return value:.. False
IE_TRACE: Source path:... /path/to/BugsInPy/workspace/youtube-dl/test/test_utils.py
IE_TRACE: 14:50:14.354744 line      1075         self.assertFalse(match_str(
IE_TRACE: 14:50:14.354760 line      1076             'like_count > 100 & dislike_count <? 50 & description',
IE_TRACE: 14:50:14.354771 line      1077             {'like_count': 190, 'dislike_count': 10}))
IE_TRACE: 14:50:14.354781 line      1075         self.assertFalse(match_str(
IE_TRACE:     Source path:... /path/to/BugsInPy/workspace/youtube-dl/youtube_dl/utils.py
IE_TRACE:     Starting var:.. filter_str = 'like_count > 100 & dislike_count <? 50 & description'
IE_TRACE:     Starting var:.. dct = {'like_count': 190, 'dislike_count': 10}
IE_TRACE:     14:50:14.354792 call      2593 def match_str(filter_str, dct):
IE_TRACE:     14:50:14.354817 line      2596     return all(
IE_TRACE:     14:50:14.354829 line      2597         _match_one(filter_part, dct) for filter_part in filter_str.split('&'))
IE_TRACE:     14:50:14.354842 line      2596     return all(
IE_TRACE:         Starting var:.. .0 = <list_iterator object at 0x7f7f358f4fd0>
IE_TRACE:         Starting var:.. dct = {'like_count': 190, 'dislike_count': 10}
IE_TRACE:         14:50:14.354854 call      2596     return all(
IE_TRACE:         14:50:14.354875 line      2596     return all(
IE_TRACE:         14:50:14.354888 line      2597         _match_one(filter_part, dct) for filter_part in filter_str.split('&'))
IE_TRACE:             Starting var:.. filter_part = 'like_count > 100 '
IE_TRACE:             Starting var:.. dct = {'like_count': 190, 'dislike_count': 10}
IE_TRACE:             14:50:14.354902 call      2523 def _match_one(filter_part, dct):
IE_TRACE:             14:50:14.354924 line      2525         '<': operator.lt,
IE_TRACE:             14:50:14.354939 line      2526         '<=': operator.le,
IE_TRACE:             14:50:14.354954 line      2527         '>': operator.gt,
IE_TRACE:             14:50:14.354968 line      2528         '>=': operator.ge,
IE_TRACE:             14:50:14.354983 line      2529         '=': operator.eq,
IE_TRACE:             14:50:14.354997 line      2530         '!=': operator.ne,
IE_TRACE:             14:50:14.355012 line      2524     COMPARISON_OPERATORS = {
IE_TRACE:             New var:....... COMPARISON_OPERATORS = {'<': <built-in function lt>, '<=': <built-in function le>, '>': <built-in function gt>, '>=': <built-in function ge>, '=': <built-in function eq>, '!=': <built-in function ne>}
IE_TRACE:             14:50:14.355026 line      2532     operator_rex = re.compile(r'''(?x)\s*
IE_TRACE:             14:50:14.355046 line      2541         ''' % '|'.join(map(re.escape, COMPARISON_OPERATORS.keys())))
IE_TRACE:             Source path:... /path/to/BugsInPy/workspace/youtube-dl/youtube_dl/utils.py
IE_TRACE:             14:50:14.355409 line      2532     operator_rex = re.compile(r'''(?x)\s*
IE_TRACE:             Source path:... /path/to/BugsInPy/workspace/youtube-dl/youtube_dl/utils.py
IE_TRACE:             New var:....... operator_rex = re.compile('(?x)\\s*\n        (?P<key>[a-z_]+)\n        \\s*(?P<op><|<=|>|>=|=|!=)(?P<none_inclusive>\\s*\\?)?\\s*\n        (?:\n            (?P<intval>[0-9.]+(?:[kKmMgGtTpPeEzZyY]i?[Bb]?)?)|\n            (?P<qu, re.VERBOSE)
IE_TRACE:             14:50:14.355585 line      2542     m = operator_rex.search(filter_part)
IE_TRACE:             New var:....... m = <re.Match object; span=(0, 17), match='like_count > 100 '>
IE_TRACE:             14:50:14.355612 line      2543     if m:
IE_TRACE:             14:50:14.355636 line      2544         op = COMPARISON_OPERATORS[m.group('op')]
IE_TRACE:             New var:....... op = <built-in function gt>
IE_TRACE:             14:50:14.355656 line      2545         actual_value = dct.get(m.group('key'))
IE_TRACE:             New var:....... actual_value = 190
IE_TRACE:             14:50:14.355680 line      2546         if (m.group('quotedstrval') is not None or
IE_TRACE:             14:50:14.355705 line      2547             m.group('strval') is not None or
IE_TRACE:             14:50:14.355727 line      2552             actual_value is not None and m.group('intval') is not None and
IE_TRACE:             14:50:14.355748 line      2553                 isinstance(actual_value, compat_str)):
IE_TRACE:             14:50:14.355769 line      2562             try:
IE_TRACE:             14:50:14.355790 line      2563                 comparison_value = int(m.group('intval'))
IE_TRACE:             New var:....... comparison_value = 100
IE_TRACE:             14:50:14.355812 line      2572         if actual_value is None:
IE_TRACE:             14:50:14.355838 line      2574         return op(actual_value, comparison_value)
IE_TRACE:             14:50:14.355861 return    2574         return op(actual_value, comparison_value)
IE_TRACE:             Return value:.. True
IE_TRACE:         New var:....... filter_part = 'like_count > 100 '
IE_TRACE:         14:50:14.355887 return    2597         _match_one(filter_part, dct) for filter_part in filter_str.split('&'))
IE_TRACE:         Return value:.. True
IE_TRACE:         Starting var:.. .0 = <list_iterator object at 0x7f7f358f4fd0>
IE_TRACE:         Starting var:.. filter_part = 'like_count > 100 '
IE_TRACE:         Starting var:.. dct = {'like_count': 190, 'dislike_count': 10}
IE_TRACE:         14:50:14.355909 call      2597         _match_one(filter_part, dct) for filter_part in filter_str.split('&'))
IE_TRACE:         14:50:14.355934 line      2596     return all(
IE_TRACE:         14:50:14.355947 line      2597         _match_one(filter_part, dct) for filter_part in filter_str.split('&'))
IE_TRACE:             Starting var:.. filter_part = ' dislike_count <? 50 '
IE_TRACE:             Starting var:.. dct = {'like_count': 190, 'dislike_count': 10}
IE_TRACE:             14:50:14.355962 call      2523 def _match_one(filter_part, dct):
IE_TRACE:             14:50:14.355984 line      2525         '<': operator.lt,
IE_TRACE:             14:50:14.355999 line      2526         '<=': operator.le,
IE_TRACE:             14:50:14.356013 line      2527         '>': operator.gt,
IE_TRACE:             14:50:14.356028 line      2528         '>=': operator.ge,
IE_TRACE:             14:50:14.356042 line      2529         '=': operator.eq,
IE_TRACE:             14:50:14.356057 line      2530         '!=': operator.ne,
IE_TRACE:             14:50:14.356071 line      2524     COMPARISON_OPERATORS = {
IE_TRACE:             New var:....... COMPARISON_OPERATORS = {'<': <built-in function lt>, '<=': <built-in function le>, '>': <built-in function gt>, '>=': <built-in function ge>, '=': <built-in function eq>, '!=': <built-in function ne>}
IE_TRACE:             14:50:14.356085 line      2532     operator_rex = re.compile(r'''(?x)\s*
IE_TRACE:             14:50:14.356105 line      2541         ''' % '|'.join(map(re.escape, COMPARISON_OPERATORS.keys())))
IE_TRACE:             Source path:... /path/to/BugsInPy/workspace/youtube-dl/youtube_dl/utils.py
IE_TRACE:             14:50:14.356465 line      2532     operator_rex = re.compile(r'''(?x)\s*
IE_TRACE:             Source path:... /path/to/BugsInPy/workspace/youtube-dl/youtube_dl/utils.py
IE_TRACE:             New var:....... operator_rex = re.compile('(?x)\\s*\n        (?P<key>[a-z_]+)\n        \\s*(?P<op><|<=|>|>=|=|!=)(?P<none_inclusive>\\s*\\?)?\\s*\n        (?:\n            (?P<intval>[0-9.]+(?:[kKmMgGtTpPeEzZyY]i?[Bb]?)?)|\n            (?P<qu, re.VERBOSE)
IE_TRACE:             14:50:14.356638 line      2542     m = operator_rex.search(filter_part)
IE_TRACE:             New var:....... m = <re.Match object; span=(0, 21), match=' dislike_count <? 50 '>
IE_TRACE:             14:50:14.356666 line      2543     if m:
IE_TRACE:             14:50:14.356690 line      2544         op = COMPARISON_OPERATORS[m.group('op')]
IE_TRACE:             New var:....... op = <built-in function lt>
IE_TRACE:             14:50:14.356709 line      2545         actual_value = dct.get(m.group('key'))
IE_TRACE:             New var:....... actual_value = 10
IE_TRACE:             14:50:14.356734 line      2546         if (m.group('quotedstrval') is not None or
IE_TRACE:             14:50:14.356758 line      2547             m.group('strval') is not None or
IE_TRACE:             14:50:14.356780 line      2552             actual_value is not None and m.group('intval') is not None and
IE_TRACE:             14:50:14.356801 line      2553                 isinstance(actual_value, compat_str)):
IE_TRACE:             14:50:14.356822 line      2562             try:
IE_TRACE:             14:50:14.356843 line      2563                 comparison_value = int(m.group('intval'))
IE_TRACE:             New var:....... comparison_value = 50
IE_TRACE:             14:50:14.356864 line      2572         if actual_value is None:
IE_TRACE:             14:50:14.356889 line      2574         return op(actual_value, comparison_value)
IE_TRACE:             14:50:14.356911 return    2574         return op(actual_value, comparison_value)
IE_TRACE:             Return value:.. True
IE_TRACE:         Modified var:.. filter_part = ' dislike_count <? 50 '
IE_TRACE:         14:50:14.356937 return    2597         _match_one(filter_part, dct) for filter_part in filter_str.split('&'))
IE_TRACE:         Return value:.. True
IE_TRACE:         Starting var:.. .0 = <list_iterator object at 0x7f7f358f4fd0>
IE_TRACE:         Starting var:.. filter_part = ' dislike_count <? 50 '
IE_TRACE:         Starting var:.. dct = {'like_count': 190, 'dislike_count': 10}
IE_TRACE:         14:50:14.356959 call      2597         _match_one(filter_part, dct) for filter_part in filter_str.split('&'))
IE_TRACE:         14:50:14.356983 line      2596     return all(
IE_TRACE:         14:50:14.356996 line      2597         _match_one(filter_part, dct) for filter_part in filter_str.split('&'))
IE_TRACE:             Starting var:.. filter_part = ' description'
IE_TRACE:             Starting var:.. dct = {'like_count': 190, 'dislike_count': 10}
IE_TRACE:             14:50:14.357011 call      2523 def _match_one(filter_part, dct):
IE_TRACE:             14:50:14.357033 line      2525         '<': operator.lt,
IE_TRACE:             14:50:14.357048 line      2526         '<=': operator.le,
IE_TRACE:             14:50:14.357062 line      2527         '>': operator.gt,
IE_TRACE:             14:50:14.357077 line      2528         '>=': operator.ge,
IE_TRACE:             14:50:14.357091 line      2529         '=': operator.eq,
IE_TRACE:             14:50:14.357105 line      2530         '!=': operator.ne,
IE_TRACE:             14:50:14.357119 line      2524     COMPARISON_OPERATORS = {
IE_TRACE:             New var:....... COMPARISON_OPERATORS = {'<': <built-in function lt>, '<=': <built-in function le>, '>': <built-in function gt>, '>=': <built-in function ge>, '=': <built-in function eq>, '!=': <built-in function ne>}
IE_TRACE:             14:50:14.357134 line      2532     operator_rex = re.compile(r'''(?x)\s*
IE_TRACE:             14:50:14.357153 line      2541         ''' % '|'.join(map(re.escape, COMPARISON_OPERATORS.keys())))
IE_TRACE:             Source path:... /path/to/BugsInPy/workspace/youtube-dl/youtube_dl/utils.py
IE_TRACE:             14:50:14.357510 line      2532     operator_rex = re.compile(r'''(?x)\s*
IE_TRACE:             Source path:... /path/to/BugsInPy/workspace/youtube-dl/youtube_dl/utils.py
IE_TRACE:             New var:....... operator_rex = re.compile('(?x)\\s*\n        (?P<key>[a-z_]+)\n        \\s*(?P<op><|<=|>|>=|=|!=)(?P<none_inclusive>\\s*\\?)?\\s*\n        (?:\n            (?P<intval>[0-9.]+(?:[kKmMgGtTpPeEzZyY]i?[Bb]?)?)|\n            (?P<qu, re.VERBOSE)
IE_TRACE:             14:50:14.357684 line      2542     m = operator_rex.search(filter_part)
IE_TRACE:             New var:....... m = None
IE_TRACE:             14:50:14.357713 line      2543     if m:
IE_TRACE:             14:50:14.357736 line      2577         '': lambda v: v is not None,
IE_TRACE:             14:50:14.357756 line      2578         '!': lambda v: v is None,
IE_TRACE:             14:50:14.357782 line      2576     UNARY_OPERATORS = {
IE_TRACE:             New var:....... UNARY_OPERATORS = {'': <function _match_one.<locals>.<lambda> at 0x7f7f35929e40>, '!': <function _match_one.<locals>.<lambda> at 0x7f7f35929ee0>}
IE_TRACE:             14:50:14.357808 line      2580     operator_rex = re.compile(r'''(?x)\s*
IE_TRACE:             14:50:14.357835 line      2583         ''' % '|'.join(map(re.escape, UNARY_OPERATORS.keys())))
IE_TRACE:             Source path:... /path/to/BugsInPy/workspace/youtube-dl/youtube_dl/utils.py
IE_TRACE:             14:50:14.358015 line      2580     operator_rex = re.compile(r'''(?x)\s*
IE_TRACE:             Source path:... /path/to/BugsInPy/workspace/youtube-dl/youtube_dl/utils.py
IE_TRACE:             Modified var:.. operator_rex = re.compile('(?x)\\s*\n        (?P<op>|!)\\s*(?P<key>[a-z_]+)\n        \\s*$\n        ', re.VERBOSE)
IE_TRACE:             14:50:14.358194 line      2584     m = operator_rex.search(filter_part)
IE_TRACE:             Modified var:.. m = <re.Match object; span=(0, 12), match=' description'>
IE_TRACE:             14:50:14.358223 line      2585     if m:
IE_TRACE:             14:50:14.358247 line      2586         op = UNARY_OPERATORS[m.group('op')]
IE_TRACE:             New var:....... op = <function _match_one.<locals>.<lambda> at 0x7f7f35929e40>
IE_TRACE:             14:50:14.358268 line      2587         actual_value = dct.get(m.group('key'))
IE_TRACE:             New var:....... actual_value = None
IE_TRACE:             14:50:14.358293 line      2588         return op(actual_value)
IE_TRACE:                 Starting var:.. v = None
IE_TRACE:                 14:50:14.358319 call      2577         '': lambda v: v is not None,
IE_TRACE:                 14:50:14.358335 line      2577         '': lambda v: v is not None,
IE_TRACE:                 14:50:14.358347 return    2577         '': lambda v: v is not None,
IE_TRACE:                 Return value:.. False
IE_TRACE:             14:50:14.358363 return    2588         return op(actual_value)
IE_TRACE:             Return value:.. False
IE_TRACE:         Modified var:.. filter_part = ' description'
IE_TRACE:         14:50:14.358389 return    2597         _match_one(filter_part, dct) for filter_part in filter_str.split('&'))
IE_TRACE:         Return value:.. False
IE_TRACE:     14:50:14.358411 return    2596     return all(
IE_TRACE:     Return value:.. False
IE_TRACE: Source path:... /path/to/BugsInPy/workspace/youtube-dl/test/test_utils.py
IE_TRACE: 14:50:14.358485 line      1078         self.assertTrue(match_str('is_live', {'is_live': True}))
IE_TRACE:     Source path:... /path/to/BugsInPy/workspace/youtube-dl/youtube_dl/utils.py
IE_TRACE:     Starting var:.. filter_str = 'is_live'
IE_TRACE:     Starting var:.. dct = {'is_live': True}
IE_TRACE:     14:50:14.358501 call      2593 def match_str(filter_str, dct):
IE_TRACE:     14:50:14.358524 line      2596     return all(
IE_TRACE:     14:50:14.358536 line      2597         _match_one(filter_part, dct) for filter_part in filter_str.split('&'))
IE_TRACE:     14:50:14.358548 line      2596     return all(
IE_TRACE:         Starting var:.. .0 = <list_iterator object at 0x7f7f358f5390>
IE_TRACE:         Starting var:.. dct = {'is_live': True}
IE_TRACE:         14:50:14.358560 call      2596     return all(
IE_TRACE:         14:50:14.358585 line      2596     return all(
IE_TRACE:         14:50:14.358601 line      2597         _match_one(filter_part, dct) for filter_part in filter_str.split('&'))
IE_TRACE:             Starting var:.. filter_part = 'is_live'
IE_TRACE:             Starting var:.. dct = {'is_live': True}
IE_TRACE:             14:50:14.358619 call      2523 def _match_one(filter_part, dct):
IE_TRACE:             14:50:14.358674 line      2525         '<': operator.lt,
IE_TRACE:             14:50:14.358694 line      2526         '<=': operator.le,
IE_TRACE:             14:50:14.358714 line      2527         '>': operator.gt,
IE_TRACE:             14:50:14.358734 line      2528         '>=': operator.ge,
IE_TRACE:             14:50:14.358755 line      2529         '=': operator.eq,
IE_TRACE:             14:50:14.358774 line      2530         '!=': operator.ne,
IE_TRACE:             14:50:14.358796 line      2524     COMPARISON_OPERATORS = {
IE_TRACE:             New var:....... COMPARISON_OPERATORS = {'<': <built-in function lt>, '<=': <built-in function le>, '>': <built-in function gt>, '>=': <built-in function ge>, '=': <built-in function eq>, '!=': <built-in function ne>}
IE_TRACE:             14:50:14.358815 line      2532     operator_rex = re.compile(r'''(?x)\s*
IE_TRACE:             14:50:14.358842 line      2541         ''' % '|'.join(map(re.escape, COMPARISON_OPERATORS.keys())))
IE_TRACE:             Source path:... /path/to/BugsInPy/workspace/youtube-dl/youtube_dl/utils.py
IE_TRACE:             14:50:14.359225 line      2532     operator_rex = re.compile(r'''(?x)\s*
IE_TRACE:             Source path:... /path/to/BugsInPy/workspace/youtube-dl/youtube_dl/utils.py
IE_TRACE:             New var:....... operator_rex = re.compile('(?x)\\s*\n        (?P<key>[a-z_]+)\n        \\s*(?P<op><|<=|>|>=|=|!=)(?P<none_inclusive>\\s*\\?)?\\s*\n        (?:\n            (?P<intval>[0-9.]+(?:[kKmMgGtTpPeEzZyY]i?[Bb]?)?)|\n            (?P<qu, re.VERBOSE)
IE_TRACE:             14:50:14.359397 line      2542     m = operator_rex.search(filter_part)
IE_TRACE:             New var:....... m = None
IE_TRACE:             14:50:14.359425 line      2543     if m:
IE_TRACE:             14:50:14.359448 line      2577         '': lambda v: v is not None,
IE_TRACE:             14:50:14.359467 line      2578         '!': lambda v: v is None,
IE_TRACE:             14:50:14.359486 line      2576     UNARY_OPERATORS = {
IE_TRACE:             New var:....... UNARY_OPERATORS = {'': <function _match_one.<locals>.<lambda> at 0x7f7f35929e40>, '!': <function _match_one.<locals>.<lambda> at 0x7f7f35929ee0>}
IE_TRACE:             14:50:14.359504 line      2580     operator_rex = re.compile(r'''(?x)\s*
IE_TRACE:             14:50:14.359528 line      2583         ''' % '|'.join(map(re.escape, UNARY_OPERATORS.keys())))
IE_TRACE:             Source path:... /path/to/BugsInPy/workspace/youtube-dl/youtube_dl/utils.py
IE_TRACE:             14:50:14.359666 line      2580     operator_rex = re.compile(r'''(?x)\s*
IE_TRACE:             Source path:... /path/to/BugsInPy/workspace/youtube-dl/youtube_dl/utils.py
IE_TRACE:             Modified var:.. operator_rex = re.compile('(?x)\\s*\n        (?P<op>|!)\\s*(?P<key>[a-z_]+)\n        \\s*$\n        ', re.VERBOSE)
IE_TRACE:             14:50:14.359830 line      2584     m = operator_rex.search(filter_part)
IE_TRACE:             Modified var:.. m = <re.Match object; span=(0, 7), match='is_live'>
IE_TRACE:             14:50:14.359858 line      2585     if m:
IE_TRACE:             14:50:14.359881 line      2586         op = UNARY_OPERATORS[m.group('op')]
IE_TRACE:             New var:....... op = <function _match_one.<locals>.<lambda> at 0x7f7f35929e40>
IE_TRACE:             14:50:14.359901 line      2587         actual_value = dct.get(m.group('key'))
IE_TRACE:             New var:....... actual_value = True
IE_TRACE:             14:50:14.359926 line      2588         return op(actual_value)
IE_TRACE:                 Starting var:.. v = True
IE_TRACE:                 14:50:14.359951 call      2577         '': lambda v: v is not None,
IE_TRACE:                 14:50:14.359967 line      2577         '': lambda v: v is not None,
IE_TRACE:                 14:50:14.359979 return    2577         '': lambda v: v is not None,
IE_TRACE:                 Return value:.. True
IE_TRACE:             14:50:14.359995 return    2588         return op(actual_value)
IE_TRACE:             Return value:.. True
IE_TRACE:         New var:....... filter_part = 'is_live'
IE_TRACE:         14:50:14.360022 return    2597         _match_one(filter_part, dct) for filter_part in filter_str.split('&'))
IE_TRACE:         Return value:.. True
IE_TRACE:         Starting var:.. .0 = <list_iterator object at 0x7f7f358f5390>
IE_TRACE:         Starting var:.. filter_part = 'is_live'
IE_TRACE:         Starting var:.. dct = {'is_live': True}
IE_TRACE:         14:50:14.360043 call      2597         _match_one(filter_part, dct) for filter_part in filter_str.split('&'))
IE_TRACE:         14:50:14.360067 line      2596     return all(
IE_TRACE:         14:50:14.360080 return    2596     return all(
IE_TRACE:         Return value:.. None
IE_TRACE:     14:50:14.360098 return    2596     return all(
IE_TRACE:     Return value:.. True
IE_TRACE: Source path:... /path/to/BugsInPy/workspace/youtube-dl/test/test_utils.py
IE_TRACE: 14:50:14.360172 line      1079         self.assertFalse(match_str('is_live', {'is_live': False}))
IE_TRACE:     Source path:... /path/to/BugsInPy/workspace/youtube-dl/youtube_dl/utils.py
IE_TRACE:     Starting var:.. filter_str = 'is_live'
IE_TRACE:     Starting var:.. dct = {'is_live': False}
IE_TRACE:     14:50:14.360188 call      2593 def match_str(filter_str, dct):
IE_TRACE:     14:50:14.360211 line      2596     return all(
IE_TRACE:     14:50:14.360222 line      2597         _match_one(filter_part, dct) for filter_part in filter_str.split('&'))
IE_TRACE:     14:50:14.360234 line      2596     return all(
IE_TRACE:         Starting var:.. .0 = <list_iterator object at 0x7f7f358f5390>
IE_TRACE:         Starting var:.. dct = {'is_live': False}
IE_TRACE:         14:50:14.360246 call      2596     return all(
IE_TRACE:         14:50:14.360265 line      2596     return all(
IE_TRACE:         14:50:14.360277 line      2597         _match_one(filter_part, dct) for filter_part in filter_str.split('&'))
IE_TRACE:             Starting var:.. filter_part = 'is_live'
IE_TRACE:             Starting var:.. dct = {'is_live': False}
IE_TRACE:             14:50:14.360291 call      2523 def _match_one(filter_part, dct):
IE_TRACE:             14:50:14.360313 line      2525         '<': operator.lt,
IE_TRACE:             14:50:14.360326 line      2526         '<=': operator.le,
IE_TRACE:             14:50:14.360340 line      2527         '>': operator.gt,
IE_TRACE:             14:50:14.360354 line      2528         '>=': operator.ge,
IE_TRACE:             14:50:14.360368 line      2529         '=': operator.eq,
IE_TRACE:             14:50:14.360381 line      2530         '!=': operator.ne,
IE_TRACE:             14:50:14.360395 line      2524     COMPARISON_OPERATORS = {
IE_TRACE:             New var:....... COMPARISON_OPERATORS = {'<': <built-in function lt>, '<=': <built-in function le>, '>': <built-in function gt>, '>=': <built-in function ge>, '=': <built-in function eq>, '!=': <built-in function ne>}
IE_TRACE:             14:50:14.360408 line      2532     operator_rex = re.compile(r'''(?x)\s*
IE_TRACE:             14:50:14.360427 line      2541         ''' % '|'.join(map(re.escape, COMPARISON_OPERATORS.keys())))
IE_TRACE:             Source path:... /path/to/BugsInPy/workspace/youtube-dl/youtube_dl/utils.py
IE_TRACE:             14:50:14.360788 line      2532     operator_rex = re.compile(r'''(?x)\s*
IE_TRACE:             Source path:... /path/to/BugsInPy/workspace/youtube-dl/youtube_dl/utils.py
IE_TRACE:             New var:....... operator_rex = re.compile('(?x)\\s*\n        (?P<key>[a-z_]+)\n        \\s*(?P<op><|<=|>|>=|=|!=)(?P<none_inclusive>\\s*\\?)?\\s*\n        (?:\n            (?P<intval>[0-9.]+(?:[kKmMgGtTpPeEzZyY]i?[Bb]?)?)|\n            (?P<qu, re.VERBOSE)
IE_TRACE:             14:50:14.360986 line      2542     m = operator_rex.search(filter_part)
IE_TRACE:             New var:....... m = None
IE_TRACE:             14:50:14.361024 line      2543     if m:
IE_TRACE:             14:50:14.361055 line      2577         '': lambda v: v is not None,
IE_TRACE:             14:50:14.361082 line      2578         '!': lambda v: v is None,
IE_TRACE:             14:50:14.361109 line      2576     UNARY_OPERATORS = {
IE_TRACE:             New var:....... UNARY_OPERATORS = {'': <function _match_one.<locals>.<lambda> at 0x7f7f35929e40>, '!': <function _match_one.<locals>.<lambda> at 0x7f7f35929ee0>}
IE_TRACE:             14:50:14.361136 line      2580     operator_rex = re.compile(r'''(?x)\s*
IE_TRACE:             14:50:14.361169 line      2583         ''' % '|'.join(map(re.escape, UNARY_OPERATORS.keys())))
IE_TRACE:             Source path:... /path/to/BugsInPy/workspace/youtube-dl/youtube_dl/utils.py
IE_TRACE:             14:50:14.361358 line      2580     operator_rex = re.compile(r'''(?x)\s*
IE_TRACE:             Source path:... /path/to/BugsInPy/workspace/youtube-dl/youtube_dl/utils.py
IE_TRACE:             Modified var:.. operator_rex = re.compile('(?x)\\s*\n        (?P<op>|!)\\s*(?P<key>[a-z_]+)\n        \\s*$\n        ', re.VERBOSE)
IE_TRACE:             14:50:14.361586 line      2584     m = operator_rex.search(filter_part)
IE_TRACE:             Modified var:.. m = <re.Match object; span=(0, 7), match='is_live'>
IE_TRACE:             14:50:14.361625 line      2585     if m:
IE_TRACE:             14:50:14.361658 line      2586         op = UNARY_OPERATORS[m.group('op')]
IE_TRACE:             New var:....... op = <function _match_one.<locals>.<lambda> at 0x7f7f35929e40>
IE_TRACE:             14:50:14.361686 line      2587         actual_value = dct.get(m.group('key'))
IE_TRACE:             New var:....... actual_value = False
IE_TRACE:             14:50:14.361720 line      2588         return op(actual_value)
IE_TRACE:                 Starting var:.. v = False
IE_TRACE:                 14:50:14.361757 call      2577         '': lambda v: v is not None,
IE_TRACE:                 14:50:14.361778 line      2577         '': lambda v: v is not None,
IE_TRACE:                 14:50:14.361794 return    2577         '': lambda v: v is not None,
IE_TRACE:                 Return value:.. True
IE_TRACE:             14:50:14.361815 return    2588         return op(actual_value)
IE_TRACE:             Return value:.. True
IE_TRACE:         New var:....... filter_part = 'is_live'
IE_TRACE:         14:50:14.361853 return    2597         _match_one(filter_part, dct) for filter_part in filter_str.split('&'))
IE_TRACE:         Return value:.. True
IE_TRACE:         Starting var:.. .0 = <list_iterator object at 0x7f7f358f5390>
IE_TRACE:         Starting var:.. filter_part = 'is_live'
IE_TRACE:         Starting var:.. dct = {'is_live': False}
IE_TRACE:         14:50:14.361883 call      2597         _match_one(filter_part, dct) for filter_part in filter_str.split('&'))
IE_TRACE:         14:50:14.361914 line      2596     return all(
IE_TRACE:         14:50:14.361932 return    2596     return all(
IE_TRACE:         Return value:.. None
IE_TRACE:     14:50:14.361957 return    2596     return all(
IE_TRACE:     Return value:.. True
IE_TRACE: Source path:... /path/to/BugsInPy/workspace/youtube-dl/test/test_utils.py
IE_TRACE: 14:50:14.362558 exception 1079         self.assertFalse(match_str('is_live', {'is_live': False}))
IE_TRACE: Exception:..... AssertionError: True is not false
IE_TRACE: Call ended by exception
IE_TRACE: Elapsed time: 00:00:00.289513
======================================================================
FAIL: test_match_str (test.test_utils.TestUtil.test_match_str)
----------------------------------------------------------------------
Traceback (most recent call last):
  File "/path/to/.venv/lib/python3.12/site-packages/pysnooper/tracer.py", line 320, in simple_wrapper
    return function(*args, **kwargs)
           ^^^^^^^^^^^^^^^^^^^^^^^^^
  File "/path/to/BugsInPy/workspace/youtube-dl/test/test_utils.py", line 1079, in test_match_str
    self.assertFalse(match_str('is_live', {'is_live': False}))
AssertionError: True is not false

----------------------------------------------------------------------
Ran 1 test in 0.290s

FAILED (failures=1)


Exit code: 1
